company_id,month,export_amt,import_amt,net_exposure,hedge_ratio,policy_version
1,2022-01-01,0.81,0.0,0.81,0.0,v0
1,2022-02-01,0.65,0.0,0.65,0.0,v0
1,2022-03-01,0.92,0.0,0.92,0.0,v0
1,2022-04-01,0.85,0.0,0.85,0.0,v0
1,2022-05-01,0.94,0.0,0.94,0.0,v0
1,2022-06-01,0.21,0.0,0.21,0.0,v0
1,2022-08-01,0.55,0.0,0.55,0.0,v0
1,2022-09-01,0.5,0.0,0.5,0.0,v0
1,2022-10-01,2.3,0.0,2.3,0.0,v0
1,2022-11-01,0.35,0.0,0.35,0.0,v0
1,2022-12-01,0.36,0.0,0.36,0.0,v0
1,2023-01-01,0.57,0.0,0.57,0.0,v0
1,2023-02-01,0.61,0.0,0.61,0.0,v0
1,2023-03-01,0.35,0.0,0.35,0.0,v0
1,2023-04-01,5.8,0.0,5.8,0.0,v0
2,2022-01-01,0.09,0.0,0.09,0.0,v0
3,2022-01-01,0.0,0.36,-0.36,0.0,v0
3,2022-02-01,0.0,0.03,-0.03,0.0,v0
3,2022-03-01,0.0,0.07,-0.07,0.0,v0
3,2022-04-01,0.0,0.17,-0.17,0.0,v0
3,2022-05-01,0.0,0.01,-0.01,0.0,v0
4,2022-01-01,0.0,0.04,-0.04,0.0,v0
4,2022-02-01,0.15,0.06,0.09,0.0,v0
4,2022-03-01,0.02,0.05,-0.030000000000000002,0.0,v0
4,2022-04-01,0.07,0.1,-0.03,0.0,v0
4,2022-05-01,0.03,0.0,0.03,0.0,v0
4,2022-09-01,0.03,0.0,0.03,0.0,v0
4,2022-10-01,0.0,0.05,-0.05,0.0,v0
4,2022-11-01,0.03,0.05,-0.020000000000000004,0.0,v0
4,2022-12-01,0.06,0.0,0.06,0.0,v0
4,2023-02-01,0.13,0.0,0.13,0.0,v0
4,2023-03-01,0.0,0.05,-0.05,0.0,v0
4,2023-04-01,0.03,0.01,0.019999999999999997,0.0,v0
4,2023-05-01,0.0,0.05,-0.05,0.0,v0
4,2023-07-01,0.0,0.05,-0.05,0.0,v0
4,2023-12-01,0.0,0.05,-0.05,0.0,v0
4,2024-01-01,0.0,0.05,-0.05,0.0,v0
4,2024-02-01,0.05,0.0,0.05,0.0,v0
4,2024-04-01,0.0,0.18,-0.18,0.0,v0
4,2024-06-01,0.01,0.05,-0.04,0.0,v0
4,2024-07-01,0.07,0.05,0.020000000000000004,0.0,v0
4,2024-08-01,0.03,0.06,-0.03,0.0,v0
4,2024-09-01,0.03,0.07,-0.04000000000000001,0.0,v0
4,2024-10-01,0.0,0.14,-0.14,0.0,v0
4,2024-11-01,0.0,0.1,-0.1,0.0,v0
4,2024-12-01,0.03,0.0,0.03,0.0,v0
5,2022-01-01,0.0,11.0,-11.0,0.0,v0
5,2022-06-01,0.0,9.4,-9.4,0.0,v0
5,2022-09-01,0.0,7.4,-7.4,0.0,v0
5,2022-11-01,0.0,6.1,-6.1,0.0,v0
5,2023-03-01,0.0,14.0,-14.0,0.0,v0
5,2023-04-01,0.0,0.31,-0.31,0.0,v0
5,2023-05-01,0.0,0.02,-0.02,0.0,v0
5,2023-08-01,0.0,7.3,-7.3,0.0,v0
5,2023-11-01,0.0,1.6,-1.6,0.0,v0
5,2023-12-01,0.0,1.9,-1.9,0.0,v0
5,2024-07-01,0.0,8.1,-8.1,0.0,v0
6,2022-02-01,0.0,0.1,-0.1,0.0,v0
6,2022-04-01,0.0,0.14,-0.14,0.0,v0
6,2022-05-01,0.0,0.1,-0.1,0.0,v0
6,2022-06-01,0.0,0.16,-0.16,0.0,v0
6,2022-07-01,0.0,0.14,-0.14,0.0,v0
6,2022-08-01,0.0,0.06,-0.06,0.0,v0
7,2022-02-01,0.0,0.03,-0.03,0.0,v0
7,2022-03-01,0.0,0.08,-0.08,0.0,v0
7,2022-04-01,0.0,0.03,-0.03,0.0,v0
7,2022-05-01,0.0,0.04,-0.04,0.0,v0
8,2022-01-01,0.22,0.0,0.22,0.0,v0
8,2022-02-01,0.01,0.0,0.01,0.0,v0
8,2022-03-01,0.02,0.0,0.02,0.0,v0
9,2022-01-01,0.0,0.1,-0.1,0.0,v0
9,2022-03-01,0.0,0.02,-0.02,0.0,v0
9,2022-04-01,0.0,0.02,-0.02,0.0,v0
9,2022-05-01,0.0,0.02,-0.02,0.0,v0
10,2022-01-01,0.06,0.0,0.06,0.0,v0
10,2022-02-01,0.2,0.0,0.2,0.0,v0
10,2022-05-01,0.05,0.0,0.05,0.0,v0
10,2022-06-01,0.03,0.0,0.03,0.0,v0
10,2022-07-01,0.08,0.0,0.08,0.0,v0
10,2022-09-01,0.07,0.0,0.07,0.0,v0
10,2022-11-01,0.06,0.0,0.06,0.0,v0
10,2022-12-01,0.01,0.0,0.01,0.0,v0
10,2023-02-01,0.03,0.0,0.03,0.0,v0
10,2023-04-01,0.07,0.0,0.07,0.0,v0
10,2023-06-01,0.01,0.0,0.01,0.0,v0
10,2023-07-01,0.02,0.0,0.02,0.0,v0
10,2023-10-01,0.01,0.0,0.01,0.0,v0
10,2023-12-01,0.03,0.0,0.03,0.0,v0
10,2024-01-01,0.01,0.0,0.01,0.0,v0
10,2024-03-01,0.02,0.0,0.02,0.0,v0
10,2024-04-01,0.03,0.0,0.03,0.0,v0
10,2024-07-01,0.05,0.0,0.05,0.0,v0
10,2024-09-01,0.03,0.0,0.03,0.0,v0
10,2024-10-01,0.01,0.0,0.01,0.0,v0
10,2024-12-01,0.05,0.0,0.05,0.0,v0
11,2022-01-01,0.0,0.02,-0.02,0.0,v0
11,2022-02-01,0.12,0.0,0.12,0.0,v0
11,2022-03-01,0.0,0.02,-0.02,0.0,v0
11,2022-04-01,0.0,0.04,-0.04,0.0,v0
11,2022-05-01,0.0,0.01,-0.01,0.0,v0
11,2022-06-01,0.23,0.0,0.23,0.0,v0
11,2022-07-01,0.42,0.0,0.42,0.0,v0
11,2022-08-01,0.18,0.0,0.18,0.0,v0
11,2022-09-01,0.13,0.0,0.13,0.0,v0
11,2022-10-01,0.02,0.0,0.02,0.0,v0
12,2022-01-01,0.13,0.0,0.13,0.0,v0
12,2022-02-01,0.02,0.0,0.02,0.0,v0
12,2022-04-01,0.04,0.0,0.04,0.0,v0
12,2022-05-01,0.12,0.0,0.12,0.0,v0
12,2022-06-01,0.06,0.0,0.06,0.0,v0
12,2022-07-01,0.29,0.0,0.29,0.0,v0
12,2022-08-01,0.02,0.0,0.02,0.0,v0
12,2022-09-01,0.14,0.0,0.14,0.0,v0
12,2022-10-01,0.01,0.0,0.01,0.0,v0
12,2022-11-01,0.03,0.0,0.03,0.0,v0
12,2022-12-01,0.04,0.0,0.04,0.0,v0
12,2023-01-01,0.14,0.0,0.14,0.0,v0
12,2023-02-01,0.34,0.0,0.34,0.0,v0
12,2023-03-01,0.27,0.0,0.27,0.0,v0
12,2023-04-01,0.09,0.0,0.09,0.0,v0
12,2023-05-01,0.22,0.0,0.22,0.0,v0
12,2023-06-01,0.07,0.0,0.07,0.0,v0
12,2023-07-01,0.16,0.0,0.16,0.0,v0
12,2023-08-01,0.04,0.0,0.04,0.0,v0
12,2023-09-01,0.15,0.0,0.15,0.0,v0
12,2023-10-01,0.21,0.0,0.21,0.0,v0
12,2023-11-01,0.28,0.0,0.28,0.0,v0
12,2023-12-01,0.09,0.0,0.09,0.0,v0
12,2024-01-01,0.02,0.0,0.02,0.0,v0
12,2024-02-01,0.33,0.0,0.33,0.0,v0
12,2024-03-01,0.22,0.0,0.22,0.0,v0
12,2024-04-01,0.16,0.0,0.16,0.0,v0
12,2024-07-01,0.24,0.0,0.24,0.0,v0
12,2024-08-01,0.1,0.0,0.1,0.0,v0
12,2024-09-01,0.18,0.0,0.18,0.0,v0
12,2024-10-01,0.17,0.0,0.17,0.0,v0
12,2024-11-01,0.01,0.0,0.01,0.0,v0
12,2024-12-01,0.23,0.0,0.23,0.0,v0
13,2022-01-01,0.0,0.08,-0.08,0.0,v0
13,2022-09-01,0.0,0.24,-0.24,0.0,v0
13,2023-05-01,0.0,0.08,-0.08,0.0,v0
13,2023-06-01,0.0,0.14,-0.14,0.0,v0
13,2023-08-01,0.0,0.03,-0.03,0.0,v0
13,2024-10-01,0.0,0.23,-0.23,0.0,v0
13,2024-11-01,0.09,0.01,0.08,0.0,v0
13,2024-12-01,0.06,0.0,0.06,0.0,v0
14,2022-01-01,0.0,0.03,-0.03,0.0,v0
14,2022-07-01,0.0,0.03,-0.03,0.0,v0
14,2022-08-01,0.0,0.01,-0.01,0.0,v0
14,2022-09-01,0.0,0.02,-0.02,0.0,v0
14,2022-11-01,0.0,0.04,-0.04,0.0,v0
14,2022-12-01,0.0,0.01,-0.01,0.0,v0
14,2023-01-01,0.0,0.02,-0.02,0.0,v0
14,2023-02-01,0.0,0.01,-0.01,0.0,v0
15,2022-01-01,0.05,0.0,0.05,0.0,v0
15,2022-02-01,0.06,0.01,0.049999999999999996,0.0,v0
15,2022-05-01,0.09,0.05,0.039999999999999994,0.0,v0
15,2022-06-01,0.05,0.01,0.04,0.0,v0
15,2022-07-01,0.1,0.01,0.09000000000000001,0.0,v0
15,2022-10-01,0.09,0.0,0.09,0.0,v0
15,2022-11-01,0.27,0.0,0.27,0.0,v0
15,2023-01-01,0.02,0.0,0.02,0.0,v0
15,2023-02-01,0.02,0.0,0.02,0.0,v0
15,2023-03-01,0.12,0.0,0.12,0.0,v0
15,2023-04-01,0.05,0.0,0.05,0.0,v0
15,2023-05-01,0.02,0.0,0.02,0.0,v0
15,2023-06-01,0.05,0.0,0.05,0.0,v0
15,2023-07-01,0.1,0.0,0.1,0.0,v0
15,2023-08-01,0.01,0.0,0.01,0.0,v0
15,2023-10-01,0.06,0.0,0.06,0.0,v0
15,2023-12-01,0.01,0.0,0.01,0.0,v0
15,2024-01-01,0.05,0.0,0.05,0.0,v0
15,2024-02-01,0.11,0.0,0.11,0.0,v0
15,2024-03-01,0.02,0.0,0.02,0.0,v0
16,2022-01-01,0.0,0.28,-0.28,0.0,v0
16,2022-02-01,0.0,0.03,-0.03,0.0,v0
17,2022-01-01,0.03,0.02,0.009999999999999998,0.0,v0
17,2022-02-01,0.07,0.0,0.07,0.0,v0
18,2022-01-01,0.0,0.04,-0.04,0.0,v0
19,2022-01-01,0.0,0.03,-0.03,0.0,v0
19,2022-02-01,0.0,0.02,-0.02,0.0,v0
19,2022-03-01,0.0,0.03,-0.03,0.0,v0
19,2022-04-01,0.0,0.04,-0.04,0.0,v0
19,2022-05-01,0.0,0.03,-0.03,0.0,v0
19,2022-06-01,0.01,0.04,-0.03,0.0,v0
19,2022-07-01,0.0,0.01,-0.01,0.0,v0
19,2022-09-01,0.0,0.02,-0.02,0.0,v0
19,2022-10-01,0.0,0.01,-0.01,0.0,v0
19,2022-11-01,0.0,0.04,-0.04,0.0,v0
19,2023-01-01,0.0,0.05,-0.05,0.0,v0
19,2023-03-01,0.0,0.02,-0.02,0.0,v0
19,2023-04-01,0.0,0.05,-0.05,0.0,v0
19,2023-05-01,0.0,0.03,-0.03,0.0,v0
19,2023-06-01,0.0,0.04,-0.04,0.0,v0
19,2023-07-01,0.0,0.03,-0.03,0.0,v0
19,2023-08-01,0.0,0.05,-0.05,0.0,v0
19,2023-09-01,0.0,0.07,-0.07,0.0,v0
19,2023-10-01,0.0,0.02,-0.02,0.0,v0
19,2023-11-01,0.0,0.08,-0.08,0.0,v0
19,2023-12-01,0.0,0.06,-0.06,0.0,v0
19,2024-01-01,0.0,0.04,-0.04,0.0,v0
19,2024-02-01,0.0,0.11,-0.11,0.0,v0
19,2024-06-01,0.0,0.01,-0.01,0.0,v0
19,2024-07-01,0.0,0.09,-0.09,0.0,v0
19,2024-08-01,0.0,0.01,-0.01,0.0,v0
20,2022-01-01,1.9,0.0,1.9,0.0,v0
20,2022-02-01,0.0,0.47,-0.47,0.0,v0
20,2022-03-01,1.0,1.1,-0.10000000000000009,0.0,v0
20,2022-04-01,2.0,2.5,-0.5,0.0,v0
20,2022-05-01,1.5,0.98,0.52,0.0,v0
20,2022-06-01,0.0,0.55,-0.55,0.0,v0
21,2022-02-01,0.0,0.01,-0.01,0.0,v0
21,2022-03-01,0.0,0.53,-0.53,0.0,v0
21,2022-04-01,0.0,0.09,-0.09,0.0,v0
21,2022-05-01,0.0,0.02,-0.02,0.0,v0
21,2022-06-01,0.0,0.03,-0.03,0.0,v0
21,2022-07-01,0.0,0.08,-0.08,0.0,v0
21,2022-08-01,0.0,0.05,-0.05,0.0,v0
22,2022-01-01,0.0,0.15,-0.15,0.0,v0
23,2022-01-01,0.0,0.22,-0.22,0.0,v0
23,2022-02-01,0.0,0.29,-0.29,0.0,v0
23,2022-03-01,0.0,0.27,-0.27,0.0,v0
23,2022-04-01,0.0,0.29,-0.29,0.0,v0
23,2022-05-01,0.0,0.13,-0.13,0.0,v0
23,2022-08-01,0.0,0.07,-0.07,0.0,v0
23,2023-11-01,0.0,0.01,-0.01,0.0,v0
23,2024-03-01,0.0,0.01,-0.01,0.0,v0
23,2024-04-01,0.0,0.02,-0.02,0.0,v0
23,2024-05-01,0.0,0.04,-0.04,0.0,v0
23,2024-07-01,0.0,0.05,-0.05,0.0,v0
23,2024-08-01,0.0,0.03,-0.03,0.0,v0
23,2024-09-01,0.0,0.03,-0.03,0.0,v0
23,2024-11-01,0.0,0.01,-0.01,0.0,v0
24,2022-01-01,0.6,0.0,0.6,0.0,v0
24,2022-02-01,0.79,0.0,0.79,0.0,v0
24,2022-03-01,0.71,0.0,0.71,0.0,v0
24,2022-04-01,0.67,0.0,0.67,0.0,v0
24,2022-05-01,1.3,0.0,1.3,0.0,v0
24,2022-06-01,0.76,0.0,0.76,0.0,v0
24,2022-07-01,1.0,0.0,1.0,0.0,v0
24,2022-08-01,0.7,0.0,0.7,0.0,v0
24,2022-09-01,1.0,0.0,1.0,0.0,v0
24,2022-10-01,1.0,0.0,1.0,0.0,v0
24,2022-11-01,0.75,0.0,0.75,0.0,v0
24,2024-10-01,0.08,0.0,0.08,0.0,v0
25,2022-01-01,0.03,0.0,0.03,0.0,v0
25,2022-02-01,0.04,0.0,0.04,0.0,v0
26,2022-01-01,0.0,0.21,-0.21,0.0,v0
26,2022-02-01,0.0,0.13,-0.13,0.0,v0
26,2022-03-01,0.0,0.08,-0.08,0.0,v0
26,2022-04-01,0.0,0.13,-0.13,0.0,v0
26,2022-05-01,0.0,0.14,-0.14,0.0,v0
26,2022-06-01,0.0,0.12,-0.12,0.0,v0
26,2022-07-01,0.0,0.06,-0.06,0.0,v0
26,2022-08-01,0.0,0.19,-0.19,0.0,v0
26,2022-09-01,0.0,0.17,-0.17,0.0,v0
26,2022-10-01,0.0,0.14,-0.14,0.0,v0
26,2022-11-01,0.0,0.36,-0.36,0.0,v0
26,2022-12-01,0.0,0.07,-0.07,0.0,v0
26,2023-02-01,0.0,0.03,-0.03,0.0,v0
26,2023-03-01,0.0,0.26,-0.26,0.0,v0
26,2023-06-01,0.0,0.1,-0.1,0.0,v0
26,2023-07-01,0.0,0.08,-0.08,0.0,v0
26,2023-08-01,0.0,0.08,-0.08,0.0,v0
26,2023-10-01,0.0,0.02,-0.02,0.0,v0
26,2024-01-01,0.0,0.07,-0.07,0.0,v0
26,2024-04-01,0.0,0.03,-0.03,0.0,v0
26,2024-05-01,0.0,0.05,-0.05,0.0,v0
26,2024-08-01,0.0,0.03,-0.03,0.0,v0
27,2022-01-01,0.0,0.84,-0.84,0.0,v0
28,2022-01-01,2.8,1.6,1.1999999999999997,0.0,v0
28,2022-02-01,2.8,1.5,1.2999999999999998,0.0,v0
28,2022-03-01,3.0,2.0,1.0,0.0,v0
28,2022-04-01,1.2,1.2,0.0,0.0,v0
28,2022-05-01,1.2,0.51,0.69,0.0,v0
28,2022-06-01,1.1,0.9,0.20000000000000007,0.0,v0
28,2022-07-01,2.0,1.3,0.7,0.0,v0
28,2022-09-01,0.92,0.0,0.92,0.0,v0
28,2022-10-01,1.2,0.0,1.2,0.0,v0
28,2022-11-01,1.2,0.0,1.2,0.0,v0
28,2023-01-01,0.32,0.0,0.32,0.0,v0
28,2023-02-01,0.18,0.0,0.18,0.0,v0
28,2023-03-01,0.02,0.0,0.02,0.0,v0
29,2022-01-01,0.0,0.45,-0.45,0.0,v0
30,2022-01-01,0.04,0.0,0.04,0.0,v0
30,2024-02-01,0.15,0.0,0.15,0.0,v0
30,2024-04-01,0.12,0.0,0.12,0.0,v0
30,2024-10-01,0.05,0.06,-0.009999999999999995,0.0,v0
30,2024-11-01,0.0,0.14,-0.14,0.0,v0
30,2024-12-01,0.0,0.2,-0.2,0.0,v0
31,2022-01-01,0.0,0.01,-0.01,0.0,v0
31,2022-02-01,0.0,0.01,-0.01,0.0,v0
31,2022-03-01,0.0,0.02,-0.02,0.0,v0
31,2022-04-01,0.0,0.01,-0.01,0.0,v0
31,2022-05-01,0.0,0.01,-0.01,0.0,v0
31,2022-06-01,0.0,0.01,-0.01,0.0,v0
31,2022-07-01,0.0,0.01,-0.01,0.0,v0
31,2022-08-01,0.0,0.01,-0.01,0.0,v0
31,2022-11-01,0.0,0.01,-0.01,0.0,v0
31,2022-12-01,0.0,0.01,-0.01,0.0,v0
31,2023-01-01,0.0,0.01,-0.01,0.0,v0
31,2023-03-01,0.0,0.01,-0.01,0.0,v0
31,2023-04-01,0.0,0.01,-0.01,0.0,v0
32,2022-01-01,0.0,0.37,-0.37,0.0,v0
32,2022-03-01,0.0,0.34,-0.34,0.0,v0
32,2022-04-01,0.0,0.26,-0.26,0.0,v0
32,2022-05-01,0.0,0.08,-0.08,0.0,v0
32,2022-06-01,0.0,0.07,-0.07,0.0,v0
32,2022-07-01,0.0,0.29,-0.29,0.0,v0
32,2022-08-01,0.0,0.18,-0.18,0.0,v0
32,2022-09-01,0.0,0.23,-0.23,0.0,v0
32,2022-10-01,0.0,0.2,-0.2,0.0,v0
32,2022-11-01,0.0,0.51,-0.51,0.0,v0
32,2022-12-01,0.0,0.13,-0.13,0.0,v0
32,2023-01-01,0.0,0.45,-0.45,0.0,v0
32,2023-02-01,0.0,0.3,-0.3,0.0,v0
32,2023-03-01,0.0,0.5,-0.5,0.0,v0
32,2023-04-01,0.0,0.16,-0.16,0.0,v0
32,2023-06-01,0.0,0.14,-0.14,0.0,v0
32,2023-07-01,0.0,0.32,-0.32,0.0,v0
32,2023-08-01,0.0,0.14,-0.14,0.0,v0
32,2023-09-01,0.0,0.13,-0.13,0.0,v0
32,2023-10-01,0.0,0.47,-0.47,0.0,v0
32,2023-11-01,0.0,0.14,-0.14,0.0,v0
32,2023-12-01,0.0,0.27,-0.27,0.0,v0
32,2024-01-01,0.0,0.28,-0.28,0.0,v0
32,2024-02-01,0.0,0.15,-0.15,0.0,v0
32,2024-03-01,0.0,0.57,-0.57,0.0,v0
32,2024-05-01,0.01,0.37,-0.36,0.0,v0
32,2024-06-01,0.0,0.01,-0.01,0.0,v0
32,2024-07-01,0.0,0.37,-0.37,0.0,v0
32,2024-08-01,0.0,0.35,-0.35,0.0,v0
32,2024-11-01,0.0,0.07,-0.07,0.0,v0
33,2022-01-01,0.01,0.0,0.01,0.0,v0
33,2022-05-01,0.18,0.0,0.18,0.0,v0
33,2022-06-01,0.22,0.0,0.22,0.0,v0
33,2022-07-01,0.33,0.27,0.06,0.0,v0
33,2022-08-01,0.29,0.13,0.15999999999999998,0.0,v0
33,2022-09-01,0.19,0.0,0.19,0.0,v0
33,2022-10-01,0.39,0.0,0.39,0.0,v0
33,2022-11-01,0.02,0.0,0.02,0.0,v0
33,2022-12-01,0.05,0.0,0.05,0.0,v0
33,2023-04-01,1.1,0.0,1.1,0.0,v0
33,2023-05-01,0.03,1.0,-0.97,0.0,v0
33,2023-06-01,1.1,0.0,1.1,0.0,v0
33,2023-07-01,0.03,0.0,0.03,0.0,v0
33,2023-08-01,0.01,0.82,-0.8099999999999999,0.0,v0
33,2023-09-01,0.01,0.0,0.01,0.0,v0
33,2023-10-01,0.55,0.0,0.55,0.0,v0
33,2023-11-01,0.3,0.0,0.3,0.0,v0
33,2023-12-01,0.02,0.0,0.02,0.0,v0
33,2024-01-01,0.01,0.0,0.01,0.0,v0
33,2024-02-01,0.01,0.0,0.01,0.0,v0
33,2024-04-01,0.03,0.0,0.03,0.0,v0
33,2024-05-01,0.01,0.0,0.01,0.0,v0
34,2022-01-01,0.0,0.53,-0.53,0.0,v0
34,2022-03-01,0.0,0.11,-0.11,0.0,v0
34,2022-04-01,0.0,0.01,-0.01,0.0,v0
34,2022-09-01,0.08,0.05,0.03,0.0,v0
34,2023-05-01,0.0,0.01,-0.01,0.0,v0
34,2023-12-01,0.03,0.01,0.019999999999999997,0.0,v0
34,2024-06-01,0.0,0.02,-0.02,0.0,v0
35,2022-01-01,0.0,0.63,-0.63,0.0,v0
35,2022-02-01,0.0,0.66,-0.66,0.0,v0
35,2022-05-01,0.0,3.4,-3.4,0.0,v0
35,2022-06-01,0.0,0.61,-0.61,0.0,v0
35,2022-07-01,0.0,2.6,-2.6,0.0,v0
35,2022-09-01,0.0,2.6,-2.6,0.0,v0
35,2023-01-01,0.0,2.7,-2.7,0.0,v0
35,2023-02-01,0.0,0.54,-0.54,0.0,v0
35,2023-04-01,0.0,0.52,-0.52,0.0,v0
36,2022-01-01,0.01,0.0,0.01,0.0,v0
37,2022-01-01,0.03,0.0,0.03,0.0,v0
37,2022-03-01,0.03,0.02,0.009999999999999998,0.0,v0
37,2022-04-01,0.02,0.0,0.02,0.0,v0
37,2022-06-01,0.06,0.0,0.06,0.0,v0
37,2022-09-01,0.0,0.01,-0.01,0.0,v0
37,2023-02-01,0.02,0.0,0.02,0.0,v0
37,2023-08-01,0.0,0.01,-0.01,0.0,v0
37,2024-05-01,0.0,0.01,-0.01,0.0,v0
37,2024-09-01,0.0,0.01,-0.01,0.0,v0
38,2022-01-01,0.0,0.01,-0.01,0.0,v0
39,2022-01-01,0.0,0.03,-0.03,0.0,v0
39,2022-03-01,0.0,0.01,-0.01,0.0,v0
39,2022-04-01,0.0,0.01,-0.01,0.0,v0
39,2022-05-01,0.0,0.01,-0.01,0.0,v0
39,2022-06-01,0.0,0.01,-0.01,0.0,v0
39,2022-07-01,0.0,0.01,-0.01,0.0,v0
39,2022-08-01,0.0,0.01,-0.01,0.0,v0
39,2022-09-01,0.0,0.02,-0.02,0.0,v0
40,2022-01-01,0.01,0.0,0.01,0.0,v0
41,2022-01-01,0.05,0.04,0.010000000000000002,0.0,v0
41,2022-02-01,0.05,0.0,0.05,0.0,v0
42,2022-01-01,0.33,0.12,0.21000000000000002,0.0,v0
42,2022-02-01,0.2,0.14,0.06,0.0,v0
42,2022-03-01,0.3,0.0,0.3,0.0,v0
42,2022-04-01,0.36,0.16,0.19999999999999998,0.0,v0
42,2022-05-01,0.28,0.12,0.16000000000000003,0.0,v0
42,2022-06-01,0.18,0.02,0.16,0.0,v0
42,2022-07-01,0.19,0.24,-0.04999999999999999,0.0,v0
42,2022-08-01,0.2,0.0,0.2,0.0,v0
42,2022-09-01,0.33,0.08,0.25,0.0,v0
43,2022-02-01,0.02,0.0,0.02,0.0,v0
43,2022-03-01,0.02,0.0,0.02,0.0,v0
43,2022-04-01,0.0,0.01,-0.01,0.0,v0
43,2022-06-01,0.07,0.0,0.07,0.0,v0
43,2022-07-01,0.07,0.0,0.07,0.0,v0
43,2022-08-01,0.04,0.0,0.04,0.0,v0
43,2022-09-01,0.01,0.0,0.01,0.0,v0
43,2022-10-01,0.01,0.0,0.01,0.0,v0
43,2022-11-01,0.0,0.01,-0.01,0.0,v0
44,2022-01-01,0.0,0.2,-0.2,0.0,v0
44,2022-02-01,0.08,0.06,0.020000000000000004,0.0,v0
44,2022-03-01,0.1,0.0,0.1,0.0,v0
44,2022-04-01,0.26,0.01,0.25,0.0,v0
44,2022-05-01,0.0,0.03,-0.03,0.0,v0
44,2022-06-01,0.0,0.01,-0.01,0.0,v0
44,2022-08-01,0.02,0.01,0.01,0.0,v0
45,2022-01-01,0.0,0.23,-0.23,0.0,v0
45,2022-02-01,0.0,0.12,-0.12,0.0,v0
45,2022-03-01,0.0,0.48,-0.48,0.0,v0
45,2022-04-01,0.0,0.69,-0.69,0.0,v0
45,2022-05-01,0.0,0.24,-0.24,0.0,v0
45,2022-06-01,0.0,0.51,-0.51,0.0,v0
46,2022-01-01,1.8,0.01,1.79,0.0,v0
46,2022-02-01,1.7,0.0,1.7,0.0,v0
46,2022-03-01,2.4,0.0,2.4,0.0,v0
46,2022-04-01,1.5,0.0,1.5,0.0,v0
46,2022-05-01,0.66,0.0,0.66,0.0,v0
46,2022-06-01,1.2,0.0,1.2,0.0,v0
46,2022-07-01,0.93,0.0,0.93,0.0,v0
46,2022-08-01,1.6,0.1,1.5,0.0,v0
47,2022-01-01,0.0,0.14,-0.14,0.0,v0
47,2022-02-01,0.0,0.14,-0.14,0.0,v0
47,2022-03-01,0.0,0.24,-0.24,0.0,v0
47,2022-04-01,0.0,0.35,-0.35,0.0,v0
48,2022-01-01,0.0,0.09,-0.09,0.0,v0
49,2022-01-01,0.21,0.0,0.21,0.0,v0
49,2022-02-01,0.04,0.0,0.04,0.0,v0
49,2022-03-01,0.16,0.0,0.16,0.0,v0
49,2022-04-01,0.14,0.0,0.14,0.0,v0
49,2022-05-01,0.19,0.0,0.19,0.0,v0
49,2022-06-01,0.0,0.01,-0.01,0.0,v0
49,2022-07-01,0.01,0.0,0.01,0.0,v0
49,2022-09-01,0.01,0.0,0.01,0.0,v0
50,2022-01-01,0.0,0.11,-0.11,0.0,v0
51,2022-01-01,0.0,0.1,-0.1,0.0,v0
52,2022-01-01,0.0,0.02,-0.02,0.0,v0
52,2022-02-01,0.0,0.09,-0.09,0.0,v0
52,2022-03-01,0.0,0.06,-0.06,0.0,v0
52,2022-04-01,0.0,0.08,-0.08,0.0,v0
52,2022-05-01,0.0,0.2,-0.2,0.0,v0
52,2022-06-01,0.0,0.08,-0.08,0.0,v0
52,2022-07-01,0.0,0.02,-0.02,0.0,v0
52,2022-08-01,0.0,0.03,-0.03,0.0,v0
52,2022-09-01,0.0,0.01,-0.01,0.0,v0
52,2022-10-01,0.0,0.02,-0.02,0.0,v0
52,2022-11-01,0.0,0.01,-0.01,0.0,v0
52,2022-12-01,0.0,0.05,-0.05,0.0,v0
52,2023-01-01,0.0,0.06,-0.06,0.0,v0
52,2023-02-01,0.0,0.01,-0.01,0.0,v0
52,2023-03-01,0.0,0.02,-0.02,0.0,v0
52,2023-04-01,0.0,0.01,-0.01,0.0,v0
52,2023-05-01,0.0,0.04,-0.04,0.0,v0
53,2022-01-01,0.0,0.06,-0.06,0.0,v0
54,2022-01-01,0.0,0.14,-0.14,0.0,v0
54,2022-02-01,0.0,0.05,-0.05,0.0,v0
54,2022-03-01,0.0,0.07,-0.07,0.0,v0
54,2022-04-01,0.15,0.0,0.15,0.0,v0
54,2022-05-01,0.0,0.03,-0.03,0.0,v0
54,2022-06-01,0.0,0.05,-0.05,0.0,v0
54,2022-07-01,0.0,0.1,-0.1,0.0,v0
55,2022-01-01,0.02,0.21,-0.19,0.0,v0
55,2022-02-01,0.0,0.38,-0.38,0.0,v0
55,2022-03-01,0.08,0.2,-0.12000000000000001,0.0,v0
55,2022-04-01,0.09,0.17,-0.08000000000000002,0.0,v0
55,2022-05-01,0.92,0.05,0.87,0.0,v0
55,2022-06-01,0.14,0.09,0.05000000000000002,0.0,v0
55,2022-07-01,0.09,0.08,0.009999999999999995,0.0,v0
55,2022-08-01,0.16,0.02,0.14,0.0,v0
56,2022-01-01,0.08,0.01,0.07,0.0,v0
56,2022-02-01,0.18,0.1,0.07999999999999999,0.0,v0
56,2022-03-01,0.0,0.01,-0.01,0.0,v0
56,2022-04-01,0.0,0.02,-0.02,0.0,v0
57,2022-01-01,0.48,0.0,0.48,0.0,v0
58,2022-01-01,0.46,0.0,0.46,0.0,v0
58,2022-02-01,0.63,0.0,0.63,0.0,v0
58,2022-03-01,0.54,0.0,0.54,0.0,v0
58,2022-04-01,0.0,0.04,-0.04,0.0,v0
59,2022-02-01,0.01,0.0,0.01,0.0,v0
59,2022-03-01,0.23,0.0,0.23,0.0,v0
59,2022-04-01,0.01,0.0,0.01,0.0,v0
59,2022-05-01,0.04,0.0,0.04,0.0,v0
59,2022-06-01,0.24,0.0,0.24,0.0,v0
59,2022-08-01,0.23,0.0,0.23,0.0,v0
59,2022-09-01,0.29,0.0,0.29,0.0,v0
59,2022-10-01,0.17,0.0,0.17,0.0,v0
59,2022-11-01,0.26,0.0,0.26,0.0,v0
59,2022-12-01,0.23,0.0,0.23,0.0,v0
59,2023-01-01,0.31,0.0,0.31,0.0,v0
59,2023-02-01,0.11,0.0,0.11,0.0,v0
59,2023-03-01,0.32,0.0,0.32,0.0,v0
59,2023-04-01,0.2,0.0,0.2,0.0,v0
59,2023-05-01,0.25,0.0,0.25,0.0,v0
59,2023-06-01,0.28,0.0,0.28,0.0,v0
59,2023-07-01,0.35,0.0,0.35,0.0,v0
59,2023-08-01,0.43,0.0,0.43,0.0,v0
59,2023-09-01,0.17,0.0,0.17,0.0,v0
60,2022-01-01,0.0,0.15,-0.15,0.0,v0
60,2022-03-01,0.0,0.05,-0.05,0.0,v0
60,2022-04-01,0.0,0.1,-0.1,0.0,v0
60,2022-05-01,0.0,0.18,-0.18,0.0,v0
60,2022-06-01,0.0,0.1,-0.1,0.0,v0
60,2022-07-01,0.0,0.31,-0.31,0.0,v0
60,2022-08-01,0.0,0.11,-0.11,0.0,v0
60,2022-09-01,0.0,0.27,-0.27,0.0,v0
60,2022-10-01,0.0,0.05,-0.05,0.0,v0
61,2022-01-01,0.0,0.02,-0.02,0.0,v0
61,2022-02-01,0.0,0.01,-0.01,0.0,v0
61,2022-04-01,0.0,0.01,-0.01,0.0,v0
61,2022-05-01,0.0,0.02,-0.02,0.0,v0
61,2022-06-01,0.0,0.02,-0.02,0.0,v0
61,2022-07-01,0.0,0.03,-0.03,0.0,v0
61,2022-08-01,0.0,0.03,-0.03,0.0,v0
61,2022-09-01,0.02,0.01,0.01,0.0,v0
61,2022-12-01,0.0,0.03,-0.03,0.0,v0
61,2023-03-01,0.0,0.01,-0.01,0.0,v0
61,2023-04-01,0.0,0.02,-0.02,0.0,v0
61,2023-05-01,0.0,0.01,-0.01,0.0,v0
61,2023-06-01,0.0,0.02,-0.02,0.0,v0
61,2023-07-01,0.01,0.02,-0.01,0.0,v0
61,2023-08-01,0.0,0.01,-0.01,0.0,v0
61,2024-01-01,0.0,0.01,-0.01,0.0,v0
61,2024-02-01,0.0,0.05,-0.05,0.0,v0
61,2024-04-01,0.0,0.02,-0.02,0.0,v0
61,2024-05-01,0.0,0.01,-0.01,0.0,v0
61,2024-06-01,0.0,0.01,-0.01,0.0,v0
61,2024-09-01,0.0,0.01,-0.01,0.0,v0
61,2024-10-01,0.0,0.01,-0.01,0.0,v0
61,2024-12-01,0.0,0.01,-0.01,0.0,v0
62,2022-01-01,0.99,0.16,0.83,0.0,v0
62,2022-02-01,1.2,0.85,0.35,0.0,v0
62,2022-03-01,2.1,0.6,1.5,0.0,v0
62,2022-04-01,1.2,0.64,0.5599999999999999,0.0,v0
62,2022-05-01,1.4,0.71,0.69,0.0,v0
62,2022-06-01,1.0,0.12,0.88,0.0,v0
62,2022-07-01,2.6,0.44,2.16,0.0,v0
62,2022-08-01,1.5,0.55,0.95,0.0,v0
62,2022-09-01,1.6,0.09,1.51,0.0,v0
62,2022-10-01,1.2,0.04,1.16,0.0,v0
62,2022-11-01,1.1,0.05,1.05,0.0,v0
62,2022-12-01,1.4,0.23,1.17,0.0,v0
62,2023-01-01,1.1,0.4,0.7000000000000001,0.0,v0
62,2023-02-01,1.3,0.23,1.07,0.0,v0
62,2023-03-01,1.3,0.16,1.1400000000000001,0.0,v0
62,2023-04-01,1.5,0.34,1.16,0.0,v0
62,2023-05-01,0.81,0.22,0.5900000000000001,0.0,v0
62,2023-06-01,1.1,0.27,0.8300000000000001,0.0,v0
62,2023-07-01,0.74,0.39,0.35,0.0,v0
62,2023-08-01,0.61,0.08,0.53,0.0,v0
62,2023-09-01,0.93,0.28,0.65,0.0,v0
62,2023-11-01,1.1,0.33,0.77,0.0,v0
62,2023-12-01,0.53,0.18,0.35000000000000003,0.0,v0
62,2024-02-01,0.46,0.07,0.39,0.0,v0
62,2024-03-01,0.32,0.01,0.31,0.0,v0
62,2024-04-01,0.19,0.22,-0.03,0.0,v0
62,2024-05-01,0.36,0.07,0.29,0.0,v0
62,2024-07-01,0.26,0.07,0.19,0.0,v0
62,2024-08-01,0.08,0.07,0.009999999999999995,0.0,v0
62,2024-09-01,0.38,0.06,0.32,0.0,v0
62,2024-11-01,0.12,0.02,0.09999999999999999,0.0,v0
62,2024-12-01,0.37,0.01,0.36,0.0,v0
63,2022-01-01,1.4,0.8,0.5999999999999999,0.0,v0
63,2022-02-01,1.9,0.4,1.5,0.0,v0
63,2022-03-01,3.0,0.59,2.41,0.0,v0
63,2022-04-01,0.0,0.24,-0.24,0.0,v0
64,2022-01-01,0.08,0.47,-0.38999999999999996,0.0,v0
64,2022-02-01,0.13,0.72,-0.59,0.0,v0
64,2022-03-01,0.14,0.28,-0.14,0.0,v0
65,2022-01-01,0.22,0.0,0.22,0.0,v0
65,2022-02-01,0.13,0.0,0.13,0.0,v0
66,2022-01-01,0.0,0.01,-0.01,0.0,v0
66,2022-02-01,0.02,0.0,0.02,0.0,v0
66,2022-03-01,0.02,0.0,0.02,0.0,v0
66,2022-04-01,0.03,0.0,0.03,0.0,v0
66,2022-05-01,0.05,0.0,0.05,0.0,v0
66,2022-07-01,0.0,0.01,-0.01,0.0,v0
66,2022-08-01,0.03,0.0,0.03,0.0,v0
66,2022-09-01,0.03,0.0,0.03,0.0,v0
66,2022-10-01,0.04,0.0,0.04,0.0,v0
67,2022-01-01,0.28,0.0,0.28,0.0,v0
68,2022-01-01,0.0,0.13,-0.13,0.0,v0
68,2022-02-01,0.0,0.61,-0.61,0.0,v0
68,2022-03-01,0.03,0.0,0.03,0.0,v0
68,2022-04-01,3.5,0.5,3.0,0.0,v0
68,2022-06-01,0.24,2.3,-2.0599999999999996,0.0,v0
68,2022-07-01,0.02,0.97,-0.95,0.0,v0
69,2022-02-01,6.9,0.23,6.67,0.0,v0
69,2022-04-01,0.14,1.5,-1.3599999999999999,0.0,v0
69,2022-05-01,1.1,0.06,1.04,0.0,v0
69,2022-06-01,1.4,0.13,1.27,0.0,v0
69,2022-07-01,0.12,0.68,-0.56,0.0,v0
69,2022-08-01,0.02,0.01,0.01,0.0,v0
69,2022-09-01,0.02,0.0,0.02,0.0,v0
69,2022-10-01,0.03,0.0,0.03,0.0,v0
69,2022-11-01,0.01,0.0,0.01,0.0,v0
69,2022-12-01,0.68,0.0,0.68,0.0,v0
69,2023-01-01,0.01,0.0,0.01,0.0,v0
69,2023-02-01,0.61,0.0,0.61,0.0,v0
69,2023-03-01,0.21,0.0,0.21,0.0,v0
69,2023-04-01,0.53,0.0,0.53,0.0,v0
69,2023-05-01,0.22,0.0,0.22,0.0,v0
69,2023-06-01,0.39,0.0,0.39,0.0,v0
69,2023-07-01,0.27,0.0,0.27,0.0,v0
70,2022-01-01,0.03,0.12,-0.09,0.0,v0
70,2022-02-01,0.02,0.0,0.02,0.0,v0
70,2022-03-01,0.04,0.15,-0.10999999999999999,0.0,v0
70,2022-04-01,0.04,0.03,0.010000000000000002,0.0,v0
70,2022-05-01,0.01,0.04,-0.03,0.0,v0
70,2022-06-01,4.6,0.68,3.9199999999999995,0.0,v0
70,2022-07-01,0.26,0.02,0.24000000000000002,0.0,v0
70,2022-09-01,0.21,0.0,0.21,0.0,v0
70,2022-10-01,0.0,0.16,-0.16,0.0,v0
71,2022-01-01,0.01,0.07,-0.060000000000000005,0.0,v0
71,2022-02-01,0.0,0.02,-0.02,0.0,v0
71,2022-03-01,0.15,0.01,0.13999999999999999,0.0,v0
71,2022-04-01,0.16,0.01,0.15,0.0,v0
71,2022-06-01,0.0,0.27,-0.27,0.0,v0
71,2022-07-01,0.0,0.77,-0.77,0.0,v0
71,2022-08-01,0.0,0.56,-0.56,0.0,v0
71,2022-09-01,0.0,0.2,-0.2,0.0,v0
71,2022-10-01,0.0,0.18,-0.18,0.0,v0
72,2022-01-01,0.0,0.02,-0.02,0.0,v0
72,2022-02-01,0.0,0.02,-0.02,0.0,v0
72,2022-03-01,0.0,0.02,-0.02,0.0,v0
72,2022-04-01,0.0,0.02,-0.02,0.0,v0
72,2022-05-01,0.0,0.03,-0.03,0.0,v0
72,2022-06-01,0.0,0.02,-0.02,0.0,v0
72,2022-07-01,0.0,0.02,-0.02,0.0,v0
72,2022-08-01,0.0,0.02,-0.02,0.0,v0
72,2022-09-01,0.0,0.01,-0.01,0.0,v0
72,2022-10-01,0.0,0.03,-0.03,0.0,v0
72,2022-11-01,0.0,0.01,-0.01,0.0,v0
72,2022-12-01,0.0,0.02,-0.02,0.0,v0
73,2022-01-01,0.1,0.0,0.1,0.0,v0
73,2022-02-01,0.01,0.0,0.01,0.0,v0
74,2022-01-01,0.07,0.42,-0.35,0.0,v0
74,2022-02-01,0.0,0.42,-0.42,0.0,v0
74,2022-03-01,0.05,0.49,-0.44,0.0,v0
74,2022-04-01,0.07,0.64,-0.5700000000000001,0.0,v0
74,2022-05-01,0.0,0.52,-0.52,0.0,v0
74,2022-06-01,0.02,0.38,-0.36,0.0,v0
74,2022-08-01,0.08,0.49,-0.41,0.0,v0
74,2022-09-01,0.02,0.39,-0.37,0.0,v0
74,2022-10-01,0.15,0.3,-0.15,0.0,v0
74,2022-11-01,0.02,0.63,-0.61,0.0,v0
75,2022-01-01,1.1,0.0,1.1,0.0,v0
75,2022-02-01,0.83,0.05,0.7799999999999999,0.0,v0
75,2022-03-01,2.1,0.11,1.99,0.0,v0
75,2022-04-01,2.0,0.15,1.85,0.0,v0
75,2022-05-01,0.27,0.0,0.27,0.0,v0
75,2022-06-01,0.96,0.0,0.96,0.0,v0
75,2022-07-01,1.2,0.0,1.2,0.0,v0
75,2022-08-01,1.3,0.0,1.3,0.0,v0
75,2022-09-01,5.4,0.02,5.380000000000001,0.0,v0
75,2022-10-01,1.1,0.01,1.09,0.0,v0
75,2022-11-01,2.6,0.02,2.58,0.0,v0
75,2022-12-01,2.1,0.02,2.08,0.0,v0
75,2023-01-01,1.6,0.01,1.59,0.0,v0
75,2023-03-01,1.7,0.01,1.69,0.0,v0
75,2023-04-01,0.63,0.01,0.62,0.0,v0
75,2023-05-01,2.6,0.01,2.5900000000000003,0.0,v0
75,2023-06-01,3.1,0.01,3.0900000000000003,0.0,v0
75,2023-07-01,3.4,0.0,3.4,0.0,v0
75,2023-08-01,0.8,0.02,0.78,0.0,v0
75,2023-09-01,6.9,0.01,6.890000000000001,0.0,v0
75,2023-10-01,5.0,0.01,4.99,0.0,v0
75,2023-11-01,7.4,0.01,7.390000000000001,0.0,v0
75,2023-12-01,3.2,0.01,3.1900000000000004,0.0,v0
75,2024-01-01,5.2,0.01,5.19,0.0,v0
75,2024-02-01,3.4,0.02,3.38,0.0,v0
75,2024-03-01,1.9,0.01,1.89,0.0,v0
75,2024-04-01,4.5,0.01,4.49,0.0,v0
75,2024-05-01,0.86,0.01,0.85,0.0,v0
75,2024-06-01,4.7,0.01,4.69,0.0,v0
75,2024-07-01,4.7,0.01,4.69,0.0,v0
75,2024-08-01,3.1,0.01,3.0900000000000003,0.0,v0
75,2024-09-01,5.4,0.01,5.390000000000001,0.0,v0
75,2024-10-01,2.6,0.0,2.6,0.0,v0
75,2024-11-01,2.9,0.0,2.9,0.0,v0
75,2024-12-01,3.3,0.0,3.3,0.0,v0
76,2022-01-01,0.53,0.09,0.44000000000000006,0.0,v0
76,2022-02-01,0.34,0.0,0.34,0.0,v0
76,2022-04-01,0.24,0.0,0.24,0.0,v0
76,2022-05-01,0.51,0.0,0.51,0.0,v0
76,2022-06-01,0.46,0.0,0.46,0.0,v0
76,2022-07-01,0.46,0.0,0.46,0.0,v0
76,2022-08-01,0.5,0.0,0.5,0.0,v0
76,2022-09-01,0.46,0.0,0.46,0.0,v0
76,2022-11-01,0.43,0.0,0.43,0.0,v0
76,2022-12-01,0.53,0.0,0.53,0.0,v0
76,2023-01-01,0.57,0.0,0.57,0.0,v0
76,2023-02-01,0.98,0.0,0.98,0.0,v0
76,2023-03-01,0.72,0.0,0.72,0.0,v0
76,2023-04-01,0.93,0.0,0.93,0.0,v0
76,2023-05-01,0.71,0.0,0.71,0.0,v0
76,2023-06-01,0.68,0.0,0.68,0.0,v0
76,2023-07-01,0.57,0.0,0.57,0.0,v0
76,2023-08-01,0.61,0.0,0.61,0.0,v0
76,2023-09-01,0.69,0.0,0.69,0.0,v0
76,2023-10-01,0.83,0.0,0.83,0.0,v0
76,2023-11-01,0.67,0.0,0.67,0.0,v0
76,2023-12-01,0.9,0.0,0.9,0.0,v0
76,2024-01-01,0.79,0.0,0.79,0.0,v0
76,2024-02-01,0.74,0.0,0.74,0.0,v0
76,2024-03-01,0.89,0.0,0.89,0.0,v0
76,2024-04-01,0.78,0.0,0.78,0.0,v0
76,2024-05-01,0.67,0.0,0.67,0.0,v0
76,2024-06-01,0.56,0.0,0.56,0.0,v0
76,2024-07-01,0.57,0.0,0.57,0.0,v0
76,2024-08-01,0.66,0.0,0.66,0.0,v0
76,2024-09-01,0.63,0.0,0.63,0.0,v0
76,2024-10-01,0.82,0.0,0.82,0.0,v0
76,2024-11-01,0.87,0.0,0.87,0.0,v0
76,2024-12-01,0.91,0.0,0.91,0.0,v0
77,2022-02-01,0.0,0.1,-0.1,0.0,v0
77,2022-03-01,0.0,0.1,-0.1,0.0,v0
77,2022-05-01,0.0,0.04,-0.04,0.0,v0
77,2022-06-01,0.0,0.24,-0.24,0.0,v0
77,2022-07-01,0.0,0.26,-0.26,0.0,v0
77,2022-08-01,0.0,0.08,-0.08,0.0,v0
77,2022-09-01,0.0,0.2,-0.2,0.0,v0
77,2022-10-01,0.0,0.23,-0.23,0.0,v0
77,2022-11-01,0.0,0.03,-0.03,0.0,v0
77,2022-12-01,0.0,0.08,-0.08,0.0,v0
77,2023-01-01,0.0,0.04,-0.04,0.0,v0
77,2023-02-01,0.0,0.11,-0.11,0.0,v0
77,2023-03-01,0.0,0.2,-0.2,0.0,v0
77,2023-04-01,0.0,0.21,-0.21,0.0,v0
77,2023-05-01,0.0,0.03,-0.03,0.0,v0
77,2023-06-01,0.0,0.07,-0.07,0.0,v0
77,2023-07-01,0.0,0.04,-0.04,0.0,v0
77,2023-08-01,0.0,0.2,-0.2,0.0,v0
77,2023-09-01,0.0,0.12,-0.12,0.0,v0
77,2023-10-01,0.0,0.15,-0.15,0.0,v0
77,2023-11-01,0.0,0.19,-0.19,0.0,v0
77,2023-12-01,0.0,0.12,-0.12,0.0,v0
77,2024-01-01,0.0,0.12,-0.12,0.0,v0
77,2024-02-01,0.0,0.07,-0.07,0.0,v0
77,2024-03-01,0.0,0.14,-0.14,0.0,v0
77,2024-04-01,0.0,0.21,-0.21,0.0,v0
77,2024-05-01,0.0,0.21,-0.21,0.0,v0
77,2024-06-01,0.0,0.24,-0.24,0.0,v0
77,2024-07-01,0.0,0.24,-0.24,0.0,v0
77,2024-08-01,0.0,0.35,-0.35,0.0,v0
77,2024-09-01,0.0,0.15,-0.15,0.0,v0
77,2024-10-01,0.0,0.13,-0.13,0.0,v0
77,2024-11-01,0.0,0.05,-0.05,0.0,v0
77,2024-12-01,0.0,0.11,-0.11,0.0,v0
78,2022-01-01,0.93,0.0,0.93,0.0,v0
78,2022-03-01,0.07,0.0,0.07,0.0,v0
78,2022-04-01,0.08,0.0,0.08,0.0,v0
78,2022-09-01,0.13,0.0,0.13,0.0,v0
78,2022-10-01,0.27,0.08,0.19,0.0,v0
78,2022-11-01,0.04,0.0,0.04,0.0,v0
79,2022-01-01,0.02,0.0,0.02,0.0,v0
79,2022-02-01,0.05,0.0,0.05,0.0,v0
79,2022-03-01,0.02,0.0,0.02,0.0,v0
79,2022-04-01,0.03,0.0,0.03,0.0,v0
79,2022-05-01,0.02,0.0,0.02,0.0,v0
79,2022-06-01,0.27,0.0,0.27,0.0,v0
79,2022-07-01,0.0,0.81,-0.81,0.0,v0
79,2022-08-01,0.05,0.33,-0.28,0.0,v0
79,2022-09-01,0.0,0.25,-0.25,0.0,v0
79,2022-10-01,0.25,0.26,-0.010000000000000009,0.0,v0
79,2022-11-01,0.0,0.44,-0.44,0.0,v0
79,2022-12-01,0.65,0.38,0.27,0.0,v0
79,2023-01-01,0.05,0.0,0.05,0.0,v0
79,2023-02-01,0.0,0.21,-0.21,0.0,v0
79,2023-03-01,0.1,0.19,-0.09,0.0,v0
79,2023-04-01,0.04,0.12,-0.07999999999999999,0.0,v0
80,2022-01-01,0.35,0.0,0.35,0.0,v0
80,2022-02-01,0.01,0.0,0.01,0.0,v0
80,2022-03-01,0.05,0.0,0.05,0.0,v0
80,2022-04-01,0.17,0.0,0.17,0.0,v0
81,2022-01-01,0.13,0.0,0.13,0.0,v0
82,2022-01-01,0.03,0.0,0.03,0.0,v0
82,2022-02-01,0.03,0.0,0.03,0.0,v0
83,2022-01-01,0.51,0.0,0.51,0.0,v0
83,2022-02-01,0.61,0.0,0.61,0.0,v0
84,2022-01-01,0.24,0.26,-0.020000000000000018,0.0,v0
84,2022-02-01,0.23,0.12,0.11000000000000001,0.0,v0
84,2022-03-01,0.0,0.26,-0.26,0.0,v0
84,2022-04-01,0.0,0.12,-0.12,0.0,v0
84,2022-05-01,0.23,0.24,-0.009999999999999981,0.0,v0
85,2022-01-01,0.0,0.32,-0.32,0.0,v0
86,2022-03-01,0.26,0.0,0.26,0.0,v0
86,2022-05-01,0.12,0.0,0.12,0.0,v0
86,2022-06-01,0.07,0.0,0.07,0.0,v0
86,2022-08-01,0.12,0.0,0.12,0.0,v0
87,2022-01-01,0.0,0.06,-0.06,0.0,v0
87,2022-02-01,0.0,0.1,-0.1,0.0,v0
87,2022-03-01,0.0,0.06,-0.06,0.0,v0
87,2022-04-01,0.0,0.06,-0.06,0.0,v0
87,2022-05-01,0.0,0.05,-0.05,0.0,v0
87,2022-07-01,0.0,0.1,-0.1,0.0,v0
87,2022-08-01,0.01,0.0,0.01,0.0,v0
87,2022-09-01,0.0,0.04,-0.04,0.0,v0
87,2022-10-01,0.0,0.11,-0.11,0.0,v0
87,2022-11-01,0.0,0.14,-0.14,0.0,v0
87,2022-12-01,0.0,0.1,-0.1,0.0,v0
87,2023-01-01,0.0,0.1,-0.1,0.0,v0
87,2023-03-01,0.01,0.0,0.01,0.0,v0
88,2022-01-01,0.0,0.08,-0.08,0.0,v0
88,2022-02-01,0.0,0.06,-0.06,0.0,v0
88,2022-04-01,0.0,0.16,-0.16,0.0,v0
88,2022-07-01,0.0,0.06,-0.06,0.0,v0
88,2022-09-01,0.0,0.04,-0.04,0.0,v0
88,2022-10-01,0.01,0.0,0.01,0.0,v0
89,2022-01-01,0.0,0.02,-0.02,0.0,v0
89,2022-02-01,0.0,0.02,-0.02,0.0,v0
89,2022-03-01,0.0,0.08,-0.08,0.0,v0
89,2022-04-01,0.0,0.06,-0.06,0.0,v0
89,2022-05-01,0.0,0.04,-0.04,0.0,v0
89,2022-06-01,0.0,0.07,-0.07,0.0,v0
89,2022-07-01,0.0,0.06,-0.06,0.0,v0
89,2022-08-01,0.0,0.11,-0.11,0.0,v0
89,2022-10-01,0.0,0.06,-0.06,0.0,v0
89,2022-11-01,0.0,0.02,-0.02,0.0,v0
89,2022-12-01,0.0,0.06,-0.06,0.0,v0
89,2023-01-01,0.0,0.06,-0.06,0.0,v0
89,2023-02-01,0.0,0.07,-0.07,0.0,v0
90,2022-09-01,0.48,0.0,0.48,0.0,v0
90,2022-10-01,1.4,0.0,1.4,0.0,v0
90,2022-12-01,0.56,0.0,0.56,0.0,v0
90,2023-02-01,0.15,0.0,0.15,0.0,v0
90,2023-03-01,0.31,0.73,-0.42,0.0,v0
90,2023-06-01,0.2,0.0,0.2,0.0,v0
90,2023-07-01,0.01,0.0,0.01,0.0,v0
90,2023-10-01,0.01,0.0,0.01,0.0,v0
90,2023-12-01,0.21,0.0,0.21,0.0,v0
90,2024-03-01,0.11,0.0,0.11,0.0,v0
90,2024-04-01,0.1,0.0,0.1,0.0,v0
90,2024-06-01,0.0,0.01,-0.01,0.0,v0
90,2024-10-01,0.01,0.0,0.01,0.0,v0
91,2022-01-01,0.07,0.0,0.07,0.0,v0
91,2022-02-01,0.06,0.0,0.06,0.0,v0
91,2022-03-01,0.12,0.0,0.12,0.0,v0
91,2022-04-01,0.04,0.0,0.04,0.0,v0
91,2022-06-01,0.07,0.0,0.07,0.0,v0
91,2022-07-01,0.12,0.0,0.12,0.0,v0
91,2022-08-01,0.12,0.0,0.12,0.0,v0
91,2022-09-01,0.08,0.0,0.08,0.0,v0
91,2022-10-01,0.05,0.0,0.05,0.0,v0
91,2022-11-01,0.12,0.0,0.12,0.0,v0
91,2022-12-01,0.08,0.0,0.08,0.0,v0
91,2023-01-01,0.19,0.0,0.19,0.0,v0
91,2023-02-01,0.11,0.0,0.11,0.0,v0
91,2023-03-01,0.18,0.0,0.18,0.0,v0
91,2023-04-01,0.06,0.0,0.06,0.0,v0
91,2023-05-01,0.19,0.0,0.19,0.0,v0
91,2023-06-01,0.08,0.0,0.08,0.0,v0
91,2023-08-01,0.09,0.0,0.09,0.0,v0
91,2023-10-01,0.17,0.0,0.17,0.0,v0
91,2023-11-01,0.13,0.0,0.13,0.0,v0
91,2023-12-01,0.01,0.0,0.01,0.0,v0
91,2024-01-01,0.08,0.0,0.08,0.0,v0
91,2024-03-01,0.13,0.0,0.13,0.0,v0
91,2024-04-01,0.07,0.0,0.07,0.0,v0
91,2024-05-01,0.19,0.0,0.19,0.0,v0
91,2024-06-01,0.27,0.0,0.27,0.0,v0
91,2024-07-01,0.2,0.0,0.2,0.0,v0
91,2024-08-01,0.14,0.0,0.14,0.0,v0
91,2024-09-01,0.26,0.0,0.26,0.0,v0
91,2024-10-01,0.16,0.0,0.16,0.0,v0
91,2024-11-01,0.19,0.0,0.19,0.0,v0
91,2024-12-01,0.24,0.0,0.24,0.0,v0
92,2022-01-01,0.39,0.0,0.39,0.0,v0
92,2022-02-01,0.64,0.0,0.64,0.0,v0
92,2022-03-01,0.67,0.0,0.67,0.0,v0
92,2022-04-01,0.45,0.0,0.45,0.0,v0
92,2022-05-01,0.0,0.26,-0.26,0.0,v0
92,2022-06-01,0.48,0.0,0.48,0.0,v0
92,2022-07-01,0.51,0.0,0.51,0.0,v0
92,2022-08-01,0.46,0.0,0.46,0.0,v0
92,2022-09-01,0.3,0.0,0.3,0.0,v0
92,2022-10-01,0.49,0.0,0.49,0.0,v0
92,2022-12-01,0.63,0.0,0.63,0.0,v0
92,2023-01-01,0.58,0.0,0.58,0.0,v0
92,2023-02-01,0.57,0.0,0.57,0.0,v0
92,2023-03-01,0.53,0.0,0.53,0.0,v0
92,2023-06-01,0.59,0.0,0.59,0.0,v0
92,2023-07-01,0.54,0.0,0.54,0.0,v0
92,2023-08-01,0.48,0.0,0.48,0.0,v0
92,2023-09-01,0.67,0.0,0.67,0.0,v0
92,2023-10-01,0.15,0.0,0.15,0.0,v0
92,2023-12-01,0.4,0.0,0.4,0.0,v0
92,2024-01-01,0.46,0.0,0.46,0.0,v0
92,2024-02-01,0.38,0.0,0.38,0.0,v0
92,2024-03-01,0.14,0.0,0.14,0.0,v0
92,2024-04-01,0.0,0.01,-0.01,0.0,v0
92,2024-06-01,0.46,0.0,0.46,0.0,v0
92,2024-07-01,0.34,0.0,0.34,0.0,v0
92,2024-08-01,0.54,0.0,0.54,0.0,v0
93,2022-01-01,0.31,0.0,0.31,0.0,v0
93,2022-02-01,0.36,0.0,0.36,0.0,v0
93,2022-03-01,0.23,0.0,0.23,0.0,v0
94,2022-01-01,0.02,0.0,0.02,0.0,v0
94,2022-02-01,0.01,0.0,0.01,0.0,v0
94,2022-03-01,5.5,0.05,5.45,0.0,v0
95,2022-01-01,0.65,0.07,0.5800000000000001,0.0,v0
95,2022-02-01,0.01,0.0,0.01,0.0,v0
95,2022-03-01,0.2,0.0,0.2,0.0,v0
96,2022-01-01,0.0,0.04,-0.04,0.0,v0
96,2022-04-01,0.0,0.01,-0.01,0.0,v0
96,2022-05-01,0.0,0.04,-0.04,0.0,v0
96,2022-06-01,0.0,0.01,-0.01,0.0,v0
96,2022-07-01,0.0,0.01,-0.01,0.0,v0
96,2022-08-01,0.0,0.01,-0.01,0.0,v0
96,2022-10-01,0.0,0.01,-0.01,0.0,v0
96,2023-01-01,0.0,0.01,-0.01,0.0,v0
96,2023-02-01,0.0,0.01,-0.01,0.0,v0
96,2023-03-01,0.0,0.02,-0.02,0.0,v0
96,2023-07-01,0.0,0.01,-0.01,0.0,v0
96,2023-09-01,0.0,0.03,-0.03,0.0,v0
96,2024-01-01,0.0,0.04,-0.04,0.0,v0
96,2024-02-01,0.0,0.01,-0.01,0.0,v0
96,2024-04-01,0.0,0.04,-0.04,0.0,v0
96,2024-07-01,0.0,0.02,-0.02,0.0,v0
96,2024-11-01,0.0,0.05,-0.05,0.0,v0
96,2024-12-01,0.0,0.04,-0.04,0.0,v0
97,2022-01-01,0.0,0.11,-0.11,0.0,v0
97,2022-02-01,0.0,0.11,-0.11,0.0,v0
97,2022-03-01,0.0,0.01,-0.01,0.0,v0
98,2022-01-01,0.0,1.8,-1.8,0.0,v0
99,2022-01-01,0.07,0.0,0.07,0.0,v0
99,2022-02-01,0.64,1.0,-0.36,0.0,v0
99,2022-03-01,0.05,0.0,0.05,0.0,v0
99,2022-04-01,0.05,0.0,0.05,0.0,v0
100,2022-01-01,0.0,0.58,-0.58,0.0,v0
100,2022-02-01,0.0,0.33,-0.33,0.0,v0
100,2022-03-01,0.0,0.4,-0.4,0.0,v0
100,2022-04-01,0.0,0.26,-0.26,0.0,v0
100,2022-05-01,0.0,0.34,-0.34,0.0,v0
100,2022-06-01,0.0,0.69,-0.69,0.0,v0
100,2022-07-01,0.0,0.29,-0.29,0.0,v0
100,2022-08-01,0.0,0.66,-0.66,0.0,v0
100,2022-09-01,0.0,0.71,-0.71,0.0,v0
101,2022-02-01,0.0,0.49,-0.49,0.0,v0
101,2022-03-01,0.0,0.76,-0.76,0.0,v0
101,2022-04-01,0.0,0.64,-0.64,0.0,v0
101,2022-05-01,0.0,0.51,-0.51,0.0,v0
101,2022-06-01,0.0,0.41,-0.41,0.0,v0
101,2022-07-01,0.0,0.64,-0.64,0.0,v0
101,2022-08-01,0.0,0.56,-0.56,0.0,v0
101,2022-09-01,0.0,0.81,-0.81,0.0,v0
101,2022-10-01,0.0,0.23,-0.23,0.0,v0
102,2022-01-01,0.03,0.0,0.03,0.0,v0
103,2022-01-01,0.0,0.07,-0.07,0.0,v0
103,2022-05-01,0.0,0.11,-0.11,0.0,v0
103,2022-08-01,0.0,0.13,-0.13,0.0,v0
103,2023-02-01,0.0,0.11,-0.11,0.0,v0
103,2023-04-01,0.0,0.03,-0.03,0.0,v0
103,2023-06-01,0.0,0.11,-0.11,0.0,v0
103,2023-07-01,0.0,0.03,-0.03,0.0,v0
103,2023-08-01,0.0,0.04,-0.04,0.0,v0
103,2023-09-01,0.0,0.06,-0.06,0.0,v0
103,2023-10-01,0.0,0.09,-0.09,0.0,v0
103,2023-11-01,0.0,0.02,-0.02,0.0,v0
103,2023-12-01,0.0,0.08,-0.08,0.0,v0
103,2024-03-01,0.0,0.06,-0.06,0.0,v0
103,2024-05-01,0.0,0.05,-0.05,0.0,v0
104,2022-01-01,0.42,0.65,-0.23000000000000004,0.0,v0
105,2022-01-01,0.02,0.0,0.02,0.0,v0
105,2022-02-01,0.04,0.0,0.04,0.0,v0
106,2022-01-01,0.48,0.0,0.48,0.0,v0
106,2022-02-01,0.68,0.0,0.68,0.0,v0
106,2022-03-01,1.0,0.58,0.42000000000000004,0.0,v0
106,2022-04-01,1.3,0.0,1.3,0.0,v0
107,2022-01-01,1.3,1.2,0.10000000000000009,0.0,v0
107,2022-02-01,0.96,0.65,0.30999999999999994,0.0,v0
107,2022-03-01,2.2,1.5,0.7000000000000002,0.0,v0
107,2022-04-01,1.8,1.2,0.6000000000000001,0.0,v0
107,2022-05-01,3.6,2.2,1.4,0.0,v0
107,2022-06-01,1.7,1.1,0.5999999999999999,0.0,v0
107,2022-07-01,1.3,1.3,0.0,0.0,v0
107,2022-08-01,2.3,1.8,0.4999999999999998,0.0,v0
107,2022-09-01,1.3,0.76,0.54,0.0,v0
107,2022-10-01,0.71,0.51,0.19999999999999996,0.0,v0
107,2022-11-01,0.97,0.44,0.53,0.0,v0
107,2023-01-01,0.99,0.2,0.79,0.0,v0
107,2023-02-01,1.0,0.0,1.0,0.0,v0
107,2023-03-01,0.85,0.38,0.47,0.0,v0
107,2023-04-01,1.1,0.24,0.8600000000000001,0.0,v0
107,2023-05-01,1.9,0.17,1.73,0.0,v0
107,2023-06-01,1.1,0.0,1.1,0.0,v0
107,2023-08-01,1.3,0.71,0.5900000000000001,0.0,v0
107,2023-09-01,0.78,0.0,0.78,0.0,v0
108,2022-01-01,0.05,0.0,0.05,0.0,v0
108,2022-02-01,0.18,0.0,0.18,0.0,v0
108,2022-03-01,0.28,0.0,0.28,0.0,v0
108,2022-04-01,0.14,0.0,0.14,0.0,v0
108,2022-05-01,0.03,0.0,0.03,0.0,v0
108,2022-06-01,0.13,0.0,0.13,0.0,v0
108,2022-10-01,0.05,0.0,0.05,0.0,v0
108,2022-11-01,0.05,0.0,0.05,0.0,v0
108,2022-12-01,0.05,0.0,0.05,0.0,v0
108,2023-03-01,0.04,0.0,0.04,0.0,v0
108,2023-05-01,0.04,0.0,0.04,0.0,v0
108,2023-06-01,0.03,0.0,0.03,0.0,v0
108,2023-07-01,0.03,0.0,0.03,0.0,v0
108,2023-09-01,0.04,0.0,0.04,0.0,v0
108,2023-11-01,0.05,0.0,0.05,0.0,v0
108,2024-01-01,0.02,0.0,0.02,0.0,v0
108,2024-02-01,0.05,0.0,0.05,0.0,v0
108,2024-04-01,0.11,0.0,0.11,0.0,v0
108,2024-05-01,0.02,0.0,0.02,0.0,v0
108,2024-06-01,0.05,0.0,0.05,0.0,v0
108,2024-07-01,0.05,0.0,0.05,0.0,v0
108,2024-08-01,0.07,0.0,0.07,0.0,v0
108,2024-09-01,0.03,0.0,0.03,0.0,v0
108,2024-10-01,0.05,0.0,0.05,0.0,v0
108,2024-11-01,0.01,0.0,0.01,0.0,v0
108,2024-12-01,0.07,0.0,0.07,0.0,v0
109,2022-01-01,0.0,0.06,-0.06,0.0,v0
109,2022-02-01,0.0,0.12,-0.12,0.0,v0
109,2022-03-01,0.0,0.07,-0.07,0.0,v0
109,2022-04-01,0.0,0.11,-0.11,0.0,v0
109,2022-05-01,0.0,0.05,-0.05,0.0,v0
109,2022-06-01,0.0,0.03,-0.03,0.0,v0
109,2022-07-01,0.0,0.05,-0.05,0.0,v0
109,2022-08-01,0.0,0.01,-0.01,0.0,v0
109,2022-09-01,0.0,0.11,-0.11,0.0,v0
109,2022-10-01,0.0,0.06,-0.06,0.0,v0
109,2022-11-01,0.0,0.07,-0.07,0.0,v0
109,2022-12-01,0.0,0.05,-0.05,0.0,v0
109,2023-01-01,0.0,0.07,-0.07,0.0,v0
109,2023-02-01,0.0,0.07,-0.07,0.0,v0
109,2023-03-01,0.0,0.11,-0.11,0.0,v0
109,2023-04-01,0.0,0.05,-0.05,0.0,v0
109,2023-05-01,0.0,0.04,-0.04,0.0,v0
109,2023-06-01,0.0,0.04,-0.04,0.0,v0
109,2023-07-01,0.0,0.04,-0.04,0.0,v0
109,2023-10-01,0.0,0.08,-0.08,0.0,v0
109,2023-11-01,0.0,0.05,-0.05,0.0,v0
109,2023-12-01,0.0,0.08,-0.08,0.0,v0
109,2024-01-01,0.0,0.09,-0.09,0.0,v0
110,2022-01-01,0.0,0.04,-0.04,0.0,v0
110,2022-02-01,0.0,0.05,-0.05,0.0,v0
111,2022-01-01,0.1,0.0,0.1,0.0,v0
111,2022-03-01,0.18,0.0,0.18,0.0,v0
111,2022-04-01,0.9,0.0,0.9,0.0,v0
111,2022-06-01,0.25,0.0,0.25,0.0,v0
111,2022-11-01,1.5,0.0,1.5,0.0,v0
111,2022-12-01,3.3,0.01,3.29,0.0,v0
111,2023-01-01,0.0,0.02,-0.02,0.0,v0
111,2023-02-01,0.0,0.02,-0.02,0.0,v0
111,2023-03-01,0.0,0.03,-0.03,0.0,v0
111,2023-04-01,0.0,0.03,-0.03,0.0,v0
111,2023-05-01,0.0,0.02,-0.02,0.0,v0
111,2023-07-01,0.0,0.01,-0.01,0.0,v0
111,2023-08-01,0.0,0.02,-0.02,0.0,v0
111,2023-09-01,0.0,0.01,-0.01,0.0,v0
111,2023-10-01,0.02,0.0,0.02,0.0,v0
111,2023-11-01,4.8,0.0,4.8,0.0,v0
111,2024-01-01,0.33,0.0,0.33,0.0,v0
111,2024-02-01,0.58,0.0,0.58,0.0,v0
111,2024-04-01,0.0,0.01,-0.01,0.0,v0
111,2024-08-01,0.0,0.02,-0.02,0.0,v0
111,2024-09-01,0.0,0.02,-0.02,0.0,v0
111,2024-11-01,0.66,0.0,0.66,0.0,v0
111,2024-12-01,2.2,0.0,2.2,0.0,v0
112,2022-01-01,0.02,0.0,0.02,0.0,v0
113,2022-01-01,0.0,0.01,-0.01,0.0,v0
114,2022-01-01,0.0,0.05,-0.05,0.0,v0
114,2022-02-01,0.06,0.0,0.06,0.0,v0
114,2022-03-01,0.04,0.0,0.04,0.0,v0
114,2022-04-01,0.07,0.0,0.07,0.0,v0
115,2022-01-01,0.05,0.0,0.05,0.0,v0
116,2022-01-01,0.45,0.28,0.16999999999999998,0.0,v0
116,2022-02-01,0.19,0.09,0.1,0.0,v0
117,2022-01-01,0.11,0.0,0.11,0.0,v0
117,2022-02-01,0.06,0.0,0.06,0.0,v0
117,2022-03-01,0.09,0.0,0.09,0.0,v0
117,2022-04-01,0.08,0.0,0.08,0.0,v0
117,2022-05-01,0.04,0.0,0.04,0.0,v0
117,2022-06-01,0.12,0.0,0.12,0.0,v0
118,2022-01-01,0.28,0.03,0.25,0.0,v0
118,2022-02-01,0.18,0.04,0.13999999999999999,0.0,v0
118,2022-04-01,0.28,0.02,0.26,0.0,v0
118,2022-05-01,0.07,0.01,0.060000000000000005,0.0,v0
118,2022-06-01,0.02,0.0,0.02,0.0,v0
118,2022-07-01,0.13,0.05,0.08,0.0,v0
118,2022-08-01,0.0,0.05,-0.05,0.0,v0
118,2022-09-01,0.0,0.01,-0.01,0.0,v0
119,2022-01-01,0.0,0.03,-0.03,0.0,v0
119,2022-02-01,0.02,0.0,0.02,0.0,v0
120,2022-01-01,1.1,0.0,1.1,0.0,v0
120,2022-02-01,0.62,0.12,0.5,0.0,v0
120,2022-03-01,0.88,0.34,0.54,0.0,v0
120,2022-04-01,1.4,0.0,1.4,0.0,v0
120,2022-05-01,1.2,0.39,0.8099999999999999,0.0,v0
121,2022-01-01,0.0,0.98,-0.98,0.0,v0
121,2022-02-01,0.0,0.55,-0.55,0.0,v0
121,2022-03-01,0.0,1.1,-1.1,0.0,v0
121,2022-04-01,0.0,1.0,-1.0,0.0,v0
121,2022-05-01,0.0,0.28,-0.28,0.0,v0
121,2022-06-01,0.0,0.56,-0.56,0.0,v0
121,2022-07-01,0.0,1.1,-1.1,0.0,v0
121,2022-08-01,0.0,1.4,-1.4,0.0,v0
121,2022-09-01,0.0,0.01,-0.01,0.0,v0
121,2023-02-01,0.0,0.24,-0.24,0.0,v0
121,2023-03-01,0.0,0.2,-0.2,0.0,v0
121,2023-05-01,0.0,0.03,-0.03,0.0,v0
121,2023-06-01,0.0,0.26,-0.26,0.0,v0
121,2023-07-01,0.0,0.26,-0.26,0.0,v0
121,2023-08-01,0.0,0.24,-0.24,0.0,v0
121,2023-09-01,0.0,0.07,-0.07,0.0,v0
121,2024-03-01,0.0,0.52,-0.52,0.0,v0
121,2024-04-01,0.0,0.2,-0.2,0.0,v0
121,2024-05-01,0.0,0.06,-0.06,0.0,v0
121,2024-06-01,0.0,0.01,-0.01,0.0,v0
121,2024-07-01,0.0,0.03,-0.03,0.0,v0
121,2024-09-01,0.0,0.02,-0.02,0.0,v0
122,2022-01-01,0.06,0.01,0.049999999999999996,0.0,v0
122,2022-02-01,0.21,0.04,0.16999999999999998,0.0,v0
122,2022-03-01,0.26,0.02,0.24000000000000002,0.0,v0
122,2022-04-01,0.02,0.01,0.01,0.0,v0
122,2022-05-01,0.26,0.12,0.14,0.0,v0
122,2022-06-01,0.22,0.01,0.21,0.0,v0
122,2022-07-01,0.28,0.01,0.27,0.0,v0
122,2022-08-01,0.25,0.01,0.24,0.0,v0
122,2022-09-01,0.26,0.04,0.22,0.0,v0
122,2022-10-01,0.05,0.02,0.030000000000000002,0.0,v0
122,2022-12-01,0.14,0.03,0.11000000000000001,0.0,v0
122,2023-02-01,0.35,0.1,0.24999999999999997,0.0,v0
122,2023-03-01,0.22,0.11,0.11,0.0,v0
122,2023-04-01,0.15,0.08,0.06999999999999999,0.0,v0
122,2023-05-01,0.17,0.06,0.11000000000000001,0.0,v0
122,2023-06-01,0.13,0.05,0.08,0.0,v0
122,2023-08-01,0.07,0.01,0.060000000000000005,0.0,v0
122,2023-10-01,0.27,0.0,0.27,0.0,v0
122,2023-12-01,0.18,0.03,0.15,0.0,v0
122,2024-01-01,0.2,0.03,0.17,0.0,v0
122,2024-02-01,0.13,0.03,0.1,0.0,v0
122,2024-03-01,0.11,0.03,0.08,0.0,v0
122,2024-04-01,0.25,0.13,0.12,0.0,v0
122,2024-05-01,0.02,0.17,-0.15000000000000002,0.0,v0
122,2024-06-01,0.06,0.12,-0.06,0.0,v0
122,2024-07-01,0.09,0.08,0.009999999999999995,0.0,v0
122,2024-08-01,0.13,0.14,-0.010000000000000009,0.0,v0
122,2024-09-01,0.02,0.04,-0.02,0.0,v0
122,2024-10-01,0.15,0.11,0.039999999999999994,0.0,v0
122,2024-11-01,0.07,0.11,-0.039999999999999994,0.0,v0
122,2024-12-01,0.08,0.13,-0.05,0.0,v0
123,2022-01-01,0.01,0.12,-0.11,0.0,v0
123,2022-03-01,0.0,0.04,-0.04,0.0,v0
123,2022-04-01,0.01,0.05,-0.04,0.0,v0
123,2022-05-01,0.0,0.08,-0.08,0.0,v0
123,2022-06-01,0.0,0.03,-0.03,0.0,v0
123,2022-07-01,0.0,0.03,-0.03,0.0,v0
123,2022-09-01,0.0,0.03,-0.03,0.0,v0
123,2022-10-01,0.0,0.02,-0.02,0.0,v0
123,2022-11-01,0.0,0.01,-0.01,0.0,v0
123,2022-12-01,0.0,0.02,-0.02,0.0,v0
123,2023-02-01,0.0,0.04,-0.04,0.0,v0
123,2023-03-01,0.0,0.01,-0.01,0.0,v0
123,2023-05-01,0.0,0.03,-0.03,0.0,v0
123,2023-06-01,0.0,0.05,-0.05,0.0,v0
123,2023-11-01,0.0,0.04,-0.04,0.0,v0
123,2024-01-01,0.0,0.01,-0.01,0.0,v0
123,2024-02-01,0.0,0.05,-0.05,0.0,v0
123,2024-06-01,0.0,0.06,-0.06,0.0,v0
123,2024-11-01,0.0,0.01,-0.01,0.0,v0
124,2022-02-01,0.13,0.05,0.08,0.0,v0
124,2022-04-01,0.05,0.03,0.020000000000000004,0.0,v0
124,2022-05-01,0.0,0.2,-0.2,0.0,v0
124,2022-06-01,0.0,0.16,-0.16,0.0,v0
124,2022-07-01,0.02,0.09,-0.06999999999999999,0.0,v0
124,2022-08-01,0.08,0.05,0.03,0.0,v0
125,2022-01-01,0.0,0.08,-0.08,0.0,v0
125,2022-02-01,0.0,0.03,-0.03,0.0,v0
125,2022-04-01,0.0,0.04,-0.04,0.0,v0
125,2022-05-01,0.0,0.02,-0.02,0.0,v0
126,2022-01-01,0.0,0.02,-0.02,0.0,v0
126,2022-03-01,0.0,0.02,-0.02,0.0,v0
126,2022-05-01,0.05,0.04,0.010000000000000002,0.0,v0
126,2022-06-01,0.0,0.01,-0.01,0.0,v0
126,2022-07-01,0.0,0.09,-0.09,0.0,v0
126,2022-08-01,0.0,0.02,-0.02,0.0,v0
126,2022-10-01,0.06,0.0,0.06,0.0,v0
126,2022-12-01,0.0,0.01,-0.01,0.0,v0
126,2023-01-01,0.0,0.01,-0.01,0.0,v0
126,2023-02-01,0.0,0.03,-0.03,0.0,v0
126,2023-04-01,0.0,0.01,-0.01,0.0,v0
126,2023-05-01,0.0,0.08,-0.08,0.0,v0
126,2023-06-01,0.0,0.05,-0.05,0.0,v0
126,2023-07-01,0.0,0.06,-0.06,0.0,v0
126,2023-08-01,0.0,0.01,-0.01,0.0,v0
126,2023-10-01,0.0,0.03,-0.03,0.0,v0
126,2023-12-01,0.0,0.01,-0.01,0.0,v0
126,2024-01-01,0.0,0.02,-0.02,0.0,v0
126,2024-04-01,0.0,0.02,-0.02,0.0,v0
126,2024-12-01,0.0,0.01,-0.01,0.0,v0
127,2022-01-01,0.03,0.56,-0.53,0.0,v0
127,2022-02-01,0.0,0.07,-0.07,0.0,v0
127,2022-06-01,0.01,0.0,0.01,0.0,v0
127,2022-07-01,0.01,0.04,-0.03,0.0,v0
127,2022-08-01,0.03,0.11,-0.08,0.0,v0
127,2022-09-01,0.0,0.04,-0.04,0.0,v0
127,2022-10-01,0.0,0.13,-0.13,0.0,v0
127,2022-12-01,0.0,0.07,-0.07,0.0,v0
127,2023-01-01,0.0,0.24,-0.24,0.0,v0
127,2023-02-01,0.0,0.02,-0.02,0.0,v0
127,2023-03-01,0.0,0.04,-0.04,0.0,v0
127,2023-06-01,0.0,0.1,-0.1,0.0,v0
127,2023-08-01,0.0,0.13,-0.13,0.0,v0
127,2023-09-01,0.01,0.01,0.0,0.0,v0
127,2023-11-01,0.0,0.03,-0.03,0.0,v0
127,2024-04-01,0.0,0.02,-0.02,0.0,v0
127,2024-05-01,0.01,0.0,0.01,0.0,v0
127,2024-07-01,0.03,0.09,-0.06,0.0,v0
127,2024-09-01,0.04,0.09,-0.049999999999999996,0.0,v0
127,2024-11-01,0.0,0.08,-0.08,0.0,v0
128,2022-01-01,0.0,0.06,-0.06,0.0,v0
128,2022-02-01,0.0,0.91,-0.91,0.0,v0
128,2022-03-01,0.0,1.2,-1.2,0.0,v0
128,2022-05-01,0.0,0.92,-0.92,0.0,v0
128,2022-06-01,0.0,0.06,-0.06,0.0,v0
128,2022-07-01,0.0,0.06,-0.06,0.0,v0
128,2022-08-01,0.0,0.78,-0.78,0.0,v0
128,2022-09-01,0.0,1.2,-1.2,0.0,v0
128,2022-10-01,0.0,0.16,-0.16,0.0,v0
128,2022-12-01,0.0,0.91,-0.91,0.0,v0
128,2023-02-01,0.0,0.04,-0.04,0.0,v0
128,2023-03-01,0.0,0.15,-0.15,0.0,v0
128,2023-04-01,0.0,0.49,-0.49,0.0,v0
128,2023-05-01,0.0,0.04,-0.04,0.0,v0
128,2023-06-01,0.0,1.1,-1.1,0.0,v0
128,2023-07-01,0.0,0.12,-0.12,0.0,v0
128,2023-08-01,0.0,0.79,-0.79,0.0,v0
128,2023-09-01,0.0,1.4,-1.4,0.0,v0
128,2023-10-01,0.0,0.12,-0.12,0.0,v0
128,2023-11-01,0.0,0.24,-0.24,0.0,v0
128,2023-12-01,0.0,0.58,-0.58,0.0,v0
128,2024-01-01,0.0,0.25,-0.25,0.0,v0
128,2024-02-01,0.0,0.74,-0.74,0.0,v0
128,2024-03-01,0.0,1.0,-1.0,0.0,v0
128,2024-04-01,0.0,0.15,-0.15,0.0,v0
128,2024-05-01,0.0,0.15,-0.15,0.0,v0
128,2024-06-01,0.0,0.05,-0.05,0.0,v0
128,2024-07-01,0.0,0.1,-0.1,0.0,v0
128,2024-08-01,0.0,0.54,-0.54,0.0,v0
128,2024-09-01,0.0,0.14,-0.14,0.0,v0
128,2024-10-01,0.0,0.09,-0.09,0.0,v0
128,2024-11-01,0.0,0.05,-0.05,0.0,v0
128,2024-12-01,0.0,0.13,-0.13,0.0,v0
129,2022-01-01,1.3,0.0,1.3,0.0,v0
129,2022-03-01,0.51,0.0,0.51,0.0,v0
129,2022-04-01,1.1,0.0,1.1,0.0,v0
129,2022-07-01,0.02,0.0,0.02,0.0,v0
129,2022-09-01,1.0,0.0,1.0,0.0,v0
129,2022-10-01,0.67,0.0,0.67,0.0,v0
129,2022-11-01,0.88,0.0,0.88,0.0,v0
129,2022-12-01,0.61,0.0,0.61,0.0,v0
129,2023-01-01,0.74,0.0,0.74,0.0,v0
129,2023-04-01,1.0,0.0,1.0,0.0,v0
130,2022-01-01,0.0,0.09,-0.09,0.0,v0
130,2022-03-01,0.0,0.17,-0.17,0.0,v0
130,2022-04-01,0.0,0.05,-0.05,0.0,v0
130,2022-05-01,0.0,0.11,-0.11,0.0,v0
130,2022-06-01,0.0,0.22,-0.22,0.0,v0
130,2022-07-01,0.0,0.22,-0.22,0.0,v0
130,2022-09-01,0.0,0.05,-0.05,0.0,v0
130,2022-11-01,0.0,0.13,-0.13,0.0,v0
130,2022-12-01,0.0,0.13,-0.13,0.0,v0
130,2023-01-01,0.0,0.12,-0.12,0.0,v0
130,2023-08-01,0.0,0.06,-0.06,0.0,v0
130,2023-10-01,0.0,0.02,-0.02,0.0,v0
130,2023-11-01,0.0,0.11,-0.11,0.0,v0
130,2023-12-01,0.0,0.07,-0.07,0.0,v0
130,2024-01-01,0.0,0.09,-0.09,0.0,v0
130,2024-03-01,0.0,0.02,-0.02,0.0,v0
130,2024-04-01,0.0,0.01,-0.01,0.0,v0
131,2022-01-01,0.04,0.0,0.04,0.0,v0
131,2022-02-01,0.09,0.03,0.06,0.0,v0
131,2022-03-01,0.04,0.0,0.04,0.0,v0
131,2022-04-01,0.16,0.0,0.16,0.0,v0
131,2022-05-01,0.16,0.0,0.16,0.0,v0
131,2022-06-01,0.08,0.0,0.08,0.0,v0
131,2022-07-01,0.04,0.0,0.04,0.0,v0
131,2022-08-01,0.04,0.0,0.04,0.0,v0
131,2022-09-01,0.04,0.0,0.04,0.0,v0
131,2022-10-01,0.12,0.0,0.12,0.0,v0
131,2022-11-01,0.11,0.0,0.11,0.0,v0
131,2022-12-01,0.04,0.0,0.04,0.0,v0
131,2023-01-01,0.04,0.0,0.04,0.0,v0
131,2023-02-01,0.07,0.0,0.07,0.0,v0
131,2023-04-01,0.08,0.0,0.08,0.0,v0
131,2023-05-01,0.04,0.0,0.04,0.0,v0
131,2023-06-01,0.04,0.0,0.04,0.0,v0
131,2023-07-01,0.12,0.0,0.12,0.0,v0
131,2023-08-01,0.04,0.0,0.04,0.0,v0
131,2023-09-01,0.07,0.0,0.07,0.0,v0
131,2023-10-01,0.04,0.0,0.04,0.0,v0
131,2023-11-01,0.04,0.0,0.04,0.0,v0
131,2023-12-01,0.03,0.0,0.03,0.0,v0
131,2024-03-01,0.07,0.0,0.07,0.0,v0
131,2024-04-01,0.07,0.0,0.07,0.0,v0
131,2024-05-01,0.1,0.0,0.1,0.0,v0
131,2024-06-01,0.03,0.0,0.03,0.0,v0
131,2024-07-01,0.03,0.0,0.03,0.0,v0
131,2024-10-01,0.03,0.0,0.03,0.0,v0
131,2024-11-01,0.04,0.0,0.04,0.0,v0
132,2022-01-01,0.34,0.05,0.29000000000000004,0.0,v0
132,2022-02-01,0.31,0.01,0.3,0.0,v0
132,2022-03-01,0.39,0.03,0.36,0.0,v0
132,2022-04-01,0.31,0.06,0.25,0.0,v0
132,2022-05-01,0.16,0.04,0.12,0.0,v0
132,2022-06-01,0.26,0.04,0.22,0.0,v0
132,2022-07-01,0.27,0.05,0.22000000000000003,0.0,v0
132,2022-08-01,0.22,0.04,0.18,0.0,v0
132,2022-09-01,0.4,0.05,0.35000000000000003,0.0,v0
132,2022-10-01,0.31,0.03,0.28,0.0,v0
132,2022-11-01,0.27,0.03,0.24000000000000002,0.0,v0
132,2022-12-01,0.45,0.02,0.43,0.0,v0
132,2023-01-01,0.02,0.01,0.01,0.0,v0
132,2023-10-01,0.01,0.0,0.01,0.0,v0
132,2023-11-01,0.02,0.0,0.02,0.0,v0
132,2024-07-01,0.0,0.01,-0.01,0.0,v0
132,2024-09-01,0.0,0.01,-0.01,0.0,v0
133,2022-01-01,0.0,0.02,-0.02,0.0,v0
133,2022-03-01,0.0,0.02,-0.02,0.0,v0
133,2022-04-01,0.0,0.01,-0.01,0.0,v0
133,2022-05-01,0.0,0.01,-0.01,0.0,v0
133,2023-07-01,0.0,0.03,-0.03,0.0,v0
133,2023-08-01,0.0,0.01,-0.01,0.0,v0
133,2023-09-01,0.0,0.01,-0.01,0.0,v0
133,2023-11-01,0.0,0.01,-0.01,0.0,v0
134,2022-01-01,0.04,0.06,-0.019999999999999997,0.0,v0
134,2022-02-01,0.02,0.0,0.02,0.0,v0
134,2022-03-01,0.04,0.07,-0.030000000000000006,0.0,v0
134,2022-04-01,0.11,0.07,0.039999999999999994,0.0,v0
134,2022-05-01,0.06,0.03,0.03,0.0,v0
135,2022-01-01,0.01,0.0,0.01,0.0,v0
135,2022-05-01,0.01,0.0,0.01,0.0,v0
136,2022-01-01,0.36,0.0,0.36,0.0,v0
136,2022-02-01,0.22,0.0,0.22,0.0,v0
136,2022-03-01,0.27,0.0,0.27,0.0,v0
136,2022-05-01,0.35,0.0,0.35,0.0,v0
137,2022-01-01,0.13,1.5,-1.37,0.0,v0
137,2022-02-01,0.11,1.7,-1.5899999999999999,0.0,v0
137,2022-03-01,0.21,2.1,-1.8900000000000001,0.0,v0
137,2022-04-01,0.42,2.1,-1.6800000000000002,0.0,v0
137,2022-05-01,0.29,1.8,-1.51,0.0,v0
137,2022-06-01,0.03,2.3,-2.27,0.0,v0
137,2022-07-01,0.12,1.8,-1.6800000000000002,0.0,v0
137,2022-08-01,0.0,1.8,-1.8,0.0,v0
137,2022-09-01,0.14,1.6,-1.46,0.0,v0
137,2022-11-01,0.0,1.6,-1.6,0.0,v0
137,2022-12-01,0.12,1.2,-1.08,0.0,v0
137,2023-01-01,0.0,1.8,-1.8,0.0,v0
137,2023-02-01,0.07,1.1,-1.03,0.0,v0
137,2023-03-01,0.01,1.4,-1.39,0.0,v0
137,2023-04-01,0.03,1.5,-1.47,0.0,v0
137,2023-05-01,0.14,0.7,-0.5599999999999999,0.0,v0
137,2023-06-01,0.13,0.81,-0.68,0.0,v0
137,2023-07-01,0.05,1.1,-1.05,0.0,v0
137,2023-08-01,0.07,0.37,-0.3,0.0,v0
137,2023-09-01,0.0,0.62,-0.62,0.0,v0
137,2023-10-01,0.03,0.75,-0.72,0.0,v0
137,2023-11-01,0.16,0.65,-0.49,0.0,v0
137,2023-12-01,0.26,0.68,-0.42000000000000004,0.0,v0
137,2024-01-01,0.1,0.46,-0.36,0.0,v0
137,2024-02-01,0.07,0.28,-0.21000000000000002,0.0,v0
137,2024-03-01,0.13,0.44,-0.31,0.0,v0
137,2024-04-01,0.35,0.8,-0.45000000000000007,0.0,v0
137,2024-05-01,0.19,0.35,-0.15999999999999998,0.0,v0
137,2024-06-01,0.24,0.57,-0.32999999999999996,0.0,v0
137,2024-07-01,0.17,0.32,-0.15,0.0,v0
137,2024-08-01,0.0,0.42,-0.42,0.0,v0
137,2024-09-01,0.01,0.38,-0.37,0.0,v0
137,2024-11-01,0.0,0.83,-0.83,0.0,v0
138,2022-01-01,0.05,0.0,0.05,0.0,v0
138,2022-02-01,0.08,0.0,0.08,0.0,v0
138,2022-03-01,0.2,0.0,0.2,0.0,v0
138,2022-04-01,0.2,0.0,0.2,0.0,v0
138,2022-05-01,0.2,0.0,0.2,0.0,v0
138,2022-06-01,0.0,0.01,-0.01,0.0,v0
138,2022-07-01,0.1,0.0,0.1,0.0,v0
138,2022-08-01,0.18,0.0,0.18,0.0,v0
138,2022-09-01,0.12,0.0,0.12,0.0,v0
139,2022-02-01,0.57,0.54,0.029999999999999916,0.0,v0
139,2022-03-01,0.02,0.0,0.02,0.0,v0
139,2022-04-01,0.04,0.01,0.03,0.0,v0
139,2022-05-01,0.12,0.0,0.12,0.0,v0
139,2022-06-01,0.71,0.0,0.71,0.0,v0
139,2022-07-01,0.0,0.28,-0.28,0.0,v0
140,2022-01-01,0.0,0.01,-0.01,0.0,v0
140,2022-02-01,0.0,0.01,-0.01,0.0,v0
140,2022-03-01,0.0,0.01,-0.01,0.0,v0
141,2022-01-01,0.16,0.0,0.16,0.0,v0
141,2022-02-01,0.3,0.0,0.3,0.0,v0
141,2022-03-01,0.17,0.0,0.17,0.0,v0
141,2022-04-01,0.31,0.0,0.31,0.0,v0
141,2022-05-01,0.64,0.01,0.63,0.0,v0
142,2022-01-01,0.09,0.08,0.009999999999999995,0.0,v0
142,2022-02-01,0.0,0.05,-0.05,0.0,v0
142,2022-03-01,0.05,0.04,0.010000000000000002,0.0,v0
142,2022-04-01,0.05,0.0,0.05,0.0,v0
142,2022-05-01,0.0,0.05,-0.05,0.0,v0
142,2022-07-01,0.05,0.04,0.010000000000000002,0.0,v0
142,2022-08-01,0.05,0.04,0.010000000000000002,0.0,v0
142,2022-09-01,0.05,0.04,0.010000000000000002,0.0,v0
142,2022-10-01,0.05,0.04,0.010000000000000002,0.0,v0
142,2022-12-01,0.05,0.04,0.010000000000000002,0.0,v0
142,2023-01-01,0.05,0.04,0.010000000000000002,0.0,v0
142,2023-03-01,0.0,0.04,-0.04,0.0,v0
142,2023-04-01,0.05,0.04,0.010000000000000002,0.0,v0
142,2023-05-01,0.05,0.04,0.010000000000000002,0.0,v0
142,2023-07-01,0.02,0.02,0.0,0.0,v0
142,2023-08-01,0.0,0.04,-0.04,0.0,v0
142,2023-10-01,0.0,0.04,-0.04,0.0,v0
142,2023-11-01,0.0,0.04,-0.04,0.0,v0
142,2023-12-01,0.0,0.04,-0.04,0.0,v0
142,2024-01-01,0.05,0.04,0.010000000000000002,0.0,v0
142,2024-03-01,0.03,0.0,0.03,0.0,v0
142,2024-04-01,0.0,0.02,-0.02,0.0,v0
142,2024-07-01,0.0,0.05,-0.05,0.0,v0
143,2022-01-01,0.27,0.0,0.27,0.0,v0
143,2022-02-01,0.46,0.03,0.43000000000000005,0.0,v0
143,2022-03-01,0.42,0.22,0.19999999999999998,0.0,v0
143,2022-04-01,0.0,0.03,-0.03,0.0,v0
143,2022-05-01,0.0,0.11,-0.11,0.0,v0
143,2022-06-01,0.31,0.14,0.16999999999999998,0.0,v0
144,2022-01-01,0.44,0.0,0.44,0.0,v0
144,2022-02-01,0.51,0.0,0.51,0.0,v0
145,2022-01-01,0.03,0.1,-0.07,0.0,v0
145,2022-03-01,0.05,0.29,-0.24,0.0,v0
145,2022-04-01,0.01,0.24,-0.22999999999999998,0.0,v0
145,2022-05-01,0.08,0.09,-0.009999999999999995,0.0,v0
145,2022-06-01,0.0,0.17,-0.17,0.0,v0
145,2022-07-01,0.03,0.17,-0.14,0.0,v0
146,2022-01-01,0.02,0.0,0.02,0.0,v0
146,2022-02-01,0.03,0.0,0.03,0.0,v0
147,2022-01-01,0.0,0.01,-0.01,0.0,v0
147,2022-02-01,0.0,0.01,-0.01,0.0,v0
148,2022-01-01,0.0,0.04,-0.04,0.0,v0
148,2022-02-01,0.0,0.04,-0.04,0.0,v0
149,2022-01-01,0.25,0.0,0.25,0.0,v0
149,2022-02-01,0.0,0.02,-0.02,0.0,v0
149,2022-03-01,0.0,0.09,-0.09,0.0,v0
150,2022-01-01,0.02,0.0,0.02,0.0,v0
150,2022-02-01,0.03,0.0,0.03,0.0,v0
150,2022-05-01,0.02,0.0,0.02,0.0,v0
150,2022-06-01,0.02,0.0,0.02,0.0,v0
150,2022-12-01,0.02,0.0,0.02,0.0,v0
150,2023-07-01,0.02,0.0,0.02,0.0,v0
150,2023-11-01,0.02,0.0,0.02,0.0,v0
150,2024-01-01,0.02,0.0,0.02,0.0,v0
150,2024-02-01,0.02,0.0,0.02,0.0,v0
150,2024-05-01,0.02,0.0,0.02,0.0,v0
150,2024-06-01,0.02,0.0,0.02,0.0,v0
151,2022-01-01,0.04,0.01,0.03,0.0,v0
151,2022-02-01,0.05,0.0,0.05,0.0,v0
151,2022-03-01,0.0,0.17,-0.17,0.0,v0
151,2022-04-01,0.0,0.07,-0.07,0.0,v0
151,2022-05-01,0.0,0.18,-0.18,0.0,v0
151,2022-06-01,0.0,0.08,-0.08,0.0,v0
151,2022-07-01,0.0,0.25,-0.25,0.0,v0
151,2022-08-01,0.0,0.16,-0.16,0.0,v0
151,2022-09-01,0.0,0.05,-0.05,0.0,v0
151,2022-11-01,0.0,0.08,-0.08,0.0,v0
151,2022-12-01,0.01,0.0,0.01,0.0,v0
151,2023-01-01,0.04,0.0,0.04,0.0,v0
151,2023-02-01,0.0,0.02,-0.02,0.0,v0
151,2023-05-01,0.02,0.0,0.02,0.0,v0
151,2023-07-01,0.01,0.02,-0.01,0.0,v0
151,2023-09-01,0.0,0.02,-0.02,0.0,v0
151,2023-10-01,0.01,0.0,0.01,0.0,v0
151,2023-11-01,0.07,0.0,0.07,0.0,v0
151,2024-01-01,0.01,0.01,0.0,0.0,v0
151,2024-02-01,0.01,0.0,0.01,0.0,v0
151,2024-03-01,0.14,0.01,0.13,0.0,v0
151,2024-04-01,0.44,0.0,0.44,0.0,v0
151,2024-05-01,0.12,0.0,0.12,0.0,v0
151,2024-06-01,0.18,0.0,0.18,0.0,v0
151,2024-07-01,0.12,0.0,0.12,0.0,v0
151,2024-08-01,0.2,0.0,0.2,0.0,v0
151,2024-09-01,0.15,0.0,0.15,0.0,v0
152,2022-01-01,0.0,0.33,-0.33,0.0,v0
152,2022-02-01,0.0,0.31,-0.31,0.0,v0
153,2022-01-01,1.0,0.99,0.010000000000000009,0.0,v0
153,2022-02-01,1.5,0.71,0.79,0.0,v0
153,2022-03-01,1.9,1.1,0.7999999999999998,0.0,v0
153,2022-04-01,1.2,1.5,-0.30000000000000004,0.0,v0
153,2022-05-01,1.5,0.76,0.74,0.0,v0
153,2022-06-01,1.2,1.5,-0.30000000000000004,0.0,v0
153,2022-07-01,1.5,1.0,0.5,0.0,v0
154,2022-01-01,0.01,0.12,-0.11,0.0,v0
154,2022-02-01,0.52,0.25,0.27,0.0,v0
154,2022-03-01,0.07,0.0,0.07,0.0,v0
154,2022-04-01,0.01,0.03,-0.019999999999999997,0.0,v0
155,2022-01-01,0.02,0.02,0.0,0.0,v0
155,2022-02-01,0.02,0.0,0.02,0.0,v0
155,2022-04-01,0.17,0.11,0.06000000000000001,0.0,v0
155,2022-05-01,0.06,0.15,-0.09,0.0,v0
155,2022-06-01,0.13,0.08,0.05,0.0,v0
155,2022-07-01,0.08,0.25,-0.16999999999999998,0.0,v0
155,2022-08-01,0.22,0.1,0.12,0.0,v0
155,2022-09-01,0.19,0.0,0.19,0.0,v0
155,2022-10-01,0.12,0.35,-0.22999999999999998,0.0,v0
155,2022-11-01,0.1,0.1,0.0,0.0,v0
155,2022-12-01,0.12,0.01,0.11,0.0,v0
155,2023-01-01,0.07,0.1,-0.03,0.0,v0
155,2023-02-01,0.14,0.0,0.14,0.0,v0
155,2023-03-01,0.29,0.3,-0.010000000000000009,0.0,v0
155,2023-04-01,0.13,0.11,0.020000000000000004,0.0,v0
155,2023-05-01,0.23,0.16,0.07,0.0,v0
155,2023-06-01,0.18,0.0,0.18,0.0,v0
155,2023-07-01,0.26,0.2,0.06,0.0,v0
155,2023-08-01,0.08,0.11,-0.03,0.0,v0
155,2023-09-01,0.11,0.0,0.11,0.0,v0
155,2023-10-01,0.09,0.1,-0.010000000000000009,0.0,v0
155,2023-11-01,0.16,0.1,0.06,0.0,v0
155,2023-12-01,0.18,0.11,0.06999999999999999,0.0,v0
155,2024-01-01,0.15,0.1,0.04999999999999999,0.0,v0
155,2024-02-01,0.19,0.1,0.09,0.0,v0
155,2024-03-01,0.16,0.14,0.01999999999999999,0.0,v0
155,2024-04-01,0.16,0.0,0.16,0.0,v0
155,2024-05-01,0.15,0.15,0.0,0.0,v0
155,2024-06-01,0.36,0.15,0.21,0.0,v0
155,2024-07-01,0.36,0.04,0.32,0.0,v0
155,2024-08-01,0.04,0.0,0.04,0.0,v0
155,2024-09-01,0.08,0.11,-0.03,0.0,v0
155,2024-10-01,0.12,0.23,-0.11000000000000001,0.0,v0
155,2024-11-01,0.12,0.0,0.12,0.0,v0
155,2024-12-01,0.49,0.0,0.49,0.0,v0
156,2022-01-01,0.18,0.14,0.03999999999999998,0.0,v0
156,2022-02-01,0.11,0.0,0.11,0.0,v0
156,2022-03-01,0.09,0.22,-0.13,0.0,v0
157,2022-01-01,0.36,0.17,0.18999999999999997,0.0,v0
157,2022-02-01,0.21,0.0,0.21,0.0,v0
157,2022-03-01,0.38,0.0,0.38,0.0,v0
158,2022-01-01,0.0,0.81,-0.81,0.0,v0
159,2022-01-01,0.0,0.01,-0.01,0.0,v0
159,2022-02-01,0.04,0.03,0.010000000000000002,0.0,v0
160,2022-01-01,0.28,0.0,0.28,0.0,v0
160,2022-02-01,0.27,0.0,0.27,0.0,v0
160,2022-03-01,0.36,0.0,0.36,0.0,v0
160,2022-04-01,0.29,0.0,0.29,0.0,v0
160,2022-05-01,0.15,0.0,0.15,0.0,v0
160,2022-06-01,0.2,0.0,0.2,0.0,v0
160,2022-07-01,0.39,0.0,0.39,0.0,v0
160,2022-08-01,0.14,0.0,0.14,0.0,v0
160,2022-09-01,0.33,0.0,0.33,0.0,v0
160,2022-10-01,0.15,0.0,0.15,0.0,v0
161,2022-01-01,0.0,0.07,-0.07,0.0,v0
161,2022-03-01,0.0,0.04,-0.04,0.0,v0
161,2022-04-01,0.0,0.07,-0.07,0.0,v0
161,2022-07-01,0.0,0.08,-0.08,0.0,v0
161,2022-08-01,0.0,0.13,-0.13,0.0,v0
161,2022-11-01,0.0,0.04,-0.04,0.0,v0
161,2022-12-01,0.0,0.08,-0.08,0.0,v0
161,2023-03-01,0.0,0.07,-0.07,0.0,v0
161,2023-04-01,0.0,0.01,-0.01,0.0,v0
161,2023-06-01,0.0,0.02,-0.02,0.0,v0
161,2023-10-01,0.0,0.12,-0.12,0.0,v0
161,2023-11-01,0.0,0.02,-0.02,0.0,v0
161,2023-12-01,0.0,0.04,-0.04,0.0,v0
161,2024-02-01,0.0,0.06,-0.06,0.0,v0
161,2024-03-01,0.0,0.01,-0.01,0.0,v0
161,2024-05-01,0.0,0.06,-0.06,0.0,v0
161,2024-08-01,0.0,0.02,-0.02,0.0,v0
161,2024-09-01,0.0,0.05,-0.05,0.0,v0
161,2024-10-01,0.0,0.09,-0.09,0.0,v0
161,2024-11-01,0.0,0.07,-0.07,0.0,v0
161,2024-12-01,0.0,0.04,-0.04,0.0,v0
162,2022-01-01,0.33,0.04,0.29000000000000004,0.0,v0
162,2022-02-01,0.67,0.04,0.63,0.0,v0
162,2022-03-01,1.1,0.04,1.06,0.0,v0
162,2022-04-01,1.4,0.06,1.3399999999999999,0.0,v0
162,2022-05-01,0.56,0.03,0.53,0.0,v0
163,2022-01-01,0.56,0.03,0.53,0.0,v0
163,2022-02-01,0.0,0.39,-0.39,0.0,v0
163,2022-03-01,0.0,0.13,-0.13,0.0,v0
163,2022-04-01,0.0,0.1,-0.1,0.0,v0
163,2022-05-01,0.0,0.03,-0.03,0.0,v0
163,2022-07-01,0.75,0.05,0.7,0.0,v0
163,2022-08-01,0.16,0.05,0.11,0.0,v0
163,2022-09-01,0.03,0.03,0.0,0.0,v0
163,2022-10-01,0.29,0.03,0.26,0.0,v0
163,2022-11-01,0.01,0.0,0.01,0.0,v0
164,2022-01-01,0.03,0.0,0.03,0.0,v0
164,2022-03-01,0.1,0.02,0.08,0.0,v0
164,2022-04-01,0.09,0.0,0.09,0.0,v0
164,2022-05-01,0.14,0.01,0.13,0.0,v0
164,2022-06-01,0.06,0.01,0.049999999999999996,0.0,v0
164,2022-07-01,0.03,0.03,0.0,0.0,v0
164,2022-08-01,0.15,0.0,0.15,0.0,v0
164,2022-09-01,0.02,0.0,0.02,0.0,v0
164,2022-10-01,0.02,0.01,0.01,0.0,v0
164,2022-11-01,0.04,0.02,0.02,0.0,v0
165,2022-01-01,0.32,0.06,0.26,0.0,v0
165,2022-02-01,1.5,0.0,1.5,0.0,v0
165,2022-03-01,0.48,0.0,0.48,0.0,v0
165,2022-04-01,0.48,0.0,0.48,0.0,v0
165,2022-05-01,0.01,0.0,0.01,0.0,v0
166,2022-01-01,0.04,0.03,0.010000000000000002,0.0,v0
166,2022-02-01,0.24,0.03,0.21,0.0,v0
166,2022-03-01,0.08,0.0,0.08,0.0,v0
166,2022-04-01,0.03,0.0,0.03,0.0,v0
166,2022-05-01,0.01,0.0,0.01,0.0,v0
167,2022-01-01,0.37,0.0,0.37,0.0,v0
167,2022-02-01,0.44,0.02,0.42,0.0,v0
167,2022-03-01,0.35,0.0,0.35,0.0,v0
167,2022-04-01,0.05,0.0,0.05,0.0,v0
167,2022-05-01,0.07,0.03,0.04000000000000001,0.0,v0
167,2022-06-01,0.01,0.0,0.01,0.0,v0
167,2022-07-01,0.18,0.0,0.18,0.0,v0
167,2022-08-01,0.28,0.0,0.28,0.0,v0
167,2022-09-01,0.38,0.04,0.34,0.0,v0
167,2022-10-01,0.32,0.0,0.32,0.0,v0
167,2022-11-01,0.15,0.0,0.15,0.0,v0
167,2023-02-01,0.43,0.0,0.43,0.0,v0
167,2023-03-01,0.67,0.08,0.5900000000000001,0.0,v0
167,2023-04-01,0.09,0.0,0.09,0.0,v0
167,2023-05-01,0.02,0.0,0.02,0.0,v0
167,2023-06-01,0.17,0.0,0.17,0.0,v0
167,2023-07-01,0.05,0.0,0.05,0.0,v0
167,2023-08-01,0.1,0.0,0.1,0.0,v0
167,2023-09-01,0.19,0.0,0.19,0.0,v0
167,2023-10-01,0.06,0.0,0.06,0.0,v0
167,2023-12-01,0.26,0.02,0.24000000000000002,0.0,v0
167,2024-01-01,0.61,0.0,0.61,0.0,v0
167,2024-02-01,0.25,0.0,0.25,0.0,v0
167,2024-03-01,0.24,0.0,0.24,0.0,v0
167,2024-04-01,0.12,0.03,0.09,0.0,v0
167,2024-05-01,0.17,0.0,0.17,0.0,v0
167,2024-06-01,0.08,0.04,0.04,0.0,v0
167,2024-07-01,0.16,0.0,0.16,0.0,v0
167,2024-08-01,0.09,0.0,0.09,0.0,v0
167,2024-09-01,0.18,0.0,0.18,0.0,v0
167,2024-10-01,0.23,0.0,0.23,0.0,v0
167,2024-11-01,0.38,0.0,0.38,0.0,v0
167,2024-12-01,0.46,0.01,0.45,0.0,v0
168,2022-01-01,0.0,0.03,-0.03,0.0,v0
168,2022-02-01,0.0,0.08,-0.08,0.0,v0
168,2022-03-01,0.0,0.02,-0.02,0.0,v0
168,2022-04-01,0.0,0.06,-0.06,0.0,v0
168,2022-05-01,0.0,0.11,-0.11,0.0,v0
168,2022-06-01,0.0,0.07,-0.07,0.0,v0
168,2022-07-01,0.0,0.06,-0.06,0.0,v0
168,2022-08-01,0.0,0.1,-0.1,0.0,v0
168,2022-09-01,0.0,0.07,-0.07,0.0,v0
168,2022-10-01,0.0,0.14,-0.14,0.0,v0
168,2022-12-01,0.0,0.09,-0.09,0.0,v0
168,2023-01-01,0.0,0.06,-0.06,0.0,v0
168,2023-02-01,0.0,0.03,-0.03,0.0,v0
168,2023-03-01,0.0,0.04,-0.04,0.0,v0
168,2023-04-01,0.0,0.09,-0.09,0.0,v0
168,2023-05-01,0.0,0.04,-0.04,0.0,v0
168,2023-06-01,0.0,0.04,-0.04,0.0,v0
168,2023-08-01,0.0,0.05,-0.05,0.0,v0
168,2023-09-01,0.0,0.07,-0.07,0.0,v0
168,2023-11-01,0.0,0.05,-0.05,0.0,v0
168,2023-12-01,0.0,0.01,-0.01,0.0,v0
168,2024-01-01,0.0,0.02,-0.02,0.0,v0
168,2024-02-01,0.0,0.04,-0.04,0.0,v0
168,2024-03-01,0.0,0.07,-0.07,0.0,v0
168,2024-04-01,0.0,0.06,-0.06,0.0,v0
168,2024-05-01,0.0,0.04,-0.04,0.0,v0
168,2024-06-01,0.0,0.09,-0.09,0.0,v0
168,2024-07-01,0.0,0.01,-0.01,0.0,v0
168,2024-08-01,0.0,0.03,-0.03,0.0,v0
168,2024-09-01,0.0,0.06,-0.06,0.0,v0
168,2024-10-01,0.0,0.11,-0.11,0.0,v0
168,2024-11-01,0.0,0.08,-0.08,0.0,v0
168,2024-12-01,0.0,0.07,-0.07,0.0,v0
169,2022-02-01,0.03,0.0,0.03,0.0,v0
169,2022-03-01,0.07,0.0,0.07,0.0,v0
169,2022-04-01,0.03,0.0,0.03,0.0,v0
169,2022-05-01,0.04,0.0,0.04,0.0,v0
169,2022-06-01,0.02,0.0,0.02,0.0,v0
169,2022-07-01,0.12,0.0,0.12,0.0,v0
169,2022-08-01,0.06,0.0,0.06,0.0,v0
169,2022-09-01,0.12,0.0,0.12,0.0,v0
169,2022-10-01,0.04,0.0,0.04,0.0,v0
169,2022-11-01,0.06,0.0,0.06,0.0,v0
169,2022-12-01,0.05,0.0,0.05,0.0,v0
169,2023-01-01,0.02,0.0,0.02,0.0,v0
169,2023-02-01,0.08,0.0,0.08,0.0,v0
169,2023-04-01,0.08,0.0,0.08,0.0,v0
169,2023-05-01,0.08,0.0,0.08,0.0,v0
169,2023-06-01,0.05,0.0,0.05,0.0,v0
169,2023-07-01,0.05,0.0,0.05,0.0,v0
169,2023-08-01,0.04,0.0,0.04,0.0,v0
169,2023-09-01,0.03,0.0,0.03,0.0,v0
169,2023-10-01,0.08,0.0,0.08,0.0,v0
169,2023-12-01,0.05,0.0,0.05,0.0,v0
169,2024-01-01,0.03,0.0,0.03,0.0,v0
169,2024-02-01,0.05,0.0,0.05,0.0,v0
169,2024-03-01,0.04,0.0,0.04,0.0,v0
169,2024-04-01,0.02,0.0,0.02,0.0,v0
169,2024-05-01,0.02,0.0,0.02,0.0,v0
169,2024-06-01,0.09,0.0,0.09,0.0,v0
169,2024-07-01,0.01,0.0,0.01,0.0,v0
169,2024-08-01,0.05,0.0,0.05,0.0,v0
169,2024-09-01,0.03,0.0,0.03,0.0,v0
169,2024-10-01,0.06,0.0,0.06,0.0,v0
169,2024-12-01,0.06,0.0,0.06,0.0,v0
170,2022-01-01,0.01,0.0,0.01,0.0,v0
170,2022-02-01,0.01,0.0,0.01,0.0,v0
170,2022-03-01,0.14,0.0,0.14,0.0,v0
170,2022-04-01,0.13,0.0,0.13,0.0,v0
170,2022-05-01,0.1,0.0,0.1,0.0,v0
170,2022-06-01,0.03,0.0,0.03,0.0,v0
170,2022-07-01,0.0,0.08,-0.08,0.0,v0
170,2022-08-01,0.0,0.1,-0.1,0.0,v0
170,2022-09-01,0.0,0.05,-0.05,0.0,v0
170,2022-12-01,0.0,0.02,-0.02,0.0,v0
170,2023-01-01,0.18,0.0,0.18,0.0,v0
170,2023-02-01,0.14,0.0,0.14,0.0,v0
170,2023-03-01,0.29,0.0,0.29,0.0,v0
170,2023-04-01,0.07,0.0,0.07,0.0,v0
170,2023-05-01,0.08,0.0,0.08,0.0,v0
170,2023-06-01,0.07,0.0,0.07,0.0,v0
170,2023-08-01,0.34,0.0,0.34,0.0,v0
170,2023-09-01,0.36,0.0,0.36,0.0,v0
170,2023-10-01,0.39,0.0,0.39,0.0,v0
170,2023-11-01,0.24,0.0,0.24,0.0,v0
170,2023-12-01,0.13,0.0,0.13,0.0,v0
170,2024-01-01,0.08,0.0,0.08,0.0,v0
170,2024-02-01,0.06,0.0,0.06,0.0,v0
170,2024-03-01,0.21,0.0,0.21,0.0,v0
170,2024-04-01,0.08,0.26,-0.18,0.0,v0
170,2024-05-01,0.01,0.23,-0.22,0.0,v0
170,2024-07-01,0.09,0.0,0.09,0.0,v0
170,2024-08-01,0.03,0.0,0.03,0.0,v0
170,2024-09-01,0.24,0.0,0.24,0.0,v0
170,2024-10-01,0.17,0.0,0.17,0.0,v0
170,2024-11-01,0.18,0.0,0.18,0.0,v0
170,2024-12-01,0.04,0.0,0.04,0.0,v0
171,2022-01-01,0.04,0.0,0.04,0.0,v0
171,2022-03-01,0.04,0.0,0.04,0.0,v0
171,2022-04-01,0.04,0.0,0.04,0.0,v0
171,2022-05-01,0.05,0.0,0.05,0.0,v0
171,2022-06-01,0.11,0.0,0.11,0.0,v0
171,2022-07-01,0.02,0.0,0.02,0.0,v0
171,2022-08-01,0.06,0.0,0.06,0.0,v0
171,2022-09-01,0.01,0.0,0.01,0.0,v0
171,2022-11-01,0.02,0.0,0.02,0.0,v0
171,2022-12-01,0.04,0.0,0.04,0.0,v0
171,2023-01-01,0.03,0.0,0.03,0.0,v0
171,2023-02-01,0.04,0.0,0.04,0.0,v0
171,2023-04-01,0.03,0.0,0.03,0.0,v0
171,2023-05-01,0.05,0.0,0.05,0.0,v0
171,2023-06-01,0.03,0.02,0.009999999999999998,0.0,v0
171,2023-07-01,0.02,0.0,0.02,0.0,v0
171,2023-08-01,0.02,0.0,0.02,0.0,v0
171,2023-09-01,0.04,0.0,0.04,0.0,v0
171,2023-10-01,0.02,0.0,0.02,0.0,v0
171,2023-11-01,0.03,0.0,0.03,0.0,v0
171,2023-12-01,0.03,0.0,0.03,0.0,v0
171,2024-01-01,0.02,0.0,0.02,0.0,v0
171,2024-02-01,0.02,0.0,0.02,0.0,v0
171,2024-03-01,0.03,0.0,0.03,0.0,v0
171,2024-04-01,0.03,0.0,0.03,0.0,v0
171,2024-05-01,0.01,0.0,0.01,0.0,v0
171,2024-06-01,0.03,0.0,0.03,0.0,v0
171,2024-07-01,0.03,0.0,0.03,0.0,v0
171,2024-08-01,0.02,0.0,0.02,0.0,v0
171,2024-09-01,0.02,0.0,0.02,0.0,v0
171,2024-10-01,0.02,0.0,0.02,0.0,v0
171,2024-11-01,0.01,0.0,0.01,0.0,v0
171,2024-12-01,0.04,0.0,0.04,0.0,v0
172,2022-01-01,0.0,0.17,-0.17,0.0,v0
172,2022-05-01,0.0,0.19,-0.19,0.0,v0
172,2022-07-01,0.0,0.22,-0.22,0.0,v0
172,2022-09-01,0.0,0.13,-0.13,0.0,v0
172,2022-10-01,0.0,0.25,-0.25,0.0,v0
172,2022-11-01,0.0,0.16,-0.16,0.0,v0
172,2022-12-01,0.0,0.12,-0.12,0.0,v0
172,2023-01-01,0.0,0.13,-0.13,0.0,v0
172,2023-03-01,0.0,0.19,-0.19,0.0,v0
172,2023-05-01,0.0,0.17,-0.17,0.0,v0
172,2023-06-01,0.0,0.13,-0.13,0.0,v0
172,2023-07-01,0.0,0.13,-0.13,0.0,v0
172,2023-08-01,0.0,0.05,-0.05,0.0,v0
172,2023-09-01,0.0,0.18,-0.18,0.0,v0
172,2023-10-01,0.0,0.12,-0.12,0.0,v0
172,2023-12-01,0.0,0.13,-0.13,0.0,v0
172,2024-01-01,0.0,0.15,-0.15,0.0,v0
172,2024-02-01,0.0,0.01,-0.01,0.0,v0
172,2024-03-01,0.0,0.04,-0.04,0.0,v0
172,2024-04-01,0.0,0.1,-0.1,0.0,v0
172,2024-05-01,0.0,0.02,-0.02,0.0,v0
172,2024-06-01,0.0,0.17,-0.17,0.0,v0
172,2024-07-01,0.0,0.08,-0.08,0.0,v0
172,2024-08-01,0.0,0.3,-0.3,0.0,v0
172,2024-09-01,0.0,0.15,-0.15,0.0,v0
172,2024-10-01,0.0,0.33,-0.33,0.0,v0
172,2024-12-01,0.0,0.13,-0.13,0.0,v0
173,2022-01-01,0.0,0.24,-0.24,0.0,v0
173,2022-03-01,0.04,0.0,0.04,0.0,v0
173,2022-04-01,0.0,0.13,-0.13,0.0,v0
174,2022-01-01,0.0,0.01,-0.01,0.0,v0
175,2022-01-01,0.04,0.0,0.04,0.0,v0
176,2022-01-01,0.0,0.07,-0.07,0.0,v0
177,2022-01-01,0.0,0.1,-0.1,0.0,v0
177,2022-03-01,0.0,0.44,-0.44,0.0,v0
177,2022-04-01,0.0,0.05,-0.05,0.0,v0
177,2022-05-01,0.0,0.09,-0.09,0.0,v0
177,2022-06-01,0.0,0.14,-0.14,0.0,v0
177,2022-07-01,0.0,0.04,-0.04,0.0,v0
177,2022-08-01,0.0,0.3,-0.3,0.0,v0
177,2022-09-01,0.0,0.04,-0.04,0.0,v0
177,2022-10-01,0.0,0.16,-0.16,0.0,v0
177,2022-11-01,0.0,0.13,-0.13,0.0,v0
178,2022-01-01,0.01,0.01,0.0,0.0,v0
179,2022-01-01,0.01,0.0,0.01,0.0,v0
179,2022-02-01,0.02,0.0,0.02,0.0,v0
179,2022-03-01,0.0,0.05,-0.05,0.0,v0
179,2022-04-01,0.01,0.0,0.01,0.0,v0
179,2022-05-01,0.01,0.0,0.01,0.0,v0
180,2022-01-01,0.0,0.01,-0.01,0.0,v0
180,2022-02-01,0.04,0.0,0.04,0.0,v0
181,2022-01-01,0.02,0.0,0.02,0.0,v0
181,2022-03-01,0.01,0.0,0.01,0.0,v0
181,2022-04-01,0.03,0.0,0.03,0.0,v0
181,2022-05-01,0.02,0.0,0.02,0.0,v0
181,2022-06-01,0.01,0.0,0.01,0.0,v0
181,2022-07-01,0.04,0.0,0.04,0.0,v0
181,2022-08-01,0.03,0.0,0.03,0.0,v0
181,2022-09-01,0.01,0.0,0.01,0.0,v0
181,2022-10-01,0.01,0.0,0.01,0.0,v0
181,2022-11-01,0.12,0.0,0.12,0.0,v0
181,2023-01-01,0.02,0.0,0.02,0.0,v0
181,2023-02-01,0.03,0.0,0.03,0.0,v0
181,2023-03-01,0.05,0.0,0.05,0.0,v0
181,2023-05-01,0.01,0.0,0.01,0.0,v0
181,2023-06-01,0.01,0.0,0.01,0.0,v0
181,2023-08-01,0.05,0.0,0.05,0.0,v0
181,2023-09-01,0.16,0.0,0.16,0.0,v0
181,2023-10-01,0.02,0.0,0.02,0.0,v0
181,2023-12-01,0.01,0.0,0.01,0.0,v0
181,2024-01-01,0.04,0.0,0.04,0.0,v0
182,2022-01-01,0.0,0.01,-0.01,0.0,v0
182,2022-02-01,0.0,0.01,-0.01,0.0,v0
183,2022-01-01,0.07,0.49,-0.42,0.0,v0
183,2022-02-01,0.01,0.0,0.01,0.0,v0
184,2022-01-01,0.0,0.24,-0.24,0.0,v0
184,2022-02-01,0.06,0.0,0.06,0.0,v0
184,2022-03-01,0.0,0.23,-0.23,0.0,v0
184,2022-04-01,0.09,0.0,0.09,0.0,v0
184,2022-05-01,0.0,0.15,-0.15,0.0,v0
184,2022-06-01,0.0,0.11,-0.11,0.0,v0
184,2022-07-01,0.0,0.09,-0.09,0.0,v0
184,2022-08-01,0.0,0.02,-0.02,0.0,v0
185,2022-01-01,0.04,0.0,0.04,0.0,v0
185,2022-02-01,0.0,0.16,-0.16,0.0,v0
186,2022-01-01,0.0,0.07,-0.07,0.0,v0
186,2022-02-01,0.0,0.05,-0.05,0.0,v0
186,2022-03-01,0.0,0.04,-0.04,0.0,v0
186,2022-04-01,0.0,0.11,-0.11,0.0,v0
186,2022-06-01,0.0,0.04,-0.04,0.0,v0
186,2022-07-01,0.0,0.04,-0.04,0.0,v0
186,2022-08-01,0.0,0.02,-0.02,0.0,v0
187,2022-01-01,0.0,0.01,-0.01,0.0,v0
187,2022-02-01,0.1,0.0,0.1,0.0,v0
188,2022-01-01,0.0,0.04,-0.04,0.0,v0
189,2022-01-01,0.0,0.25,-0.25,0.0,v0
189,2022-02-01,0.0,1.4,-1.4,0.0,v0
189,2022-03-01,0.0,0.03,-0.03,0.0,v0
189,2022-04-01,0.0,0.48,-0.48,0.0,v0
189,2022-05-01,0.0,0.46,-0.46,0.0,v0
189,2022-06-01,0.0,0.46,-0.46,0.0,v0
189,2022-07-01,0.0,0.23,-0.23,0.0,v0
189,2022-08-01,0.0,0.29,-0.29,0.0,v0
189,2022-09-01,0.0,0.55,-0.55,0.0,v0
189,2022-10-01,0.0,0.32,-0.32,0.0,v0
189,2022-11-01,0.0,0.04,-0.04,0.0,v0
189,2022-12-01,0.0,0.17,-0.17,0.0,v0
189,2023-01-01,0.0,0.04,-0.04,0.0,v0
189,2023-02-01,0.0,0.11,-0.11,0.0,v0
189,2023-03-01,0.0,0.41,-0.41,0.0,v0
189,2023-04-01,0.0,0.02,-0.02,0.0,v0
189,2023-05-01,0.0,0.02,-0.02,0.0,v0
189,2023-08-01,0.0,0.03,-0.03,0.0,v0
189,2023-09-01,0.0,0.01,-0.01,0.0,v0
189,2023-10-01,0.0,0.02,-0.02,0.0,v0
189,2023-11-01,0.0,0.02,-0.02,0.0,v0
189,2023-12-01,0.0,0.04,-0.04,0.0,v0
190,2022-01-01,0.0,0.26,-0.26,0.0,v0
190,2022-02-01,0.0,0.21,-0.21,0.0,v0
191,2022-01-01,1.3,0.0,1.3,0.0,v0
191,2022-02-01,1.1,0.0,1.1,0.0,v0
191,2022-03-01,1.2,0.0,1.2,0.0,v0
191,2022-04-01,0.95,0.0,0.95,0.0,v0
191,2022-05-01,0.12,0.0,0.12,0.0,v0
191,2022-06-01,1.6,0.0,1.6,0.0,v0
191,2022-07-01,1.6,0.08,1.52,0.0,v0
191,2022-08-01,0.94,0.0,0.94,0.0,v0
191,2022-09-01,0.03,0.0,0.03,0.0,v0
191,2022-10-01,2.0,0.0,2.0,0.0,v0
191,2022-11-01,1.6,0.0,1.6,0.0,v0
191,2022-12-01,0.09,0.0,0.09,0.0,v0
191,2023-01-01,1.5,0.0,1.5,0.0,v0
191,2023-02-01,1.2,0.0,1.2,0.0,v0
191,2023-03-01,0.1,0.0,0.1,0.0,v0
191,2023-04-01,0.08,0.01,0.07,0.0,v0
191,2023-05-01,0.18,0.01,0.16999999999999998,0.0,v0
192,2022-01-01,0.02,0.0,0.02,0.0,v0
192,2022-02-01,0.02,0.0,0.02,0.0,v0
192,2022-03-01,0.23,0.0,0.23,0.0,v0
192,2022-04-01,0.09,0.0,0.09,0.0,v0
192,2022-05-01,0.16,0.0,0.16,0.0,v0
193,2022-01-01,0.05,0.0,0.05,0.0,v0
193,2022-02-01,0.05,0.0,0.05,0.0,v0
193,2022-03-01,0.07,0.0,0.07,0.0,v0
193,2022-04-01,0.03,0.0,0.03,0.0,v0
194,2022-01-01,0.26,0.0,0.26,0.0,v0
195,2022-01-01,0.0,0.08,-0.08,0.0,v0
196,2022-02-01,0.05,0.0,0.05,0.0,v0
196,2022-04-01,0.02,0.0,0.02,0.0,v0
196,2022-05-01,0.05,0.0,0.05,0.0,v0
196,2022-06-01,0.02,0.0,0.02,0.0,v0
196,2022-07-01,0.02,0.0,0.02,0.0,v0
196,2022-08-01,0.06,0.0,0.06,0.0,v0
196,2022-09-01,0.03,0.0,0.03,0.0,v0
196,2022-10-01,0.01,0.0,0.01,0.0,v0
196,2022-11-01,0.19,0.0,0.19,0.0,v0
196,2022-12-01,0.14,0.0,0.14,0.0,v0
196,2023-01-01,0.04,0.0,0.04,0.0,v0
196,2023-02-01,0.26,0.0,0.26,0.0,v0
196,2023-03-01,0.14,0.0,0.14,0.0,v0
196,2023-04-01,0.19,0.0,0.19,0.0,v0
196,2023-05-01,0.1,0.0,0.1,0.0,v0
196,2023-06-01,0.01,0.0,0.01,0.0,v0
196,2023-07-01,0.01,0.0,0.01,0.0,v0
196,2023-08-01,0.02,0.0,0.02,0.0,v0
196,2023-09-01,0.03,0.0,0.03,0.0,v0
196,2023-10-01,0.04,0.0,0.04,0.0,v0
196,2023-11-01,0.03,0.0,0.03,0.0,v0
197,2022-01-01,0.0,0.1,-0.1,0.0,v0
197,2022-02-01,0.0,0.02,-0.02,0.0,v0
197,2022-03-01,0.0,0.06,-0.06,0.0,v0
197,2022-04-01,0.0,0.06,-0.06,0.0,v0
197,2022-05-01,0.0,0.11,-0.11,0.0,v0
197,2022-06-01,0.0,0.09,-0.09,0.0,v0
197,2022-07-01,0.0,0.1,-0.1,0.0,v0
197,2022-08-01,0.0,0.02,-0.02,0.0,v0
197,2022-09-01,0.0,0.03,-0.03,0.0,v0
197,2022-10-01,0.0,0.08,-0.08,0.0,v0
197,2022-11-01,0.0,0.01,-0.01,0.0,v0
197,2022-12-01,0.0,0.12,-0.12,0.0,v0
197,2023-01-01,0.0,0.12,-0.12,0.0,v0
197,2023-02-01,0.0,0.03,-0.03,0.0,v0
197,2023-03-01,0.0,0.17,-0.17,0.0,v0
197,2023-04-01,0.0,0.13,-0.13,0.0,v0
197,2023-05-01,0.0,0.04,-0.04,0.0,v0
197,2023-06-01,0.0,0.08,-0.08,0.0,v0
197,2023-07-01,0.0,0.05,-0.05,0.0,v0
197,2023-08-01,0.0,0.11,-0.11,0.0,v0
197,2023-09-01,0.0,0.05,-0.05,0.0,v0
197,2023-10-01,0.0,0.09,-0.09,0.0,v0
197,2023-11-01,0.0,0.07,-0.07,0.0,v0
197,2023-12-01,0.0,0.09,-0.09,0.0,v0
197,2024-01-01,0.0,0.12,-0.12,0.0,v0
197,2024-02-01,0.0,0.03,-0.03,0.0,v0
197,2024-03-01,0.0,0.07,-0.07,0.0,v0
197,2024-04-01,0.0,0.19,-0.19,0.0,v0
197,2024-05-01,0.0,0.07,-0.07,0.0,v0
197,2024-06-01,0.0,0.23,-0.23,0.0,v0
197,2024-07-01,0.0,0.02,-0.02,0.0,v0
197,2024-08-01,0.0,0.07,-0.07,0.0,v0
197,2024-09-01,0.0,0.08,-0.08,0.0,v0
197,2024-10-01,0.0,0.17,-0.17,0.0,v0
197,2024-11-01,0.05,0.19,-0.14,0.0,v0
197,2024-12-01,0.0,0.14,-0.14,0.0,v0
198,2022-01-01,0.0,0.02,-0.02,0.0,v0
198,2022-03-01,0.0,0.02,-0.02,0.0,v0
198,2022-07-01,0.0,0.01,-0.01,0.0,v0
198,2022-08-01,0.0,0.01,-0.01,0.0,v0
198,2022-09-01,0.0,0.02,-0.02,0.0,v0
198,2023-03-01,0.0,0.03,-0.03,0.0,v0
198,2023-07-01,0.0,0.02,-0.02,0.0,v0
198,2023-08-01,0.0,0.01,-0.01,0.0,v0
198,2023-09-01,0.01,0.03,-0.019999999999999997,0.0,v0
198,2023-10-01,0.0,0.01,-0.01,0.0,v0
198,2023-11-01,0.0,0.01,-0.01,0.0,v0
198,2023-12-01,0.0,0.01,-0.01,0.0,v0
198,2024-02-01,0.0,0.11,-0.11,0.0,v0
198,2024-04-01,0.0,0.02,-0.02,0.0,v0
198,2024-06-01,0.0,0.21,-0.21,0.0,v0
198,2024-07-01,0.0,0.02,-0.02,0.0,v0
198,2024-09-01,0.0,0.04,-0.04,0.0,v0
198,2024-10-01,0.0,0.04,-0.04,0.0,v0
199,2022-02-01,0.0,0.1,-0.1,0.0,v0
199,2022-03-01,0.0,0.09,-0.09,0.0,v0
199,2022-04-01,0.0,0.1,-0.1,0.0,v0
199,2022-05-01,0.0,0.15,-0.15,0.0,v0
199,2022-06-01,0.0,0.26,-0.26,0.0,v0
199,2022-07-01,0.0,0.09,-0.09,0.0,v0
199,2022-08-01,0.0,0.26,-0.26,0.0,v0
199,2022-09-01,0.0,0.59,-0.59,0.0,v0
199,2022-10-01,0.0,0.5,-0.5,0.0,v0
199,2022-11-01,0.0,0.24,-0.24,0.0,v0
199,2022-12-01,0.0,0.25,-0.25,0.0,v0
199,2023-01-01,0.0,0.76,-0.76,0.0,v0
199,2023-02-01,0.0,0.34,-0.34,0.0,v0
199,2023-04-01,0.0,0.09,-0.09,0.0,v0
199,2023-05-01,0.0,0.09,-0.09,0.0,v0
199,2023-06-01,0.0,0.1,-0.1,0.0,v0
199,2023-07-01,0.0,0.17,-0.17,0.0,v0
199,2023-08-01,0.0,0.04,-0.04,0.0,v0
199,2023-09-01,0.0,0.34,-0.34,0.0,v0
199,2023-10-01,0.0,0.45,-0.45,0.0,v0
199,2023-11-01,0.0,0.21,-0.21,0.0,v0
199,2023-12-01,0.0,0.17,-0.17,0.0,v0
199,2024-02-01,0.0,0.53,-0.53,0.0,v0
199,2024-03-01,0.0,0.06,-0.06,0.0,v0
199,2024-04-01,0.0,0.08,-0.08,0.0,v0
199,2024-05-01,0.0,0.13,-0.13,0.0,v0
199,2024-07-01,0.0,0.13,-0.13,0.0,v0
199,2024-08-01,0.0,0.05,-0.05,0.0,v0
199,2024-09-01,0.0,0.4,-0.4,0.0,v0
199,2024-10-01,0.0,0.47,-0.47,0.0,v0
199,2024-11-01,0.0,0.17,-0.17,0.0,v0
199,2024-12-01,0.0,0.18,-0.18,0.0,v0
200,2022-01-01,0.01,0.0,0.01,0.0,v0
201,2022-01-01,0.14,0.04,0.1,0.0,v0
202,2022-01-01,0.89,0.0,0.89,0.0,v0
202,2022-02-01,0.08,0.02,0.06,0.0,v0
202,2022-03-01,0.23,0.04,0.19,0.0,v0
202,2022-04-01,0.4,0.02,0.38,0.0,v0
203,2022-01-01,0.0,1.2,-1.2,0.0,v0
203,2022-02-01,0.0,0.63,-0.63,0.0,v0
203,2022-03-01,0.0,1.2,-1.2,0.0,v0
203,2022-04-01,0.0,0.58,-0.58,0.0,v0
203,2022-05-01,0.0,0.77,-0.77,0.0,v0
203,2022-06-01,0.0,0.31,-0.31,0.0,v0
203,2022-07-01,0.0,0.86,-0.86,0.0,v0
203,2022-08-01,0.0,0.26,-0.26,0.0,v0
203,2022-09-01,0.0,0.46,-0.46,0.0,v0
203,2022-10-01,0.0,0.54,-0.54,0.0,v0
203,2022-11-01,0.0,0.55,-0.55,0.0,v0
203,2022-12-01,0.0,0.61,-0.61,0.0,v0
203,2023-01-01,0.0,0.71,-0.71,0.0,v0
203,2023-02-01,0.0,0.02,-0.02,0.0,v0
203,2023-03-01,0.0,0.2,-0.2,0.0,v0
203,2023-04-01,0.0,0.84,-0.84,0.0,v0
203,2023-05-01,0.0,0.65,-0.65,0.0,v0
203,2023-06-01,0.0,0.6,-0.6,0.0,v0
203,2023-07-01,0.0,0.47,-0.47,0.0,v0
203,2023-08-01,0.0,0.22,-0.22,0.0,v0
203,2023-09-01,0.0,0.24,-0.24,0.0,v0
203,2023-10-01,0.0,0.2,-0.2,0.0,v0
203,2023-11-01,0.0,0.47,-0.47,0.0,v0
203,2023-12-01,0.0,0.48,-0.48,0.0,v0
203,2024-01-01,0.0,0.91,-0.91,0.0,v0
203,2024-02-01,0.0,0.1,-0.1,0.0,v0
203,2024-03-01,0.0,0.4,-0.4,0.0,v0
203,2024-04-01,0.0,0.25,-0.25,0.0,v0
203,2024-06-01,0.0,0.48,-0.48,0.0,v0
203,2024-07-01,0.0,1.6,-1.6,0.0,v0
203,2024-08-01,0.0,0.92,-0.92,0.0,v0
203,2024-09-01,0.0,1.3,-1.3,0.0,v0
203,2024-10-01,0.0,0.48,-0.48,0.0,v0
203,2024-11-01,0.0,0.22,-0.22,0.0,v0
204,2022-01-01,0.0,0.01,-0.01,0.0,v0
205,2022-01-01,0.0,0.03,-0.03,0.0,v0
205,2022-02-01,2.2,0.0,2.2,0.0,v0
205,2022-06-01,1.2,0.0,1.2,0.0,v0
205,2022-08-01,0.0,0.03,-0.03,0.0,v0
205,2022-09-01,0.0,0.01,-0.01,0.0,v0
205,2022-10-01,0.0,0.01,-0.01,0.0,v0
205,2022-12-01,0.0,0.04,-0.04,0.0,v0
205,2023-02-01,2.0,0.0,2.0,0.0,v0
205,2023-05-01,0.0,0.01,-0.01,0.0,v0
205,2023-08-01,0.0,0.02,-0.02,0.0,v0
205,2023-09-01,0.0,0.02,-0.02,0.0,v0
205,2023-10-01,0.0,0.01,-0.01,0.0,v0
205,2023-12-01,1.5,0.0,1.5,0.0,v0
205,2024-01-01,0.0,0.02,-0.02,0.0,v0
205,2024-03-01,0.0,0.01,-0.01,0.0,v0
205,2024-06-01,2.0,0.0,2.0,0.0,v0
205,2024-07-01,0.0,0.02,-0.02,0.0,v0
205,2024-08-01,0.0,0.02,-0.02,0.0,v0
206,2022-01-01,0.03,0.0,0.03,0.0,v0
206,2022-03-01,0.03,0.0,0.03,0.0,v0
206,2022-04-01,0.02,0.0,0.02,0.0,v0
206,2022-05-01,0.02,0.0,0.02,0.0,v0
206,2022-06-01,0.02,0.0,0.02,0.0,v0
206,2022-08-01,0.01,0.0,0.01,0.0,v0
206,2022-09-01,0.02,0.0,0.02,0.0,v0
206,2022-11-01,0.04,0.0,0.04,0.0,v0
206,2023-01-01,0.02,0.0,0.02,0.0,v0
206,2023-03-01,0.03,0.0,0.03,0.0,v0
206,2023-04-01,0.04,0.0,0.04,0.0,v0
206,2023-06-01,0.05,0.0,0.05,0.0,v0
206,2023-08-01,0.04,0.0,0.04,0.0,v0
206,2023-10-01,0.02,0.0,0.02,0.0,v0
206,2023-11-01,0.04,0.0,0.04,0.0,v0
206,2023-12-01,0.01,0.0,0.01,0.0,v0
206,2024-01-01,0.01,0.0,0.01,0.0,v0
206,2024-02-01,0.02,0.0,0.02,0.0,v0
206,2024-05-01,0.03,0.0,0.03,0.0,v0
206,2024-07-01,0.01,0.0,0.01,0.0,v0
206,2024-08-01,0.04,0.0,0.04,0.0,v0
206,2024-10-01,0.01,0.0,0.01,0.0,v0
206,2024-11-01,0.02,0.0,0.02,0.0,v0
206,2024-12-01,0.02,0.0,0.02,0.0,v0
207,2022-01-01,0.01,0.0,0.01,0.0,v0
207,2022-02-01,0.0,0.01,-0.01,0.0,v0
207,2022-03-01,0.03,0.0,0.03,0.0,v0
207,2022-04-01,0.02,0.0,0.02,0.0,v0
207,2022-05-01,0.0,0.01,-0.01,0.0,v0
207,2022-06-01,0.02,0.0,0.02,0.0,v0
207,2022-07-01,0.03,0.0,0.03,0.0,v0
207,2022-08-01,0.02,0.0,0.02,0.0,v0
207,2022-10-01,0.04,0.0,0.04,0.0,v0
207,2022-11-01,0.08,0.0,0.08,0.0,v0
207,2022-12-01,0.02,0.0,0.02,0.0,v0
208,2022-01-01,0.13,0.0,0.13,0.0,v0
208,2022-02-01,0.07,0.15,-0.07999999999999999,0.0,v0
208,2022-03-01,0.1,0.0,0.1,0.0,v0
208,2022-04-01,0.16,0.0,0.16,0.0,v0
208,2022-05-01,0.07,0.0,0.07,0.0,v0
209,2022-01-01,0.0,0.41,-0.41,0.0,v0
209,2022-02-01,0.0,0.21,-0.21,0.0,v0
209,2022-03-01,0.0,0.25,-0.25,0.0,v0
209,2022-04-01,0.0,0.45,-0.45,0.0,v0
209,2022-05-01,0.0,0.58,-0.58,0.0,v0
209,2022-06-01,0.0,0.41,-0.41,0.0,v0
209,2022-07-01,0.0,0.32,-0.32,0.0,v0
209,2022-08-01,0.0,0.27,-0.27,0.0,v0
209,2022-09-01,0.0,0.18,-0.18,0.0,v0
210,2022-01-01,0.82,1.9,-1.08,0.0,v0
210,2022-02-01,2.0,4.3,-2.3,0.0,v0
210,2022-03-01,1.2,3.3,-2.0999999999999996,0.0,v0
210,2022-04-01,1.8,3.6,-1.8,0.0,v0
210,2022-05-01,43.0,0.0,43.0,0.0,v0
210,2022-06-01,19.0,0.0,19.0,0.0,v0
210,2022-07-01,38.0,0.0,38.0,0.0,v0
211,2022-01-01,24.0,0.0,24.0,0.0,v0
211,2022-02-01,28.0,0.0,28.0,0.0,v0
211,2022-03-01,28.0,0.01,27.99,0.0,v0
211,2022-04-01,0.0,0.28,-0.28,0.0,v0
211,2022-05-01,0.0,0.43,-0.43,0.0,v0
212,2022-01-01,0.11,0.0,0.11,0.0,v0
212,2022-02-01,0.01,0.07,-0.060000000000000005,0.0,v0
212,2022-03-01,0.37,0.0,0.37,0.0,v0
212,2022-04-01,0.1,0.0,0.1,0.0,v0
213,2022-01-01,0.02,0.01,0.01,0.0,v0
213,2022-02-01,0.02,0.01,0.01,0.0,v0
213,2022-03-01,0.06,0.01,0.049999999999999996,0.0,v0
213,2022-04-01,0.01,0.0,0.01,0.0,v0
213,2022-06-01,0.0,3.0,-3.0,0.0,v0
213,2022-08-01,0.01,0.0,0.01,0.0,v0
213,2022-09-01,0.01,0.0,0.01,0.0,v0
213,2023-01-01,0.0,1.7,-1.7,0.0,v0
213,2023-02-01,0.03,0.0,0.03,0.0,v0
213,2023-03-01,0.06,0.0,0.06,0.0,v0
213,2023-09-01,0.02,0.0,0.02,0.0,v0
214,2022-01-01,0.01,0.03,-0.019999999999999997,0.0,v0
214,2022-02-01,0.15,0.02,0.13,0.0,v0
214,2022-03-01,1.3,0.0,1.3,0.0,v0
214,2022-04-01,1.7,0.0,1.7,0.0,v0
214,2022-05-01,1.5,0.0,1.5,0.0,v0
214,2022-06-01,0.17,0.0,0.17,0.0,v0
215,2022-01-01,0.01,0.0,0.01,0.0,v0
215,2022-02-01,0.0,0.25,-0.25,0.0,v0
215,2022-06-01,0.01,0.0,0.01,0.0,v0
215,2022-08-01,0.0,0.03,-0.03,0.0,v0
215,2024-01-01,0.01,0.0,0.01,0.0,v0
215,2024-04-01,0.0,0.14,-0.14,0.0,v0
215,2024-08-01,0.0,0.32,-0.32,0.0,v0
215,2024-10-01,0.0,0.59,-0.59,0.0,v0
215,2024-12-01,0.01,0.0,0.01,0.0,v0
216,2022-01-01,0.16,0.0,0.16,0.0,v0
217,2022-01-01,0.0,0.22,-0.22,0.0,v0
217,2022-02-01,0.33,0.0,0.33,0.0,v0
217,2022-03-01,0.37,0.0,0.37,0.0,v0
217,2022-04-01,0.01,0.0,0.01,0.0,v0
217,2022-05-01,0.0,0.07,-0.07,0.0,v0
217,2022-06-01,0.0,0.85,-0.85,0.0,v0
217,2022-07-01,0.0,0.67,-0.67,0.0,v0
217,2022-08-01,0.0,0.04,-0.04,0.0,v0
217,2022-09-01,0.0,0.12,-0.12,0.0,v0
217,2022-10-01,0.0,0.34,-0.34,0.0,v0
217,2022-11-01,0.0,0.26,-0.26,0.0,v0
217,2022-12-01,0.04,0.0,0.04,0.0,v0
217,2023-01-01,0.05,0.0,0.05,0.0,v0
218,2022-01-01,0.0,0.14,-0.14,0.0,v0
218,2022-02-01,0.0,0.38,-0.38,0.0,v0
218,2022-03-01,0.01,0.51,-0.5,0.0,v0
218,2022-04-01,0.0,0.5,-0.5,0.0,v0
219,2022-01-01,0.0,0.06,-0.06,0.0,v0
219,2022-03-01,0.0,0.03,-0.03,0.0,v0
219,2022-04-01,0.0,0.04,-0.04,0.0,v0
219,2022-06-01,0.0,0.02,-0.02,0.0,v0
219,2022-07-01,0.0,0.04,-0.04,0.0,v0
219,2022-08-01,0.0,0.05,-0.05,0.0,v0
219,2022-10-01,0.0,0.06,-0.06,0.0,v0
219,2022-11-01,0.0,0.02,-0.02,0.0,v0
220,2022-01-01,0.04,0.0,0.04,0.0,v0
220,2022-03-01,0.01,0.0,0.01,0.0,v0
220,2022-06-01,0.07,0.0,0.07,0.0,v0
220,2022-07-01,0.01,0.0,0.01,0.0,v0
220,2022-08-01,0.02,0.0,0.02,0.0,v0
220,2023-05-01,0.01,0.0,0.01,0.0,v0
220,2024-01-01,0.01,0.0,0.01,0.0,v0
221,2022-01-01,0.0,0.03,-0.03,0.0,v0
221,2022-03-01,0.0,0.18,-0.18,0.0,v0
221,2022-05-01,0.0,0.02,-0.02,0.0,v0
221,2022-07-01,0.0,0.14,-0.14,0.0,v0
221,2022-08-01,0.0,0.29,-0.29,0.0,v0
221,2022-11-01,0.0,0.21,-0.21,0.0,v0
221,2023-06-01,0.0,0.06,-0.06,0.0,v0
222,2022-01-01,0.03,0.11,-0.08,0.0,v0
222,2022-02-01,0.03,0.0,0.03,0.0,v0
222,2022-03-01,0.29,0.13,0.15999999999999998,0.0,v0
222,2022-05-01,0.09,0.0,0.09,0.0,v0
222,2022-06-01,0.18,0.0,0.18,0.0,v0
222,2022-07-01,0.06,0.0,0.06,0.0,v0
222,2022-08-01,0.48,0.06,0.42,0.0,v0
222,2022-09-01,0.19,0.0,0.19,0.0,v0
222,2022-10-01,0.28,0.0,0.28,0.0,v0
222,2022-11-01,0.0,0.09,-0.09,0.0,v0
222,2022-12-01,0.2,0.0,0.2,0.0,v0
222,2023-02-01,0.17,0.0,0.17,0.0,v0
222,2023-03-01,0.02,0.02,0.0,0.0,v0
222,2023-04-01,0.1,0.0,0.1,0.0,v0
222,2023-05-01,0.0,0.08,-0.08,0.0,v0
222,2023-06-01,0.07,0.0,0.07,0.0,v0
222,2023-07-01,0.11,0.0,0.11,0.0,v0
222,2023-08-01,0.02,0.0,0.02,0.0,v0
222,2023-09-01,0.11,0.0,0.11,0.0,v0
222,2023-10-01,0.28,0.0,0.28,0.0,v0
222,2023-11-01,0.21,0.0,0.21,0.0,v0
222,2023-12-01,0.18,0.0,0.18,0.0,v0
222,2024-01-01,0.03,0.0,0.03,0.0,v0
222,2024-02-01,0.0,0.01,-0.01,0.0,v0
222,2024-03-01,0.23,0.0,0.23,0.0,v0
222,2024-04-01,0.0,0.08,-0.08,0.0,v0
222,2024-05-01,0.09,0.0,0.09,0.0,v0
222,2024-06-01,0.25,0.0,0.25,0.0,v0
222,2024-07-01,0.11,0.0,0.11,0.0,v0
222,2024-08-01,0.0,0.04,-0.04,0.0,v0
222,2024-09-01,0.21,0.0,0.21,0.0,v0
222,2024-10-01,0.0,0.03,-0.03,0.0,v0
222,2024-11-01,0.0,0.01,-0.01,0.0,v0
222,2024-12-01,0.0,0.03,-0.03,0.0,v0
223,2022-01-01,0.0,3.1,-3.1,0.0,v0
223,2022-02-01,0.0,2.3,-2.3,0.0,v0
223,2022-03-01,0.0,2.3,-2.3,0.0,v0
223,2022-04-01,0.0,2.4,-2.4,0.0,v0
223,2022-05-01,0.0,1.5,-1.5,0.0,v0
223,2022-06-01,0.0,2.4,-2.4,0.0,v0
223,2022-09-01,0.0,3.4,-3.4,0.0,v0
223,2022-10-01,0.0,2.7,-2.7,0.0,v0
223,2022-11-01,0.0,1.3,-1.3,0.0,v0
223,2022-12-01,0.01,0.0,0.01,0.0,v0
223,2023-01-01,0.0,3.5,-3.5,0.0,v0
223,2023-02-01,0.0,0.09,-0.09,0.0,v0
223,2023-03-01,0.0,2.2,-2.2,0.0,v0
223,2023-04-01,0.0,0.82,-0.82,0.0,v0
223,2023-05-01,0.0,2.1,-2.1,0.0,v0
223,2023-06-01,0.0,5.8,-5.8,0.0,v0
223,2023-07-01,0.0,2.2,-2.2,0.0,v0
223,2023-08-01,0.0,2.2,-2.2,0.0,v0
223,2023-09-01,0.0,3.2,-3.2,0.0,v0
223,2023-10-01,0.0,4.2,-4.2,0.0,v0
223,2024-07-01,1.8,0.0,1.8,0.0,v0
223,2024-08-01,0.0,0.54,-0.54,0.0,v0
224,2022-01-01,0.0,0.02,-0.02,0.0,v0
224,2022-02-01,0.28,0.0,0.28,0.0,v0
224,2022-03-01,0.0,0.02,-0.02,0.0,v0
225,2022-01-01,0.0,0.06,-0.06,0.0,v0
225,2022-02-01,0.0,0.04,-0.04,0.0,v0
226,2022-02-01,0.0,0.05,-0.05,0.0,v0
226,2022-03-01,0.0,0.05,-0.05,0.0,v0
226,2022-04-01,0.0,0.01,-0.01,0.0,v0
226,2022-05-01,0.0,0.04,-0.04,0.0,v0
226,2022-06-01,0.0,0.06,-0.06,0.0,v0
226,2022-08-01,0.0,0.02,-0.02,0.0,v0
226,2022-09-01,0.0,0.01,-0.01,0.0,v0
226,2022-10-01,0.0,0.07,-0.07,0.0,v0
226,2022-11-01,0.0,0.02,-0.02,0.0,v0
226,2022-12-01,0.0,0.01,-0.01,0.0,v0
227,2022-01-01,0.04,0.0,0.04,0.0,v0
227,2022-03-01,0.02,0.0,0.02,0.0,v0
227,2022-04-01,0.01,0.0,0.01,0.0,v0
227,2022-07-01,0.01,0.0,0.01,0.0,v0
227,2022-10-01,0.34,1.3,-0.96,0.0,v0
227,2022-11-01,0.61,0.43,0.18,0.0,v0
227,2022-12-01,0.19,2.5,-2.31,0.0,v0
227,2023-01-01,0.13,0.6,-0.47,0.0,v0
227,2023-02-01,0.29,1.1,-0.81,0.0,v0
227,2023-03-01,0.41,1.5,-1.09,0.0,v0
227,2023-04-01,0.32,0.3,0.020000000000000018,0.0,v0
227,2023-06-01,0.02,0.0,0.02,0.0,v0
227,2023-07-01,0.34,0.43,-0.08999999999999997,0.0,v0
227,2023-08-01,0.03,0.0,0.03,0.0,v0
227,2023-09-01,0.0,1.2,-1.2,0.0,v0
227,2023-10-01,0.0,0.21,-0.21,0.0,v0
227,2023-11-01,0.01,0.01,0.0,0.0,v0
227,2024-01-01,0.2,0.0,0.2,0.0,v0
227,2024-03-01,0.01,0.0,0.01,0.0,v0
228,2022-01-01,0.0,6.1,-6.1,0.0,v0
228,2022-03-01,0.16,13.0,-12.84,0.0,v0
228,2022-04-01,0.0,0.13,-0.13,0.0,v0
228,2022-05-01,0.0,11.0,-11.0,0.0,v0
228,2022-06-01,0.0,7.4,-7.4,0.0,v0
228,2022-07-01,0.4,2.4,-2.0,0.0,v0
228,2022-08-01,0.0,1.9,-1.9,0.0,v0
228,2022-09-01,8.0,1.1,6.9,0.0,v0
228,2022-10-01,18.0,0.36,17.64,0.0,v0
228,2022-11-01,0.0,4.7,-4.7,0.0,v0
228,2022-12-01,0.0,19.0,-19.0,0.0,v0
228,2023-01-01,0.0,6.2,-6.2,0.0,v0
228,2023-02-01,1.8,1.1,0.7,0.0,v0
228,2023-03-01,0.0,0.05,-0.05,0.0,v0
228,2023-04-01,13.0,17.0,-4.0,0.0,v0
228,2023-05-01,0.72,12.0,-11.28,0.0,v0
228,2023-06-01,1.5,10.0,-8.5,0.0,v0
228,2023-07-01,0.63,0.0,0.63,0.0,v0
228,2023-08-01,1.1,5.2,-4.1,0.0,v0
228,2023-09-01,0.11,11.0,-10.89,0.0,v0
228,2023-10-01,16.0,13.0,3.0,0.0,v0
228,2023-12-01,2.2,6.1,-3.8999999999999995,0.0,v0
228,2024-01-01,1.6,0.0,1.6,0.0,v0
228,2024-02-01,0.65,27.0,-26.35,0.0,v0
228,2024-03-01,0.62,0.45,0.16999999999999998,0.0,v0
228,2024-04-01,5.0,1.0,4.0,0.0,v0
228,2024-05-01,8.9,6.8,2.1000000000000005,0.0,v0
228,2024-06-01,0.18,0.55,-0.37000000000000005,0.0,v0
228,2024-07-01,0.17,0.84,-0.6699999999999999,0.0,v0
228,2024-08-01,2.8,0.0,2.8,0.0,v0
228,2024-09-01,0.56,0.0,0.56,0.0,v0
228,2024-10-01,7.5,0.0,7.5,0.0,v0
228,2024-11-01,0.14,0.0,0.14,0.0,v0
228,2024-12-01,0.01,0.0,0.01,0.0,v0
229,2022-01-01,0.22,0.07,0.15,0.0,v0
229,2022-02-01,0.62,0.03,0.59,0.0,v0
229,2022-03-01,0.56,0.05,0.51,0.0,v0
229,2022-04-01,0.17,0.01,0.16,0.0,v0
229,2022-06-01,0.39,0.05,0.34,0.0,v0
229,2022-07-01,0.32,0.13,0.19,0.0,v0
230,2022-01-01,0.0,0.12,-0.12,0.0,v0
231,2022-01-01,0.03,0.0,0.03,0.0,v0
231,2022-02-01,0.09,0.0,0.09,0.0,v0
231,2022-03-01,0.05,0.0,0.05,0.0,v0
231,2022-05-01,0.14,0.0,0.14,0.0,v0
231,2022-06-01,0.01,0.0,0.01,0.0,v0
231,2022-07-01,0.07,0.0,0.07,0.0,v0
232,2022-02-01,0.05,0.0,0.05,0.0,v0
232,2022-03-01,0.05,0.0,0.05,0.0,v0
232,2022-04-01,0.05,0.0,0.05,0.0,v0
232,2022-05-01,0.04,0.0,0.04,0.0,v0
232,2022-08-01,0.04,0.0,0.04,0.0,v0
232,2022-09-01,0.03,0.0,0.03,0.0,v0
232,2022-10-01,0.04,0.0,0.04,0.0,v0
232,2022-11-01,0.04,0.0,0.04,0.0,v0
232,2023-01-01,0.05,0.0,0.05,0.0,v0
232,2023-02-01,0.04,0.0,0.04,0.0,v0
232,2023-05-01,0.04,0.0,0.04,0.0,v0
232,2023-06-01,0.03,0.0,0.03,0.0,v0
232,2023-09-01,0.03,0.0,0.03,0.0,v0
232,2023-10-01,0.03,0.0,0.03,0.0,v0
232,2023-11-01,0.03,0.0,0.03,0.0,v0
232,2024-01-01,0.03,0.0,0.03,0.0,v0
232,2024-02-01,0.03,0.0,0.03,0.0,v0
232,2024-04-01,0.03,0.0,0.03,0.0,v0
232,2024-05-01,0.02,0.0,0.02,0.0,v0
232,2024-06-01,0.03,0.0,0.03,0.0,v0
232,2024-07-01,0.02,0.0,0.02,0.0,v0
232,2024-08-01,0.03,0.0,0.03,0.0,v0
232,2024-09-01,0.04,0.0,0.04,0.0,v0
232,2024-10-01,0.03,0.0,0.03,0.0,v0
232,2024-11-01,0.03,0.0,0.03,0.0,v0
232,2024-12-01,0.03,0.0,0.03,0.0,v0
233,2022-01-01,0.0,0.05,-0.05,0.0,v0
234,2022-01-01,0.0,0.35,-0.35,0.0,v0
235,2022-01-01,0.0,0.1,-0.1,0.0,v0
235,2022-02-01,0.0,0.19,-0.19,0.0,v0
235,2022-03-01,0.0,0.12,-0.12,0.0,v0
235,2022-04-01,0.0,0.15,-0.15,0.0,v0
236,2022-02-01,0.04,0.0,0.04,0.0,v0
236,2022-03-01,0.05,0.0,0.05,0.0,v0
236,2022-04-01,0.12,0.02,0.09999999999999999,0.0,v0
236,2022-05-01,0.05,0.0,0.05,0.0,v0
236,2022-06-01,0.17,0.01,0.16,0.0,v0
236,2022-07-01,0.14,0.01,0.13,0.0,v0
236,2022-08-01,0.02,0.0,0.02,0.0,v0
236,2022-09-01,0.19,0.0,0.19,0.0,v0
236,2022-11-01,0.18,0.01,0.16999999999999998,0.0,v0
236,2022-12-01,0.16,0.0,0.16,0.0,v0
236,2023-01-01,0.0,0.04,-0.04,0.0,v0
236,2023-02-01,0.09,0.0,0.09,0.0,v0
236,2023-03-01,0.0,0.01,-0.01,0.0,v0
236,2023-04-01,0.0,0.1,-0.1,0.0,v0
236,2023-05-01,0.0,0.19,-0.19,0.0,v0
236,2023-06-01,0.0,0.09,-0.09,0.0,v0
236,2023-07-01,0.0,0.06,-0.06,0.0,v0
236,2023-08-01,0.0,0.04,-0.04,0.0,v0
237,2022-01-01,0.0,0.01,-0.01,0.0,v0
238,2022-01-01,0.25,0.0,0.25,0.0,v0
238,2022-02-01,1.0,0.0,1.0,0.0,v0
238,2022-03-01,1.1,0.0,1.1,0.0,v0
238,2022-05-01,0.23,0.0,0.23,0.0,v0
238,2022-06-01,0.36,0.0,0.36,0.0,v0
238,2022-07-01,0.36,0.0,0.36,0.0,v0
238,2022-08-01,0.23,0.0,0.23,0.0,v0
239,2022-01-01,0.14,0.0,0.14,0.0,v0
240,2022-02-01,0.07,0.0,0.07,0.0,v0
240,2022-03-01,0.11,0.0,0.11,0.0,v0
240,2022-04-01,0.06,0.0,0.06,0.0,v0
240,2022-05-01,0.13,0.0,0.13,0.0,v0
240,2022-06-01,0.24,0.0,0.24,0.0,v0
240,2022-07-01,0.14,0.0,0.14,0.0,v0
240,2022-08-01,0.21,0.0,0.21,0.0,v0
240,2022-09-01,0.17,0.0,0.17,0.0,v0
240,2022-10-01,0.2,0.0,0.2,0.0,v0
240,2022-11-01,0.1,0.0,0.1,0.0,v0
241,2022-01-01,0.0,0.08,-0.08,0.0,v0
241,2022-02-01,0.0,0.04,-0.04,0.0,v0
242,2022-01-01,0.06,0.0,0.06,0.0,v0
242,2022-02-01,0.06,0.0,0.06,0.0,v0
242,2022-03-01,0.26,0.0,0.26,0.0,v0
242,2022-05-01,0.1,0.0,0.1,0.0,v0
242,2022-06-01,0.38,0.0,0.38,0.0,v0
242,2022-07-01,0.23,0.0,0.23,0.0,v0
242,2022-08-01,0.08,0.0,0.08,0.0,v0
242,2022-09-01,0.07,0.0,0.07,0.0,v0
242,2022-10-01,0.15,0.0,0.15,0.0,v0
242,2022-12-01,0.21,0.0,0.21,0.0,v0
242,2023-01-01,0.08,0.0,0.08,0.0,v0
242,2023-02-01,0.23,0.0,0.23,0.0,v0
243,2022-02-01,0.24,0.21,0.03,0.0,v0
243,2022-03-01,0.29,0.37,-0.08000000000000002,0.0,v0
243,2022-04-01,0.67,0.47,0.20000000000000007,0.0,v0
243,2022-05-01,0.35,0.35,0.0,0.0,v0
243,2022-06-01,0.18,0.6,-0.42,0.0,v0
243,2022-08-01,0.72,0.5,0.21999999999999997,0.0,v0
243,2022-09-01,0.45,0.23,0.22,0.0,v0
243,2022-10-01,0.79,0.16,0.63,0.0,v0
243,2022-11-01,0.02,0.24,-0.22,0.0,v0
243,2022-12-01,0.56,0.13,0.43000000000000005,0.0,v0
243,2023-01-01,0.58,0.44,0.13999999999999996,0.0,v0
243,2023-02-01,0.18,0.24,-0.06,0.0,v0
243,2023-03-01,0.47,0.19,0.27999999999999997,0.0,v0
243,2023-04-01,0.93,0.34,0.5900000000000001,0.0,v0
243,2023-05-01,0.89,0.23,0.66,0.0,v0
243,2023-06-01,0.35,0.2,0.14999999999999997,0.0,v0
243,2023-07-01,0.48,0.12,0.36,0.0,v0
243,2023-08-01,0.25,0.17,0.07999999999999999,0.0,v0
243,2023-09-01,0.23,0.33,-0.1,0.0,v0
243,2023-10-01,0.55,0.19,0.36000000000000004,0.0,v0
243,2023-11-01,0.19,0.18,0.010000000000000009,0.0,v0
243,2023-12-01,0.22,0.15,0.07,0.0,v0
243,2024-01-01,0.23,0.38,-0.15,0.0,v0
243,2024-02-01,0.38,0.31,0.07,0.0,v0
243,2024-03-01,0.48,0.22,0.26,0.0,v0
243,2024-04-01,0.24,0.27,-0.030000000000000027,0.0,v0
243,2024-05-01,0.17,0.19,-0.01999999999999999,0.0,v0
243,2024-07-01,0.17,0.21,-0.03999999999999998,0.0,v0
243,2024-08-01,0.4,0.25,0.15000000000000002,0.0,v0
243,2024-09-01,0.28,0.24,0.040000000000000036,0.0,v0
244,2022-01-01,0.0,0.1,-0.1,0.0,v0
244,2022-03-01,0.0,0.03,-0.03,0.0,v0
244,2022-04-01,0.0,0.05,-0.05,0.0,v0
244,2022-05-01,0.0,0.02,-0.02,0.0,v0
244,2022-12-01,0.0,0.04,-0.04,0.0,v0
244,2023-02-01,0.0,0.08,-0.08,0.0,v0
244,2023-03-01,0.0,0.06,-0.06,0.0,v0
244,2023-09-01,0.0,0.04,-0.04,0.0,v0
244,2023-10-01,0.0,0.1,-0.1,0.0,v0
244,2024-03-01,0.0,0.28,-0.28,0.0,v0
244,2024-08-01,0.0,0.15,-0.15,0.0,v0
245,2022-01-01,0.15,0.0,0.15,0.0,v0
245,2022-02-01,0.45,0.0,0.45,0.0,v0
245,2022-03-01,0.3,0.0,0.3,0.0,v0
246,2022-01-01,0.01,0.05,-0.04,0.0,v0
246,2022-02-01,0.0,0.04,-0.04,0.0,v0
246,2022-03-01,0.07,0.01,0.060000000000000005,0.0,v0
246,2022-05-01,0.07,0.05,0.020000000000000004,0.0,v0
246,2022-06-01,0.09,0.02,0.06999999999999999,0.0,v0
246,2022-07-01,0.0,0.03,-0.03,0.0,v0
246,2022-09-01,0.01,0.0,0.01,0.0,v0
246,2022-10-01,0.22,0.0,0.22,0.0,v0
246,2023-01-01,0.0,0.02,-0.02,0.0,v0
246,2023-02-01,0.0,0.04,-0.04,0.0,v0
246,2023-03-01,0.04,0.04,0.0,0.0,v0
246,2023-06-01,0.1,0.03,0.07,0.0,v0
246,2023-08-01,0.19,0.02,0.17,0.0,v0
246,2023-09-01,0.0,0.01,-0.01,0.0,v0
246,2023-10-01,0.0,0.08,-0.08,0.0,v0
246,2023-11-01,0.0,0.03,-0.03,0.0,v0
246,2023-12-01,0.03,0.02,0.009999999999999998,0.0,v0
246,2024-01-01,0.04,0.11,-0.07,0.0,v0
246,2024-02-01,0.0,0.01,-0.01,0.0,v0
246,2024-03-01,0.0,0.01,-0.01,0.0,v0
246,2024-04-01,0.0,0.03,-0.03,0.0,v0
246,2024-05-01,0.04,0.0,0.04,0.0,v0
246,2024-06-01,0.0,0.02,-0.02,0.0,v0
246,2024-07-01,0.0,0.04,-0.04,0.0,v0
246,2024-08-01,0.1,0.0,0.1,0.0,v0
246,2024-09-01,0.0,0.01,-0.01,0.0,v0
247,2022-01-01,0.7,0.0,0.7,0.0,v0
247,2022-02-01,0.74,0.0,0.74,0.0,v0
247,2022-03-01,0.43,0.0,0.43,0.0,v0
247,2022-04-01,0.21,0.0,0.21,0.0,v0
247,2022-05-01,0.34,0.0,0.34,0.0,v0
247,2022-06-01,0.66,0.0,0.66,0.0,v0
247,2022-07-01,0.96,0.0,0.96,0.0,v0
247,2022-08-01,0.32,0.0,0.32,0.0,v0
247,2022-09-01,0.45,0.0,0.45,0.0,v0
247,2022-10-01,0.02,0.0,0.02,0.0,v0
247,2022-11-01,0.49,0.0,0.49,0.0,v0
247,2022-12-01,0.77,0.0,0.77,0.0,v0
247,2023-01-01,0.56,0.0,0.56,0.0,v0
247,2023-02-01,0.52,0.0,0.52,0.0,v0
247,2023-03-01,0.84,0.0,0.84,0.0,v0
247,2023-05-01,0.44,0.0,0.44,0.0,v0
247,2023-06-01,0.28,0.0,0.28,0.0,v0
247,2023-07-01,0.56,0.0,0.56,0.0,v0
247,2023-09-01,0.54,0.0,0.54,0.0,v0
247,2023-10-01,0.48,0.0,0.48,0.0,v0
247,2023-11-01,0.95,0.0,0.95,0.0,v0
247,2023-12-01,0.22,0.0,0.22,0.0,v0
247,2024-01-01,0.32,0.0,0.32,0.0,v0
247,2024-02-01,0.27,0.0,0.27,0.0,v0
247,2024-03-01,0.34,0.0,0.34,0.0,v0
247,2024-04-01,0.46,0.0,0.46,0.0,v0
247,2024-05-01,0.44,0.0,0.44,0.0,v0
247,2024-06-01,0.12,0.0,0.12,0.0,v0
247,2024-07-01,0.14,0.0,0.14,0.0,v0
247,2024-08-01,0.21,0.0,0.21,0.0,v0
247,2024-09-01,0.22,0.0,0.22,0.0,v0
247,2024-10-01,0.41,0.0,0.41,0.0,v0
247,2024-11-01,0.1,0.0,0.1,0.0,v0
248,2022-02-01,0.0,0.01,-0.01,0.0,v0
248,2022-06-01,0.0,0.02,-0.02,0.0,v0
248,2022-09-01,0.0,0.01,-0.01,0.0,v0
248,2022-12-01,0.0,0.01,-0.01,0.0,v0
248,2023-04-01,0.0,0.01,-0.01,0.0,v0
248,2023-07-01,0.0,0.01,-0.01,0.0,v0
249,2022-01-01,0.0,0.05,-0.05,0.0,v0
249,2022-02-01,0.0,0.03,-0.03,0.0,v0
250,2022-01-01,0.0,0.17,-0.17,0.0,v0
250,2022-02-01,0.02,0.2,-0.18000000000000002,0.0,v0
250,2022-03-01,0.0,0.18,-0.18,0.0,v0
250,2022-04-01,0.0,0.01,-0.01,0.0,v0
250,2022-05-01,0.0,0.04,-0.04,0.0,v0
250,2022-06-01,0.01,0.05,-0.04,0.0,v0
250,2022-07-01,0.0,0.05,-0.05,0.0,v0
250,2022-08-01,0.0,0.05,-0.05,0.0,v0
250,2022-09-01,0.0,0.03,-0.03,0.0,v0
251,2022-01-01,0.0,0.03,-0.03,0.0,v0
251,2022-02-01,0.0,0.02,-0.02,0.0,v0
252,2022-01-01,0.0,0.09,-0.09,0.0,v0
252,2022-02-01,0.0,0.01,-0.01,0.0,v0
253,2022-01-01,0.06,0.0,0.06,0.0,v0
253,2022-02-01,0.01,0.0,0.01,0.0,v0
253,2022-03-01,0.01,0.0,0.01,0.0,v0
253,2023-03-01,0.04,0.0,0.04,0.0,v0
253,2023-04-01,0.03,0.0,0.03,0.0,v0
253,2023-05-01,0.02,0.0,0.02,0.0,v0
253,2023-07-01,0.03,0.0,0.03,0.0,v0
253,2023-10-01,0.04,0.0,0.04,0.0,v0
253,2023-11-01,0.06,0.0,0.06,0.0,v0
253,2023-12-01,0.09,0.0,0.09,0.0,v0
253,2024-01-01,0.08,0.0,0.08,0.0,v0
253,2024-02-01,0.1,0.0,0.1,0.0,v0
253,2024-03-01,0.04,0.0,0.04,0.0,v0
253,2024-04-01,0.01,0.0,0.01,0.0,v0
253,2024-07-01,0.03,0.0,0.03,0.0,v0
253,2024-08-01,0.05,0.0,0.05,0.0,v0
253,2024-09-01,0.03,0.0,0.03,0.0,v0
253,2024-10-01,0.07,0.0,0.07,0.0,v0
253,2024-11-01,0.04,0.0,0.04,0.0,v0
253,2024-12-01,0.07,0.0,0.07,0.0,v0
254,2022-01-01,0.0,0.06,-0.06,0.0,v0
254,2022-03-01,0.0,0.03,-0.03,0.0,v0
254,2022-04-01,0.03,0.0,0.03,0.0,v0
254,2022-05-01,0.0,0.24,-0.24,0.0,v0
254,2022-06-01,0.0,0.05,-0.05,0.0,v0
254,2022-07-01,0.0,0.04,-0.04,0.0,v0
254,2022-08-01,0.0,0.01,-0.01,0.0,v0
254,2022-09-01,0.01,0.0,0.01,0.0,v0
254,2022-10-01,0.01,0.0,0.01,0.0,v0
255,2022-01-01,0.0,0.04,-0.04,0.0,v0
255,2022-02-01,0.0,0.08,-0.08,0.0,v0
256,2022-01-01,0.23,0.0,0.23,0.0,v0
257,2022-01-01,0.0,0.14,-0.14,0.0,v0
257,2022-02-01,0.0,0.02,-0.02,0.0,v0
257,2022-03-01,0.0,0.08,-0.08,0.0,v0
257,2022-04-01,0.0,0.08,-0.08,0.0,v0
257,2022-05-01,0.0,0.11,-0.11,0.0,v0
257,2022-06-01,0.0,0.09,-0.09,0.0,v0
257,2022-07-01,0.0,0.02,-0.02,0.0,v0
258,2022-01-01,0.3,0.0,0.3,0.0,v0
258,2022-02-01,0.07,0.0,0.07,0.0,v0
259,2022-01-01,0.14,0.24,-0.09999999999999998,0.0,v0
260,2022-01-01,0.01,0.0,0.01,0.0,v0
260,2022-02-01,0.0,0.06,-0.06,0.0,v0
260,2022-03-01,0.0,0.04,-0.04,0.0,v0
261,2022-01-01,0.15,0.07,0.07999999999999999,0.0,v0
261,2022-02-01,0.14,0.01,0.13,0.0,v0
261,2022-03-01,0.14,0.0,0.14,0.0,v0
262,2022-01-01,0.0,0.03,-0.03,0.0,v0
262,2022-02-01,0.0,0.03,-0.03,0.0,v0
262,2022-03-01,0.0,0.05,-0.05,0.0,v0
263,2022-01-01,0.36,0.01,0.35,0.0,v0
263,2022-02-01,0.01,0.0,0.01,0.0,v0
263,2022-03-01,0.02,0.0,0.02,0.0,v0
263,2022-04-01,0.01,0.0,0.01,0.0,v0
263,2022-05-01,0.01,0.0,0.01,0.0,v0
263,2022-06-01,0.01,0.0,0.01,0.0,v0
263,2022-07-01,0.03,0.0,0.03,0.0,v0
263,2022-08-01,0.27,0.0,0.27,0.0,v0
263,2022-09-01,0.17,0.04,0.13,0.0,v0
264,2022-01-01,0.0,6.0,-6.0,0.0,v0
264,2022-02-01,0.0,5.1,-5.1,0.0,v0
264,2022-03-01,0.17,4.7,-4.53,0.0,v0
264,2022-04-01,0.0,4.3,-4.3,0.0,v0
264,2022-05-01,0.0,5.7,-5.7,0.0,v0
264,2022-06-01,0.18,4.7,-4.5200000000000005,0.0,v0
264,2022-07-01,0.18,6.3,-6.12,0.0,v0
264,2022-08-01,0.0,4.1,-4.1,0.0,v0
264,2022-09-01,0.0,4.7,-4.7,0.0,v0
264,2022-10-01,0.0,5.3,-5.3,0.0,v0
264,2022-11-01,0.1,4.0,-3.9,0.0,v0
264,2022-12-01,0.11,0.0,0.11,0.0,v0
265,2022-01-01,0.88,0.01,0.87,0.0,v0
265,2022-02-01,0.36,0.0,0.36,0.0,v0
265,2022-03-01,0.47,0.06,0.41,0.0,v0
265,2022-04-01,1.3,0.01,1.29,0.0,v0
265,2022-05-01,0.21,0.0,0.21,0.0,v0
265,2022-06-01,0.39,0.0,0.39,0.0,v0
265,2022-07-01,1.4,0.0,1.4,0.0,v0
265,2022-08-01,1.2,0.01,1.19,0.0,v0
265,2022-09-01,0.37,0.0,0.37,0.0,v0
266,2022-01-01,0.1,0.0,0.1,0.0,v0
266,2022-02-01,0.1,0.0,0.1,0.0,v0
266,2022-03-01,0.09,0.01,0.08,0.0,v0
267,2022-01-01,0.0,0.02,-0.02,0.0,v0
267,2022-02-01,0.0,0.03,-0.03,0.0,v0
268,2022-01-01,0.0,0.89,-0.89,0.0,v0
268,2022-02-01,0.0,0.36,-0.36,0.0,v0
268,2022-03-01,0.0,0.13,-0.13,0.0,v0
268,2022-04-01,0.0,0.13,-0.13,0.0,v0
268,2022-05-01,0.0,0.43,-0.43,0.0,v0
269,2022-01-01,1.2,0.13,1.0699999999999998,0.0,v0
270,2022-01-01,0.0,0.48,-0.48,0.0,v0
270,2022-02-01,0.0,0.73,-0.73,0.0,v0
270,2022-03-01,0.0,1.0,-1.0,0.0,v0
270,2022-04-01,0.0,0.62,-0.62,0.0,v0
270,2022-05-01,0.0,0.64,-0.64,0.0,v0
270,2022-06-01,0.0,0.54,-0.54,0.0,v0
270,2022-07-01,0.0,0.29,-0.29,0.0,v0
270,2022-08-01,0.0,0.71,-0.71,0.0,v0
270,2022-09-01,0.0,0.18,-0.18,0.0,v0
270,2022-10-01,0.0,0.36,-0.36,0.0,v0
270,2022-12-01,0.0,0.6,-0.6,0.0,v0
270,2023-01-01,0.0,0.7,-0.7,0.0,v0
271,2022-01-01,0.0,0.17,-0.17,0.0,v0
271,2022-02-01,0.0,2.8,-2.8,0.0,v0
271,2022-03-01,0.0,3.4,-3.4,0.0,v0
271,2022-04-01,0.0,0.91,-0.91,0.0,v0
271,2022-05-01,0.0,0.46,-0.46,0.0,v0
272,2022-01-01,0.0,0.2,-0.2,0.0,v0
273,2022-01-01,0.0,0.23,-0.23,0.0,v0
274,2022-01-01,0.0,0.02,-0.02,0.0,v0
274,2022-02-01,0.41,0.0,0.41,0.0,v0
274,2022-03-01,0.0,0.03,-0.03,0.0,v0
274,2022-04-01,0.0,0.01,-0.01,0.0,v0
274,2022-05-01,0.0,0.04,-0.04,0.0,v0
274,2022-06-01,0.0,0.01,-0.01,0.0,v0
274,2022-07-01,0.42,0.0,0.42,0.0,v0
274,2022-08-01,0.42,0.04,0.38,0.0,v0
274,2022-09-01,0.0,1.3,-1.3,0.0,v0
274,2022-10-01,0.0,2.6,-2.6,0.0,v0
274,2022-11-01,0.03,0.77,-0.74,0.0,v0
274,2022-12-01,0.0,1.1,-1.1,0.0,v0
274,2023-01-01,0.0,2.5,-2.5,0.0,v0
275,2022-01-01,0.0,0.31,-0.31,0.0,v0
275,2022-02-01,0.0,0.11,-0.11,0.0,v0
275,2022-03-01,0.0,0.15,-0.15,0.0,v0
275,2022-04-01,0.0,0.08,-0.08,0.0,v0
275,2022-05-01,0.0,0.06,-0.06,0.0,v0
275,2022-08-01,0.0,0.09,-0.09,0.0,v0
275,2022-10-01,0.0,0.72,-0.72,0.0,v0
275,2022-11-01,0.0,0.03,-0.03,0.0,v0
275,2023-01-01,0.0,0.2,-0.2,0.0,v0
275,2023-02-01,0.0,0.02,-0.02,0.0,v0
275,2023-03-01,0.0,0.24,-0.24,0.0,v0
275,2023-04-01,0.0,0.13,-0.13,0.0,v0
275,2023-05-01,0.0,0.15,-0.15,0.0,v0
275,2023-06-01,0.0,0.13,-0.13,0.0,v0
275,2023-07-01,0.0,0.13,-0.13,0.0,v0
275,2023-08-01,0.0,0.11,-0.11,0.0,v0
275,2023-09-01,0.0,0.11,-0.11,0.0,v0
275,2023-10-01,0.0,0.2,-0.2,0.0,v0
275,2024-01-01,0.0,0.06,-0.06,0.0,v0
275,2024-02-01,0.0,0.13,-0.13,0.0,v0
275,2024-04-01,0.0,0.23,-0.23,0.0,v0
275,2024-05-01,0.0,0.05,-0.05,0.0,v0
275,2024-06-01,0.0,0.16,-0.16,0.0,v0
275,2024-07-01,0.0,0.14,-0.14,0.0,v0
275,2024-08-01,0.0,0.12,-0.12,0.0,v0
275,2024-09-01,0.0,0.1,-0.1,0.0,v0
275,2024-10-01,0.0,0.17,-0.17,0.0,v0
275,2024-11-01,0.0,0.11,-0.11,0.0,v0
275,2024-12-01,0.0,0.01,-0.01,0.0,v0
276,2022-01-01,0.06,0.0,0.06,0.0,v0
276,2022-04-01,0.01,0.0,0.01,0.0,v0
276,2023-01-01,0.02,0.0,0.02,0.0,v0
276,2023-05-01,0.01,0.0,0.01,0.0,v0
276,2023-11-01,0.0,0.04,-0.04,0.0,v0
277,2022-01-01,0.02,0.0,0.02,0.0,v0
277,2022-02-01,0.03,0.0,0.03,0.0,v0
277,2022-03-01,0.07,0.0,0.07,0.0,v0
277,2022-04-01,0.09,0.0,0.09,0.0,v0
277,2022-05-01,0.02,0.04,-0.02,0.0,v0
277,2022-06-01,0.02,0.0,0.02,0.0,v0
278,2022-01-01,0.0,0.23,-0.23,0.0,v0
278,2022-02-01,0.04,0.0,0.04,0.0,v0
278,2022-03-01,0.05,0.0,0.05,0.0,v0
278,2022-04-01,0.02,0.0,0.02,0.0,v0
278,2022-05-01,0.03,0.0,0.03,0.0,v0
278,2022-06-01,0.01,0.0,0.01,0.0,v0
279,2022-01-01,0.03,0.27,-0.24000000000000002,0.0,v0
279,2022-02-01,0.0,0.17,-0.17,0.0,v0
279,2022-03-01,0.07,0.25,-0.18,0.0,v0
279,2022-05-01,0.04,0.21,-0.16999999999999998,0.0,v0
279,2022-06-01,0.0,0.12,-0.12,0.0,v0
279,2022-07-01,0.01,0.25,-0.24,0.0,v0
279,2022-08-01,0.0,0.18,-0.18,0.0,v0
279,2022-09-01,0.04,0.07,-0.030000000000000006,0.0,v0
280,2022-01-01,0.01,0.0,0.01,0.0,v0
280,2022-02-01,0.0,0.22,-0.22,0.0,v0
281,2022-01-01,0.03,0.0,0.03,0.0,v0
281,2022-02-01,0.01,0.0,0.01,0.0,v0
281,2022-03-01,0.0,0.03,-0.03,0.0,v0
282,2022-02-01,0.01,0.0,0.01,0.0,v0
282,2022-03-01,0.06,0.0,0.06,0.0,v0
282,2022-04-01,0.05,0.0,0.05,0.0,v0
282,2022-05-01,0.11,0.0,0.11,0.0,v0
282,2022-06-01,0.08,0.0,0.08,0.0,v0
282,2022-07-01,0.03,0.0,0.03,0.0,v0
282,2022-08-01,0.06,0.0,0.06,0.0,v0
282,2022-09-01,0.04,0.0,0.04,0.0,v0
282,2022-10-01,0.08,0.0,0.08,0.0,v0
282,2022-11-01,0.1,0.0,0.1,0.0,v0
282,2022-12-01,0.03,0.0,0.03,0.0,v0
282,2023-01-01,0.09,0.0,0.09,0.0,v0
282,2023-02-01,0.1,0.0,0.1,0.0,v0
282,2023-03-01,0.06,0.0,0.06,0.0,v0
283,2022-01-01,0.04,0.0,0.04,0.0,v0
283,2022-02-01,0.03,0.0,0.03,0.0,v0
283,2022-03-01,0.02,0.0,0.02,0.0,v0
283,2022-04-01,0.05,0.0,0.05,0.0,v0
284,2022-01-01,0.0,0.04,-0.04,0.0,v0
284,2022-02-01,0.0,0.04,-0.04,0.0,v0
284,2022-03-01,0.0,0.08,-0.08,0.0,v0
285,2022-01-01,0.0,0.07,-0.07,0.0,v0
285,2022-02-01,0.0,0.07,-0.07,0.0,v0
285,2022-03-01,0.0,0.04,-0.04,0.0,v0
285,2022-04-01,0.0,0.1,-0.1,0.0,v0
285,2022-05-01,0.0,0.04,-0.04,0.0,v0
285,2022-06-01,0.0,0.15,-0.15,0.0,v0
286,2022-01-01,0.03,0.0,0.03,0.0,v0
287,2022-01-01,0.0,0.04,-0.04,0.0,v0
288,2022-01-01,0.0,0.01,-0.01,0.0,v0
288,2022-02-01,0.0,0.02,-0.02,0.0,v0
288,2022-03-01,0.05,0.0,0.05,0.0,v0
288,2022-05-01,0.06,0.0,0.06,0.0,v0
289,2022-01-01,0.0,0.02,-0.02,0.0,v0
289,2022-02-01,0.0,0.02,-0.02,0.0,v0
289,2022-03-01,0.06,0.02,0.039999999999999994,0.0,v0
289,2022-04-01,0.22,0.0,0.22,0.0,v0
289,2022-05-01,0.18,0.03,0.15,0.0,v0
289,2022-06-01,0.02,0.0,0.02,0.0,v0
289,2022-07-01,0.18,0.0,0.18,0.0,v0
289,2022-08-01,0.11,0.02,0.09,0.0,v0
289,2022-09-01,0.01,0.02,-0.01,0.0,v0
289,2022-10-01,0.17,0.02,0.15000000000000002,0.0,v0
289,2022-11-01,0.25,0.03,0.22,0.0,v0
289,2022-12-01,0.0,0.02,-0.02,0.0,v0
289,2023-01-01,0.01,0.01,0.0,0.0,v0
289,2023-02-01,0.01,0.0,0.01,0.0,v0
289,2023-03-01,0.2,0.01,0.19,0.0,v0
289,2023-04-01,0.1,0.04,0.060000000000000005,0.0,v0
289,2023-06-01,0.01,0.02,-0.01,0.0,v0
289,2023-07-01,0.25,0.01,0.24,0.0,v0
289,2023-08-01,0.05,0.0,0.05,0.0,v0
289,2023-09-01,0.05,0.0,0.05,0.0,v0
289,2023-10-01,0.03,0.0,0.03,0.0,v0
289,2023-11-01,0.61,0.0,0.61,0.0,v0
289,2023-12-01,0.09,0.0,0.09,0.0,v0
289,2024-01-01,0.04,0.0,0.04,0.0,v0
289,2024-02-01,0.34,0.04,0.30000000000000004,0.0,v0
289,2024-03-01,0.0,0.01,-0.01,0.0,v0
289,2024-04-01,0.0,0.01,-0.01,0.0,v0
289,2024-05-01,0.01,0.01,0.0,0.0,v0
290,2022-01-01,0.02,0.0,0.02,0.0,v0
290,2022-02-01,1.1,0.0,1.1,0.0,v0
290,2022-06-01,0.14,0.0,0.14,0.0,v0
290,2022-07-01,0.55,0.0,0.55,0.0,v0
290,2022-08-01,0.08,0.0,0.08,0.0,v0
290,2022-09-01,2.0,0.0,2.0,0.0,v0
290,2022-12-01,0.87,0.0,0.87,0.0,v0
290,2023-01-01,0.4,0.0,0.4,0.0,v0
290,2023-03-01,0.42,0.0,0.42,0.0,v0
290,2023-04-01,0.5,0.0,0.5,0.0,v0
290,2023-06-01,0.71,0.0,0.71,0.0,v0
290,2023-07-01,0.88,0.0,0.88,0.0,v0
290,2024-01-01,0.69,0.0,0.69,0.0,v0
290,2024-02-01,0.81,0.0,0.81,0.0,v0
290,2024-03-01,0.69,0.0,0.69,0.0,v0
290,2024-04-01,0.82,0.0,0.82,0.0,v0
290,2024-05-01,0.74,0.0,0.74,0.0,v0
291,2022-01-01,0.65,0.57,0.08000000000000007,0.0,v0
291,2022-02-01,0.69,0.64,0.04999999999999993,0.0,v0
291,2022-03-01,1.7,0.24,1.46,0.0,v0
291,2022-04-01,1.0,0.69,0.31000000000000005,0.0,v0
291,2022-05-01,1.3,0.53,0.77,0.0,v0
291,2022-06-01,1.3,0.56,0.74,0.0,v0
291,2022-07-01,0.79,1.0,-0.20999999999999996,0.0,v0
291,2022-08-01,0.89,0.61,0.28,0.0,v0
291,2022-09-01,1.4,0.82,0.58,0.0,v0
291,2022-10-01,2.1,0.83,1.27,0.0,v0
291,2022-11-01,1.8,0.29,1.51,0.0,v0
291,2022-12-01,2.1,0.4,1.7000000000000002,0.0,v0
291,2023-01-01,0.74,1.2,-0.45999999999999996,0.0,v0
291,2023-02-01,4.9,0.28,4.62,0.0,v0
291,2023-03-01,0.46,0.59,-0.12999999999999995,0.0,v0
291,2023-04-01,2.0,0.87,1.13,0.0,v0
291,2023-05-01,0.01,0.53,-0.52,0.0,v0
291,2023-06-01,0.32,0.28,0.03999999999999998,0.0,v0
291,2023-07-01,0.08,0.41,-0.32999999999999996,0.0,v0
291,2023-08-01,0.75,0.23,0.52,0.0,v0
291,2023-09-01,0.66,0.12,0.54,0.0,v0
291,2023-10-01,0.21,0.2,0.009999999999999981,0.0,v0
291,2023-11-01,4.9,0.16,4.74,0.0,v0
291,2023-12-01,0.01,0.0,0.01,0.0,v0
291,2024-01-01,0.0,0.01,-0.01,0.0,v0
291,2024-02-01,0.0,0.01,-0.01,0.0,v0
292,2022-01-01,0.0,0.53,-0.53,0.0,v0
292,2022-02-01,0.03,0.08,-0.05,0.0,v0
292,2022-03-01,0.06,0.33,-0.27,0.0,v0
292,2022-04-01,0.0,0.08,-0.08,0.0,v0
292,2022-05-01,0.32,0.22,0.1,0.0,v0
292,2022-06-01,0.12,0.09,0.03,0.0,v0
292,2022-07-01,0.0,0.17,-0.17,0.0,v0
292,2022-08-01,0.0,0.16,-0.16,0.0,v0
292,2022-09-01,0.0,0.17,-0.17,0.0,v0
292,2022-10-01,0.03,0.16,-0.13,0.0,v0
292,2022-11-01,0.07,0.47,-0.39999999999999997,0.0,v0
292,2022-12-01,0.04,0.37,-0.33,0.0,v0
292,2023-01-01,0.0,0.14,-0.14,0.0,v0
292,2023-02-01,0.6,0.26,0.33999999999999997,0.0,v0
292,2023-03-01,0.03,0.24,-0.21,0.0,v0
292,2023-04-01,0.01,0.33,-0.32,0.0,v0
292,2023-05-01,0.06,0.19,-0.13,0.0,v0
292,2023-06-01,0.16,0.16,0.0,0.0,v0
292,2023-07-01,0.08,0.13,-0.05,0.0,v0
292,2023-08-01,0.0,0.25,-0.25,0.0,v0
292,2023-09-01,0.18,0.17,0.009999999999999981,0.0,v0
292,2023-10-01,0.0,0.11,-0.11,0.0,v0
292,2023-11-01,0.0,0.2,-0.2,0.0,v0
292,2023-12-01,0.21,0.2,0.009999999999999981,0.0,v0
292,2024-01-01,0.0,0.23,-0.23,0.0,v0
292,2024-02-01,0.0,0.07,-0.07,0.0,v0
292,2024-03-01,0.03,0.45,-0.42000000000000004,0.0,v0
292,2024-04-01,0.08,0.17,-0.09000000000000001,0.0,v0
292,2024-05-01,0.0,0.14,-0.14,0.0,v0
292,2024-07-01,0.27,0.19,0.08000000000000002,0.0,v0
292,2024-08-01,0.13,0.29,-0.15999999999999998,0.0,v0
292,2024-09-01,0.06,0.3,-0.24,0.0,v0
292,2024-10-01,0.46,0.22,0.24000000000000002,0.0,v0
292,2024-11-01,0.21,0.07,0.13999999999999999,0.0,v0
292,2024-12-01,0.09,0.27,-0.18000000000000002,0.0,v0
293,2022-01-01,0.02,0.0,0.02,0.0,v0
293,2022-02-01,0.0,0.3,-0.3,0.0,v0
293,2022-03-01,0.01,0.0,0.01,0.0,v0
294,2022-01-01,0.01,0.02,-0.01,0.0,v0
294,2022-02-01,0.08,0.0,0.08,0.0,v0
294,2022-03-01,0.0,0.01,-0.01,0.0,v0
294,2022-04-01,0.0,0.01,-0.01,0.0,v0
294,2022-05-01,0.01,0.0,0.01,0.0,v0
294,2022-06-01,0.08,0.0,0.08,0.0,v0
294,2022-07-01,0.08,0.0,0.08,0.0,v0
294,2022-08-01,0.05,0.0,0.05,0.0,v0
294,2022-09-01,0.01,0.0,0.01,0.0,v0
294,2022-10-01,0.09,0.0,0.09,0.0,v0
294,2022-11-01,0.01,0.0,0.01,0.0,v0
294,2022-12-01,0.14,0.0,0.14,0.0,v0
294,2023-01-01,0.05,0.0,0.05,0.0,v0
294,2023-02-01,0.03,0.0,0.03,0.0,v0
295,2022-01-01,0.0,0.04,-0.04,0.0,v0
295,2022-03-01,0.0,0.09,-0.09,0.0,v0
295,2022-05-01,0.0,0.08,-0.08,0.0,v0
295,2022-06-01,0.0,0.02,-0.02,0.0,v0
295,2022-07-01,0.0,0.02,-0.02,0.0,v0
295,2022-08-01,0.0,0.04,-0.04,0.0,v0
295,2022-09-01,0.0,0.01,-0.01,0.0,v0
295,2022-11-01,0.0,0.01,-0.01,0.0,v0
295,2022-12-01,0.0,0.05,-0.05,0.0,v0
295,2023-01-01,0.0,0.03,-0.03,0.0,v0
295,2023-04-01,0.0,0.04,-0.04,0.0,v0
295,2023-05-01,0.0,0.04,-0.04,0.0,v0
295,2023-06-01,0.0,0.12,-0.12,0.0,v0
295,2023-07-01,0.0,0.06,-0.06,0.0,v0
295,2023-08-01,0.0,0.04,-0.04,0.0,v0
295,2023-09-01,0.0,0.04,-0.04,0.0,v0
295,2023-10-01,0.0,0.01,-0.01,0.0,v0
295,2024-04-01,0.0,0.03,-0.03,0.0,v0
295,2024-05-01,0.0,0.01,-0.01,0.0,v0
295,2024-07-01,0.0,0.01,-0.01,0.0,v0
296,2022-01-01,0.07,0.0,0.07,0.0,v0
296,2022-09-01,0.1,0.0,0.1,0.0,v0
296,2023-06-01,0.0,0.01,-0.01,0.0,v0
296,2023-07-01,0.0,0.02,-0.02,0.0,v0
296,2023-10-01,0.09,0.0,0.09,0.0,v0
296,2024-04-01,0.13,0.0,0.13,0.0,v0
296,2024-09-01,0.1,0.02,0.08,0.0,v0
296,2024-10-01,0.15,0.0,0.15,0.0,v0
297,2022-01-01,0.0,0.27,-0.27,0.0,v0
297,2022-02-01,0.0,0.02,-0.02,0.0,v0
297,2022-03-01,0.0,0.09,-0.09,0.0,v0
297,2022-04-01,0.0,0.29,-0.29,0.0,v0
297,2022-06-01,0.0,0.42,-0.42,0.0,v0
297,2022-07-01,0.0,0.02,-0.02,0.0,v0
297,2022-08-01,0.0,0.1,-0.1,0.0,v0
297,2022-09-01,0.0,0.37,-0.37,0.0,v0
297,2022-10-01,0.0,0.18,-0.18,0.0,v0
297,2022-11-01,0.0,0.2,-0.2,0.0,v0
297,2022-12-01,0.0,0.21,-0.21,0.0,v0
297,2023-01-01,0.0,0.22,-0.22,0.0,v0
297,2023-02-01,0.0,0.17,-0.17,0.0,v0
297,2023-03-01,0.0,0.3,-0.3,0.0,v0
297,2023-04-01,0.0,0.24,-0.24,0.0,v0
297,2023-05-01,0.0,0.01,-0.01,0.0,v0
297,2023-06-01,0.0,0.17,-0.17,0.0,v0
297,2023-07-01,0.0,0.4,-0.4,0.0,v0
297,2023-08-01,0.0,0.32,-0.32,0.0,v0
297,2023-09-01,0.0,0.2,-0.2,0.0,v0
297,2023-10-01,0.0,0.32,-0.32,0.0,v0
297,2023-11-01,0.0,0.4,-0.4,0.0,v0
297,2024-01-01,0.0,0.35,-0.35,0.0,v0
297,2024-02-01,0.0,0.4,-0.4,0.0,v0
297,2024-03-01,0.0,0.34,-0.34,0.0,v0
297,2024-05-01,0.0,0.22,-0.22,0.0,v0
297,2024-06-01,0.0,0.27,-0.27,0.0,v0
297,2024-07-01,0.0,0.45,-0.45,0.0,v0
297,2024-08-01,0.0,0.32,-0.32,0.0,v0
297,2024-09-01,0.0,0.29,-0.29,0.0,v0
297,2024-10-01,0.0,0.61,-0.61,0.0,v0
297,2024-11-01,0.0,0.2,-0.2,0.0,v0
297,2024-12-01,0.0,0.3,-0.3,0.0,v0
298,2022-01-01,0.08,0.0,0.08,0.0,v0
299,2022-01-01,0.0,0.01,-0.01,0.0,v0
300,2022-01-01,0.04,0.0,0.04,0.0,v0
301,2022-01-01,0.02,0.0,0.02,0.0,v0
302,2022-01-01,0.0,0.06,-0.06,0.0,v0
302,2022-02-01,0.0,0.06,-0.06,0.0,v0
303,2022-01-01,0.0,2.8,-2.8,0.0,v0
303,2022-02-01,0.0,4.4,-4.4,0.0,v0
303,2022-04-01,0.0,2.4,-2.4,0.0,v0
303,2022-05-01,0.0,3.1,-3.1,0.0,v0
303,2022-06-01,0.0,2.2,-2.2,0.0,v0
303,2022-07-01,0.0,2.5,-2.5,0.0,v0
303,2022-08-01,0.0,0.14,-0.14,0.0,v0
304,2022-01-01,0.61,0.55,0.05999999999999994,0.0,v0
304,2022-02-01,0.1,0.3,-0.19999999999999998,0.0,v0
304,2022-03-01,0.26,0.41,-0.14999999999999997,0.0,v0
304,2022-04-01,0.83,0.54,0.2899999999999999,0.0,v0
304,2022-05-01,0.45,0.61,-0.15999999999999998,0.0,v0
304,2022-06-01,0.0,0.14,-0.14,0.0,v0
304,2022-07-01,0.07,0.08,-0.009999999999999995,0.0,v0
304,2022-08-01,0.33,0.43,-0.09999999999999998,0.0,v0
304,2022-09-01,0.53,0.38,0.15000000000000002,0.0,v0
304,2022-10-01,0.63,0.18,0.45,0.0,v0
305,2022-01-01,0.0,0.24,-0.24,0.0,v0
306,2022-01-01,0.46,0.0,0.46,0.0,v0
306,2022-02-01,0.63,0.0,0.63,0.0,v0
306,2022-03-01,0.28,0.0,0.28,0.0,v0
306,2022-04-01,0.76,0.0,0.76,0.0,v0
306,2022-05-01,0.45,0.0,0.45,0.0,v0
306,2022-06-01,0.35,1.5,-1.15,0.0,v0
306,2022-07-01,0.8,2.7,-1.9000000000000001,0.0,v0
306,2022-08-01,0.72,0.75,-0.030000000000000027,0.0,v0
306,2022-09-01,0.32,0.0,0.32,0.0,v0
306,2022-10-01,0.3,0.0,0.3,0.0,v0
306,2022-11-01,0.8,0.0,0.8,0.0,v0
306,2022-12-01,0.76,0.0,0.76,0.0,v0
307,2022-01-01,0.0,0.02,-0.02,0.0,v0
307,2022-02-01,0.0,0.04,-0.04,0.0,v0
307,2022-03-01,0.0,0.02,-0.02,0.0,v0
307,2022-04-01,0.0,0.02,-0.02,0.0,v0
307,2022-06-01,0.0,0.03,-0.03,0.0,v0
307,2022-08-01,0.0,0.02,-0.02,0.0,v0
307,2022-10-01,0.0,0.02,-0.02,0.0,v0
307,2022-12-01,0.0,0.02,-0.02,0.0,v0
307,2023-02-01,0.0,0.02,-0.02,0.0,v0
307,2023-04-01,0.0,0.02,-0.02,0.0,v0
307,2023-07-01,0.0,0.04,-0.04,0.0,v0
307,2023-08-01,0.0,0.01,-0.01,0.0,v0
307,2023-09-01,0.0,0.01,-0.01,0.0,v0
307,2023-11-01,0.0,0.02,-0.02,0.0,v0
307,2023-12-01,0.0,0.02,-0.02,0.0,v0
307,2024-01-01,0.0,0.02,-0.02,0.0,v0
307,2024-03-01,0.0,0.02,-0.02,0.0,v0
307,2024-04-01,0.0,0.02,-0.02,0.0,v0
307,2024-06-01,0.0,0.02,-0.02,0.0,v0
307,2024-07-01,0.0,0.02,-0.02,0.0,v0
307,2024-09-01,0.0,0.02,-0.02,0.0,v0
307,2024-12-01,0.0,0.02,-0.02,0.0,v0
308,2022-01-01,0.04,0.09,-0.049999999999999996,0.0,v0
308,2022-02-01,0.0,0.03,-0.03,0.0,v0
308,2022-03-01,0.0,0.16,-0.16,0.0,v0
308,2022-04-01,0.0,0.37,-0.37,0.0,v0
309,2022-01-01,0.0,0.01,-0.01,0.0,v0
310,2022-01-01,0.0,0.48,-0.48,0.0,v0
310,2022-02-01,0.0,0.34,-0.34,0.0,v0
310,2022-03-01,0.0,0.38,-0.38,0.0,v0
310,2022-04-01,0.0,0.26,-0.26,0.0,v0
311,2022-01-01,0.0,0.17,-0.17,0.0,v0
311,2022-02-01,0.22,0.0,0.22,0.0,v0
311,2022-03-01,0.18,0.04,0.13999999999999999,0.0,v0
311,2022-04-01,0.41,0.11,0.3,0.0,v0
311,2022-05-01,0.02,0.05,-0.030000000000000002,0.0,v0
311,2022-06-01,0.19,0.1,0.09,0.0,v0
311,2022-07-01,0.14,0.07,0.07,0.0,v0
311,2022-08-01,0.16,0.11,0.05,0.0,v0
311,2022-09-01,0.19,0.05,0.14,0.0,v0
311,2022-10-01,0.2,0.0,0.2,0.0,v0
311,2022-11-01,0.16,0.0,0.16,0.0,v0
312,2022-01-01,0.78,0.0,0.78,0.0,v0
313,2022-01-01,0.0,0.84,-0.84,0.0,v0
313,2022-02-01,0.14,0.0,0.14,0.0,v0
313,2022-03-01,0.05,0.0,0.05,0.0,v0
313,2022-04-01,0.86,0.01,0.85,0.0,v0
313,2022-05-01,0.06,0.0,0.06,0.0,v0
313,2022-06-01,0.07,0.0,0.07,0.0,v0
313,2022-07-01,0.0,1.6,-1.6,0.0,v0
313,2022-08-01,0.0,2.6,-2.6,0.0,v0
313,2022-09-01,0.37,1.0,-0.63,0.0,v0
313,2022-10-01,0.0,0.02,-0.02,0.0,v0
313,2022-11-01,0.28,0.71,-0.42999999999999994,0.0,v0
313,2022-12-01,0.46,0.73,-0.26999999999999996,0.0,v0
313,2023-01-01,0.09,0.4,-0.31000000000000005,0.0,v0
313,2023-02-01,0.04,0.01,0.03,0.0,v0
313,2023-03-01,0.54,0.58,-0.039999999999999925,0.0,v0
313,2023-04-01,0.6,0.46,0.13999999999999996,0.0,v0
313,2023-05-01,0.57,0.48,0.08999999999999997,0.0,v0
313,2023-06-01,0.02,0.36,-0.33999999999999997,0.0,v0
313,2023-07-01,0.06,0.6,-0.54,0.0,v0
313,2023-08-01,0.0,0.42,-0.42,0.0,v0
314,2022-01-01,0.23,0.16,0.07,0.0,v0
314,2022-02-01,0.24,0.09,0.15,0.0,v0
314,2022-03-01,0.21,0.06,0.15,0.0,v0
314,2022-04-01,0.97,0.01,0.96,0.0,v0
314,2022-05-01,0.0,0.63,-0.63,0.0,v0
314,2022-06-01,0.0,0.04,-0.04,0.0,v0
314,2022-07-01,0.0,0.08,-0.08,0.0,v0
314,2022-08-01,0.0,0.05,-0.05,0.0,v0
314,2022-09-01,0.0,0.08,-0.08,0.0,v0
314,2022-10-01,0.68,0.0,0.68,0.0,v0
314,2022-11-01,0.0,2.0,-2.0,0.0,v0
314,2022-12-01,0.0,1.2,-1.2,0.0,v0
314,2023-02-01,0.0,6.9,-6.9,0.0,v0
314,2023-03-01,0.04,0.0,0.04,0.0,v0
314,2023-04-01,0.0,0.46,-0.46,0.0,v0
315,2022-02-01,0.02,0.0,0.02,0.0,v0
315,2022-03-01,0.07,0.0,0.07,0.0,v0
315,2022-04-01,0.16,0.02,0.14,0.0,v0
315,2022-05-01,0.65,0.0,0.65,0.0,v0
315,2022-06-01,0.55,0.0,0.55,0.0,v0
316,2022-01-01,0.0,0.66,-0.66,0.0,v0
316,2022-02-01,0.04,0.64,-0.6,0.0,v0
316,2022-03-01,0.0,1.2,-1.2,0.0,v0
316,2022-04-01,0.47,1.0,-0.53,0.0,v0
316,2022-05-01,0.11,0.01,0.1,0.0,v0
316,2022-06-01,0.02,0.0,0.02,0.0,v0
316,2022-07-01,0.3,0.0,0.3,0.0,v0
316,2022-08-01,0.0,1.1,-1.1,0.0,v0
316,2022-09-01,0.0,0.73,-0.73,0.0,v0
316,2022-10-01,0.0,0.83,-0.83,0.0,v0
316,2022-11-01,0.0,1.2,-1.2,0.0,v0
316,2022-12-01,0.75,0.0,0.75,0.0,v0
316,2023-01-01,0.0,1.4,-1.4,0.0,v0
316,2023-02-01,0.0,0.99,-0.99,0.0,v0
316,2023-03-01,0.0,0.91,-0.91,0.0,v0
316,2023-04-01,0.0,1.0,-1.0,0.0,v0
317,2022-01-01,0.04,0.0,0.04,0.0,v0
318,2022-02-01,0.12,0.29,-0.16999999999999998,0.0,v0
318,2022-03-01,0.33,0.0,0.33,0.0,v0
318,2022-04-01,0.76,0.0,0.76,0.0,v0
318,2022-05-01,0.31,0.0,0.31,0.0,v0
318,2022-06-01,0.02,0.5,-0.48,0.0,v0
318,2022-07-01,0.52,0.0,0.52,0.0,v0
318,2022-08-01,0.01,0.09,-0.08,0.0,v0
319,2022-01-01,0.57,0.0,0.57,0.0,v0
320,2022-01-01,4.2,0.0,4.2,0.0,v0
320,2022-02-01,1.6,0.0,1.6,0.0,v0
320,2022-03-01,2.0,0.0,2.0,0.0,v0
320,2022-04-01,0.09,0.0,0.09,0.0,v0
320,2022-05-01,0.0,1.0,-1.0,0.0,v0
320,2022-06-01,0.0,1.5,-1.5,0.0,v0
320,2022-07-01,0.04,0.0,0.04,0.0,v0
320,2022-08-01,0.01,0.0,0.01,0.0,v0
320,2022-09-01,0.02,0.0,0.02,0.0,v0
320,2022-10-01,0.0,0.04,-0.04,0.0,v0
320,2022-11-01,0.16,0.0,0.16,0.0,v0
321,2022-01-01,0.01,0.21,-0.19999999999999998,0.0,v0
321,2022-02-01,0.13,0.18,-0.04999999999999999,0.0,v0
321,2022-03-01,0.03,0.37,-0.33999999999999997,0.0,v0
321,2022-04-01,0.01,0.14,-0.13,0.0,v0
321,2022-05-01,1.3,1.1,0.19999999999999996,0.0,v0
321,2022-06-01,0.3,0.35,-0.04999999999999999,0.0,v0
321,2022-07-01,0.19,0.75,-0.56,0.0,v0
322,2022-02-01,0.04,0.0,0.04,0.0,v0
322,2022-03-01,0.04,0.0,0.04,0.0,v0
322,2022-04-01,0.05,0.0,0.05,0.0,v0
322,2022-05-01,0.05,0.0,0.05,0.0,v0
322,2022-06-01,0.01,0.0,0.01,0.0,v0
322,2022-07-01,0.19,0.0,0.19,0.0,v0
322,2022-08-01,0.21,0.0,0.21,0.0,v0
322,2022-09-01,0.0,0.15,-0.15,0.0,v0
322,2022-10-01,0.15,0.0,0.15,0.0,v0
322,2022-11-01,0.01,0.0,0.01,0.0,v0
323,2022-01-01,0.21,0.15,0.06,0.0,v0
323,2022-02-01,0.23,0.11,0.12000000000000001,0.0,v0
323,2022-03-01,0.0,0.01,-0.01,0.0,v0
323,2022-04-01,0.0,0.05,-0.05,0.0,v0
324,2022-01-01,0.0,0.17,-0.17,0.0,v0
324,2022-02-01,0.0,0.02,-0.02,0.0,v0
325,2022-01-01,0.1,0.0,0.1,0.0,v0
325,2022-02-01,0.14,0.0,0.14,0.0,v0
326,2022-01-01,0.0,0.22,-0.22,0.0,v0
327,2022-01-01,0.15,0.0,0.15,0.0,v0
327,2022-02-01,0.26,0.02,0.24000000000000002,0.0,v0
327,2022-03-01,0.36,0.0,0.36,0.0,v0
328,2022-01-01,0.02,0.0,0.02,0.0,v0
328,2022-02-01,0.19,0.0,0.19,0.0,v0
328,2022-03-01,0.11,0.23,-0.12000000000000001,0.0,v0
328,2022-04-01,0.25,0.0,0.25,0.0,v0
328,2022-05-01,0.26,0.0,0.26,0.0,v0
328,2022-07-01,0.27,0.01,0.26,0.0,v0
328,2022-08-01,0.22,0.01,0.21,0.0,v0
328,2022-09-01,0.1,0.0,0.1,0.0,v0
328,2022-10-01,0.08,0.0,0.08,0.0,v0
328,2022-11-01,0.25,0.0,0.25,0.0,v0
328,2022-12-01,0.2,0.0,0.2,0.0,v0
328,2023-01-01,0.19,0.01,0.18,0.0,v0
328,2023-03-01,0.0,0.01,-0.01,0.0,v0
328,2023-04-01,0.01,0.01,0.0,0.0,v0
328,2023-05-01,0.03,0.03,0.0,0.0,v0
328,2023-06-01,0.02,0.05,-0.030000000000000002,0.0,v0
329,2022-01-01,0.0,0.08,-0.08,0.0,v0
329,2022-02-01,0.0,0.03,-0.03,0.0,v0
329,2022-03-01,0.02,0.06,-0.039999999999999994,0.0,v0
329,2022-04-01,0.0,0.05,-0.05,0.0,v0
329,2022-06-01,0.0,0.05,-0.05,0.0,v0
329,2022-07-01,0.0,0.02,-0.02,0.0,v0
329,2022-08-01,0.0,0.02,-0.02,0.0,v0
329,2022-09-01,0.0,0.03,-0.03,0.0,v0
329,2022-11-01,0.0,0.32,-0.32,0.0,v0
329,2022-12-01,0.0,0.09,-0.09,0.0,v0
330,2022-01-01,0.0,0.05,-0.05,0.0,v0
330,2022-02-01,0.0,0.03,-0.03,0.0,v0
330,2022-03-01,0.01,0.0,0.01,0.0,v0
330,2022-04-01,0.0,0.03,-0.03,0.0,v0
330,2022-05-01,0.0,0.03,-0.03,0.0,v0
331,2022-01-01,0.11,0.0,0.11,0.0,v0
331,2022-02-01,0.13,0.0,0.13,0.0,v0
331,2022-03-01,0.4,0.03,0.37,0.0,v0
331,2022-04-01,0.09,0.0,0.09,0.0,v0
331,2022-05-01,0.12,0.03,0.09,0.0,v0
331,2022-06-01,0.22,0.06,0.16,0.0,v0
331,2022-07-01,0.22,0.0,0.22,0.0,v0
331,2022-08-01,0.18,0.0,0.18,0.0,v0
331,2022-09-01,0.38,0.05,0.33,0.0,v0
331,2022-10-01,0.03,0.3,-0.27,0.0,v0
331,2022-11-01,0.16,0.64,-0.48,0.0,v0
332,2022-01-01,0.0,0.2,-0.2,0.0,v0
332,2022-02-01,0.0,0.05,-0.05,0.0,v0
332,2022-03-01,0.0,0.03,-0.03,0.0,v0
332,2022-04-01,0.0,0.03,-0.03,0.0,v0
332,2022-05-01,0.13,0.0,0.13,0.0,v0
332,2022-06-01,0.19,0.0,0.19,0.0,v0
332,2022-07-01,0.14,0.0,0.14,0.0,v0
332,2022-09-01,0.2,0.01,0.19,0.0,v0
333,2022-01-01,0.0,0.01,-0.01,0.0,v0
333,2022-05-01,0.0,0.04,-0.04,0.0,v0
333,2022-07-01,0.16,0.0,0.16,0.0,v0
333,2022-08-01,0.15,0.01,0.13999999999999999,0.0,v0
333,2022-10-01,0.01,0.06,-0.049999999999999996,0.0,v0
333,2022-11-01,0.14,0.02,0.12000000000000001,0.0,v0
333,2022-12-01,0.16,0.02,0.14,0.0,v0
333,2023-02-01,0.13,0.02,0.11,0.0,v0
333,2023-03-01,0.03,0.01,0.019999999999999997,0.0,v0
333,2023-10-01,0.01,0.0,0.01,0.0,v0
334,2022-01-01,0.07,0.04,0.030000000000000006,0.0,v0
334,2022-02-01,0.02,0.0,0.02,0.0,v0
334,2022-03-01,0.3,0.01,0.29,0.0,v0
334,2022-05-01,0.02,0.0,0.02,0.0,v0
334,2022-06-01,0.16,0.0,0.16,0.0,v0
334,2022-07-01,0.22,0.55,-0.33000000000000007,0.0,v0
334,2022-08-01,0.15,2.7,-2.5500000000000003,0.0,v0
334,2022-09-01,0.82,1.3,-0.4800000000000001,0.0,v0
335,2022-01-01,0.0,0.06,-0.06,0.0,v0
335,2022-02-01,0.0,0.02,-0.02,0.0,v0
335,2022-03-01,0.0,0.01,-0.01,0.0,v0
335,2022-04-01,0.0,0.03,-0.03,0.0,v0
335,2022-05-01,0.0,0.03,-0.03,0.0,v0
335,2022-06-01,0.0,0.04,-0.04,0.0,v0
335,2022-07-01,0.0,0.03,-0.03,0.0,v0
335,2022-08-01,0.0,0.03,-0.03,0.0,v0
335,2022-09-01,0.0,0.02,-0.02,0.0,v0
335,2022-10-01,0.0,0.04,-0.04,0.0,v0
335,2022-11-01,0.0,0.03,-0.03,0.0,v0
335,2022-12-01,0.0,0.03,-0.03,0.0,v0
335,2023-01-01,0.0,0.03,-0.03,0.0,v0
335,2023-02-01,0.0,0.03,-0.03,0.0,v0
335,2023-04-01,0.0,0.02,-0.02,0.0,v0
335,2023-05-01,0.0,0.03,-0.03,0.0,v0
335,2023-06-01,0.0,0.03,-0.03,0.0,v0
335,2023-07-01,0.0,0.03,-0.03,0.0,v0
335,2023-08-01,0.0,0.03,-0.03,0.0,v0
335,2023-09-01,0.0,0.03,-0.03,0.0,v0
335,2023-10-01,0.0,0.03,-0.03,0.0,v0
335,2023-11-01,0.0,0.03,-0.03,0.0,v0
335,2024-01-01,0.02,0.0,0.02,0.0,v0
335,2024-03-01,0.0,0.13,-0.13,0.0,v0
335,2024-04-01,0.0,0.03,-0.03,0.0,v0
335,2024-05-01,0.0,0.03,-0.03,0.0,v0
335,2024-06-01,0.0,0.07,-0.07,0.0,v0
335,2024-07-01,0.0,0.01,-0.01,0.0,v0
335,2024-08-01,0.0,0.14,-0.14,0.0,v0
335,2024-09-01,0.0,0.04,-0.04,0.0,v0
335,2024-10-01,0.0,0.02,-0.02,0.0,v0
336,2022-01-01,0.41,1.8,-1.3900000000000001,0.0,v0
336,2022-02-01,1.4,0.0,1.4,0.0,v0
336,2022-03-01,0.52,0.0,0.52,0.0,v0
336,2022-04-01,0.02,0.0,0.02,0.0,v0
336,2022-05-01,0.29,0.0,0.29,0.0,v0
337,2022-01-01,0.0,0.07,-0.07,0.0,v0
337,2022-02-01,0.0,0.03,-0.03,0.0,v0
337,2022-03-01,0.0,0.05,-0.05,0.0,v0
338,2022-01-01,1.4,0.57,0.83,0.0,v0
338,2022-02-01,0.08,0.55,-0.47000000000000003,0.0,v0
338,2022-03-01,1.1,0.6,0.5000000000000001,0.0,v0
338,2022-04-01,2.0,0.63,1.37,0.0,v0
338,2022-05-01,1.6,0.6,1.0,0.0,v0
338,2022-06-01,2.8,0.36,2.44,0.0,v0
338,2022-07-01,0.95,0.0,0.95,0.0,v0
338,2022-08-01,0.0,0.01,-0.01,0.0,v0
338,2022-09-01,0.05,0.0,0.05,0.0,v0
338,2022-10-01,0.0,0.02,-0.02,0.0,v0
338,2022-11-01,0.47,0.0,0.47,0.0,v0
338,2022-12-01,0.2,0.0,0.2,0.0,v0
338,2023-01-01,0.04,0.0,0.04,0.0,v0
338,2023-02-01,0.09,0.0,0.09,0.0,v0
338,2023-03-01,0.06,0.0,0.06,0.0,v0
338,2023-04-01,0.08,0.0,0.08,0.0,v0
338,2023-05-01,0.1,0.0,0.1,0.0,v0
338,2023-07-01,0.13,0.0,0.13,0.0,v0
338,2023-08-01,0.05,0.0,0.05,0.0,v0
338,2023-10-01,0.16,0.0,0.16,0.0,v0
338,2023-11-01,0.04,0.0,0.04,0.0,v0
338,2023-12-01,0.21,0.0,0.21,0.0,v0
338,2024-01-01,0.11,0.0,0.11,0.0,v0
338,2024-02-01,0.28,0.0,0.28,0.0,v0
338,2024-03-01,0.16,0.0,0.16,0.0,v0
338,2024-04-01,0.54,0.0,0.54,0.0,v0
338,2024-05-01,0.32,0.0,0.32,0.0,v0
339,2022-01-01,0.0,0.04,-0.04,0.0,v0
339,2022-02-01,0.0,0.02,-0.02,0.0,v0
340,2022-01-01,0.51,0.0,0.51,0.0,v0
340,2022-02-01,0.39,0.01,0.38,0.0,v0
340,2022-03-01,0.92,0.0,0.92,0.0,v0
340,2022-04-01,0.01,0.23,-0.22,0.0,v0
340,2022-05-01,1.2,1.5,-0.30000000000000004,0.0,v0
341,2022-01-01,1.0,0.0,1.0,0.0,v0
341,2022-02-01,0.89,0.0,0.89,0.0,v0
341,2022-03-01,0.64,0.16,0.48,0.0,v0
341,2022-04-01,0.92,0.04,0.88,0.0,v0
341,2022-05-01,1.3,0.25,1.05,0.0,v0
341,2022-06-01,1.3,0.0,1.3,0.0,v0
341,2022-07-01,0.06,0.01,0.049999999999999996,0.0,v0
341,2022-08-01,0.76,0.0,0.76,0.0,v0
341,2022-09-01,1.2,0.0,1.2,0.0,v0
341,2022-10-01,1.2,0.13,1.0699999999999998,0.0,v0
341,2022-11-01,0.09,0.0,0.09,0.0,v0
341,2022-12-01,0.96,0.0,0.96,0.0,v0
341,2023-01-01,0.91,0.0,0.91,0.0,v0
341,2023-02-01,0.67,0.05,0.62,0.0,v0
341,2023-03-01,0.75,0.0,0.75,0.0,v0
341,2023-04-01,0.04,0.0,0.04,0.0,v0
341,2023-05-01,0.74,0.07,0.6699999999999999,0.0,v0
341,2023-06-01,1.1,0.07,1.03,0.0,v0
341,2023-07-01,1.2,0.14,1.06,0.0,v0
341,2023-08-01,0.67,0.0,0.67,0.0,v0
342,2022-01-01,0.39,0.58,-0.18999999999999995,0.0,v0
342,2022-02-01,0.66,0.06,0.6000000000000001,0.0,v0
342,2022-03-01,0.02,0.0,0.02,0.0,v0
342,2022-04-01,1.7,1.7,0.0,0.0,v0
342,2022-05-01,0.22,0.33,-0.11000000000000001,0.0,v0
342,2022-06-01,0.0,0.33,-0.33,0.0,v0
342,2022-07-01,1.6,0.51,1.09,0.0,v0
342,2022-08-01,2.4,0.44,1.96,0.0,v0
342,2022-09-01,0.1,0.39,-0.29000000000000004,0.0,v0
342,2022-10-01,1.9,0.34,1.5599999999999998,0.0,v0
342,2022-11-01,0.01,0.0,0.01,0.0,v0
342,2022-12-01,0.06,0.55,-0.49000000000000005,0.0,v0
342,2023-01-01,0.06,0.5,-0.44,0.0,v0
342,2023-02-01,0.0,0.39,-0.39,0.0,v0
342,2023-03-01,0.04,0.0,0.04,0.0,v0
342,2023-04-01,0.96,0.07,0.8899999999999999,0.0,v0
342,2023-05-01,0.2,0.0,0.2,0.0,v0
342,2023-06-01,0.16,0.0,0.16,0.0,v0
342,2023-07-01,0.08,0.0,0.08,0.0,v0
342,2023-08-01,0.06,0.0,0.06,0.0,v0
342,2023-09-01,0.55,0.0,0.55,0.0,v0
342,2023-10-01,0.03,0.0,0.03,0.0,v0
343,2022-01-01,0.0,0.15,-0.15,0.0,v0
343,2022-02-01,0.0,0.14,-0.14,0.0,v0
343,2022-03-01,0.0,0.11,-0.11,0.0,v0
343,2022-04-01,0.0,0.06,-0.06,0.0,v0
343,2022-05-01,0.0,0.09,-0.09,0.0,v0
343,2022-06-01,0.0,0.23,-0.23,0.0,v0
343,2022-07-01,0.0,0.29,-0.29,0.0,v0
344,2022-01-01,0.11,0.0,0.11,0.0,v0
345,2022-01-01,0.0,1.8,-1.8,0.0,v0
345,2022-03-01,0.0,2.1,-2.1,0.0,v0
345,2022-04-01,0.0,1.9,-1.9,0.0,v0
345,2022-05-01,0.0,1.1,-1.1,0.0,v0
345,2022-06-01,0.0,1.6,-1.6,0.0,v0
345,2022-07-01,0.0,1.9,-1.9,0.0,v0
345,2022-08-01,0.0,1.8,-1.8,0.0,v0
345,2022-09-01,0.0,2.0,-2.0,0.0,v0
345,2022-10-01,0.0,1.4,-1.4,0.0,v0
345,2022-11-01,0.0,2.4,-2.4,0.0,v0
345,2022-12-01,0.0,2.0,-2.0,0.0,v0
345,2023-01-01,0.0,2.7,-2.7,0.0,v0
345,2023-02-01,0.0,2.5,-2.5,0.0,v0
345,2023-03-01,0.0,3.3,-3.3,0.0,v0
345,2023-04-01,0.0,3.0,-3.0,0.0,v0
345,2023-05-01,0.0,3.0,-3.0,0.0,v0
345,2023-06-01,0.0,2.5,-2.5,0.0,v0
345,2023-07-01,0.0,2.9,-2.9,0.0,v0
345,2023-08-01,0.0,2.3,-2.3,0.0,v0
345,2023-09-01,0.0,1.4,-1.4,0.0,v0
345,2023-10-01,0.0,2.7,-2.7,0.0,v0
345,2023-11-01,0.0,2.3,-2.3,0.0,v0
345,2023-12-01,0.0,2.9,-2.9,0.0,v0
345,2024-01-01,0.0,2.3,-2.3,0.0,v0
345,2024-02-01,0.0,3.5,-3.5,0.0,v0
345,2024-03-01,0.0,2.7,-2.7,0.0,v0
345,2024-04-01,0.0,2.6,-2.6,0.0,v0
345,2024-05-01,0.0,1.9,-1.9,0.0,v0
345,2024-06-01,0.0,0.67,-0.67,0.0,v0
345,2024-07-01,0.0,1.9,-1.9,0.0,v0
345,2024-08-01,0.0,2.9,-2.9,0.0,v0
345,2024-09-01,0.0,1.9,-1.9,0.0,v0
345,2024-10-01,0.0,2.7,-2.7,0.0,v0
345,2024-11-01,0.0,2.0,-2.0,0.0,v0
345,2024-12-01,0.0,2.2,-2.2,0.0,v0
346,2022-01-01,0.09,0.0,0.09,0.0,v0
347,2022-01-01,0.12,0.0,0.12,0.0,v0
347,2022-02-01,0.21,0.0,0.21,0.0,v0
347,2022-03-01,0.91,0.0,0.91,0.0,v0
347,2022-04-01,0.48,0.0,0.48,0.0,v0
347,2022-05-01,1.0,0.0,1.0,0.0,v0
347,2022-06-01,1.1,0.0,1.1,0.0,v0
347,2022-07-01,0.5,0.0,0.5,0.0,v0
347,2022-08-01,0.05,0.0,0.05,0.0,v0
347,2022-09-01,0.05,0.0,0.05,0.0,v0
348,2022-01-01,0.0,0.07,-0.07,0.0,v0
348,2022-03-01,0.0,0.16,-0.16,0.0,v0
348,2022-04-01,0.0,0.08,-0.08,0.0,v0
348,2022-05-01,0.0,0.12,-0.12,0.0,v0
348,2022-06-01,0.0,0.08,-0.08,0.0,v0
348,2022-07-01,0.0,0.02,-0.02,0.0,v0
348,2022-08-01,0.0,0.11,-0.11,0.0,v0
348,2022-09-01,0.0,0.05,-0.05,0.0,v0
348,2022-10-01,0.0,0.07,-0.07,0.0,v0
348,2022-11-01,0.0,0.12,-0.12,0.0,v0
348,2023-01-01,0.0,0.12,-0.12,0.0,v0
348,2023-02-01,0.0,0.07,-0.07,0.0,v0
348,2023-03-01,0.0,0.1,-0.1,0.0,v0
348,2023-04-01,0.0,0.1,-0.1,0.0,v0
348,2023-06-01,0.0,0.09,-0.09,0.0,v0
348,2023-07-01,0.0,0.09,-0.09,0.0,v0
348,2023-08-01,0.0,0.13,-0.13,0.0,v0
348,2023-09-01,0.0,0.11,-0.11,0.0,v0
348,2023-11-01,0.0,0.11,-0.11,0.0,v0
348,2023-12-01,0.0,0.06,-0.06,0.0,v0
348,2024-02-01,0.0,0.09,-0.09,0.0,v0
348,2024-03-01,0.0,0.06,-0.06,0.0,v0
348,2024-04-01,0.0,0.14,-0.14,0.0,v0
348,2024-05-01,0.0,0.07,-0.07,0.0,v0
349,2022-01-01,0.0,0.12,-0.12,0.0,v0
349,2022-03-01,0.0,0.12,-0.12,0.0,v0
349,2022-04-01,0.0,0.03,-0.03,0.0,v0
349,2022-05-01,0.0,0.08,-0.08,0.0,v0
349,2022-06-01,0.0,0.07,-0.07,0.0,v0
349,2022-07-01,0.0,0.06,-0.06,0.0,v0
349,2022-08-01,0.0,0.04,-0.04,0.0,v0
349,2022-10-01,0.0,0.02,-0.02,0.0,v0
349,2022-11-01,0.0,0.02,-0.02,0.0,v0
349,2023-01-01,0.0,0.08,-0.08,0.0,v0
349,2023-03-01,0.0,0.04,-0.04,0.0,v0
349,2023-04-01,0.0,0.05,-0.05,0.0,v0
349,2023-05-01,0.0,0.04,-0.04,0.0,v0
349,2023-07-01,0.0,0.03,-0.03,0.0,v0
349,2023-08-01,0.0,0.02,-0.02,0.0,v0
349,2023-09-01,0.0,0.09,-0.09,0.0,v0
349,2023-10-01,0.0,0.06,-0.06,0.0,v0
349,2023-11-01,0.0,0.03,-0.03,0.0,v0
349,2023-12-01,0.0,0.05,-0.05,0.0,v0
349,2024-01-01,0.0,0.05,-0.05,0.0,v0
349,2024-02-01,0.0,0.05,-0.05,0.0,v0
349,2024-04-01,0.0,0.04,-0.04,0.0,v0
349,2024-05-01,0.0,0.04,-0.04,0.0,v0
349,2024-07-01,0.0,0.06,-0.06,0.0,v0
349,2024-08-01,0.0,0.02,-0.02,0.0,v0
349,2024-09-01,0.0,0.03,-0.03,0.0,v0
349,2024-10-01,0.0,0.07,-0.07,0.0,v0
349,2024-11-01,0.0,0.03,-0.03,0.0,v0
350,2022-01-01,0.0,0.02,-0.02,0.0,v0
350,2022-03-01,0.05,0.0,0.05,0.0,v0
350,2022-04-01,0.03,0.0,0.03,0.0,v0
350,2022-07-01,0.04,0.0,0.04,0.0,v0
350,2023-01-01,0.0,0.09,-0.09,0.0,v0
350,2023-07-01,0.0,0.4,-0.4,0.0,v0
350,2023-08-01,0.0,0.09,-0.09,0.0,v0
350,2023-09-01,0.0,0.17,-0.17,0.0,v0
350,2023-10-01,0.0,0.17,-0.17,0.0,v0
350,2023-11-01,0.0,0.28,-0.28,0.0,v0
350,2024-01-01,0.0,0.05,-0.05,0.0,v0
351,2022-01-01,0.0,0.16,-0.16,0.0,v0
351,2022-02-01,0.0,0.03,-0.03,0.0,v0
351,2022-03-01,0.0,0.05,-0.05,0.0,v0
351,2022-04-01,0.0,0.02,-0.02,0.0,v0
351,2022-05-01,0.0,0.12,-0.12,0.0,v0
351,2022-06-01,0.0,0.01,-0.01,0.0,v0
351,2022-07-01,0.0,0.15,-0.15,0.0,v0
351,2022-08-01,0.0,0.07,-0.07,0.0,v0
351,2022-09-01,0.0,0.02,-0.02,0.0,v0
351,2022-10-01,0.0,0.17,-0.17,0.0,v0
351,2022-11-01,0.0,0.23,-0.23,0.0,v0
351,2022-12-01,0.0,0.12,-0.12,0.0,v0
351,2023-01-01,0.0,0.02,-0.02,0.0,v0
351,2023-02-01,0.0,0.09,-0.09,0.0,v0
351,2023-03-01,0.0,0.04,-0.04,0.0,v0
351,2023-04-01,0.0,0.01,-0.01,0.0,v0
351,2023-05-01,0.18,0.1,0.07999999999999999,0.0,v0
351,2023-06-01,0.0,0.01,-0.01,0.0,v0
351,2023-07-01,0.0,0.04,-0.04,0.0,v0
352,2022-01-01,0.0,0.02,-0.02,0.0,v0
352,2022-02-01,0.0,0.11,-0.11,0.0,v0
353,2022-01-01,0.14,0.04,0.1,0.0,v0
353,2022-02-01,0.07,0.0,0.07,0.0,v0
353,2022-03-01,0.14,0.0,0.14,0.0,v0
353,2022-04-01,0.12,0.0,0.12,0.0,v0
353,2022-05-01,0.1,0.0,0.1,0.0,v0
353,2022-06-01,0.12,0.0,0.12,0.0,v0
353,2022-07-01,0.09,0.0,0.09,0.0,v0
354,2022-01-01,0.0,0.03,-0.03,0.0,v0
355,2022-01-01,0.0,0.02,-0.02,0.0,v0
356,2022-01-01,0.02,0.0,0.02,0.0,v0
357,2022-01-01,0.0,1.3,-1.3,0.0,v0
357,2022-02-01,2.6,1.3,1.3,0.0,v0
357,2022-03-01,0.0,0.52,-0.52,0.0,v0
358,2022-01-01,0.0,0.05,-0.05,0.0,v0
358,2022-03-01,0.0,0.08,-0.08,0.0,v0
358,2024-06-01,0.0,0.05,-0.05,0.0,v0
358,2024-07-01,0.0,0.05,-0.05,0.0,v0
358,2024-09-01,0.0,0.06,-0.06,0.0,v0
358,2024-10-01,0.0,0.05,-0.05,0.0,v0
358,2024-11-01,0.0,0.07,-0.07,0.0,v0
359,2022-01-01,0.43,0.0,0.43,0.0,v0
359,2022-02-01,0.05,0.0,0.05,0.0,v0
359,2022-03-01,0.04,0.0,0.04,0.0,v0
359,2022-06-01,0.1,0.0,0.1,0.0,v0
359,2022-10-01,0.05,0.0,0.05,0.0,v0
360,2022-01-01,0.0,0.06,-0.06,0.0,v0
360,2022-02-01,0.0,0.01,-0.01,0.0,v0
360,2022-03-01,0.0,0.02,-0.02,0.0,v0
360,2022-04-01,0.0,0.03,-0.03,0.0,v0
360,2022-05-01,0.0,0.03,-0.03,0.0,v0
360,2022-06-01,0.0,0.05,-0.05,0.0,v0
360,2022-07-01,0.0,0.04,-0.04,0.0,v0
360,2022-08-01,0.0,0.02,-0.02,0.0,v0
360,2022-09-01,0.0,0.05,-0.05,0.0,v0
360,2022-10-01,0.0,0.02,-0.02,0.0,v0
360,2022-11-01,0.0,0.03,-0.03,0.0,v0
360,2023-01-01,0.0,0.05,-0.05,0.0,v0
360,2023-02-01,0.0,0.05,-0.05,0.0,v0
360,2023-03-01,0.0,0.03,-0.03,0.0,v0
360,2023-04-01,0.0,0.01,-0.01,0.0,v0
360,2023-05-01,0.0,0.02,-0.02,0.0,v0
360,2023-06-01,0.0,0.01,-0.01,0.0,v0
360,2023-10-01,0.0,0.03,-0.03,0.0,v0
360,2023-11-01,0.0,0.04,-0.04,0.0,v0
360,2024-02-01,0.0,0.02,-0.02,0.0,v0
360,2024-03-01,0.0,0.02,-0.02,0.0,v0
360,2024-04-01,0.0,0.02,-0.02,0.0,v0
361,2022-01-01,0.0,0.03,-0.03,0.0,v0
362,2022-01-01,0.0,0.03,-0.03,0.0,v0
363,2022-01-01,0.0,0.03,-0.03,0.0,v0
363,2022-02-01,0.0,0.03,-0.03,0.0,v0
363,2022-03-01,0.0,0.26,-0.26,0.0,v0
364,2022-01-01,0.0,0.02,-0.02,0.0,v0
365,2022-01-01,0.09,0.0,0.09,0.0,v0
366,2022-01-01,0.0,0.09,-0.09,0.0,v0
366,2022-02-01,0.09,0.0,0.09,0.0,v0
366,2022-03-01,0.0,0.05,-0.05,0.0,v0
366,2022-04-01,0.0,0.06,-0.06,0.0,v0
366,2022-05-01,0.0,0.13,-0.13,0.0,v0
366,2022-06-01,0.0,0.03,-0.03,0.0,v0
366,2022-07-01,0.0,0.05,-0.05,0.0,v0
366,2022-08-01,0.0,0.07,-0.07,0.0,v0
366,2022-09-01,0.0,0.01,-0.01,0.0,v0
366,2022-10-01,0.17,0.0,0.17,0.0,v0
366,2022-11-01,0.13,0.0,0.13,0.0,v0
366,2022-12-01,0.04,0.0,0.04,0.0,v0
366,2023-02-01,0.0,0.16,-0.16,0.0,v0
366,2023-03-01,0.0,0.04,-0.04,0.0,v0
366,2023-04-01,0.0,0.11,-0.11,0.0,v0
366,2023-05-01,0.0,0.18,-0.18,0.0,v0
366,2023-06-01,0.0,0.18,-0.18,0.0,v0
366,2023-07-01,0.0,0.01,-0.01,0.0,v0
367,2022-01-01,0.0,0.01,-0.01,0.0,v0
367,2022-02-01,0.0,0.04,-0.04,0.0,v0
367,2022-04-01,0.2,0.0,0.2,0.0,v0
367,2022-05-01,0.15,0.01,0.13999999999999999,0.0,v0
367,2022-06-01,0.07,0.0,0.07,0.0,v0
367,2022-07-01,0.0,0.08,-0.08,0.0,v0
367,2022-08-01,0.18,0.0,0.18,0.0,v0
367,2022-09-01,0.0,0.05,-0.05,0.0,v0
367,2022-10-01,0.0,0.03,-0.03,0.0,v0
367,2022-11-01,0.0,0.03,-0.03,0.0,v0
368,2022-01-01,0.0,0.11,-0.11,0.0,v0
368,2022-02-01,0.0,0.15,-0.15,0.0,v0
368,2022-03-01,0.0,0.1,-0.1,0.0,v0
368,2022-04-01,0.0,0.07,-0.07,0.0,v0
368,2022-05-01,0.0,0.07,-0.07,0.0,v0
368,2022-06-01,0.0,0.05,-0.05,0.0,v0
368,2022-07-01,0.0,0.08,-0.08,0.0,v0
369,2022-01-01,0.12,0.13,-0.010000000000000009,0.0,v0
369,2022-02-01,0.29,0.0,0.29,0.0,v0
369,2022-03-01,0.1,0.0,0.1,0.0,v0
370,2022-01-01,0.0,0.11,-0.11,0.0,v0
370,2022-02-01,0.0,0.01,-0.01,0.0,v0
370,2022-03-01,0.0,0.08,-0.08,0.0,v0
370,2022-04-01,0.08,0.0,0.08,0.0,v0
370,2022-05-01,0.0,0.01,-0.01,0.0,v0
370,2022-06-01,0.0,0.11,-0.11,0.0,v0
370,2022-08-01,0.0,0.01,-0.01,0.0,v0
370,2022-09-01,0.03,0.0,0.03,0.0,v0
371,2022-01-01,0.0,0.1,-0.1,0.0,v0
372,2022-01-01,0.0,0.36,-0.36,0.0,v0
372,2022-02-01,0.0,0.35,-0.35,0.0,v0
372,2022-03-01,0.0,0.01,-0.01,0.0,v0
372,2022-04-01,0.0,0.08,-0.08,0.0,v0
372,2022-05-01,0.0,0.19,-0.19,0.0,v0
372,2022-06-01,0.0,0.25,-0.25,0.0,v0
372,2022-07-01,0.0,0.19,-0.19,0.0,v0
372,2022-08-01,0.0,0.01,-0.01,0.0,v0
372,2022-10-01,0.0,0.02,-0.02,0.0,v0
372,2022-11-01,0.0,0.02,-0.02,0.0,v0
373,2022-01-01,0.08,0.0,0.08,0.0,v0
373,2022-03-01,0.18,0.0,0.18,0.0,v0
373,2022-05-01,0.09,0.0,0.09,0.0,v0
373,2022-06-01,0.1,0.0,0.1,0.0,v0
373,2022-07-01,0.08,0.0,0.08,0.0,v0
373,2022-08-01,0.13,0.0,0.13,0.0,v0
373,2022-09-01,0.14,0.0,0.14,0.0,v0
373,2022-10-01,0.05,0.0,0.05,0.0,v0
373,2022-11-01,0.11,0.0,0.11,0.0,v0
373,2022-12-01,0.07,0.0,0.07,0.0,v0
373,2023-02-01,0.08,0.0,0.08,0.0,v0
373,2023-03-01,0.06,0.0,0.06,0.0,v0
373,2023-04-01,0.15,0.0,0.15,0.0,v0
373,2023-05-01,0.11,0.01,0.1,0.0,v0
373,2023-06-01,0.08,0.0,0.08,0.0,v0
373,2023-07-01,0.1,0.0,0.1,0.0,v0
373,2023-08-01,0.08,0.0,0.08,0.0,v0
373,2023-09-01,0.19,0.0,0.19,0.0,v0
373,2023-10-01,0.12,0.0,0.12,0.0,v0
373,2023-11-01,0.07,0.0,0.07,0.0,v0
373,2024-01-01,0.18,0.0,0.18,0.0,v0
373,2024-02-01,0.09,0.0,0.09,0.0,v0
373,2024-03-01,0.06,0.0,0.06,0.0,v0
373,2024-04-01,0.11,0.0,0.11,0.0,v0
373,2024-05-01,0.03,0.0,0.03,0.0,v0
373,2024-06-01,0.08,0.0,0.08,0.0,v0
373,2024-07-01,0.13,0.0,0.13,0.0,v0
373,2024-08-01,0.09,0.0,0.09,0.0,v0
373,2024-09-01,0.1,0.0,0.1,0.0,v0
373,2024-10-01,0.07,0.0,0.07,0.0,v0
373,2024-11-01,0.13,0.0,0.13,0.0,v0
373,2024-12-01,0.14,0.0,0.14,0.0,v0
374,2022-01-01,0.85,0.02,0.83,0.0,v0
374,2022-02-01,1.6,0.02,1.58,0.0,v0
375,2022-01-01,0.0,0.01,-0.01,0.0,v0
376,2022-01-01,0.02,0.0,0.02,0.0,v0
376,2022-02-01,0.01,0.01,0.0,0.0,v0
377,2022-01-01,0.0,0.05,-0.05,0.0,v0
377,2022-02-01,0.0,0.01,-0.01,0.0,v0
377,2022-05-01,0.0,0.21,-0.21,0.0,v0
377,2022-06-01,0.0,0.01,-0.01,0.0,v0
377,2022-08-01,0.0,0.24,-0.24,0.0,v0
377,2022-09-01,0.0,0.4,-0.4,0.0,v0
377,2022-10-01,0.02,0.43,-0.41,0.0,v0
377,2022-11-01,0.0,0.15,-0.15,0.0,v0
377,2022-12-01,0.0,0.35,-0.35,0.0,v0
377,2023-01-01,0.0,0.36,-0.36,0.0,v0
377,2023-02-01,0.0,0.34,-0.34,0.0,v0
378,2022-01-01,0.0,0.05,-0.05,0.0,v0
378,2022-02-01,0.0,0.08,-0.08,0.0,v0
378,2022-03-01,0.0,0.07,-0.07,0.0,v0
378,2022-04-01,0.0,0.04,-0.04,0.0,v0
378,2022-05-01,0.0,0.05,-0.05,0.0,v0
378,2022-06-01,0.0,0.06,-0.06,0.0,v0
378,2022-07-01,0.0,0.03,-0.03,0.0,v0
378,2022-08-01,0.0,0.03,-0.03,0.0,v0
378,2022-10-01,0.0,0.04,-0.04,0.0,v0
378,2022-11-01,0.0,0.03,-0.03,0.0,v0
378,2022-12-01,0.0,0.06,-0.06,0.0,v0
378,2023-01-01,0.0,0.01,-0.01,0.0,v0
378,2023-02-01,0.0,0.03,-0.03,0.0,v0
378,2023-03-01,0.0,0.11,-0.11,0.0,v0
378,2023-06-01,0.0,0.09,-0.09,0.0,v0
378,2023-07-01,0.0,0.02,-0.02,0.0,v0
378,2023-08-01,0.0,0.09,-0.09,0.0,v0
378,2023-09-01,0.0,0.09,-0.09,0.0,v0
378,2023-10-01,0.0,0.05,-0.05,0.0,v0
378,2023-11-01,0.0,0.05,-0.05,0.0,v0
378,2023-12-01,0.0,0.06,-0.06,0.0,v0
378,2024-01-01,0.0,0.01,-0.01,0.0,v0
378,2024-02-01,0.0,0.02,-0.02,0.0,v0
378,2024-03-01,0.0,0.01,-0.01,0.0,v0
378,2024-04-01,0.0,0.07,-0.07,0.0,v0
378,2024-05-01,0.0,0.03,-0.03,0.0,v0
378,2024-06-01,0.0,0.05,-0.05,0.0,v0
378,2024-10-01,0.0,0.01,-0.01,0.0,v0
378,2024-11-01,0.0,0.03,-0.03,0.0,v0
378,2024-12-01,0.0,0.01,-0.01,0.0,v0
379,2022-01-01,0.0,0.32,-0.32,0.0,v0
379,2022-02-01,0.0,0.01,-0.01,0.0,v0
379,2022-03-01,0.0,0.01,-0.01,0.0,v0
379,2022-04-01,0.01,0.01,0.0,0.0,v0
379,2022-05-01,0.0,0.01,-0.01,0.0,v0
379,2022-06-01,0.01,0.0,0.01,0.0,v0
379,2022-10-01,0.0,0.01,-0.01,0.0,v0
379,2022-11-01,0.0,0.01,-0.01,0.0,v0
379,2023-01-01,0.0,0.1,-0.1,0.0,v0
379,2023-02-01,0.0,0.01,-0.01,0.0,v0
379,2023-03-01,0.0,0.01,-0.01,0.0,v0
379,2023-05-01,0.0,0.04,-0.04,0.0,v0
379,2023-08-01,0.0,0.01,-0.01,0.0,v0
379,2023-09-01,0.0,0.01,-0.01,0.0,v0
379,2024-01-01,0.0,0.04,-0.04,0.0,v0
379,2024-02-01,0.0,0.13,-0.13,0.0,v0
379,2024-04-01,0.0,0.04,-0.04,0.0,v0
379,2024-07-01,0.0,0.02,-0.02,0.0,v0
379,2024-10-01,0.0,0.02,-0.02,0.0,v0
379,2024-11-01,0.0,0.09,-0.09,0.0,v0
379,2024-12-01,0.0,0.09,-0.09,0.0,v0
380,2022-01-01,0.0,0.51,-0.51,0.0,v0
380,2022-02-01,0.0,0.04,-0.04,0.0,v0
380,2022-03-01,0.0,0.19,-0.19,0.0,v0
380,2022-04-01,0.0,0.17,-0.17,0.0,v0
380,2022-05-01,0.0,0.19,-0.19,0.0,v0
380,2022-06-01,0.0,0.2,-0.2,0.0,v0
380,2022-07-01,0.0,0.07,-0.07,0.0,v0
380,2022-08-01,0.0,0.18,-0.18,0.0,v0
380,2022-09-01,0.0,0.32,-0.32,0.0,v0
380,2022-11-01,0.0,0.4,-0.4,0.0,v0
380,2022-12-01,0.0,0.26,-0.26,0.0,v0
380,2023-01-01,0.0,0.78,-0.78,0.0,v0
380,2023-03-01,0.0,0.1,-0.1,0.0,v0
380,2023-04-01,0.42,0.0,0.42,0.0,v0
380,2023-06-01,0.31,0.0,0.31,0.0,v0
381,2022-01-01,0.05,0.0,0.05,0.0,v0
382,2022-01-01,0.0,0.1,-0.1,0.0,v0
382,2022-02-01,0.04,0.0,0.04,0.0,v0
382,2022-04-01,0.06,0.0,0.06,0.0,v0
382,2022-06-01,0.05,0.0,0.05,0.0,v0
382,2022-07-01,0.05,0.0,0.05,0.0,v0
383,2022-01-01,0.19,0.0,0.19,0.0,v0
383,2022-02-01,0.02,0.0,0.02,0.0,v0
383,2022-03-01,0.09,0.0,0.09,0.0,v0
383,2022-04-01,0.09,0.0,0.09,0.0,v0
384,2022-01-01,0.35,0.0,0.35,0.0,v0
384,2022-02-01,0.01,0.0,0.01,0.0,v0
384,2022-03-01,0.25,0.0,0.25,0.0,v0
384,2022-04-01,0.04,0.0,0.04,0.0,v0
384,2022-05-01,0.07,0.0,0.07,0.0,v0
384,2022-06-01,0.01,0.0,0.01,0.0,v0
384,2022-07-01,0.07,0.0,0.07,0.0,v0
384,2022-09-01,0.12,0.0,0.12,0.0,v0
385,2022-01-01,0.0,0.05,-0.05,0.0,v0
385,2022-02-01,0.05,0.0,0.05,0.0,v0
386,2022-01-01,0.0,0.01,-0.01,0.0,v0
386,2022-02-01,0.0,0.01,-0.01,0.0,v0
386,2022-03-01,0.0,0.01,-0.01,0.0,v0
386,2022-04-01,0.0,0.05,-0.05,0.0,v0
386,2022-05-01,0.0,0.06,-0.06,0.0,v0
386,2022-06-01,0.0,0.01,-0.01,0.0,v0
386,2022-07-01,0.0,0.16,-0.16,0.0,v0
386,2022-08-01,0.0,0.02,-0.02,0.0,v0
386,2022-09-01,0.0,0.01,-0.01,0.0,v0
386,2022-10-01,0.0,0.01,-0.01,0.0,v0
386,2022-11-01,0.0,0.04,-0.04,0.0,v0
386,2022-12-01,0.0,0.11,-0.11,0.0,v0
386,2023-01-01,0.0,0.04,-0.04,0.0,v0
386,2023-02-01,0.0,0.08,-0.08,0.0,v0
386,2023-03-01,0.0,0.05,-0.05,0.0,v0
387,2022-01-01,0.0,0.08,-0.08,0.0,v0
387,2022-02-01,0.0,0.03,-0.03,0.0,v0
387,2022-03-01,0.0,0.09,-0.09,0.0,v0
388,2022-02-01,0.0,0.04,-0.04,0.0,v0
388,2022-03-01,0.0,0.19,-0.19,0.0,v0
388,2022-04-01,0.0,0.38,-0.38,0.0,v0
388,2022-05-01,0.0,0.43,-0.43,0.0,v0
389,2022-01-01,0.0,0.06,-0.06,0.0,v0
389,2022-02-01,0.0,0.14,-0.14,0.0,v0
389,2022-03-01,0.0,0.17,-0.17,0.0,v0
390,2022-01-01,0.0,0.06,-0.06,0.0,v0
390,2022-02-01,0.0,0.05,-0.05,0.0,v0
390,2022-03-01,0.0,0.06,-0.06,0.0,v0
391,2022-01-01,0.0,0.1,-0.1,0.0,v0
391,2022-02-01,0.0,0.27,-0.27,0.0,v0
391,2022-03-01,0.0,0.08,-0.08,0.0,v0
391,2022-05-01,0.0,0.02,-0.02,0.0,v0
391,2022-06-01,0.0,0.01,-0.01,0.0,v0
391,2022-07-01,0.0,0.13,-0.13,0.0,v0
392,2022-01-01,0.0,0.16,-0.16,0.0,v0
392,2022-02-01,0.0,0.06,-0.06,0.0,v0
392,2022-03-01,0.0,0.01,-0.01,0.0,v0
392,2022-05-01,0.0,0.03,-0.03,0.0,v0
392,2022-06-01,0.0,0.04,-0.04,0.0,v0
392,2022-07-01,0.0,0.03,-0.03,0.0,v0
393,2022-01-01,0.0,0.07,-0.07,0.0,v0
394,2022-01-01,0.0,0.08,-0.08,0.0,v0
395,2022-01-01,0.03,0.0,0.03,0.0,v0
395,2022-02-01,0.0,0.35,-0.35,0.0,v0
395,2022-04-01,0.0,0.15,-0.15,0.0,v0
395,2022-05-01,0.0,0.26,-0.26,0.0,v0
395,2022-06-01,0.0,0.03,-0.03,0.0,v0
395,2022-07-01,0.0,0.1,-0.1,0.0,v0
395,2022-08-01,0.0,0.04,-0.04,0.0,v0
395,2022-09-01,0.0,0.06,-0.06,0.0,v0
395,2022-10-01,0.0,0.04,-0.04,0.0,v0
395,2022-11-01,0.0,0.06,-0.06,0.0,v0
395,2022-12-01,0.0,0.05,-0.05,0.0,v0
395,2023-01-01,0.0,0.03,-0.03,0.0,v0
395,2023-02-01,0.0,0.05,-0.05,0.0,v0
395,2023-03-01,0.0,0.06,-0.06,0.0,v0
395,2023-04-01,0.0,0.03,-0.03,0.0,v0
395,2023-05-01,0.0,0.01,-0.01,0.0,v0
395,2023-06-01,0.0,0.03,-0.03,0.0,v0
395,2023-07-01,0.0,0.04,-0.04,0.0,v0
395,2023-08-01,0.0,0.02,-0.02,0.0,v0
395,2023-09-01,0.0,0.02,-0.02,0.0,v0
395,2023-10-01,0.0,0.02,-0.02,0.0,v0
395,2023-11-01,0.0,0.02,-0.02,0.0,v0
396,2022-01-01,0.0,0.04,-0.04,0.0,v0
396,2022-04-01,0.0,0.02,-0.02,0.0,v0
396,2022-05-01,0.0,0.03,-0.03,0.0,v0
396,2022-07-01,0.0,0.03,-0.03,0.0,v0
396,2022-09-01,0.0,0.03,-0.03,0.0,v0
396,2022-10-01,0.0,0.03,-0.03,0.0,v0
396,2022-11-01,0.0,0.03,-0.03,0.0,v0
396,2022-12-01,0.0,0.03,-0.03,0.0,v0
396,2023-01-01,0.0,0.03,-0.03,0.0,v0
396,2023-02-01,0.0,0.03,-0.03,0.0,v0
396,2023-03-01,0.0,0.01,-0.01,0.0,v0
396,2023-05-01,0.0,0.04,-0.04,0.0,v0
396,2023-06-01,0.0,0.02,-0.02,0.0,v0
396,2023-07-01,0.0,0.03,-0.03,0.0,v0
396,2023-08-01,0.0,0.03,-0.03,0.0,v0
396,2023-10-01,0.0,0.03,-0.03,0.0,v0
396,2023-11-01,0.0,0.06,-0.06,0.0,v0
396,2024-01-01,0.0,0.06,-0.06,0.0,v0
396,2024-02-01,0.0,0.03,-0.03,0.0,v0
396,2024-04-01,0.0,0.03,-0.03,0.0,v0
396,2024-05-01,0.0,0.03,-0.03,0.0,v0
396,2024-06-01,0.0,0.01,-0.01,0.0,v0
396,2024-07-01,0.0,0.03,-0.03,0.0,v0
396,2024-08-01,0.0,0.06,-0.06,0.0,v0
396,2024-12-01,0.0,0.03,-0.03,0.0,v0
397,2022-01-01,0.01,0.0,0.01,0.0,v0
397,2022-02-01,0.05,0.0,0.05,0.0,v0
397,2022-03-01,0.1,0.0,0.1,0.0,v0
397,2022-04-01,0.13,0.0,0.13,0.0,v0
397,2022-05-01,0.04,0.0,0.04,0.0,v0
397,2022-06-01,0.01,0.0,0.01,0.0,v0
397,2022-07-01,0.09,0.0,0.09,0.0,v0
397,2022-08-01,0.02,0.0,0.02,0.0,v0
397,2022-09-01,0.06,0.0,0.06,0.0,v0
397,2022-10-01,0.14,0.0,0.14,0.0,v0
397,2022-11-01,0.04,0.0,0.04,0.0,v0
398,2022-01-01,1.9,0.08,1.8199999999999998,0.0,v0
398,2022-02-01,2.7,0.06,2.64,0.0,v0
398,2022-03-01,2.5,0.1,2.4,0.0,v0
398,2022-04-01,2.3,0.12,2.1799999999999997,0.0,v0
398,2022-05-01,1.6,0.13,1.4700000000000002,0.0,v0
398,2022-06-01,2.0,0.19,1.81,0.0,v0
398,2022-07-01,1.7,0.16,1.54,0.0,v0
398,2022-08-01,1.4,0.23,1.17,0.0,v0
399,2022-01-01,0.05,0.05,0.0,0.0,v0
399,2022-02-01,0.01,0.0,0.01,0.0,v0
399,2022-03-01,0.04,0.0,0.04,0.0,v0
399,2022-04-01,0.02,0.0,0.02,0.0,v0
399,2022-05-01,0.01,0.02,-0.01,0.0,v0
400,2022-02-01,0.02,0.0,0.02,0.0,v0
400,2022-03-01,0.07,0.0,0.07,0.0,v0
400,2022-04-01,0.02,0.01,0.01,0.0,v0
400,2022-05-01,0.03,0.0,0.03,0.0,v0
400,2022-06-01,0.06,0.02,0.039999999999999994,0.0,v0
400,2022-07-01,0.03,0.03,0.0,0.0,v0
400,2022-08-01,0.08,0.0,0.08,0.0,v0
400,2022-09-01,0.03,0.02,0.009999999999999998,0.0,v0
400,2022-10-01,0.01,0.01,0.0,0.0,v0
400,2022-11-01,0.05,0.01,0.04,0.0,v0
401,2022-01-01,0.03,0.02,0.009999999999999998,0.0,v0
402,2022-01-01,0.0,0.04,-0.04,0.0,v0
402,2022-02-01,0.0,0.02,-0.02,0.0,v0
402,2022-03-01,0.0,0.02,-0.02,0.0,v0
402,2022-04-01,0.0,0.03,-0.03,0.0,v0
402,2022-05-01,0.0,0.04,-0.04,0.0,v0
402,2022-06-01,0.0,0.13,-0.13,0.0,v0
402,2022-07-01,0.0,0.02,-0.02,0.0,v0
402,2022-08-01,0.0,0.05,-0.05,0.0,v0
402,2022-09-01,0.0,0.01,-0.01,0.0,v0
402,2022-10-01,0.0,0.07,-0.07,0.0,v0
402,2022-12-01,0.0,0.05,-0.05,0.0,v0
402,2023-01-01,0.0,0.1,-0.1,0.0,v0
402,2023-03-01,0.0,0.02,-0.02,0.0,v0
402,2023-04-01,0.0,0.06,-0.06,0.0,v0
402,2023-05-01,0.0,0.07,-0.07,0.0,v0
402,2023-06-01,0.0,0.06,-0.06,0.0,v0
402,2023-07-01,0.0,0.01,-0.01,0.0,v0
402,2023-08-01,0.0,0.01,-0.01,0.0,v0
403,2022-01-01,0.61,0.78,-0.17000000000000004,0.0,v0
403,2022-02-01,0.07,3.3,-3.23,0.0,v0
403,2022-03-01,0.67,1.6,-0.93,0.0,v0
403,2022-04-01,1.8,1.1,0.7,0.0,v0
403,2022-05-01,1.2,1.2,0.0,0.0,v0
403,2022-06-01,1.4,0.27,1.13,0.0,v0
403,2022-07-01,0.74,1.4,-0.6599999999999999,0.0,v0
403,2022-08-01,0.88,2.1,-1.2200000000000002,0.0,v0
403,2022-09-01,0.9,0.36,0.54,0.0,v0
403,2022-10-01,1.2,0.41,0.79,0.0,v0
403,2022-11-01,0.62,0.39,0.22999999999999998,0.0,v0
403,2022-12-01,0.89,0.36,0.53,0.0,v0
403,2023-01-01,0.82,0.37,0.44999999999999996,0.0,v0
403,2023-02-01,0.96,0.27,0.69,0.0,v0
403,2023-03-01,0.5,0.82,-0.31999999999999995,0.0,v0
403,2023-04-01,0.81,0.35,0.4600000000000001,0.0,v0
403,2023-05-01,1.4,0.16,1.24,0.0,v0
403,2023-06-01,3.0,0.0,3.0,0.0,v0
403,2023-07-01,1.7,0.07,1.63,0.0,v0
403,2023-08-01,0.86,0.22,0.64,0.0,v0
403,2023-09-01,0.55,0.0,0.55,0.0,v0
403,2023-10-01,0.72,0.0,0.72,0.0,v0
403,2023-12-01,0.21,0.0,0.21,0.0,v0
403,2024-01-01,0.33,0.0,0.33,0.0,v0
403,2024-02-01,2.2,0.02,2.18,0.0,v0
403,2024-03-01,0.33,0.0,0.33,0.0,v0
403,2024-04-01,0.99,0.52,0.47,0.0,v0
403,2024-05-01,1.1,0.17,0.93,0.0,v0
403,2024-06-01,0.15,0.9,-0.75,0.0,v0
403,2024-07-01,2.2,0.89,1.31,0.0,v0
403,2024-08-01,1.3,0.28,1.02,0.0,v0
403,2024-09-01,2.4,0.16,2.2399999999999998,0.0,v0
403,2024-12-01,0.94,0.0,0.94,0.0,v0
404,2022-01-01,0.0,0.04,-0.04,0.0,v0
405,2022-01-01,0.03,0.02,0.009999999999999998,0.0,v0
405,2022-02-01,0.03,0.06,-0.03,0.0,v0
405,2022-03-01,0.0,0.03,-0.03,0.0,v0
405,2022-04-01,0.02,0.0,0.02,0.0,v0
405,2022-05-01,0.0,0.03,-0.03,0.0,v0
405,2022-06-01,0.0,0.03,-0.03,0.0,v0
405,2022-08-01,0.01,0.0,0.01,0.0,v0
405,2022-09-01,0.0,0.03,-0.03,0.0,v0
405,2022-10-01,0.08,0.03,0.05,0.0,v0
405,2022-11-01,0.06,0.0,0.06,0.0,v0
405,2022-12-01,0.01,0.0,0.01,0.0,v0
405,2023-02-01,0.0,0.02,-0.02,0.0,v0
405,2023-03-01,0.09,0.03,0.06,0.0,v0
405,2023-05-01,0.01,0.0,0.01,0.0,v0
405,2023-06-01,0.0,0.02,-0.02,0.0,v0
405,2023-07-01,0.01,0.0,0.01,0.0,v0
405,2023-08-01,0.02,0.0,0.02,0.0,v0
405,2023-09-01,0.05,0.0,0.05,0.0,v0
405,2023-10-01,0.01,0.0,0.01,0.0,v0
405,2023-11-01,0.03,0.0,0.03,0.0,v0
405,2023-12-01,0.15,0.0,0.15,0.0,v0
405,2024-01-01,0.05,0.0,0.05,0.0,v0
405,2024-02-01,0.03,0.03,0.0,0.0,v0
405,2024-03-01,0.1,0.0,0.1,0.0,v0
405,2024-05-01,0.01,0.0,0.01,0.0,v0
405,2024-06-01,0.0,0.02,-0.02,0.0,v0
405,2024-07-01,0.09,0.03,0.06,0.0,v0
405,2024-08-01,0.01,0.0,0.01,0.0,v0
405,2024-10-01,0.18,0.02,0.16,0.0,v0
405,2024-11-01,0.02,0.0,0.02,0.0,v0
405,2024-12-01,0.06,0.0,0.06,0.0,v0
406,2022-01-01,0.0,0.05,-0.05,0.0,v0
406,2022-02-01,0.0,0.09,-0.09,0.0,v0
406,2022-03-01,0.0,0.13,-0.13,0.0,v0
407,2022-01-01,0.0,0.3,-0.3,0.0,v0
407,2022-02-01,0.0,0.12,-0.12,0.0,v0
408,2022-01-01,0.0,0.12,-0.12,0.0,v0
408,2022-02-01,0.0,0.16,-0.16,0.0,v0
408,2022-03-01,0.0,0.13,-0.13,0.0,v0
408,2022-04-01,0.0,0.16,-0.16,0.0,v0
408,2022-05-01,0.0,0.14,-0.14,0.0,v0
408,2022-06-01,0.0,0.16,-0.16,0.0,v0
408,2022-07-01,0.0,0.07,-0.07,0.0,v0
408,2022-08-01,0.0,0.26,-0.26,0.0,v0
408,2022-09-01,0.0,0.13,-0.13,0.0,v0
408,2022-10-01,0.0,0.12,-0.12,0.0,v0
409,2022-01-01,0.0,0.55,-0.55,0.0,v0
409,2022-02-01,0.0,0.02,-0.02,0.0,v0
409,2022-03-01,0.0,0.35,-0.35,0.0,v0
409,2022-04-01,0.0,0.26,-0.26,0.0,v0
409,2022-05-01,0.0,0.68,-0.68,0.0,v0
409,2022-06-01,0.0,0.25,-0.25,0.0,v0
410,2022-01-01,0.0,0.05,-0.05,0.0,v0
410,2022-02-01,0.0,0.17,-0.17,0.0,v0
410,2022-03-01,0.0,0.1,-0.1,0.0,v0
410,2022-04-01,0.0,0.07,-0.07,0.0,v0
411,2022-01-01,0.0,0.01,-0.01,0.0,v0
411,2022-02-01,0.0,0.04,-0.04,0.0,v0
411,2022-03-01,0.0,0.01,-0.01,0.0,v0
412,2022-01-01,0.0,0.03,-0.03,0.0,v0
413,2022-01-01,0.03,0.01,0.019999999999999997,0.0,v0
414,2022-01-01,0.01,0.0,0.01,0.0,v0
415,2022-01-01,0.3,0.02,0.27999999999999997,0.0,v0
415,2022-02-01,0.0,0.14,-0.14,0.0,v0
415,2022-03-01,0.0,0.02,-0.02,0.0,v0
416,2022-01-01,0.02,0.0,0.02,0.0,v0
416,2022-02-01,0.04,0.0,0.04,0.0,v0
416,2022-03-01,0.04,0.0,0.04,0.0,v0
416,2022-04-01,0.06,0.0,0.06,0.0,v0
416,2022-05-01,0.07,0.0,0.07,0.0,v0
416,2022-06-01,0.03,0.0,0.03,0.0,v0
416,2022-07-01,0.03,0.0,0.03,0.0,v0
416,2022-08-01,0.07,0.0,0.07,0.0,v0
416,2022-09-01,0.01,0.0,0.01,0.0,v0
416,2022-10-01,0.04,1.2,-1.16,0.0,v0
416,2022-11-01,0.0,0.07,-0.07,0.0,v0
416,2022-12-01,0.0,0.03,-0.03,0.0,v0
416,2023-01-01,0.0,0.03,-0.03,0.0,v0
416,2023-02-01,0.0,0.03,-0.03,0.0,v0
416,2023-03-01,0.0,0.03,-0.03,0.0,v0
416,2023-05-01,0.0,0.06,-0.06,0.0,v0
416,2023-06-01,0.0,0.03,-0.03,0.0,v0
416,2023-07-01,0.0,0.03,-0.03,0.0,v0
416,2023-08-01,0.0,0.07,-0.07,0.0,v0
416,2023-09-01,0.05,0.0,0.05,0.0,v0
416,2023-10-01,0.02,0.0,0.02,0.0,v0
416,2023-11-01,0.07,0.0,0.07,0.0,v0
416,2023-12-01,0.02,0.0,0.02,0.0,v0
416,2024-01-01,0.07,0.0,0.07,0.0,v0
416,2024-02-01,0.02,0.0,0.02,0.0,v0
416,2024-03-01,0.07,0.0,0.07,0.0,v0
416,2024-04-01,0.03,0.0,0.03,0.0,v0
416,2024-05-01,0.03,0.0,0.03,0.0,v0
416,2024-06-01,0.03,0.0,0.03,0.0,v0
416,2024-07-01,0.01,0.0,0.01,0.0,v0
416,2024-08-01,0.02,0.0,0.02,0.0,v0
416,2024-09-01,0.05,0.0,0.05,0.0,v0
416,2024-10-01,0.03,0.0,0.03,0.0,v0
416,2024-11-01,0.01,0.0,0.01,0.0,v0
416,2024-12-01,0.05,0.0,0.05,0.0,v0
417,2022-01-01,0.0,1.1,-1.1,0.0,v0
417,2022-02-01,0.73,0.0,0.73,0.0,v0
417,2022-03-01,0.11,0.0,0.11,0.0,v0
417,2022-04-01,0.0,0.08,-0.08,0.0,v0
418,2022-01-01,0.14,0.0,0.14,0.0,v0
419,2022-01-01,0.54,0.04,0.5,0.0,v0
419,2022-02-01,0.18,0.0,0.18,0.0,v0
419,2022-03-01,0.18,0.0,0.18,0.0,v0
419,2022-04-01,0.7,0.07,0.6299999999999999,0.0,v0
419,2022-05-01,0.49,0.13,0.36,0.0,v0
419,2022-06-01,0.0,0.09,-0.09,0.0,v0
419,2022-07-01,0.0,0.04,-0.04,0.0,v0
420,2022-01-01,0.59,0.0,0.59,0.0,v0
420,2022-02-01,0.0,0.08,-0.08,0.0,v0
420,2022-03-01,0.0,0.04,-0.04,0.0,v0
420,2022-04-01,0.24,0.0,0.24,0.0,v0
420,2022-05-01,0.28,0.0,0.28,0.0,v0
420,2022-06-01,0.0,0.08,-0.08,0.0,v0
420,2022-07-01,0.0,0.08,-0.08,0.0,v0
420,2022-08-01,0.0,0.15,-0.15,0.0,v0
420,2022-09-01,0.0,0.04,-0.04,0.0,v0
421,2022-01-01,0.0,0.08,-0.08,0.0,v0
421,2022-02-01,0.28,0.06,0.22000000000000003,0.0,v0
421,2022-03-01,0.0,0.04,-0.04,0.0,v0
421,2022-04-01,0.0,0.04,-0.04,0.0,v0
422,2022-01-01,0.02,0.0,0.02,0.0,v0
422,2022-02-01,0.03,0.0,0.03,0.0,v0
422,2022-03-01,0.01,0.0,0.01,0.0,v0
422,2022-04-01,0.14,0.0,0.14,0.0,v0
422,2022-05-01,0.14,0.0,0.14,0.0,v0
422,2022-06-01,0.38,0.0,0.38,0.0,v0
422,2022-07-01,0.36,0.0,0.36,0.0,v0
422,2022-08-01,0.34,0.0,0.34,0.0,v0
422,2022-09-01,0.17,0.0,0.17,0.0,v0
422,2022-10-01,0.08,0.0,0.08,0.0,v0
422,2022-11-01,0.03,0.0,0.03,0.0,v0
422,2022-12-01,0.02,0.0,0.02,0.0,v0
422,2023-01-01,0.04,0.0,0.04,0.0,v0
422,2023-02-01,0.05,0.0,0.05,0.0,v0
422,2023-04-01,0.01,0.0,0.01,0.0,v0
422,2023-05-01,0.07,0.0,0.07,0.0,v0
422,2023-06-01,0.16,0.0,0.16,0.0,v0
423,2022-02-01,0.0,0.01,-0.01,0.0,v0
423,2022-03-01,0.0,0.04,-0.04,0.0,v0
423,2022-04-01,0.0,0.02,-0.02,0.0,v0
423,2022-05-01,0.0,0.04,-0.04,0.0,v0
423,2022-06-01,0.0,0.02,-0.02,0.0,v0
423,2022-07-01,0.0,0.02,-0.02,0.0,v0
423,2022-08-01,0.0,0.02,-0.02,0.0,v0
423,2022-09-01,0.0,0.01,-0.01,0.0,v0
423,2022-10-01,0.0,0.01,-0.01,0.0,v0
423,2022-11-01,0.0,0.01,-0.01,0.0,v0
423,2022-12-01,0.0,0.02,-0.02,0.0,v0
423,2023-01-01,0.0,0.02,-0.02,0.0,v0
423,2023-02-01,0.0,0.01,-0.01,0.0,v0
423,2023-03-01,0.0,0.03,-0.03,0.0,v0
423,2023-04-01,0.0,0.02,-0.02,0.0,v0
423,2023-05-01,0.0,0.02,-0.02,0.0,v0
423,2023-06-01,0.0,0.01,-0.01,0.0,v0
423,2023-07-01,0.0,0.02,-0.02,0.0,v0
423,2023-08-01,0.0,0.01,-0.01,0.0,v0
423,2023-10-01,0.0,0.02,-0.02,0.0,v0
423,2023-11-01,0.0,0.02,-0.02,0.0,v0
423,2023-12-01,0.0,0.02,-0.02,0.0,v0
423,2024-01-01,0.0,0.01,-0.01,0.0,v0
423,2024-02-01,0.0,0.03,-0.03,0.0,v0
423,2024-03-01,0.0,0.02,-0.02,0.0,v0
423,2024-04-01,0.0,0.02,-0.02,0.0,v0
423,2024-05-01,0.0,0.04,-0.04,0.0,v0
423,2024-06-01,0.0,0.01,-0.01,0.0,v0
423,2024-07-01,0.0,0.03,-0.03,0.0,v0
423,2024-08-01,0.0,0.01,-0.01,0.0,v0
423,2024-09-01,0.0,0.03,-0.03,0.0,v0
423,2024-10-01,0.0,0.01,-0.01,0.0,v0
423,2024-11-01,0.0,0.02,-0.02,0.0,v0
423,2024-12-01,0.0,0.01,-0.01,0.0,v0
424,2022-01-01,0.0,0.01,-0.01,0.0,v0
424,2022-06-01,0.0,0.01,-0.01,0.0,v0
425,2022-01-01,0.0,0.05,-0.05,0.0,v0
425,2022-02-01,0.0,0.07,-0.07,0.0,v0
425,2022-03-01,0.0,0.07,-0.07,0.0,v0
425,2022-04-01,0.0,0.15,-0.15,0.0,v0
425,2022-05-01,0.0,0.01,-0.01,0.0,v0
425,2022-06-01,0.0,0.03,-0.03,0.0,v0
425,2022-07-01,0.0,0.06,-0.06,0.0,v0
425,2022-08-01,0.0,0.28,-0.28,0.0,v0
425,2022-09-01,0.0,0.11,-0.11,0.0,v0
425,2022-11-01,0.0,0.18,-0.18,0.0,v0
425,2022-12-01,0.0,0.13,-0.13,0.0,v0
425,2023-01-01,0.0,0.09,-0.09,0.0,v0
425,2023-04-01,0.0,0.1,-0.1,0.0,v0
425,2023-05-01,0.0,0.33,-0.33,0.0,v0
425,2023-06-01,0.0,0.47,-0.47,0.0,v0
425,2023-07-01,0.0,0.13,-0.13,0.0,v0
425,2023-08-01,0.0,0.03,-0.03,0.0,v0
425,2023-10-01,0.0,0.09,-0.09,0.0,v0
425,2024-01-01,0.0,0.5,-0.5,0.0,v0
425,2024-02-01,0.0,0.22,-0.22,0.0,v0
425,2024-04-01,0.0,0.26,-0.26,0.0,v0
425,2024-06-01,0.0,0.29,-0.29,0.0,v0
425,2024-07-01,0.0,0.17,-0.17,0.0,v0
426,2022-01-01,0.08,0.01,0.07,0.0,v0
426,2022-03-01,0.19,0.05,0.14,0.0,v0
426,2022-04-01,0.03,0.01,0.019999999999999997,0.0,v0
426,2022-05-01,0.01,0.0,0.01,0.0,v0
426,2022-06-01,0.01,0.03,-0.019999999999999997,0.0,v0
426,2022-08-01,0.02,0.03,-0.009999999999999998,0.0,v0
426,2022-09-01,0.01,0.01,0.0,0.0,v0
426,2023-02-01,0.11,0.01,0.1,0.0,v0
426,2023-05-01,0.01,0.0,0.01,0.0,v0
426,2023-09-01,0.0,0.01,-0.01,0.0,v0
426,2023-10-01,0.12,0.0,0.12,0.0,v0
426,2024-01-01,0.04,0.01,0.03,0.0,v0
426,2024-03-01,0.02,0.0,0.02,0.0,v0
426,2024-04-01,0.05,0.01,0.04,0.0,v0
426,2024-05-01,0.04,0.02,0.02,0.0,v0
426,2024-06-01,0.02,0.0,0.02,0.0,v0
426,2024-08-01,0.0,0.02,-0.02,0.0,v0
426,2024-10-01,0.01,0.01,0.0,0.0,v0
426,2024-11-01,0.03,0.01,0.019999999999999997,0.0,v0
427,2022-01-01,0.0,1.8,-1.8,0.0,v0
427,2022-02-01,0.0,1.1,-1.1,0.0,v0
427,2022-04-01,0.0,2.4,-2.4,0.0,v0
427,2022-05-01,0.0,2.7,-2.7,0.0,v0
427,2022-06-01,0.0,2.8,-2.8,0.0,v0
427,2022-07-01,0.0,1.9,-1.9,0.0,v0
427,2022-08-01,0.0,0.89,-0.89,0.0,v0
427,2022-09-01,0.0,1.5,-1.5,0.0,v0
427,2022-10-01,0.0,1.9,-1.9,0.0,v0
427,2022-11-01,0.0,0.03,-0.03,0.0,v0
428,2022-01-01,0.0,0.13,-0.13,0.0,v0
429,2022-01-01,2.3,2.3,0.0,0.0,v0
429,2022-02-01,1.4,1.0,0.3999999999999999,0.0,v0
429,2022-03-01,1.6,2.0,-0.3999999999999999,0.0,v0
429,2022-04-01,2.0,1.3,0.7,0.0,v0
429,2022-05-01,1.6,2.1,-0.5,0.0,v0
429,2022-06-01,2.3,1.1,1.1999999999999997,0.0,v0
429,2022-08-01,0.51,1.6,-1.09,0.0,v0
429,2022-09-01,1.2,1.4,-0.19999999999999996,0.0,v0
429,2022-11-01,0.98,1.0,-0.020000000000000018,0.0,v0
429,2022-12-01,1.1,0.85,0.2500000000000001,0.0,v0
429,2023-01-01,1.7,0.81,0.8899999999999999,0.0,v0
429,2023-02-01,1.1,0.87,0.2300000000000001,0.0,v0
429,2023-03-01,2.2,1.2,1.0000000000000002,0.0,v0
429,2023-04-01,2.4,1.1,1.2999999999999998,0.0,v0
429,2023-05-01,2.5,0.6,1.9,0.0,v0
430,2022-02-01,0.0,0.01,-0.01,0.0,v0
430,2022-03-01,0.0,0.04,-0.04,0.0,v0
430,2022-04-01,0.0,0.05,-0.05,0.0,v0
430,2022-05-01,0.0,0.07,-0.07,0.0,v0
430,2022-06-01,0.0,0.01,-0.01,0.0,v0
430,2022-07-01,0.0,0.08,-0.08,0.0,v0
430,2022-08-01,0.0,0.04,-0.04,0.0,v0
430,2022-09-01,0.0,0.04,-0.04,0.0,v0
430,2022-10-01,0.0,0.08,-0.08,0.0,v0
430,2022-11-01,0.0,0.02,-0.02,0.0,v0
430,2023-01-01,0.0,0.16,-0.16,0.0,v0
430,2023-02-01,0.0,0.02,-0.02,0.0,v0
430,2023-03-01,0.0,0.13,-0.13,0.0,v0
430,2023-04-01,0.0,0.1,-0.1,0.0,v0
430,2023-05-01,0.0,0.15,-0.15,0.0,v0
430,2023-06-01,0.0,0.07,-0.07,0.0,v0
430,2023-07-01,0.0,0.1,-0.1,0.0,v0
430,2023-08-01,0.0,0.16,-0.16,0.0,v0
430,2023-09-01,0.0,0.19,-0.19,0.0,v0
430,2023-10-01,0.0,0.01,-0.01,0.0,v0
430,2023-11-01,0.0,0.01,-0.01,0.0,v0
430,2023-12-01,0.0,0.01,-0.01,0.0,v0
431,2022-01-01,0.11,0.0,0.11,0.0,v0
432,2022-01-01,0.0,0.35,-0.35,0.0,v0
432,2022-02-01,0.16,0.0,0.16,0.0,v0
432,2022-03-01,0.31,0.0,0.31,0.0,v0
432,2022-04-01,0.18,0.0,0.18,0.0,v0
432,2022-05-01,0.24,0.0,0.24,0.0,v0
432,2022-06-01,0.25,0.0,0.25,0.0,v0
433,2022-01-01,0.18,0.01,0.16999999999999998,0.0,v0
433,2022-02-01,0.05,0.15,-0.09999999999999999,0.0,v0
433,2022-03-01,0.09,0.08,0.009999999999999995,0.0,v0
433,2022-04-01,0.13,0.07,0.06,0.0,v0
433,2022-05-01,0.08,0.05,0.03,0.0,v0
433,2022-06-01,0.08,0.07,0.009999999999999995,0.0,v0
433,2022-07-01,0.05,0.04,0.010000000000000002,0.0,v0
433,2022-08-01,0.02,0.02,0.0,0.0,v0
433,2022-09-01,0.15,0.04,0.10999999999999999,0.0,v0
433,2022-10-01,0.12,0.13,-0.010000000000000009,0.0,v0
433,2022-11-01,0.16,0.07,0.09,0.0,v0
433,2022-12-01,0.04,0.02,0.02,0.0,v0
433,2023-01-01,0.04,0.04,0.0,0.0,v0
433,2023-02-01,0.08,0.07,0.009999999999999995,0.0,v0
433,2023-03-01,0.12,0.03,0.09,0.0,v0
433,2023-04-01,0.15,0.04,0.10999999999999999,0.0,v0
433,2023-05-01,0.09,0.03,0.06,0.0,v0
433,2023-07-01,0.09,0.05,0.039999999999999994,0.0,v0
433,2023-08-01,0.06,0.11,-0.05,0.0,v0
433,2023-09-01,0.03,0.01,0.019999999999999997,0.0,v0
433,2023-11-01,0.27,0.17,0.1,0.0,v0
433,2023-12-01,0.11,0.01,0.1,0.0,v0
433,2024-01-01,0.12,0.03,0.09,0.0,v0
433,2024-02-01,0.07,0.05,0.020000000000000004,0.0,v0
433,2024-03-01,0.08,0.06,0.020000000000000004,0.0,v0
433,2024-05-01,0.03,0.02,0.009999999999999998,0.0,v0
433,2024-06-01,0.01,0.06,-0.049999999999999996,0.0,v0
433,2024-07-01,0.04,0.08,-0.04,0.0,v0
433,2024-09-01,0.01,0.06,-0.049999999999999996,0.0,v0
433,2024-10-01,0.01,0.06,-0.049999999999999996,0.0,v0
433,2024-12-01,0.05,0.01,0.04,0.0,v0
434,2022-01-01,0.0,0.01,-0.01,0.0,v0
434,2022-02-01,0.0,0.03,-0.03,0.0,v0
434,2022-03-01,0.0,0.04,-0.04,0.0,v0
434,2022-04-01,0.0,0.04,-0.04,0.0,v0
434,2022-05-01,0.0,0.13,-0.13,0.0,v0
434,2022-06-01,0.0,0.04,-0.04,0.0,v0
434,2022-07-01,0.0,0.02,-0.02,0.0,v0
434,2022-08-01,0.0,0.05,-0.05,0.0,v0
434,2022-09-01,0.0,0.01,-0.01,0.0,v0
434,2022-10-01,0.0,0.03,-0.03,0.0,v0
435,2022-01-01,0.0,0.46,-0.46,0.0,v0
435,2022-02-01,0.0,0.21,-0.21,0.0,v0
436,2022-01-01,0.0,0.28,-0.28,0.0,v0
436,2022-02-01,0.0,0.21,-0.21,0.0,v0
436,2022-03-01,0.0,0.39,-0.39,0.0,v0
436,2022-04-01,0.0,0.06,-0.06,0.0,v0
436,2022-05-01,0.0,0.07,-0.07,0.0,v0
436,2022-06-01,0.0,0.09,-0.09,0.0,v0
436,2022-07-01,0.0,0.11,-0.11,0.0,v0
436,2022-08-01,0.0,0.04,-0.04,0.0,v0
436,2022-09-01,0.0,0.06,-0.06,0.0,v0
436,2022-10-01,0.0,0.11,-0.11,0.0,v0
436,2022-12-01,0.0,0.24,-0.24,0.0,v0
436,2023-01-01,0.0,0.14,-0.14,0.0,v0
436,2023-02-01,0.0,0.15,-0.15,0.0,v0
436,2023-03-01,0.0,0.08,-0.08,0.0,v0
436,2023-04-01,0.0,0.14,-0.14,0.0,v0
436,2023-05-01,0.0,0.1,-0.1,0.0,v0
436,2023-06-01,0.0,0.08,-0.08,0.0,v0
436,2023-07-01,0.0,0.11,-0.11,0.0,v0
436,2023-08-01,0.0,0.12,-0.12,0.0,v0
436,2023-09-01,0.0,0.11,-0.11,0.0,v0
436,2023-10-01,0.0,0.1,-0.1,0.0,v0
436,2023-11-01,0.0,0.02,-0.02,0.0,v0
436,2023-12-01,0.0,0.09,-0.09,0.0,v0
436,2024-01-01,0.0,0.08,-0.08,0.0,v0
436,2024-02-01,0.0,0.03,-0.03,0.0,v0
436,2024-03-01,0.0,0.04,-0.04,0.0,v0
436,2024-04-01,0.0,0.16,-0.16,0.0,v0
436,2024-05-01,0.0,0.1,-0.1,0.0,v0
436,2024-06-01,0.0,0.13,-0.13,0.0,v0
436,2024-07-01,0.0,0.14,-0.14,0.0,v0
436,2024-08-01,0.0,0.17,-0.17,0.0,v0
436,2024-09-01,0.0,0.11,-0.11,0.0,v0
436,2024-10-01,0.0,0.09,-0.09,0.0,v0
436,2024-11-01,0.0,0.1,-0.1,0.0,v0
436,2024-12-01,0.0,0.11,-0.11,0.0,v0
437,2022-01-01,0.0,0.26,-0.26,0.0,v0
437,2022-02-01,0.0,0.14,-0.14,0.0,v0
437,2022-03-01,0.0,0.17,-0.17,0.0,v0
437,2022-04-01,0.0,0.15,-0.15,0.0,v0
437,2022-05-01,0.0,0.09,-0.09,0.0,v0
437,2022-06-01,0.0,0.19,-0.19,0.0,v0
437,2022-07-01,0.0,0.09,-0.09,0.0,v0
437,2022-08-01,0.0,0.08,-0.08,0.0,v0
437,2022-09-01,0.0,0.01,-0.01,0.0,v0
437,2022-10-01,0.0,0.02,-0.02,0.0,v0
437,2022-11-01,0.0,0.01,-0.01,0.0,v0
437,2022-12-01,0.0,0.03,-0.03,0.0,v0
437,2023-01-01,0.0,0.07,-0.07,0.0,v0
437,2023-02-01,0.0,0.02,-0.02,0.0,v0
437,2023-03-01,0.0,0.02,-0.02,0.0,v0
437,2023-04-01,0.0,0.01,-0.01,0.0,v0
437,2023-05-01,0.0,0.02,-0.02,0.0,v0
437,2023-06-01,0.0,0.01,-0.01,0.0,v0
437,2023-07-01,0.0,0.01,-0.01,0.0,v0
437,2023-08-01,0.0,0.02,-0.02,0.0,v0
437,2023-10-01,0.0,0.01,-0.01,0.0,v0
437,2023-11-01,0.0,0.02,-0.02,0.0,v0
438,2022-01-01,0.0,0.1,-0.1,0.0,v0
438,2022-02-01,0.0,0.03,-0.03,0.0,v0
438,2022-03-01,0.0,0.04,-0.04,0.0,v0
438,2022-04-01,0.0,0.11,-0.11,0.0,v0
438,2022-05-01,0.0,0.16,-0.16,0.0,v0
438,2022-06-01,0.0,0.11,-0.11,0.0,v0
438,2022-07-01,0.0,0.07,-0.07,0.0,v0
438,2022-08-01,0.0,0.06,-0.06,0.0,v0
438,2022-09-01,0.0,0.08,-0.08,0.0,v0
438,2022-10-01,0.0,0.02,-0.02,0.0,v0
438,2022-11-01,0.0,0.1,-0.1,0.0,v0
438,2022-12-01,0.0,0.16,-0.16,0.0,v0
438,2023-01-01,0.0,0.04,-0.04,0.0,v0
438,2023-02-01,0.0,0.02,-0.02,0.0,v0
438,2023-04-01,0.0,0.06,-0.06,0.0,v0
438,2023-05-01,0.0,0.07,-0.07,0.0,v0
438,2023-06-01,0.0,0.14,-0.14,0.0,v0
438,2023-07-01,0.0,0.12,-0.12,0.0,v0
438,2023-08-01,0.0,0.26,-0.26,0.0,v0
439,2022-01-01,0.0,0.54,-0.54,0.0,v0
439,2022-02-01,0.0,0.25,-0.25,0.0,v0
439,2022-03-01,0.0,0.08,-0.08,0.0,v0
439,2022-04-01,0.0,0.41,-0.41,0.0,v0
439,2022-05-01,0.0,0.33,-0.33,0.0,v0
439,2022-06-01,0.0,0.36,-0.36,0.0,v0
439,2022-07-01,0.0,0.13,-0.13,0.0,v0
439,2022-08-01,0.0,0.32,-0.32,0.0,v0
439,2022-09-01,0.0,0.28,-0.28,0.0,v0
439,2022-10-01,0.0,0.3,-0.3,0.0,v0
439,2022-12-01,0.0,0.31,-0.31,0.0,v0
439,2023-02-01,0.0,0.12,-0.12,0.0,v0
439,2023-03-01,0.0,0.27,-0.27,0.0,v0
439,2023-04-01,0.0,0.17,-0.17,0.0,v0
439,2023-05-01,0.0,0.27,-0.27,0.0,v0
439,2023-06-01,0.0,0.07,-0.07,0.0,v0
439,2023-07-01,0.0,0.19,-0.19,0.0,v0
439,2023-08-01,0.0,0.15,-0.15,0.0,v0
439,2023-09-01,0.0,0.26,-0.26,0.0,v0
439,2023-10-01,0.0,0.2,-0.2,0.0,v0
439,2023-11-01,0.0,0.19,-0.19,0.0,v0
439,2023-12-01,0.0,0.27,-0.27,0.0,v0
439,2024-01-01,0.0,0.39,-0.39,0.0,v0
439,2024-03-01,0.0,0.11,-0.11,0.0,v0
439,2024-04-01,0.0,0.14,-0.14,0.0,v0
439,2024-05-01,0.0,0.27,-0.27,0.0,v0
439,2024-06-01,0.0,0.17,-0.17,0.0,v0
439,2024-07-01,0.0,0.13,-0.13,0.0,v0
439,2024-08-01,0.0,0.28,-0.28,0.0,v0
439,2024-09-01,0.0,0.25,-0.25,0.0,v0
439,2024-10-01,0.0,0.19,-0.19,0.0,v0
439,2024-11-01,0.0,0.08,-0.08,0.0,v0
439,2024-12-01,0.0,0.26,-0.26,0.0,v0
440,2022-01-01,0.0,0.04,-0.04,0.0,v0
440,2022-08-01,0.0,0.06,-0.06,0.0,v0
440,2022-09-01,0.0,0.09,-0.09,0.0,v0
440,2022-11-01,0.0,0.08,-0.08,0.0,v0
440,2023-01-01,0.0,0.16,-0.16,0.0,v0
440,2023-02-01,0.0,0.1,-0.1,0.0,v0
440,2023-03-01,0.0,0.06,-0.06,0.0,v0
440,2023-05-01,0.0,0.04,-0.04,0.0,v0
440,2023-06-01,0.0,0.04,-0.04,0.0,v0
440,2023-07-01,0.0,0.02,-0.02,0.0,v0
440,2023-08-01,0.0,0.02,-0.02,0.0,v0
440,2023-10-01,0.0,0.03,-0.03,0.0,v0
440,2023-11-01,0.0,0.02,-0.02,0.0,v0
440,2024-01-01,0.0,0.01,-0.01,0.0,v0
440,2024-04-01,0.0,0.01,-0.01,0.0,v0
440,2024-05-01,0.0,0.04,-0.04,0.0,v0
440,2024-07-01,0.0,0.13,-0.13,0.0,v0
440,2024-09-01,0.0,0.12,-0.12,0.0,v0
440,2024-10-01,0.0,0.04,-0.04,0.0,v0
440,2024-12-01,0.0,0.04,-0.04,0.0,v0
441,2022-01-01,0.02,0.0,0.02,0.0,v0
441,2022-02-01,0.01,0.0,0.01,0.0,v0
441,2022-03-01,0.01,0.01,0.0,0.0,v0
441,2022-05-01,0.01,0.0,0.01,0.0,v0
441,2022-12-01,0.03,0.0,0.03,0.0,v0
441,2023-03-01,0.03,0.0,0.03,0.0,v0
441,2023-05-01,0.03,0.0,0.03,0.0,v0
441,2023-07-01,0.0,0.01,-0.01,0.0,v0
441,2023-08-01,0.0,0.01,-0.01,0.0,v0
441,2023-09-01,0.0,0.02,-0.02,0.0,v0
441,2023-12-01,0.0,0.01,-0.01,0.0,v0
442,2022-01-01,0.0,0.01,-0.01,0.0,v0
443,2022-01-01,0.04,0.0,0.04,0.0,v0
443,2022-02-01,0.3,0.0,0.3,0.0,v0
443,2022-03-01,0.1,0.0,0.1,0.0,v0
443,2022-04-01,0.34,0.0,0.34,0.0,v0
443,2022-06-01,1.2,4.8,-3.5999999999999996,0.0,v0
443,2022-07-01,0.56,1.9,-1.3399999999999999,0.0,v0
444,2022-01-01,0.02,0.0,0.02,0.0,v0
444,2022-02-01,0.11,0.02,0.09,0.0,v0
444,2022-03-01,0.63,0.0,0.63,0.0,v0
444,2022-04-01,0.23,0.04,0.19,0.0,v0
444,2022-05-01,0.0,0.02,-0.02,0.0,v0
444,2022-06-01,0.07,0.05,0.020000000000000004,0.0,v0
444,2022-07-01,0.0,0.3,-0.3,0.0,v0
444,2022-08-01,1.6,5.4,-3.8000000000000003,0.0,v0
444,2022-09-01,1.2,2.6,-1.4000000000000001,0.0,v0
444,2022-10-01,1.0,3.5,-2.5,0.0,v0
444,2022-11-01,0.86,4.1,-3.2399999999999998,0.0,v0
445,2022-01-01,0.0,0.13,-0.13,0.0,v0
445,2022-02-01,0.0,0.32,-0.32,0.0,v0
445,2022-03-01,0.0,0.15,-0.15,0.0,v0
446,2022-01-01,0.0,0.03,-0.03,0.0,v0
446,2022-02-01,0.0,0.07,-0.07,0.0,v0
447,2022-01-01,1.6,0.0,1.6,0.0,v0
447,2022-02-01,0.17,0.0,0.17,0.0,v0
447,2022-03-01,0.2,0.0,0.2,0.0,v0
447,2022-05-01,0.99,0.0,0.99,0.0,v0
447,2022-06-01,0.35,0.0,0.35,0.0,v0
447,2022-07-01,1.1,0.0,1.1,0.0,v0
448,2022-01-01,0.0,0.1,-0.1,0.0,v0
449,2022-01-01,0.01,0.02,-0.01,0.0,v0
450,2022-01-01,0.11,0.02,0.09,0.0,v0
450,2022-02-01,0.19,0.0,0.19,0.0,v0
450,2022-03-01,0.01,0.02,-0.01,0.0,v0
450,2022-04-01,0.14,0.02,0.12000000000000001,0.0,v0
450,2022-05-01,0.01,0.0,0.01,0.0,v0
450,2022-06-01,0.03,0.0,0.03,0.0,v0
450,2022-07-01,0.02,0.0,0.02,0.0,v0
450,2022-08-01,0.51,0.02,0.49,0.0,v0
450,2022-09-01,0.02,0.0,0.02,0.0,v0
450,2022-10-01,0.04,0.0,0.04,0.0,v0
451,2022-01-01,0.0,0.05,-0.05,0.0,v0
451,2022-02-01,0.3,0.0,0.3,0.0,v0
451,2022-04-01,0.05,0.0,0.05,0.0,v0
451,2022-10-01,0.02,0.0,0.02,0.0,v0
451,2023-04-01,0.34,0.0,0.34,0.0,v0
451,2023-05-01,0.01,0.0,0.01,0.0,v0
451,2023-06-01,0.7,0.0,0.7,0.0,v0
451,2023-07-01,0.2,0.0,0.2,0.0,v0
451,2023-08-01,0.55,0.0,0.55,0.0,v0
451,2023-09-01,0.52,0.0,0.52,0.0,v0
451,2023-11-01,0.01,0.0,0.01,0.0,v0
451,2024-03-01,0.0,0.01,-0.01,0.0,v0
451,2024-07-01,0.0,0.01,-0.01,0.0,v0
451,2024-10-01,0.0,0.08,-0.08,0.0,v0
451,2024-11-01,0.0,0.05,-0.05,0.0,v0
452,2022-01-01,0.0,0.02,-0.02,0.0,v0
452,2022-02-01,0.0,0.07,-0.07,0.0,v0
452,2022-04-01,0.0,0.07,-0.07,0.0,v0
452,2022-05-01,0.0,0.04,-0.04,0.0,v0
452,2022-06-01,0.0,0.01,-0.01,0.0,v0
453,2022-01-01,0.0,0.13,-0.13,0.0,v0
453,2022-02-01,0.0,0.03,-0.03,0.0,v0
454,2022-01-01,0.0,0.21,-0.21,0.0,v0
454,2022-02-01,0.0,0.41,-0.41,0.0,v0
454,2022-03-01,0.0,0.51,-0.51,0.0,v0
454,2022-04-01,0.0,0.61,-0.61,0.0,v0
454,2022-05-01,0.0,0.43,-0.43,0.0,v0
454,2022-06-01,0.0,0.52,-0.52,0.0,v0
454,2022-07-01,0.0,0.55,-0.55,0.0,v0
454,2022-09-01,0.0,0.32,-0.32,0.0,v0
454,2022-10-01,0.0,0.41,-0.41,0.0,v0
455,2022-01-01,0.0,0.06,-0.06,0.0,v0
455,2022-03-01,0.0,0.02,-0.02,0.0,v0
455,2022-04-01,0.0,0.09,-0.09,0.0,v0
455,2022-05-01,0.0,0.11,-0.11,0.0,v0
455,2022-06-01,0.0,0.09,-0.09,0.0,v0
455,2022-07-01,0.0,0.06,-0.06,0.0,v0
455,2022-08-01,0.0,0.04,-0.04,0.0,v0
455,2022-09-01,0.0,0.02,-0.02,0.0,v0
455,2022-12-01,0.0,0.09,-0.09,0.0,v0
455,2023-01-01,0.0,0.04,-0.04,0.0,v0
455,2023-02-01,0.0,0.02,-0.02,0.0,v0
455,2023-03-01,0.0,0.1,-0.1,0.0,v0
455,2023-04-01,0.0,0.04,-0.04,0.0,v0
455,2023-05-01,0.0,0.04,-0.04,0.0,v0
455,2023-06-01,0.0,0.04,-0.04,0.0,v0
455,2023-08-01,0.0,0.04,-0.04,0.0,v0
455,2023-11-01,0.0,0.12,-0.12,0.0,v0
455,2023-12-01,0.0,0.03,-0.03,0.0,v0
455,2024-01-01,0.0,0.02,-0.02,0.0,v0
455,2024-02-01,0.0,0.05,-0.05,0.0,v0
455,2024-09-01,0.0,0.03,-0.03,0.0,v0
455,2024-11-01,0.01,0.04,-0.03,0.0,v0
456,2022-01-01,1.7,0.4,1.2999999999999998,0.0,v0
456,2022-02-01,0.86,0.0,0.86,0.0,v0
456,2022-03-01,1.4,0.23,1.17,0.0,v0
456,2022-04-01,1.2,0.28,0.9199999999999999,0.0,v0
456,2022-05-01,1.4,0.26,1.14,0.0,v0
456,2022-06-01,0.79,0.0,0.79,0.0,v0
456,2022-07-01,1.7,0.24,1.46,0.0,v0
456,2022-08-01,1.6,0.2,1.4000000000000001,0.0,v0
456,2022-09-01,1.3,0.22,1.08,0.0,v0
456,2022-10-01,0.91,0.01,0.9,0.0,v0
456,2022-11-01,1.2,0.39,0.8099999999999999,0.0,v0
456,2023-01-01,1.2,0.01,1.19,0.0,v0
456,2023-02-01,1.3,0.19,1.11,0.0,v0
456,2023-03-01,1.4,0.0,1.4,0.0,v0
456,2023-04-01,1.5,0.19,1.31,0.0,v0
456,2023-05-01,0.73,0.0,0.73,0.0,v0
456,2023-06-01,1.4,0.41,0.99,0.0,v0
456,2023-07-01,1.0,0.0,1.0,0.0,v0
456,2023-08-01,1.2,0.07,1.13,0.0,v0
456,2023-10-01,1.0,0.3,0.7,0.0,v0
456,2023-11-01,1.4,0.17,1.23,0.0,v0
456,2023-12-01,1.6,0.05,1.55,0.0,v0
456,2024-01-01,1.2,0.01,1.19,0.0,v0
456,2024-02-01,1.2,0.03,1.17,0.0,v0
456,2024-03-01,1.5,0.18,1.32,0.0,v0
456,2024-04-01,1.4,0.39,1.0099999999999998,0.0,v0
456,2024-05-01,1.8,0.19,1.61,0.0,v0
456,2024-06-01,0.98,0.23,0.75,0.0,v0
456,2024-08-01,1.5,0.0,1.5,0.0,v0
456,2024-09-01,1.4,0.0,1.4,0.0,v0
456,2024-10-01,1.6,0.0,1.6,0.0,v0
456,2024-11-01,2.2,0.18,2.02,0.0,v0
456,2024-12-01,0.86,0.23,0.63,0.0,v0
457,2022-02-01,0.0,7.9,-7.9,0.0,v0
457,2022-03-01,0.0,6.5,-6.5,0.0,v0
457,2022-04-01,0.0,4.4,-4.4,0.0,v0
457,2022-05-01,0.0,15.0,-15.0,0.0,v0
457,2022-06-01,0.0,8.9,-8.9,0.0,v0
457,2022-07-01,0.0,7.2,-7.2,0.0,v0
457,2022-08-01,0.0,3.4,-3.4,0.0,v0
457,2022-10-01,0.0,5.8,-5.8,0.0,v0
457,2022-12-01,0.0,5.8,-5.8,0.0,v0
457,2023-02-01,0.0,7.6,-7.6,0.0,v0
457,2023-03-01,0.0,11.0,-11.0,0.0,v0
457,2023-04-01,0.0,6.6,-6.6,0.0,v0
457,2023-05-01,0.0,5.6,-5.6,0.0,v0
457,2023-06-01,0.0,6.7,-6.7,0.0,v0
457,2023-07-01,0.0,0.44,-0.44,0.0,v0
457,2023-08-01,0.0,14.0,-14.0,0.0,v0
457,2023-10-01,0.0,5.0,-5.0,0.0,v0
457,2023-12-01,0.0,10.0,-10.0,0.0,v0
457,2024-01-01,0.0,1.2,-1.2,0.0,v0
457,2024-02-01,0.0,5.4,-5.4,0.0,v0
457,2024-03-01,0.0,6.7,-6.7,0.0,v0
457,2024-04-01,0.0,4.3,-4.3,0.0,v0
457,2024-05-01,0.0,0.74,-0.74,0.0,v0
457,2024-07-01,0.0,8.1,-8.1,0.0,v0
457,2024-08-01,0.0,1.4,-1.4,0.0,v0
457,2024-09-01,0.0,13.0,-13.0,0.0,v0
457,2024-10-01,0.0,0.44,-0.44,0.0,v0
457,2024-12-01,0.0,0.45,-0.45,0.0,v0
458,2022-01-01,0.03,0.66,-0.63,0.0,v0
458,2022-02-01,2.7,0.42,2.2800000000000002,0.0,v0
458,2022-03-01,0.66,0.81,-0.15000000000000002,0.0,v0
458,2022-04-01,1.6,1.0,0.6000000000000001,0.0,v0
458,2022-05-01,0.59,1.3,-0.7100000000000001,0.0,v0
458,2022-06-01,0.94,1.0,-0.06000000000000005,0.0,v0
458,2022-07-01,0.39,1.7,-1.31,0.0,v0
458,2022-09-01,0.86,0.94,-0.07999999999999996,0.0,v0
458,2022-10-01,0.7,0.97,-0.27,0.0,v0
458,2022-11-01,1.2,0.7,0.5,0.0,v0
458,2022-12-01,1.4,0.88,0.5199999999999999,0.0,v0
458,2023-01-01,1.4,0.48,0.9199999999999999,0.0,v0
458,2023-02-01,1.6,0.62,0.9800000000000001,0.0,v0
458,2023-03-01,2.8,1.4,1.4,0.0,v0
458,2023-04-01,1.5,0.63,0.87,0.0,v0
458,2023-05-01,1.2,1.9,-0.7,0.0,v0
458,2023-06-01,0.76,1.5,-0.74,0.0,v0
458,2023-07-01,1.0,1.0,0.0,0.0,v0
458,2023-09-01,0.95,0.7,0.25,0.0,v0
458,2023-10-01,1.4,0.73,0.6699999999999999,0.0,v0
458,2023-11-01,1.5,0.97,0.53,0.0,v0
458,2023-12-01,1.7,1.2,0.5,0.0,v0
458,2024-01-01,1.3,0.45,0.8500000000000001,0.0,v0
458,2024-02-01,1.0,1.2,-0.19999999999999996,0.0,v0
458,2024-03-01,1.3,0.32,0.98,0.0,v0
458,2024-04-01,1.2,1.1,0.09999999999999987,0.0,v0
458,2024-05-01,1.7,0.06,1.64,0.0,v0
458,2024-06-01,0.84,0.97,-0.13,0.0,v0
458,2024-07-01,2.5,1.1,1.4,0.0,v0
458,2024-09-01,2.5,1.0,1.5,0.0,v0
458,2024-10-01,1.3,1.1,0.19999999999999996,0.0,v0
458,2024-11-01,1.1,1.1,0.0,0.0,v0
459,2022-01-01,0.0,0.06,-0.06,0.0,v0
459,2022-06-01,0.0,0.03,-0.03,0.0,v0
459,2022-10-01,0.0,0.05,-0.05,0.0,v0
459,2022-12-01,0.0,0.08,-0.08,0.0,v0
459,2023-04-01,0.0,0.06,-0.06,0.0,v0
459,2023-08-01,0.0,0.05,-0.05,0.0,v0
459,2023-11-01,0.0,0.03,-0.03,0.0,v0
459,2023-12-01,0.0,0.03,-0.03,0.0,v0
459,2024-03-01,0.0,0.04,-0.04,0.0,v0
459,2024-05-01,0.0,0.02,-0.02,0.0,v0
459,2024-09-01,0.0,0.04,-0.04,0.0,v0
459,2024-10-01,0.0,0.03,-0.03,0.0,v0
459,2024-11-01,0.0,0.07,-0.07,0.0,v0
459,2024-12-01,0.0,0.03,-0.03,0.0,v0
460,2022-01-01,0.06,0.0,0.06,0.0,v0
460,2022-02-01,0.27,0.0,0.27,0.0,v0
460,2022-03-01,0.08,0.0,0.08,0.0,v0
460,2022-04-01,0.1,0.0,0.1,0.0,v0
460,2022-05-01,0.26,0.0,0.26,0.0,v0
460,2022-06-01,0.12,0.0,0.12,0.0,v0
460,2022-07-01,0.05,0.0,0.05,0.0,v0
460,2022-08-01,0.09,0.0,0.09,0.0,v0
460,2022-09-01,0.14,0.0,0.14,0.0,v0
460,2022-10-01,0.03,0.0,0.03,0.0,v0
460,2022-11-01,0.06,0.0,0.06,0.0,v0
460,2022-12-01,0.05,0.0,0.05,0.0,v0
460,2023-01-01,0.16,0.0,0.16,0.0,v0
460,2023-02-01,0.06,0.0,0.06,0.0,v0
460,2023-03-01,0.03,0.0,0.03,0.0,v0
460,2023-04-01,0.05,0.0,0.05,0.0,v0
460,2023-05-01,0.09,0.0,0.09,0.0,v0
460,2023-06-01,0.07,0.0,0.07,0.0,v0
460,2023-07-01,0.06,0.0,0.06,0.0,v0
460,2023-08-01,0.08,0.0,0.08,0.0,v0
460,2023-09-01,0.03,0.0,0.03,0.0,v0
460,2023-10-01,0.22,0.0,0.22,0.0,v0
460,2023-11-01,0.03,0.0,0.03,0.0,v0
460,2023-12-01,0.04,0.0,0.04,0.0,v0
460,2024-02-01,0.04,0.0,0.04,0.0,v0
460,2024-04-01,0.04,0.0,0.04,0.0,v0
460,2024-06-01,0.07,0.0,0.07,0.0,v0
460,2024-08-01,0.03,0.0,0.03,0.0,v0
460,2024-09-01,0.17,0.0,0.17,0.0,v0
460,2024-10-01,0.04,0.0,0.04,0.0,v0
460,2024-11-01,0.01,0.0,0.01,0.0,v0
461,2022-01-01,0.0,0.23,-0.23,0.0,v0
461,2022-02-01,0.0,0.1,-0.1,0.0,v0
461,2022-03-01,0.0,0.62,-0.62,0.0,v0
461,2022-04-01,0.63,0.0,0.63,0.0,v0
461,2022-05-01,0.0,0.06,-0.06,0.0,v0
461,2022-06-01,0.05,0.0,0.05,0.0,v0
461,2022-07-01,0.06,0.06,0.0,0.0,v0
461,2022-08-01,0.0,0.01,-0.01,0.0,v0
461,2022-09-01,0.06,0.04,0.019999999999999997,0.0,v0
461,2022-10-01,0.06,0.13,-0.07,0.0,v0
461,2022-11-01,0.0,0.01,-0.01,0.0,v0
461,2022-12-01,0.02,0.05,-0.030000000000000002,0.0,v0
461,2023-01-01,0.0,0.14,-0.14,0.0,v0
461,2023-02-01,0.04,0.1,-0.060000000000000005,0.0,v0
461,2023-03-01,0.07,0.11,-0.039999999999999994,0.0,v0
461,2023-04-01,0.06,0.17,-0.11000000000000001,0.0,v0
461,2023-05-01,0.07,0.15,-0.07999999999999999,0.0,v0
461,2023-07-01,0.07,0.11,-0.039999999999999994,0.0,v0
461,2023-08-01,0.0,0.08,-0.08,0.0,v0
461,2023-09-01,0.04,0.04,0.0,0.0,v0
461,2023-10-01,0.06,0.1,-0.04000000000000001,0.0,v0
461,2023-11-01,0.06,0.05,0.009999999999999995,0.0,v0
461,2023-12-01,0.06,0.03,0.03,0.0,v0
462,2022-01-01,0.0,0.43,-0.43,0.0,v0
462,2022-02-01,0.0,0.01,-0.01,0.0,v0
462,2022-03-01,0.24,0.0,0.24,0.0,v0
462,2022-04-01,0.0,0.56,-0.56,0.0,v0
463,2022-01-01,0.0,0.3,-0.3,0.0,v0
463,2022-02-01,0.0,0.08,-0.08,0.0,v0
463,2022-03-01,0.0,0.13,-0.13,0.0,v0
464,2022-01-01,0.0,0.34,-0.34,0.0,v0
465,2022-01-01,0.0,0.12,-0.12,0.0,v0
466,2022-01-01,0.0,0.47,-0.47,0.0,v0
467,2022-01-01,0.31,0.0,0.31,0.0,v0
467,2022-02-01,0.04,0.02,0.02,0.0,v0
467,2022-03-01,0.05,0.04,0.010000000000000002,0.0,v0
468,2022-01-01,0.12,0.0,0.12,0.0,v0
468,2022-03-01,0.12,0.0,0.12,0.0,v0
468,2022-04-01,0.07,0.0,0.07,0.0,v0
468,2022-07-01,0.24,0.0,0.24,0.0,v0
468,2022-09-01,0.12,0.0,0.12,0.0,v0
468,2022-10-01,0.12,0.0,0.12,0.0,v0
468,2022-11-01,0.24,0.0,0.24,0.0,v0
468,2022-12-01,0.12,0.0,0.12,0.0,v0
468,2023-02-01,0.12,0.0,0.12,0.0,v0
468,2023-03-01,0.18,0.0,0.18,0.0,v0
468,2023-04-01,0.1,0.0,0.1,0.0,v0
468,2023-05-01,0.08,0.0,0.08,0.0,v0
468,2023-07-01,0.06,0.0,0.06,0.0,v0
468,2023-08-01,0.18,0.0,0.18,0.0,v0
468,2023-09-01,0.12,0.0,0.12,0.0,v0
468,2023-11-01,0.12,0.0,0.12,0.0,v0
468,2023-12-01,0.12,0.0,0.12,0.0,v0
468,2024-01-01,0.12,0.0,0.12,0.0,v0
468,2024-04-01,0.08,0.0,0.08,0.0,v0
468,2024-05-01,0.41,0.0,0.41,0.0,v0
468,2024-08-01,0.03,0.0,0.03,0.0,v0
468,2024-10-01,0.03,0.0,0.03,0.0,v0
468,2024-11-01,0.11,0.0,0.11,0.0,v0
468,2024-12-01,0.09,0.0,0.09,0.0,v0
469,2022-02-01,0.31,0.0,0.31,0.0,v0
469,2022-04-01,0.22,0.0,0.22,0.0,v0
469,2022-07-01,0.07,0.0,0.07,0.0,v0
469,2022-08-01,0.2,0.0,0.2,0.0,v0
469,2022-10-01,0.29,0.0,0.29,0.0,v0
469,2022-12-01,0.49,0.0,0.49,0.0,v0
469,2023-01-01,0.07,0.0,0.07,0.0,v0
469,2023-02-01,0.36,0.0,0.36,0.0,v0
470,2022-01-01,0.26,0.16,0.1,0.0,v0
470,2022-02-01,0.0,0.24,-0.24,0.0,v0
470,2022-03-01,0.0,0.15,-0.15,0.0,v0
470,2022-04-01,0.0,0.08,-0.08,0.0,v0
471,2022-03-01,0.0,0.16,-0.16,0.0,v0
471,2022-04-01,0.0,0.04,-0.04,0.0,v0
471,2022-05-01,0.13,0.23,-0.1,0.0,v0
471,2022-06-01,0.2,0.35,-0.14999999999999997,0.0,v0
471,2022-07-01,0.01,0.02,-0.01,0.0,v0
471,2022-08-01,0.17,0.13,0.04000000000000001,0.0,v0
471,2022-09-01,0.0,0.14,-0.14,0.0,v0
471,2022-10-01,0.22,0.47,-0.24999999999999997,0.0,v0
471,2022-11-01,0.01,0.35,-0.33999999999999997,0.0,v0
471,2023-01-01,0.45,1.2,-0.75,0.0,v0
471,2023-02-01,0.12,0.34,-0.22000000000000003,0.0,v0
471,2023-03-01,0.01,0.66,-0.65,0.0,v0
471,2023-04-01,0.05,0.13,-0.08,0.0,v0
471,2023-05-01,0.0,0.28,-0.28,0.0,v0
471,2023-06-01,0.0,0.34,-0.34,0.0,v0
471,2023-07-01,0.01,0.15,-0.13999999999999999,0.0,v0
471,2023-08-01,0.0,0.59,-0.59,0.0,v0
471,2023-09-01,0.01,0.28,-0.27,0.0,v0
471,2023-10-01,0.0,1.0,-1.0,0.0,v0
471,2023-11-01,0.0,0.65,-0.65,0.0,v0
471,2023-12-01,0.01,0.41,-0.39999999999999997,0.0,v0
471,2024-01-01,0.02,0.26,-0.24000000000000002,0.0,v0
471,2024-02-01,0.24,0.3,-0.06,0.0,v0
471,2024-03-01,0.0,0.41,-0.41,0.0,v0
471,2024-04-01,0.04,0.71,-0.6699999999999999,0.0,v0
471,2024-05-01,0.14,0.52,-0.38,0.0,v0
471,2024-06-01,0.0,0.8,-0.8,0.0,v0
471,2024-07-01,0.15,0.05,0.09999999999999999,0.0,v0
471,2024-08-01,0.15,0.42,-0.27,0.0,v0
471,2024-09-01,0.14,0.01,0.13,0.0,v0
471,2024-12-01,0.14,0.0,0.14,0.0,v0
472,2022-01-01,0.0,0.02,-0.02,0.0,v0
472,2022-02-01,0.0,0.18,-0.18,0.0,v0
472,2022-03-01,0.15,0.11,0.039999999999999994,0.0,v0
472,2022-05-01,0.1,0.0,0.1,0.0,v0
472,2022-06-01,0.01,0.0,0.01,0.0,v0
472,2022-07-01,0.04,0.0,0.04,0.0,v0
472,2022-08-01,0.13,0.0,0.13,0.0,v0
472,2022-09-01,0.0,0.38,-0.38,0.0,v0
472,2022-10-01,0.0,0.06,-0.06,0.0,v0
472,2022-11-01,0.0,0.26,-0.26,0.0,v0
472,2023-01-01,0.0,0.16,-0.16,0.0,v0
473,2022-01-01,0.0,0.22,-0.22,0.0,v0
473,2022-02-01,0.0,0.48,-0.48,0.0,v0
473,2022-03-01,0.0,0.13,-0.13,0.0,v0
473,2022-05-01,0.0,0.29,-0.29,0.0,v0
473,2022-06-01,0.0,0.14,-0.14,0.0,v0
473,2022-07-01,0.0,0.28,-0.28,0.0,v0
473,2022-08-01,0.0,0.06,-0.06,0.0,v0
473,2022-09-01,0.0,0.02,-0.02,0.0,v0
473,2022-10-01,0.0,0.27,-0.27,0.0,v0
473,2022-12-01,0.0,0.07,-0.07,0.0,v0
473,2023-01-01,0.0,0.17,-0.17,0.0,v0
473,2023-02-01,0.0,0.28,-0.28,0.0,v0
473,2023-03-01,0.0,0.17,-0.17,0.0,v0
473,2023-05-01,0.0,0.23,-0.23,0.0,v0
473,2023-06-01,0.0,0.34,-0.34,0.0,v0
473,2023-08-01,0.0,0.26,-0.26,0.0,v0
473,2023-09-01,0.0,0.03,-0.03,0.0,v0
473,2023-10-01,0.0,0.19,-0.19,0.0,v0
473,2023-11-01,0.0,0.09,-0.09,0.0,v0
473,2023-12-01,0.0,0.15,-0.15,0.0,v0
473,2024-01-01,0.0,0.32,-0.32,0.0,v0
473,2024-02-01,0.0,0.27,-0.27,0.0,v0
474,2022-01-01,0.0,0.11,-0.11,0.0,v0
474,2022-07-01,0.0,0.14,-0.14,0.0,v0
474,2022-08-01,0.0,0.07,-0.07,0.0,v0
474,2022-09-01,0.0,0.03,-0.03,0.0,v0
474,2022-10-01,0.0,0.01,-0.01,0.0,v0
474,2022-11-01,0.0,0.08,-0.08,0.0,v0
474,2023-02-01,0.0,0.1,-0.1,0.0,v0
474,2023-03-01,0.0,0.17,-0.17,0.0,v0
474,2023-04-01,0.0,0.09,-0.09,0.0,v0
474,2023-05-01,0.0,0.06,-0.06,0.0,v0
474,2023-11-01,0.0,0.04,-0.04,0.0,v0
474,2023-12-01,0.0,0.2,-0.2,0.0,v0
474,2024-02-01,0.0,0.11,-0.11,0.0,v0
474,2024-03-01,0.0,0.11,-0.11,0.0,v0
474,2024-04-01,0.0,0.1,-0.1,0.0,v0
474,2024-08-01,0.0,0.14,-0.14,0.0,v0
474,2024-10-01,0.0,0.03,-0.03,0.0,v0
475,2022-01-01,0.16,0.0,0.16,0.0,v0
475,2022-02-01,0.11,0.0,0.11,0.0,v0
475,2022-03-01,0.09,0.0,0.09,0.0,v0
475,2022-04-01,0.34,0.0,0.34,0.0,v0
475,2022-05-01,0.25,0.0,0.25,0.0,v0
475,2022-06-01,0.3,0.0,0.3,0.0,v0
475,2022-07-01,0.11,0.0,0.11,0.0,v0
475,2022-08-01,0.2,0.0,0.2,0.0,v0
475,2022-09-01,0.15,0.0,0.15,0.0,v0
475,2022-10-01,0.35,0.0,0.35,0.0,v0
475,2022-11-01,0.27,0.0,0.27,0.0,v0
475,2022-12-01,0.12,0.0,0.12,0.0,v0
475,2023-01-01,0.05,0.0,0.05,0.0,v0
475,2023-02-01,0.17,0.0,0.17,0.0,v0
475,2023-06-01,0.07,0.0,0.07,0.0,v0
475,2023-08-01,0.1,0.0,0.1,0.0,v0
475,2023-10-01,0.2,0.0,0.2,0.0,v0
475,2023-11-01,0.2,0.0,0.2,0.0,v0
475,2024-01-01,0.2,0.0,0.2,0.0,v0
475,2024-02-01,0.0,2.2,-2.2,0.0,v0
475,2024-05-01,0.0,2.2,-2.2,0.0,v0
475,2024-07-01,0.0,2.6,-2.6,0.0,v0
476,2022-02-01,0.0,0.07,-0.07,0.0,v0
476,2022-03-01,0.0,0.08,-0.08,0.0,v0
476,2022-05-01,0.0,0.07,-0.07,0.0,v0
476,2022-06-01,0.0,0.16,-0.16,0.0,v0
476,2022-08-01,0.0,0.08,-0.08,0.0,v0
476,2022-11-01,0.0,0.06,-0.06,0.0,v0
476,2022-12-01,0.0,0.28,-0.28,0.0,v0
476,2023-02-01,0.0,0.19,-0.19,0.0,v0
476,2023-03-01,0.0,0.19,-0.19,0.0,v0
476,2023-04-01,0.0,0.2,-0.2,0.0,v0
476,2023-05-01,0.0,0.1,-0.1,0.0,v0
476,2023-08-01,0.0,0.12,-0.12,0.0,v0
476,2023-11-01,0.0,0.08,-0.08,0.0,v0
476,2023-12-01,0.0,0.21,-0.21,0.0,v0
476,2024-01-01,0.0,0.08,-0.08,0.0,v0
476,2024-02-01,0.0,0.09,-0.09,0.0,v0
476,2024-03-01,0.0,0.09,-0.09,0.0,v0
476,2024-04-01,0.0,0.18,-0.18,0.0,v0
476,2024-05-01,0.0,0.25,-0.25,0.0,v0
476,2024-06-01,0.0,0.1,-0.1,0.0,v0
476,2024-07-01,0.0,0.32,-0.32,0.0,v0
476,2024-08-01,0.0,0.34,-0.34,0.0,v0
476,2024-10-01,0.0,0.37,-0.37,0.0,v0
476,2024-11-01,0.0,0.31,-0.31,0.0,v0
476,2024-12-01,0.0,0.45,-0.45,0.0,v0
477,2022-01-01,0.99,20.0,-19.01,0.0,v0
477,2022-02-01,0.0,12.0,-12.0,0.0,v0
477,2022-03-01,0.0,18.0,-18.0,0.0,v0
477,2022-04-01,1.5,21.0,-19.5,0.0,v0
477,2022-05-01,1.5,14.0,-12.5,0.0,v0
477,2022-06-01,0.0,20.0,-20.0,0.0,v0
477,2022-07-01,1.5,20.0,-18.5,0.0,v0
477,2022-10-01,2.4,22.0,-19.6,0.0,v0
477,2022-11-01,3.4,13.0,-9.6,0.0,v0
477,2022-12-01,9.1,14.0,-4.9,0.0,v0
477,2023-01-01,5.1,12.0,-6.9,0.0,v0
477,2023-03-01,2.4,11.0,-8.6,0.0,v0
477,2023-04-01,3.8,12.0,-8.2,0.0,v0
477,2023-05-01,3.7,10.0,-6.3,0.0,v0
477,2023-06-01,3.0,11.0,-8.0,0.0,v0
477,2023-07-01,1.3,9.3,-8.0,0.0,v0
477,2023-08-01,2.4,3.7,-1.3000000000000003,0.0,v0
477,2023-09-01,2.6,10.0,-7.4,0.0,v0
477,2023-10-01,0.07,16.0,-15.93,0.0,v0
477,2023-11-01,1.7,9.7,-7.999999999999999,0.0,v0
477,2023-12-01,1.8,14.0,-12.2,0.0,v0
477,2024-01-01,5.2,8.9,-3.7,0.0,v0
477,2024-02-01,0.53,1.9,-1.3699999999999999,0.0,v0
477,2024-03-01,2.0,11.0,-9.0,0.0,v0
477,2024-04-01,0.0,15.0,-15.0,0.0,v0
477,2024-05-01,3.3,16.0,-12.7,0.0,v0
477,2024-06-01,0.9,15.0,-14.1,0.0,v0
477,2024-07-01,4.7,17.0,-12.3,0.0,v0
477,2024-08-01,20.0,13.0,7.0,0.0,v0
477,2024-10-01,4.5,22.0,-17.5,0.0,v0
477,2024-11-01,3.8,12.0,-8.2,0.0,v0
477,2024-12-01,4.7,19.0,-14.3,0.0,v0
478,2022-01-01,0.0,0.17,-0.17,0.0,v0
478,2022-02-01,0.0,0.32,-0.32,0.0,v0
478,2022-03-01,0.0,0.18,-0.18,0.0,v0
478,2022-04-01,0.0,0.18,-0.18,0.0,v0
478,2022-05-01,0.0,0.22,-0.22,0.0,v0
478,2022-06-01,0.0,0.17,-0.17,0.0,v0
478,2022-07-01,0.0,0.23,-0.23,0.0,v0
478,2022-08-01,0.0,0.11,-0.11,0.0,v0
478,2022-09-01,0.0,0.25,-0.25,0.0,v0
478,2022-10-01,0.0,0.16,-0.16,0.0,v0
478,2022-11-01,0.0,0.12,-0.12,0.0,v0
478,2023-01-01,0.0,0.12,-0.12,0.0,v0
478,2023-02-01,0.0,0.12,-0.12,0.0,v0
478,2023-03-01,0.0,0.21,-0.21,0.0,v0
478,2023-04-01,0.0,0.12,-0.12,0.0,v0
478,2023-05-01,0.0,0.07,-0.07,0.0,v0
478,2023-06-01,0.0,0.02,-0.02,0.0,v0
478,2023-08-01,0.0,0.12,-0.12,0.0,v0
478,2023-09-01,0.0,0.18,-0.18,0.0,v0
478,2023-10-01,0.0,0.1,-0.1,0.0,v0
478,2023-11-01,0.0,0.26,-0.26,0.0,v0
478,2023-12-01,0.0,0.16,-0.16,0.0,v0
478,2024-01-01,0.0,0.11,-0.11,0.0,v0
479,2022-01-01,0.61,0.0,0.61,0.0,v0
479,2022-02-01,0.45,0.0,0.45,0.0,v0
479,2022-04-01,0.39,0.0,0.39,0.0,v0
479,2022-05-01,0.35,0.0,0.35,0.0,v0
479,2022-06-01,0.03,0.0,0.03,0.0,v0
480,2022-01-01,2.2,0.0,2.2,0.0,v0
480,2022-03-01,0.0,6.8,-6.8,0.0,v0
480,2022-04-01,0.0,6.5,-6.5,0.0,v0
480,2022-05-01,0.0,3.0,-3.0,0.0,v0
480,2022-07-01,2.7,0.0,2.7,0.0,v0
480,2022-10-01,0.0,2.0,-2.0,0.0,v0
480,2023-01-01,1.8,0.0,1.8,0.0,v0
480,2023-03-01,0.0,3.9,-3.9,0.0,v0
480,2023-04-01,0.0,1.4,-1.4,0.0,v0
480,2023-05-01,0.99,0.0,0.99,0.0,v0
480,2023-07-01,1.8,0.0,1.8,0.0,v0
480,2024-01-01,2.1,0.0,2.1,0.0,v0
481,2022-01-01,0.0,0.07,-0.07,0.0,v0
482,2022-01-01,0.0,0.53,-0.53,0.0,v0
482,2022-02-01,0.0,0.27,-0.27,0.0,v0
482,2022-03-01,0.0,0.39,-0.39,0.0,v0
482,2022-04-01,0.0,0.53,-0.53,0.0,v0
482,2022-05-01,0.0,0.39,-0.39,0.0,v0
482,2022-06-01,0.0,0.42,-0.42,0.0,v0
482,2022-07-01,0.0,0.28,-0.28,0.0,v0
482,2022-08-01,0.0,0.32,-0.32,0.0,v0
482,2022-10-01,0.0,0.21,-0.21,0.0,v0
482,2022-11-01,0.0,0.32,-0.32,0.0,v0
482,2022-12-01,0.0,0.35,-0.35,0.0,v0
482,2023-01-01,0.0,0.08,-0.08,0.0,v0
482,2023-02-01,0.0,0.2,-0.2,0.0,v0
482,2023-03-01,0.0,0.14,-0.14,0.0,v0
482,2023-04-01,0.0,0.14,-0.14,0.0,v0
483,2022-01-01,0.0,4.3,-4.3,0.0,v0
484,2022-01-01,0.0,1.3,-1.3,0.0,v0
485,2022-01-01,8.6,0.0,8.6,0.0,v0
485,2022-02-01,0.0,0.27,-0.27,0.0,v0
485,2022-03-01,0.0,0.17,-0.17,0.0,v0
485,2022-04-01,0.0,14.0,-14.0,0.0,v0
486,2022-01-01,0.03,0.95,-0.9199999999999999,0.0,v0
486,2022-02-01,0.09,0.06,0.03,0.0,v0
486,2022-03-01,0.11,0.53,-0.42000000000000004,0.0,v0
486,2022-04-01,0.07,0.39,-0.32,0.0,v0
486,2022-05-01,0.02,0.43,-0.41,0.0,v0
486,2022-06-01,0.03,0.69,-0.6599999999999999,0.0,v0
486,2022-07-01,0.02,2.6,-2.58,0.0,v0
487,2022-01-01,1.3,0.72,0.5800000000000001,0.0,v0
487,2022-02-01,1.6,1.2,0.40000000000000013,0.0,v0
487,2022-04-01,1.3,0.89,0.41000000000000003,0.0,v0
487,2022-05-01,1.4,0.0,1.4,0.0,v0
487,2022-06-01,1.8,0.0,1.8,0.0,v0
487,2022-07-01,1.3,0.0,1.3,0.0,v0
487,2022-08-01,1.5,0.0,1.5,0.0,v0
487,2022-09-01,2.1,0.0,2.1,0.0,v0
487,2022-10-01,0.43,1.2,-0.77,0.0,v0
487,2022-11-01,1.2,2.1,-0.9000000000000001,0.0,v0
487,2022-12-01,0.74,0.86,-0.12,0.0,v0
487,2023-01-01,0.26,0.0,0.26,0.0,v0
487,2023-02-01,1.0,0.0,1.0,0.0,v0
487,2023-03-01,0.24,0.0,0.24,0.0,v0
487,2023-04-01,0.47,0.0,0.47,0.0,v0
487,2023-05-01,1.4,0.0,1.4,0.0,v0
487,2023-06-01,1.3,0.0,1.3,0.0,v0
487,2023-07-01,0.08,0.29,-0.20999999999999996,0.0,v0
487,2023-08-01,2.4,0.0,2.4,0.0,v0
487,2023-09-01,0.34,0.0,0.34,0.0,v0
487,2023-10-01,1.3,0.04,1.26,0.0,v0
487,2023-11-01,0.77,0.0,0.77,0.0,v0
487,2023-12-01,0.66,0.0,0.66,0.0,v0
487,2024-01-01,0.63,0.0,0.63,0.0,v0
487,2024-02-01,1.6,0.8,0.8,0.0,v0
487,2024-03-01,0.6,0.0,0.6,0.0,v0
487,2024-04-01,1.2,0.0,1.2,0.0,v0
487,2024-05-01,0.05,0.02,0.030000000000000002,0.0,v0
487,2024-06-01,0.13,2.2,-2.0700000000000003,0.0,v0
487,2024-07-01,0.14,0.23,-0.09,0.0,v0
487,2024-08-01,0.5,0.0,0.5,0.0,v0
487,2024-09-01,2.2,0.0,2.2,0.0,v0
487,2024-10-01,1.9,0.0,1.9,0.0,v0
487,2024-11-01,0.18,0.0,0.18,0.0,v0
487,2024-12-01,1.2,1.7,-0.5,0.0,v0
488,2022-01-01,3.6,0.0,3.6,0.0,v0
488,2022-02-01,5.1,0.0,5.1,0.0,v0
489,2022-01-01,0.0,2.2,-2.2,0.0,v0
489,2022-02-01,0.0,2.3,-2.3,0.0,v0
489,2022-04-01,1.9,0.0,1.9,0.0,v0
489,2022-05-01,2.8,0.0,2.8,0.0,v0
489,2022-07-01,2.9,0.0,2.9,0.0,v0
489,2022-08-01,2.4,0.0,2.4,0.0,v0
490,2022-01-01,0.0,0.07,-0.07,0.0,v0
490,2022-03-01,0.0,0.2,-0.2,0.0,v0
490,2022-04-01,0.0,0.09,-0.09,0.0,v0
490,2022-07-01,0.0,0.17,-0.17,0.0,v0
490,2022-08-01,0.0,0.1,-0.1,0.0,v0
490,2022-09-01,0.0,0.07,-0.07,0.0,v0
490,2022-12-01,0.0,0.26,-0.26,0.0,v0
490,2023-01-01,0.0,0.02,-0.02,0.0,v0
490,2023-03-01,0.0,0.19,-0.19,0.0,v0
490,2023-04-01,0.0,0.09,-0.09,0.0,v0
490,2023-05-01,0.0,0.18,-0.18,0.0,v0
490,2023-06-01,0.0,0.02,-0.02,0.0,v0
490,2023-07-01,0.0,0.04,-0.04,0.0,v0
490,2024-07-01,0.0,0.07,-0.07,0.0,v0
491,2022-01-01,0.0,0.1,-0.1,0.0,v0
491,2022-02-01,0.1,0.0,0.1,0.0,v0
491,2022-03-01,0.0,0.14,-0.14,0.0,v0
491,2022-04-01,0.0,0.01,-0.01,0.0,v0
492,2022-01-01,0.0,0.05,-0.05,0.0,v0
493,2022-01-01,0.0,3.4,-3.4,0.0,v0
493,2022-02-01,0.0,0.91,-0.91,0.0,v0
493,2022-03-01,0.0,1.9,-1.9,0.0,v0
493,2022-04-01,0.0,2.3,-2.3,0.0,v0
493,2022-05-01,0.0,2.4,-2.4,0.0,v0
493,2022-06-01,0.0,0.14,-0.14,0.0,v0
494,2022-01-01,0.48,0.0,0.48,0.0,v0
494,2022-03-01,0.36,0.0,0.36,0.0,v0
494,2022-04-01,0.02,0.0,0.02,0.0,v0
495,2022-01-01,2.0,0.0,2.0,0.0,v0
495,2022-03-01,1.4,0.0,1.4,0.0,v0
495,2022-07-01,2.5,0.0,2.5,0.0,v0
495,2022-09-01,0.14,0.0,0.14,0.0,v0
495,2022-11-01,1.1,0.0,1.1,0.0,v0
495,2023-02-01,0.77,0.0,0.77,0.0,v0
495,2023-03-01,0.73,0.0,0.73,0.0,v0
495,2023-04-01,0.02,0.0,0.02,0.0,v0
495,2023-05-01,0.99,0.0,0.99,0.0,v0
495,2023-06-01,0.86,0.0,0.86,0.0,v0
495,2023-07-01,0.79,0.08,0.7100000000000001,0.0,v0
495,2023-08-01,1.2,0.0,1.2,0.0,v0
495,2023-09-01,0.68,0.0,0.68,0.0,v0
495,2023-10-01,0.64,0.0,0.64,0.0,v0
495,2023-11-01,1.0,0.0,1.0,0.0,v0
495,2023-12-01,0.31,0.0,0.31,0.0,v0
495,2024-01-01,1.3,0.0,1.3,0.0,v0
495,2024-02-01,1.0,0.0,1.0,0.0,v0
495,2024-04-01,2.2,0.0,2.2,0.0,v0
495,2024-05-01,0.87,0.0,0.87,0.0,v0
495,2024-06-01,0.91,0.0,0.91,0.0,v0
495,2024-07-01,0.28,0.0,0.28,0.0,v0
495,2024-08-01,1.2,0.0,1.2,0.0,v0
495,2024-09-01,0.16,0.0,0.16,0.0,v0
495,2024-10-01,0.05,0.0,0.05,0.0,v0
495,2024-11-01,0.73,0.0,0.73,0.0,v0
496,2022-01-01,0.0,0.06,-0.06,0.0,v0
496,2022-03-01,0.0,0.08,-0.08,0.0,v0
496,2022-08-01,0.0,0.05,-0.05,0.0,v0
496,2022-12-01,0.0,0.04,-0.04,0.0,v0
496,2023-01-01,0.0,0.09,-0.09,0.0,v0
496,2023-04-01,0.0,0.08,-0.08,0.0,v0
496,2023-09-01,0.0,0.36,-0.36,0.0,v0
497,2022-01-01,0.0,0.11,-0.11,0.0,v0
497,2022-12-01,0.0,0.05,-0.05,0.0,v0
497,2023-01-01,0.0,0.05,-0.05,0.0,v0
497,2023-09-01,0.0,0.03,-0.03,0.0,v0
498,2022-01-01,0.0,0.1,-0.1,0.0,v0
498,2022-03-01,0.0,0.07,-0.07,0.0,v0
498,2022-04-01,0.0,0.08,-0.08,0.0,v0
498,2022-05-01,0.0,0.07,-0.07,0.0,v0
498,2022-06-01,0.0,0.04,-0.04,0.0,v0
498,2022-08-01,0.0,0.08,-0.08,0.0,v0
498,2022-09-01,0.0,0.04,-0.04,0.0,v0
498,2022-10-01,0.0,0.05,-0.05,0.0,v0
498,2022-11-01,0.0,0.06,-0.06,0.0,v0
498,2022-12-01,0.0,0.04,-0.04,0.0,v0
498,2023-01-01,0.0,0.04,-0.04,0.0,v0
498,2023-02-01,0.0,0.08,-0.08,0.0,v0
498,2023-03-01,0.0,0.04,-0.04,0.0,v0
498,2023-04-01,0.0,0.06,-0.06,0.0,v0
498,2023-05-01,0.0,0.07,-0.07,0.0,v0
498,2023-07-01,0.0,0.03,-0.03,0.0,v0
498,2023-08-01,0.0,0.04,-0.04,0.0,v0
498,2023-09-01,0.0,0.08,-0.08,0.0,v0
498,2023-10-01,0.0,0.06,-0.06,0.0,v0
498,2023-11-01,0.0,0.06,-0.06,0.0,v0
498,2023-12-01,0.0,0.04,-0.04,0.0,v0
498,2024-01-01,0.0,0.07,-0.07,0.0,v0
498,2024-03-01,0.0,0.05,-0.05,0.0,v0
498,2024-04-01,0.0,0.03,-0.03,0.0,v0
498,2024-05-01,0.0,0.04,-0.04,0.0,v0
498,2024-06-01,0.0,0.04,-0.04,0.0,v0
498,2024-07-01,0.0,0.02,-0.02,0.0,v0
499,2022-01-01,0.0,2.0,-2.0,0.0,v0
499,2022-02-01,0.0,2.2,-2.2,0.0,v0
499,2022-03-01,0.0,2.3,-2.3,0.0,v0
499,2022-04-01,0.0,2.1,-2.1,0.0,v0
499,2022-05-01,0.0,2.4,-2.4,0.0,v0
499,2022-06-01,0.0,2.4,-2.4,0.0,v0
499,2022-07-01,0.0,2.6,-2.6,0.0,v0
499,2022-08-01,0.0,2.1,-2.1,0.0,v0
500,2022-01-01,0.0,0.01,-0.01,0.0,v0
500,2022-03-01,0.0,0.07,-0.07,0.0,v0
500,2022-04-01,0.0,0.07,-0.07,0.0,v0
500,2022-05-01,0.0,0.04,-0.04,0.0,v0
500,2022-06-01,0.0,0.05,-0.05,0.0,v0
501,2022-01-01,0.0,0.46,-0.46,0.0,v0
501,2022-02-01,0.0,0.69,-0.69,0.0,v0
501,2022-03-01,0.0,0.53,-0.53,0.0,v0
501,2022-04-01,0.0,0.75,-0.75,0.0,v0
501,2022-05-01,0.0,0.51,-0.51,0.0,v0
501,2022-06-01,0.0,1.0,-1.0,0.0,v0
501,2022-07-01,0.0,0.64,-0.64,0.0,v0
501,2022-08-01,0.0,0.11,-0.11,0.0,v0
501,2022-09-01,0.0,0.03,-0.03,0.0,v0
501,2022-10-01,0.0,0.02,-0.02,0.0,v0
501,2022-11-01,0.0,0.07,-0.07,0.0,v0
501,2022-12-01,0.0,0.18,-0.18,0.0,v0
502,2022-01-01,0.77,0.87,-0.09999999999999998,0.0,v0
502,2022-02-01,0.44,0.46,-0.020000000000000018,0.0,v0
502,2022-03-01,0.32,0.24,0.08000000000000002,0.0,v0
502,2022-04-01,0.33,0.33,0.0,0.0,v0
502,2022-05-01,0.55,0.71,-0.15999999999999992,0.0,v0
502,2022-06-01,0.42,0.45,-0.030000000000000027,0.0,v0
502,2022-07-01,0.31,0.32,-0.010000000000000009,0.0,v0
502,2022-08-01,0.17,0.3,-0.12999999999999998,0.0,v0
502,2022-09-01,0.3,0.33,-0.030000000000000027,0.0,v0
502,2022-10-01,0.24,0.88,-0.64,0.0,v0
502,2022-11-01,0.07,0.53,-0.46,0.0,v0
502,2022-12-01,0.05,1.1,-1.05,0.0,v0
502,2023-01-01,0.16,0.08,0.08,0.0,v0
502,2023-02-01,0.22,0.65,-0.43000000000000005,0.0,v0
502,2023-03-01,0.22,0.5,-0.28,0.0,v0
502,2023-04-01,0.08,0.96,-0.88,0.0,v0
502,2023-05-01,0.21,0.33,-0.12000000000000002,0.0,v0
502,2023-06-01,0.27,0.8,-0.53,0.0,v0
502,2023-07-01,0.37,0.82,-0.44999999999999996,0.0,v0
502,2023-08-01,0.53,0.97,-0.43999999999999995,0.0,v0
502,2023-09-01,0.23,0.57,-0.33999999999999997,0.0,v0
502,2023-10-01,0.2,1.0,-0.8,0.0,v0
502,2023-11-01,0.18,0.47,-0.29,0.0,v0
502,2023-12-01,0.1,0.39,-0.29000000000000004,0.0,v0
502,2024-01-01,0.37,1.1,-0.7300000000000001,0.0,v0
502,2024-02-01,0.33,0.69,-0.35999999999999993,0.0,v0
502,2024-03-01,0.21,0.34,-0.13000000000000003,0.0,v0
502,2024-04-01,0.19,0.73,-0.54,0.0,v0
502,2024-06-01,0.11,0.58,-0.47,0.0,v0
502,2024-07-01,0.29,0.64,-0.35000000000000003,0.0,v0
502,2024-08-01,0.27,0.66,-0.39,0.0,v0
502,2024-11-01,0.08,0.5,-0.42,0.0,v0
502,2024-12-01,0.13,0.36,-0.22999999999999998,0.0,v0
503,2022-01-01,0.0,0.05,-0.05,0.0,v0
503,2022-03-01,0.0,0.01,-0.01,0.0,v0
503,2022-04-01,0.0,0.06,-0.06,0.0,v0
503,2022-05-01,0.0,0.02,-0.02,0.0,v0
503,2022-07-01,0.0,0.01,-0.01,0.0,v0
503,2022-08-01,0.0,0.04,-0.04,0.0,v0
503,2022-09-01,0.0,0.03,-0.03,0.0,v0
503,2022-10-01,0.0,0.04,-0.04,0.0,v0
503,2022-11-01,0.0,0.01,-0.01,0.0,v0
503,2023-01-01,0.0,0.11,-0.11,0.0,v0
503,2023-03-01,0.0,0.04,-0.04,0.0,v0
503,2023-04-01,0.0,0.06,-0.06,0.0,v0
503,2023-06-01,0.0,0.03,-0.03,0.0,v0
503,2023-11-01,0.0,0.04,-0.04,0.0,v0
503,2023-12-01,0.0,0.04,-0.04,0.0,v0
503,2024-01-01,0.0,0.04,-0.04,0.0,v0
503,2024-03-01,0.0,0.04,-0.04,0.0,v0
503,2024-05-01,0.0,0.07,-0.07,0.0,v0
503,2024-11-01,0.0,0.03,-0.03,0.0,v0
504,2022-01-01,4.4,2.0,2.4000000000000004,0.0,v0
504,2022-02-01,4.2,0.79,3.41,0.0,v0
504,2022-03-01,2.8,3.8,-1.0,0.0,v0
504,2022-04-01,3.9,2.7,1.1999999999999997,0.0,v0
504,2022-05-01,5.0,3.5,1.5,0.0,v0
504,2022-06-01,4.4,1.9,2.5000000000000004,0.0,v0
504,2022-07-01,3.8,0.52,3.28,0.0,v0
504,2022-08-01,1.6,1.2,0.40000000000000013,0.0,v0
504,2022-09-01,3.3,1.1,2.1999999999999997,0.0,v0
504,2022-11-01,2.9,1.5,1.4,0.0,v0
504,2022-12-01,1.3,1.0,0.30000000000000004,0.0,v0
504,2023-01-01,0.47,2.8,-2.33,0.0,v0
504,2023-02-01,2.4,1.1,1.2999999999999998,0.0,v0
504,2023-03-01,3.7,2.7,1.0,0.0,v0
504,2023-04-01,2.6,0.02,2.58,0.0,v0
504,2023-05-01,1.6,0.0,1.6,0.0,v0
504,2023-06-01,1.6,0.71,0.8900000000000001,0.0,v0
504,2023-07-01,2.2,0.0,2.2,0.0,v0
504,2023-08-01,2.1,0.03,2.0700000000000003,0.0,v0
504,2023-09-01,1.4,1.2,0.19999999999999996,0.0,v0
504,2023-10-01,2.4,0.0,2.4,0.0,v0
504,2023-11-01,1.9,0.02,1.88,0.0,v0
504,2023-12-01,2.4,2.1,0.2999999999999998,0.0,v0
504,2024-01-01,2.2,0.0,2.2,0.0,v0
504,2024-02-01,2.6,2.0,0.6000000000000001,0.0,v0
504,2024-05-01,3.1,2.3,0.8000000000000003,0.0,v0
504,2024-06-01,3.5,0.99,2.51,0.0,v0
504,2024-07-01,2.2,1.5,0.7000000000000002,0.0,v0
504,2024-08-01,2.9,2.6,0.2999999999999998,0.0,v0
504,2024-09-01,3.3,1.2,2.0999999999999996,0.0,v0
504,2024-10-01,2.6,0.37,2.23,0.0,v0
504,2024-11-01,2.7,0.54,2.16,0.0,v0
505,2022-01-01,10.0,0.0,10.0,0.0,v0
505,2022-02-01,14.0,0.0,14.0,0.0,v0
505,2022-03-01,6.9,0.0,6.9,0.0,v0
505,2022-04-01,9.5,0.0,9.5,0.0,v0
505,2022-05-01,15.0,0.0,15.0,0.0,v0
505,2022-06-01,4.7,0.0,4.7,0.0,v0
505,2022-07-01,12.0,0.0,12.0,0.0,v0
505,2022-08-01,3.4,0.0,3.4,0.0,v0
505,2022-09-01,13.0,0.0,13.0,0.0,v0
505,2022-10-01,12.0,0.0,12.0,0.0,v0
505,2022-11-01,0.07,0.0,0.07,0.0,v0
505,2022-12-01,6.9,0.0,6.9,0.0,v0
505,2023-01-01,13.0,0.0,13.0,0.0,v0
505,2023-02-01,5.1,0.0,5.1,0.0,v0
505,2023-03-01,15.0,0.0,15.0,0.0,v0
505,2023-04-01,8.7,0.0,8.7,0.0,v0
505,2023-05-01,8.2,0.0,8.2,0.0,v0
505,2023-06-01,4.4,0.0,4.4,0.0,v0
505,2023-07-01,1.7,0.0,1.7,0.0,v0
505,2023-09-01,3.5,0.0,3.5,0.0,v0
505,2023-10-01,19.0,0.0,19.0,0.0,v0
505,2023-11-01,0.99,0.0,0.99,0.0,v0
505,2023-12-01,5.1,0.0,5.1,0.0,v0
505,2024-01-01,5.6,0.0,5.6,0.0,v0
505,2024-02-01,11.0,0.0,11.0,0.0,v0
505,2024-03-01,0.74,0.0,0.74,0.0,v0
505,2024-04-01,6.5,0.0,6.5,0.0,v0
505,2024-05-01,4.5,0.0,4.5,0.0,v0
505,2024-06-01,2.1,0.0,2.1,0.0,v0
505,2024-07-01,7.2,0.0,7.2,0.0,v0
505,2024-08-01,2.3,0.0,2.3,0.0,v0
506,2022-01-01,0.0,0.01,-0.01,0.0,v0
506,2022-04-01,0.0,0.05,-0.05,0.0,v0
506,2022-05-01,0.0,0.03,-0.03,0.0,v0
506,2022-06-01,0.0,0.02,-0.02,0.0,v0
506,2022-07-01,0.0,0.03,-0.03,0.0,v0
506,2022-08-01,0.0,0.03,-0.03,0.0,v0
506,2022-09-01,0.0,0.05,-0.05,0.0,v0
506,2022-10-01,0.0,0.05,-0.05,0.0,v0
506,2022-11-01,0.0,0.06,-0.06,0.0,v0
506,2022-12-01,0.0,0.03,-0.03,0.0,v0
506,2023-01-01,0.0,0.04,-0.04,0.0,v0
506,2023-02-01,0.0,0.03,-0.03,0.0,v0
506,2023-03-01,0.0,0.02,-0.02,0.0,v0
506,2023-04-01,0.0,0.05,-0.05,0.0,v0
506,2023-05-01,0.0,0.02,-0.02,0.0,v0
507,2022-02-01,1.6,0.37,1.23,0.0,v0
507,2022-03-01,1.9,0.42,1.48,0.0,v0
507,2022-05-01,2.4,0.28,2.12,0.0,v0
507,2022-06-01,1.9,0.33,1.5699999999999998,0.0,v0
507,2022-07-01,1.8,0.43,1.37,0.0,v0
507,2022-08-01,2.5,0.54,1.96,0.0,v0
507,2022-09-01,2.0,0.44,1.56,0.0,v0
507,2022-10-01,2.1,0.33,1.77,0.0,v0
507,2022-11-01,1.4,0.53,0.8699999999999999,0.0,v0
507,2022-12-01,1.6,0.31,1.29,0.0,v0
507,2023-01-01,1.4,0.34,1.0599999999999998,0.0,v0
507,2023-02-01,1.2,0.25,0.95,0.0,v0
507,2023-03-01,2.2,0.34,1.86,0.0,v0
507,2023-04-01,1.6,0.47,1.1300000000000001,0.0,v0
507,2023-05-01,1.1,0.12,0.9800000000000001,0.0,v0
507,2023-06-01,1.6,0.0,1.6,0.0,v0
507,2023-07-01,0.96,0.0,0.96,0.0,v0
507,2023-08-01,1.3,0.0,1.3,0.0,v0
507,2023-09-01,0.82,0.0,0.82,0.0,v0
507,2023-10-01,1.1,0.0,1.1,0.0,v0
508,2023-05-01,0.0,0.22,-0.22,0.0,v0
508,2023-09-01,0.0,0.54,-0.54,0.0,v0
508,2023-11-01,0.0,0.11,-0.11,0.0,v0
508,2023-12-01,0.0,0.35,-0.35,0.0,v0
508,2024-01-01,0.0,0.09,-0.09,0.0,v0
509,2022-01-01,12.0,0.0,12.0,0.0,v0
509,2022-02-01,13.0,0.0,13.0,0.0,v0
509,2022-03-01,0.0,3.9,-3.9,0.0,v0
509,2022-04-01,0.0,7.9,-7.9,0.0,v0
509,2022-05-01,0.0,0.07,-0.07,0.0,v0
510,2022-01-01,0.02,0.15,-0.13,0.0,v0
510,2022-02-01,0.03,0.02,0.009999999999999998,0.0,v0
510,2022-03-01,0.02,0.07,-0.05,0.0,v0
510,2022-04-01,0.07,0.06,0.010000000000000009,0.0,v0
510,2022-05-01,0.04,0.12,-0.07999999999999999,0.0,v0
510,2022-06-01,0.02,0.03,-0.009999999999999998,0.0,v0
510,2022-07-01,0.03,0.11,-0.08,0.0,v0
510,2022-08-01,0.09,0.11,-0.020000000000000004,0.0,v0
510,2022-09-01,0.04,0.19,-0.15,0.0,v0
510,2022-10-01,0.03,0.07,-0.04000000000000001,0.0,v0
510,2022-11-01,0.06,0.13,-0.07,0.0,v0
510,2022-12-01,0.02,0.13,-0.11,0.0,v0
510,2023-01-01,0.02,0.05,-0.030000000000000002,0.0,v0
510,2023-02-01,0.05,0.23,-0.18,0.0,v0
510,2023-04-01,0.04,0.14,-0.1,0.0,v0
510,2023-05-01,0.04,0.1,-0.060000000000000005,0.0,v0
510,2023-06-01,0.02,0.1,-0.08,0.0,v0
510,2023-07-01,0.06,0.12,-0.06,0.0,v0
510,2023-08-01,0.03,0.22,-0.19,0.0,v0
510,2023-09-01,0.03,0.15,-0.12,0.0,v0
510,2023-10-01,0.01,0.04,-0.03,0.0,v0
510,2023-11-01,0.02,0.14,-0.12000000000000001,0.0,v0
510,2023-12-01,0.01,0.15,-0.13999999999999999,0.0,v0
510,2024-01-01,0.08,0.14,-0.06000000000000001,0.0,v0
510,2024-02-01,0.04,0.22,-0.18,0.0,v0
510,2024-03-01,0.03,0.18,-0.15,0.0,v0
510,2024-04-01,0.02,0.31,-0.29,0.0,v0
510,2024-05-01,0.04,0.32,-0.28,0.0,v0
510,2024-06-01,0.03,0.25,-0.22,0.0,v0
511,2022-01-01,0.17,0.0,0.17,0.0,v0
511,2022-03-01,0.0,0.01,-0.01,0.0,v0
512,2022-01-01,0.0,2.2,-2.2,0.0,v0
512,2022-02-01,0.0,2.3,-2.3,0.0,v0
512,2022-03-01,0.0,0.93,-0.93,0.0,v0
512,2022-05-01,0.0,0.48,-0.48,0.0,v0
513,2022-01-01,4.3,4.8,-0.5,0.0,v0
513,2022-03-01,6.4,0.01,6.390000000000001,0.0,v0
513,2022-04-01,2.9,0.6,2.3,0.0,v0
513,2022-05-01,4.0,0.7,3.3,0.0,v0
513,2022-06-01,5.9,0.57,5.33,0.0,v0
513,2022-07-01,4.2,5.4,-1.2000000000000002,0.0,v0
513,2022-08-01,4.6,5.1,-0.5,0.0,v0
513,2022-09-01,4.7,4.9,-0.20000000000000018,0.0,v0
513,2022-10-01,5.2,0.47,4.73,0.0,v0
513,2022-11-01,6.2,0.0,6.2,0.0,v0
513,2022-12-01,7.7,0.0,7.7,0.0,v0
513,2023-01-01,5.7,0.0,5.7,0.0,v0
513,2023-02-01,7.2,4.4,2.8,0.0,v0
513,2023-03-01,5.6,0.0,5.6,0.0,v0
513,2023-04-01,6.9,7.5,-0.5999999999999996,0.0,v0
513,2023-05-01,7.4,2.8,4.6000000000000005,0.0,v0
513,2023-06-01,5.3,0.3,5.0,0.0,v0
513,2023-07-01,4.5,6.0,-1.5,0.0,v0
513,2023-08-01,4.1,0.0,4.1,0.0,v0
513,2023-10-01,3.0,0.0,3.0,0.0,v0
513,2023-11-01,5.3,0.0,5.3,0.0,v0
513,2023-12-01,6.5,3.4,3.1,0.0,v0
513,2024-01-01,5.8,0.83,4.97,0.0,v0
513,2024-02-01,3.5,9.5,-6.0,0.0,v0
513,2024-03-01,5.1,4.3,0.7999999999999998,0.0,v0
513,2024-04-01,8.6,6.2,2.3999999999999995,0.0,v0
513,2024-05-01,6.2,0.0,6.2,0.0,v0
513,2024-06-01,6.1,0.0,6.1,0.0,v0
513,2024-07-01,7.3,0.0,7.3,0.0,v0
513,2024-08-01,9.4,1.2,8.200000000000001,0.0,v0
513,2024-09-01,5.4,0.0,5.4,0.0,v0
513,2024-10-01,7.2,1.2,6.0,0.0,v0
513,2024-11-01,6.3,1.2,5.1,0.0,v0
513,2024-12-01,4.9,9.6,-4.699999999999999,0.0,v0
514,2022-01-01,0.0,0.05,-0.05,0.0,v0
514,2022-02-01,0.0,0.08,-0.08,0.0,v0
514,2022-03-01,0.0,0.15,-0.15,0.0,v0
514,2022-08-01,0.0,0.1,-0.1,0.0,v0
514,2022-10-01,0.0,0.04,-0.04,0.0,v0
514,2022-11-01,0.0,0.06,-0.06,0.0,v0
514,2022-12-01,0.0,0.11,-0.11,0.0,v0
514,2023-01-01,0.0,0.04,-0.04,0.0,v0
514,2023-02-01,0.0,0.06,-0.06,0.0,v0
514,2023-07-01,0.0,0.08,-0.08,0.0,v0
514,2023-08-01,0.0,0.1,-0.1,0.0,v0
514,2023-09-01,0.0,0.1,-0.1,0.0,v0
514,2023-12-01,0.0,0.05,-0.05,0.0,v0
514,2024-02-01,0.0,0.08,-0.08,0.0,v0
514,2024-03-01,0.0,0.1,-0.1,0.0,v0
514,2024-05-01,0.0,0.08,-0.08,0.0,v0
514,2024-06-01,0.0,0.05,-0.05,0.0,v0
514,2024-07-01,0.0,0.02,-0.02,0.0,v0
514,2024-08-01,0.0,0.08,-0.08,0.0,v0
514,2024-10-01,0.0,0.06,-0.06,0.0,v0
514,2024-12-01,0.0,0.06,-0.06,0.0,v0
515,2022-01-01,0.06,0.0,0.06,0.0,v0
516,2022-01-01,0.04,0.0,0.04,0.0,v0
516,2022-02-01,0.04,0.0,0.04,0.0,v0
516,2022-05-01,0.04,0.0,0.04,0.0,v0
516,2022-06-01,0.03,0.0,0.03,0.0,v0
516,2022-07-01,0.04,0.0,0.04,0.0,v0
516,2022-08-01,0.05,0.0,0.05,0.0,v0
516,2022-09-01,0.04,0.0,0.04,0.0,v0
516,2023-03-01,0.05,0.0,0.05,0.0,v0
517,2022-01-01,0.0,0.04,-0.04,0.0,v0
518,2022-01-01,0.0,0.12,-0.12,0.0,v0
518,2022-02-01,0.39,0.0,0.39,0.0,v0
518,2022-03-01,0.32,0.0,0.32,0.0,v0
518,2022-05-01,0.16,0.0,0.16,0.0,v0
518,2022-06-01,0.39,0.0,0.39,0.0,v0
519,2022-01-01,0.31,0.0,0.31,0.0,v0
520,2022-01-01,0.0,0.55,-0.55,0.0,v0
520,2022-02-01,0.49,2.4,-1.91,0.0,v0
520,2022-04-01,0.27,0.61,-0.33999999999999997,0.0,v0
520,2022-05-01,0.51,1.4,-0.8899999999999999,0.0,v0
520,2022-07-01,0.24,0.92,-0.68,0.0,v0
520,2022-08-01,0.33,0.51,-0.18,0.0,v0
520,2022-10-01,0.33,0.58,-0.24999999999999994,0.0,v0
520,2022-11-01,0.0,0.6,-0.6,0.0,v0
520,2023-01-01,0.65,0.58,0.07000000000000006,0.0,v0
520,2023-02-01,0.0,0.53,-0.53,0.0,v0
520,2023-04-01,0.0,0.46,-0.46,0.0,v0
520,2023-05-01,0.0,0.4,-0.4,0.0,v0
520,2023-07-01,0.0,0.84,-0.84,0.0,v0
520,2023-08-01,0.0,0.26,-0.26,0.0,v0
520,2023-10-01,0.0,0.9,-0.9,0.0,v0
520,2023-11-01,0.0,0.08,-0.08,0.0,v0
520,2024-01-01,0.0,0.76,-0.76,0.0,v0
520,2024-02-01,0.0,0.71,-0.71,0.0,v0
520,2024-04-01,0.0,1.1,-1.1,0.0,v0
520,2024-05-01,0.0,0.78,-0.78,0.0,v0
520,2024-07-01,0.0,0.94,-0.94,0.0,v0
520,2024-08-01,0.0,0.36,-0.36,0.0,v0
520,2024-10-01,0.0,0.2,-0.2,0.0,v0
521,2022-02-01,0.0,0.28,-0.28,0.0,v0
521,2022-03-01,0.0,0.11,-0.11,0.0,v0
521,2022-04-01,0.0,0.1,-0.1,0.0,v0
521,2022-05-01,0.0,0.16,-0.16,0.0,v0
521,2022-06-01,0.0,0.06,-0.06,0.0,v0
521,2022-07-01,0.0,0.03,-0.03,0.0,v0
521,2022-08-01,0.0,0.07,-0.07,0.0,v0
521,2022-09-01,0.0,0.12,-0.12,0.0,v0
521,2022-10-01,0.0,0.2,-0.2,0.0,v0
521,2023-01-01,0.0,0.09,-0.09,0.0,v0
521,2023-02-01,0.0,0.19,-0.19,0.0,v0
521,2023-04-01,0.0,0.06,-0.06,0.0,v0
521,2023-05-01,0.0,0.11,-0.11,0.0,v0
521,2023-06-01,0.0,0.08,-0.08,0.0,v0
521,2023-07-01,0.0,0.03,-0.03,0.0,v0
521,2023-08-01,0.0,0.03,-0.03,0.0,v0
521,2023-12-01,0.0,0.11,-0.11,0.0,v0
521,2024-03-01,0.0,0.18,-0.18,0.0,v0
521,2024-05-01,0.0,0.09,-0.09,0.0,v0
522,2022-02-01,0.0,0.07,-0.07,0.0,v0
522,2022-05-01,0.0,0.06,-0.06,0.0,v0
523,2022-02-01,0.0,0.06,-0.06,0.0,v0
523,2022-03-01,0.0,0.01,-0.01,0.0,v0
523,2022-04-01,0.0,0.91,-0.91,0.0,v0
523,2022-06-01,0.0,0.89,-0.89,0.0,v0
523,2022-07-01,0.0,0.18,-0.18,0.0,v0
523,2022-08-01,0.0,0.02,-0.02,0.0,v0
523,2022-09-01,0.0,0.39,-0.39,0.0,v0
523,2022-10-01,0.0,0.36,-0.36,0.0,v0
523,2022-12-01,0.0,0.52,-0.52,0.0,v0
523,2023-02-01,0.0,0.04,-0.04,0.0,v0
523,2023-03-01,0.0,0.03,-0.03,0.0,v0
523,2023-04-01,0.0,0.08,-0.08,0.0,v0
523,2023-06-01,0.0,0.08,-0.08,0.0,v0
523,2023-10-01,0.0,0.41,-0.41,0.0,v0
523,2023-12-01,0.0,0.36,-0.36,0.0,v0
523,2024-01-01,0.0,0.08,-0.08,0.0,v0
523,2024-03-01,0.0,0.06,-0.06,0.0,v0
523,2024-05-01,0.0,0.2,-0.2,0.0,v0
524,2022-02-01,0.0,0.11,-0.11,0.0,v0
524,2022-07-01,0.0,0.06,-0.06,0.0,v0
524,2022-09-01,0.0,0.07,-0.07,0.0,v0
524,2022-12-01,0.0,0.02,-0.02,0.0,v0
524,2023-02-01,0.0,0.02,-0.02,0.0,v0
524,2023-05-01,0.0,0.04,-0.04,0.0,v0
524,2023-08-01,0.04,0.83,-0.7899999999999999,0.0,v0
524,2023-09-01,0.0,0.7,-0.7,0.0,v0
524,2023-10-01,0.04,1.1,-1.06,0.0,v0
524,2023-11-01,0.0,0.91,-0.91,0.0,v0
524,2023-12-01,0.01,0.32,-0.31,0.0,v0
524,2024-01-01,0.0,0.47,-0.47,0.0,v0
524,2024-03-01,0.0,0.06,-0.06,0.0,v0
524,2024-05-01,0.0,1.4,-1.4,0.0,v0
524,2024-07-01,0.0,1.1,-1.1,0.0,v0
524,2024-08-01,0.0,1.4,-1.4,0.0,v0
524,2024-12-01,0.0,1.4,-1.4,0.0,v0
525,2022-02-01,0.16,0.0,0.16,0.0,v0
525,2022-03-01,0.09,0.01,0.08,0.0,v0
525,2022-04-01,0.03,0.0,0.03,0.0,v0
525,2022-05-01,0.04,0.0,0.04,0.0,v0
525,2022-07-01,0.1,0.0,0.1,0.0,v0
525,2022-08-01,0.18,0.03,0.15,0.0,v0
525,2022-09-01,0.05,0.0,0.05,0.0,v0
525,2022-10-01,0.11,0.02,0.09,0.0,v0
526,2022-02-01,0.18,0.02,0.16,0.0,v0
527,2022-02-01,0.18,0.0,0.18,0.0,v0
527,2022-03-01,0.19,0.0,0.19,0.0,v0
528,2022-02-01,0.0,0.01,-0.01,0.0,v0
528,2022-03-01,0.0,0.01,-0.01,0.0,v0
529,2022-02-01,0.01,0.0,0.01,0.0,v0
530,2022-02-01,0.0,0.06,-0.06,0.0,v0
530,2022-03-01,0.0,0.07,-0.07,0.0,v0
530,2022-04-01,0.0,0.07,-0.07,0.0,v0
531,2022-02-01,0.3,0.0,0.3,0.0,v0
531,2022-03-01,0.0,0.01,-0.01,0.0,v0
531,2022-04-01,9.9,0.0,9.9,0.0,v0
531,2022-05-01,8.3,1.5,6.800000000000001,0.0,v0
531,2022-06-01,0.02,0.0,0.02,0.0,v0
531,2022-07-01,0.04,0.0,0.04,0.0,v0
531,2022-08-01,0.26,0.0,0.26,0.0,v0
531,2022-09-01,0.36,0.0,0.36,0.0,v0
532,2022-02-01,0.34,0.0,0.34,0.0,v0
532,2022-03-01,7.2,0.0,7.2,0.0,v0
532,2022-04-01,0.6,0.0,0.6,0.0,v0
533,2022-02-01,0.0,0.08,-0.08,0.0,v0
533,2022-03-01,1.2,0.0,1.2,0.0,v0
533,2022-04-01,0.02,0.09,-0.06999999999999999,0.0,v0
533,2022-05-01,0.0,0.01,-0.01,0.0,v0
533,2022-06-01,0.0,0.04,-0.04,0.0,v0
533,2022-07-01,0.0,0.03,-0.03,0.0,v0
533,2022-08-01,0.0,0.03,-0.03,0.0,v0
533,2022-09-01,0.17,0.03,0.14,0.0,v0
533,2022-10-01,0.51,0.03,0.48,0.0,v0
533,2022-12-01,0.32,0.17,0.15,0.0,v0
533,2023-01-01,0.13,0.08,0.05,0.0,v0
533,2023-02-01,0.0,0.15,-0.15,0.0,v0
533,2023-03-01,0.43,0.04,0.39,0.0,v0
534,2022-04-01,0.0,0.39,-0.39,0.0,v0
534,2022-05-01,0.0,0.34,-0.34,0.0,v0
534,2022-07-01,0.0,0.33,-0.33,0.0,v0
534,2022-09-01,0.0,0.3,-0.3,0.0,v0
534,2022-10-01,0.0,0.01,-0.01,0.0,v0
534,2023-03-01,0.0,0.96,-0.96,0.0,v0
534,2023-07-01,0.0,0.44,-0.44,0.0,v0
534,2023-08-01,0.0,0.45,-0.45,0.0,v0
534,2023-09-01,0.0,0.17,-0.17,0.0,v0
534,2023-10-01,0.0,0.37,-0.37,0.0,v0
534,2023-11-01,0.0,0.06,-0.06,0.0,v0
534,2024-03-01,0.0,0.13,-0.13,0.0,v0
534,2024-04-01,0.0,0.49,-0.49,0.0,v0
534,2024-05-01,0.0,0.2,-0.2,0.0,v0
534,2024-06-01,0.0,0.16,-0.16,0.0,v0
534,2024-07-01,0.0,0.26,-0.26,0.0,v0
534,2024-08-01,0.0,0.41,-0.41,0.0,v0
534,2024-09-01,0.0,0.09,-0.09,0.0,v0
534,2024-10-01,0.0,0.09,-0.09,0.0,v0
534,2024-11-01,0.0,0.28,-0.28,0.0,v0
534,2024-12-01,0.0,0.16,-0.16,0.0,v0
535,2022-02-01,0.0,0.17,-0.17,0.0,v0
535,2022-03-01,0.0,0.18,-0.18,0.0,v0
536,2022-02-01,0.0,0.01,-0.01,0.0,v0
536,2022-04-01,0.0,0.01,-0.01,0.0,v0
536,2022-06-01,0.0,0.02,-0.02,0.0,v0
536,2022-07-01,0.0,0.01,-0.01,0.0,v0
536,2022-11-01,0.0,0.01,-0.01,0.0,v0
536,2022-12-01,0.0,0.01,-0.01,0.0,v0
536,2023-04-01,0.0,0.02,-0.02,0.0,v0
536,2023-05-01,0.0,0.02,-0.02,0.0,v0
536,2023-07-01,0.0,0.02,-0.02,0.0,v0
536,2023-09-01,0.0,0.01,-0.01,0.0,v0
536,2023-11-01,0.0,0.03,-0.03,0.0,v0
536,2023-12-01,0.0,0.01,-0.01,0.0,v0
536,2024-01-01,0.0,0.01,-0.01,0.0,v0
536,2024-03-01,0.0,0.01,-0.01,0.0,v0
536,2024-04-01,0.0,0.01,-0.01,0.0,v0
536,2024-08-01,0.0,0.01,-0.01,0.0,v0
536,2024-09-01,0.0,0.02,-0.02,0.0,v0
537,2022-02-01,0.0,0.02,-0.02,0.0,v0
537,2022-03-01,0.0,0.09,-0.09,0.0,v0
538,2022-02-01,0.21,0.0,0.21,0.0,v0
539,2022-02-01,0.0,0.03,-0.03,0.0,v0
539,2022-03-01,0.0,0.11,-0.11,0.0,v0
539,2023-01-01,0.0,0.08,-0.08,0.0,v0
540,2022-03-01,0.0,0.11,-0.11,0.0,v0
540,2022-05-01,0.0,0.07,-0.07,0.0,v0
540,2022-06-01,0.0,0.02,-0.02,0.0,v0
540,2022-07-01,0.0,0.07,-0.07,0.0,v0
540,2022-09-01,0.0,0.07,-0.07,0.0,v0
540,2022-11-01,0.0,0.05,-0.05,0.0,v0
540,2023-01-01,0.0,0.04,-0.04,0.0,v0
540,2023-03-01,0.0,0.06,-0.06,0.0,v0
540,2023-04-01,0.0,0.07,-0.07,0.0,v0
540,2023-05-01,0.0,0.06,-0.06,0.0,v0
540,2023-06-01,0.0,0.09,-0.09,0.0,v0
540,2023-07-01,0.0,0.06,-0.06,0.0,v0
540,2023-08-01,0.0,0.13,-0.13,0.0,v0
540,2023-10-01,0.0,0.08,-0.08,0.0,v0
540,2023-11-01,0.0,0.07,-0.07,0.0,v0
540,2023-12-01,0.0,0.05,-0.05,0.0,v0
540,2024-01-01,0.0,0.04,-0.04,0.0,v0
540,2024-02-01,0.0,0.05,-0.05,0.0,v0
540,2024-03-01,0.0,0.05,-0.05,0.0,v0
540,2024-04-01,0.0,0.07,-0.07,0.0,v0
540,2024-05-01,0.0,0.05,-0.05,0.0,v0
540,2024-06-01,0.0,0.07,-0.07,0.0,v0
540,2024-07-01,0.0,0.05,-0.05,0.0,v0
540,2024-08-01,0.0,0.06,-0.06,0.0,v0
540,2024-09-01,0.02,0.07,-0.05,0.0,v0
540,2024-10-01,0.0,0.05,-0.05,0.0,v0
540,2024-11-01,0.0,0.07,-0.07,0.0,v0
540,2024-12-01,0.0,0.04,-0.04,0.0,v0
541,2022-02-01,0.01,0.01,0.0,0.0,v0
542,2022-02-01,0.28,0.0,0.28,0.0,v0
542,2022-03-01,0.12,0.0,0.12,0.0,v0
542,2022-04-01,0.24,0.02,0.22,0.0,v0
542,2022-05-01,0.06,0.0,0.06,0.0,v0
542,2022-06-01,0.14,0.05,0.09000000000000001,0.0,v0
542,2022-08-01,0.33,0.0,0.33,0.0,v0
542,2022-09-01,0.09,0.0,0.09,0.0,v0
542,2022-10-01,0.31,0.0,0.31,0.0,v0
542,2022-11-01,0.1,0.02,0.08,0.0,v0
543,2022-02-01,0.74,0.27,0.47,0.0,v0
543,2022-03-01,0.0,0.05,-0.05,0.0,v0
544,2022-02-01,0.0,0.01,-0.01,0.0,v0
544,2022-04-01,0.05,0.0,0.05,0.0,v0
544,2022-05-01,0.03,0.0,0.03,0.0,v0
544,2022-06-01,0.04,0.0,0.04,0.0,v0
544,2023-04-01,0.0,0.01,-0.01,0.0,v0
544,2023-08-01,0.02,0.0,0.02,0.0,v0
544,2023-10-01,0.05,0.0,0.05,0.0,v0
544,2023-11-01,0.0,0.01,-0.01,0.0,v0
544,2023-12-01,0.0,0.01,-0.01,0.0,v0
545,2022-02-01,0.0,0.03,-0.03,0.0,v0
545,2022-03-01,3.0,0.0,3.0,0.0,v0
545,2022-04-01,0.02,0.0,0.02,0.0,v0
546,2022-02-01,0.0,0.01,-0.01,0.0,v0
546,2022-03-01,0.08,0.11,-0.03,0.0,v0
546,2022-04-01,0.13,0.14,-0.010000000000000009,0.0,v0
546,2022-06-01,0.09,0.07,0.01999999999999999,0.0,v0
546,2022-07-01,0.28,0.33,-0.04999999999999999,0.0,v0
546,2022-08-01,0.2,0.18,0.020000000000000018,0.0,v0
546,2022-09-01,0.02,0.0,0.02,0.0,v0
546,2022-10-01,0.03,0.0,0.03,0.0,v0
546,2022-11-01,0.0,0.03,-0.03,0.0,v0
546,2022-12-01,0.0,0.05,-0.05,0.0,v0
547,2022-04-01,0.04,0.0,0.04,0.0,v0
547,2022-05-01,0.02,0.0,0.02,0.0,v0
547,2022-08-01,0.01,0.0,0.01,0.0,v0
547,2022-09-01,0.07,0.0,0.07,0.0,v0
547,2022-10-01,0.02,0.0,0.02,0.0,v0
547,2022-11-01,0.07,0.0,0.07,0.0,v0
547,2022-12-01,0.03,0.0,0.03,0.0,v0
547,2023-05-01,0.03,0.0,0.03,0.0,v0
547,2023-06-01,0.04,0.0,0.04,0.0,v0
547,2023-11-01,0.03,0.0,0.03,0.0,v0
547,2023-12-01,0.02,0.0,0.02,0.0,v0
547,2024-01-01,0.01,0.0,0.01,0.0,v0
547,2024-09-01,0.02,0.0,0.02,0.0,v0
547,2024-10-01,0.06,0.0,0.06,0.0,v0
547,2024-11-01,0.03,0.0,0.03,0.0,v0
548,2022-02-01,0.04,0.02,0.02,0.0,v0
548,2022-03-01,0.04,0.0,0.04,0.0,v0
548,2022-04-01,0.0,0.04,-0.04,0.0,v0
548,2022-09-01,0.05,0.0,0.05,0.0,v0
548,2022-12-01,0.01,0.01,0.0,0.0,v0
548,2023-01-01,0.0,0.03,-0.03,0.0,v0
548,2023-03-01,0.0,0.03,-0.03,0.0,v0
548,2023-10-01,0.0,0.02,-0.02,0.0,v0
548,2023-11-01,0.0,0.01,-0.01,0.0,v0
548,2023-12-01,0.04,0.01,0.03,0.0,v0
548,2024-01-01,0.0,0.03,-0.03,0.0,v0
548,2024-02-01,0.0,0.02,-0.02,0.0,v0
548,2024-03-01,0.0,0.03,-0.03,0.0,v0
548,2024-04-01,0.0,0.01,-0.01,0.0,v0
548,2024-05-01,0.0,0.05,-0.05,0.0,v0
548,2024-07-01,0.07,0.02,0.05,0.0,v0
548,2024-08-01,0.08,0.04,0.04,0.0,v0
548,2024-10-01,0.02,0.01,0.01,0.0,v0
548,2024-12-01,0.0,0.06,-0.06,0.0,v0
549,2022-02-01,0.02,0.0,0.02,0.0,v0
550,2022-02-01,0.24,0.0,0.24,0.0,v0
551,2022-02-01,0.03,0.0,0.03,0.0,v0
551,2022-03-01,0.02,0.0,0.02,0.0,v0
551,2022-05-01,0.01,0.0,0.01,0.0,v0
551,2022-06-01,0.01,0.0,0.01,0.0,v0
551,2022-07-01,0.03,0.0,0.03,0.0,v0
551,2022-08-01,0.01,0.0,0.01,0.0,v0
551,2022-09-01,0.02,0.0,0.02,0.0,v0
551,2022-10-01,0.04,0.0,0.04,0.0,v0
551,2022-11-01,0.06,0.0,0.06,0.0,v0
551,2023-01-01,0.03,0.0,0.03,0.0,v0
551,2023-02-01,0.03,0.0,0.03,0.0,v0
552,2022-02-01,0.35,0.0,0.35,0.0,v0
552,2022-03-01,1.4,0.0,1.4,0.0,v0
552,2022-04-01,0.0,7.5,-7.5,0.0,v0
553,2022-02-01,0.0,0.17,-0.17,0.0,v0
553,2022-03-01,0.01,0.02,-0.01,0.0,v0
553,2022-04-01,0.0,0.03,-0.03,0.0,v0
554,2022-02-01,0.22,0.0,0.22,0.0,v0
554,2022-03-01,0.07,0.0,0.07,0.0,v0
554,2022-04-01,0.08,0.0,0.08,0.0,v0
554,2022-05-01,0.0,0.01,-0.01,0.0,v0
554,2022-06-01,0.0,0.02,-0.02,0.0,v0
554,2022-07-01,0.0,0.05,-0.05,0.0,v0
554,2022-08-01,0.0,0.02,-0.02,0.0,v0
554,2022-09-01,0.0,0.02,-0.02,0.0,v0
554,2022-10-01,0.13,0.0,0.13,0.0,v0
554,2023-01-01,0.0,0.01,-0.01,0.0,v0
554,2023-02-01,0.0,0.1,-0.1,0.0,v0
554,2023-03-01,0.0,0.23,-0.23,0.0,v0
554,2023-04-01,0.0,0.14,-0.14,0.0,v0
554,2023-05-01,0.0,0.29,-0.29,0.0,v0
554,2023-06-01,0.0,0.38,-0.38,0.0,v0
554,2023-11-01,0.0,0.03,-0.03,0.0,v0
554,2023-12-01,0.0,0.06,-0.06,0.0,v0
554,2024-02-01,0.0,0.03,-0.03,0.0,v0
554,2024-03-01,0.0,0.01,-0.01,0.0,v0
554,2024-04-01,0.0,0.24,-0.24,0.0,v0
554,2024-07-01,0.0,0.46,-0.46,0.0,v0
554,2024-08-01,0.0,0.02,-0.02,0.0,v0
555,2022-02-01,0.0,3.6,-3.6,0.0,v0
555,2022-03-01,0.0,0.44,-0.44,0.0,v0
556,2022-02-01,0.0,0.01,-0.01,0.0,v0
556,2022-03-01,0.0,0.02,-0.02,0.0,v0
556,2022-04-01,0.84,0.01,0.83,0.0,v0
556,2022-05-01,0.0,0.01,-0.01,0.0,v0
556,2022-06-01,0.0,0.01,-0.01,0.0,v0
557,2022-02-01,13.0,0.0,13.0,0.0,v0
557,2022-03-01,7.3,0.01,7.29,0.0,v0
557,2022-04-01,0.0,0.01,-0.01,0.0,v0
558,2022-02-01,0.01,0.0,0.01,0.0,v0
558,2022-03-01,0.01,0.0,0.01,0.0,v0
558,2022-04-01,0.14,0.0,0.14,0.0,v0
558,2022-05-01,0.12,0.0,0.12,0.0,v0
558,2022-06-01,0.04,0.02,0.02,0.0,v0
558,2022-07-01,0.05,0.0,0.05,0.0,v0
558,2022-08-01,0.0,0.08,-0.08,0.0,v0
558,2022-09-01,0.01,0.0,0.01,0.0,v0
558,2022-11-01,0.0,0.04,-0.04,0.0,v0
558,2022-12-01,0.02,0.15,-0.13,0.0,v0
558,2023-01-01,0.0,0.11,-0.11,0.0,v0
558,2023-02-01,0.0,0.12,-0.12,0.0,v0
558,2023-03-01,0.02,0.0,0.02,0.0,v0
558,2023-04-01,1.0,0.0,1.0,0.0,v0
558,2023-05-01,0.03,0.0,0.03,0.0,v0
558,2023-06-01,0.02,0.0,0.02,0.0,v0
558,2023-07-01,0.03,0.0,0.03,0.0,v0
558,2023-08-01,0.03,0.0,0.03,0.0,v0
558,2023-09-01,0.02,0.0,0.02,0.0,v0
558,2023-10-01,0.01,0.0,0.01,0.0,v0
558,2023-11-01,0.01,0.0,0.01,0.0,v0
558,2023-12-01,0.01,0.26,-0.25,0.0,v0
558,2024-01-01,0.0,0.02,-0.02,0.0,v0
559,2022-02-01,0.0,0.01,-0.01,0.0,v0
560,2022-02-01,0.07,0.05,0.020000000000000004,0.0,v0
560,2022-03-01,0.49,0.0,0.49,0.0,v0
560,2022-04-01,0.08,0.0,0.08,0.0,v0
560,2022-05-01,0.0,0.01,-0.01,0.0,v0
560,2022-06-01,0.01,0.0,0.01,0.0,v0
561,2022-02-01,0.0,0.02,-0.02,0.0,v0
561,2022-05-01,0.0,0.02,-0.02,0.0,v0
561,2022-07-01,0.0,0.01,-0.01,0.0,v0
562,2022-02-01,0.02,0.56,-0.54,0.0,v0
562,2022-03-01,0.02,0.59,-0.57,0.0,v0
562,2022-06-01,0.03,0.54,-0.51,0.0,v0
562,2022-07-01,0.06,0.75,-0.69,0.0,v0
562,2022-08-01,0.07,0.77,-0.7,0.0,v0
562,2022-09-01,0.03,0.89,-0.86,0.0,v0
562,2022-10-01,0.07,0.46,-0.39,0.0,v0
562,2022-11-01,0.04,0.38,-0.34,0.0,v0
562,2023-01-01,0.02,0.53,-0.51,0.0,v0
562,2023-03-01,0.09,0.83,-0.74,0.0,v0
562,2023-04-01,0.1,0.66,-0.56,0.0,v0
562,2023-06-01,0.03,0.78,-0.75,0.0,v0
562,2023-07-01,0.07,0.65,-0.5800000000000001,0.0,v0
562,2023-08-01,0.05,0.68,-0.63,0.0,v0
562,2023-09-01,0.03,0.73,-0.7,0.0,v0
562,2023-10-01,0.07,0.59,-0.52,0.0,v0
562,2023-11-01,0.05,0.77,-0.72,0.0,v0
562,2023-12-01,0.07,0.5,-0.43,0.0,v0
562,2024-01-01,0.03,0.51,-0.48,0.0,v0
562,2024-02-01,0.05,0.32,-0.27,0.0,v0
562,2024-03-01,0.03,0.43,-0.4,0.0,v0
562,2024-04-01,0.05,0.67,-0.62,0.0,v0
562,2024-05-01,0.03,0.76,-0.73,0.0,v0
562,2024-07-01,0.02,0.59,-0.57,0.0,v0
562,2024-08-01,0.05,0.84,-0.7899999999999999,0.0,v0
562,2024-09-01,0.02,0.64,-0.62,0.0,v0
562,2024-10-01,0.02,0.59,-0.57,0.0,v0
562,2024-11-01,0.0,0.78,-0.78,0.0,v0
562,2024-12-01,0.0,0.45,-0.45,0.0,v0
563,2022-02-01,0.0,1.5,-1.5,0.0,v0
563,2022-03-01,0.0,3.8,-3.8,0.0,v0
563,2022-04-01,0.0,3.1,-3.1,0.0,v0
563,2022-05-01,0.0,2.3,-2.3,0.0,v0
564,2022-02-01,0.15,0.0,0.15,0.0,v0
564,2022-03-01,0.53,0.02,0.51,0.0,v0
565,2022-02-01,0.03,0.0,0.03,0.0,v0
566,2022-02-01,0.0,0.01,-0.01,0.0,v0
567,2022-02-01,0.55,0.0,0.55,0.0,v0
567,2022-03-01,0.03,0.0,0.03,0.0,v0
567,2022-04-01,0.18,0.04,0.13999999999999999,0.0,v0
567,2022-05-01,0.0,0.04,-0.04,0.0,v0
567,2022-06-01,0.15,0.0,0.15,0.0,v0
567,2022-07-01,0.06,0.0,0.06,0.0,v0
567,2022-08-01,0.05,0.0,0.05,0.0,v0
567,2022-09-01,0.14,0.0,0.14,0.0,v0
567,2022-10-01,0.1,0.04,0.060000000000000005,0.0,v0
567,2022-11-01,0.12,0.01,0.11,0.0,v0
567,2022-12-01,0.08,0.04,0.04,0.0,v0
567,2023-01-01,0.0,0.13,-0.13,0.0,v0
567,2023-03-01,0.12,0.0,0.12,0.0,v0
567,2023-04-01,0.32,0.0,0.32,0.0,v0
567,2023-06-01,0.09,0.0,0.09,0.0,v0
567,2023-07-01,0.11,0.01,0.1,0.0,v0
567,2023-08-01,0.22,0.01,0.21,0.0,v0
567,2023-09-01,0.04,0.21,-0.16999999999999998,0.0,v0
567,2023-10-01,0.04,0.04,0.0,0.0,v0
567,2023-11-01,0.06,0.0,0.06,0.0,v0
567,2023-12-01,0.14,0.0,0.14,0.0,v0
567,2024-01-01,0.24,0.0,0.24,0.0,v0
568,2022-02-01,0.01,0.0,0.01,0.0,v0
569,2022-02-01,0.51,0.0,0.51,0.0,v0
570,2022-02-01,0.0,0.02,-0.02,0.0,v0
570,2022-03-01,0.0,0.01,-0.01,0.0,v0
571,2022-02-01,0.0,0.64,-0.64,0.0,v0
572,2022-02-01,0.0,0.01,-0.01,0.0,v0
572,2022-03-01,0.17,0.0,0.17,0.0,v0
573,2022-02-01,0.02,0.0,0.02,0.0,v0
574,2022-03-01,0.26,0.01,0.25,0.0,v0
574,2022-04-01,0.35,0.0,0.35,0.0,v0
574,2022-05-01,0.36,0.0,0.36,0.0,v0
574,2022-06-01,0.0,0.02,-0.02,0.0,v0
574,2022-07-01,0.26,0.01,0.25,0.0,v0
575,2022-02-01,0.01,0.0,0.01,0.0,v0
575,2022-03-01,0.01,0.0,0.01,0.0,v0
575,2022-04-01,0.02,0.0,0.02,0.0,v0
575,2022-05-01,0.01,0.0,0.01,0.0,v0
576,2022-02-01,0.0,0.08,-0.08,0.0,v0
577,2022-02-01,0.0,0.09,-0.09,0.0,v0
578,2022-02-01,0.05,0.03,0.020000000000000004,0.0,v0
578,2022-03-01,0.1,0.05,0.05,0.0,v0
578,2022-04-01,0.0,0.02,-0.02,0.0,v0
578,2022-05-01,0.0,0.01,-0.01,0.0,v0
578,2022-06-01,0.06,0.09,-0.03,0.0,v0
578,2022-07-01,0.05,0.13,-0.08,0.0,v0
578,2022-08-01,0.15,0.21,-0.06,0.0,v0
578,2022-09-01,0.15,0.21,-0.06,0.0,v0
578,2022-10-01,0.16,0.14,0.01999999999999999,0.0,v0
578,2022-11-01,0.07,0.01,0.060000000000000005,0.0,v0
578,2022-12-01,0.05,0.0,0.05,0.0,v0
578,2023-01-01,0.01,0.0,0.01,0.0,v0
578,2023-02-01,0.01,0.0,0.01,0.0,v0
579,2022-02-01,0.0,0.04,-0.04,0.0,v0
580,2022-02-01,0.01,0.03,-0.019999999999999997,0.0,v0
581,2022-02-01,0.05,0.09,-0.039999999999999994,0.0,v0
582,2022-02-01,0.03,0.0,0.03,0.0,v0
583,2022-02-01,0.01,0.0,0.01,0.0,v0
583,2022-03-01,0.0,0.08,-0.08,0.0,v0
583,2022-04-01,0.0,0.17,-0.17,0.0,v0
583,2022-05-01,0.0,0.35,-0.35,0.0,v0
583,2022-06-01,0.0,0.53,-0.53,0.0,v0
583,2022-07-01,0.0,0.62,-0.62,0.0,v0
583,2022-08-01,0.0,0.56,-0.56,0.0,v0
583,2022-09-01,0.0,0.44,-0.44,0.0,v0
583,2022-10-01,0.0,0.35,-0.35,0.0,v0
583,2022-11-01,0.0,0.34,-0.34,0.0,v0
584,2022-02-01,0.1,0.0,0.1,0.0,v0
584,2022-03-01,0.0,1.4,-1.4,0.0,v0
585,2022-02-01,0.0,0.02,-0.02,0.0,v0
586,2022-02-01,0.01,0.0,0.01,0.0,v0
586,2022-03-01,0.09,0.0,0.09,0.0,v0
586,2022-04-01,0.55,0.01,0.54,0.0,v0
586,2022-05-01,0.0,0.13,-0.13,0.0,v0
586,2022-06-01,0.07,0.04,0.030000000000000006,0.0,v0
586,2022-07-01,0.0,0.04,-0.04,0.0,v0
586,2022-08-01,0.06,0.0,0.06,0.0,v0
586,2022-09-01,0.0,0.21,-0.21,0.0,v0
587,2022-02-01,0.0,0.06,-0.06,0.0,v0
588,2022-02-01,0.06,0.04,0.019999999999999997,0.0,v0
588,2022-03-01,0.03,0.02,0.009999999999999998,0.0,v0
588,2022-04-01,0.19,0.0,0.19,0.0,v0
588,2022-05-01,0.03,0.07,-0.04000000000000001,0.0,v0
588,2022-06-01,0.09,0.08,0.009999999999999995,0.0,v0
588,2022-07-01,0.0,0.02,-0.02,0.0,v0
588,2022-08-01,0.03,0.0,0.03,0.0,v0
588,2022-09-01,0.05,0.05,0.0,0.0,v0
588,2022-10-01,0.02,0.02,0.0,0.0,v0
588,2022-11-01,0.03,0.03,0.0,0.0,v0
588,2022-12-01,0.0,0.02,-0.02,0.0,v0
588,2023-01-01,0.05,0.06,-0.009999999999999995,0.0,v0
588,2023-04-01,0.04,0.01,0.03,0.0,v0
588,2023-06-01,0.04,0.02,0.02,0.0,v0
588,2023-07-01,0.0,0.04,-0.04,0.0,v0
588,2023-08-01,0.11,0.06,0.05,0.0,v0
588,2023-09-01,0.07,0.07,0.0,0.0,v0
588,2023-11-01,0.07,0.09,-0.01999999999999999,0.0,v0
588,2023-12-01,0.06,0.0,0.06,0.0,v0
588,2024-01-01,0.07,0.08,-0.009999999999999995,0.0,v0
588,2024-04-01,0.14,0.02,0.12000000000000001,0.0,v0
588,2024-05-01,0.07,0.06,0.010000000000000009,0.0,v0
588,2024-06-01,0.08,0.09,-0.009999999999999995,0.0,v0
588,2024-07-01,0.04,0.0,0.04,0.0,v0
588,2024-08-01,0.1,0.05,0.05,0.0,v0
588,2024-09-01,0.0,0.07,-0.07,0.0,v0
588,2024-11-01,0.03,0.03,0.0,0.0,v0
588,2024-12-01,0.03,0.07,-0.04000000000000001,0.0,v0
589,2022-02-01,0.0,0.05,-0.05,0.0,v0
590,2022-02-01,0.0,0.02,-0.02,0.0,v0
591,2022-02-01,0.03,0.0,0.03,0.0,v0
591,2022-03-01,1.0,0.0,1.0,0.0,v0
591,2022-04-01,0.01,0.0,0.01,0.0,v0
591,2022-05-01,0.05,0.0,0.05,0.0,v0
591,2022-06-01,0.01,0.0,0.01,0.0,v0
591,2022-07-01,0.08,0.27,-0.19,0.0,v0
591,2022-08-01,0.01,0.0,0.01,0.0,v0
591,2022-10-01,0.75,0.0,0.75,0.0,v0
591,2022-11-01,0.07,0.0,0.07,0.0,v0
591,2022-12-01,0.65,0.65,0.0,0.0,v0
591,2023-01-01,0.09,0.0,0.09,0.0,v0
591,2023-02-01,0.12,0.58,-0.45999999999999996,0.0,v0
591,2023-03-01,0.45,0.36,0.09000000000000002,0.0,v0
591,2023-04-01,0.38,0.3,0.08000000000000002,0.0,v0
591,2023-06-01,0.17,0.0,0.17,0.0,v0
591,2023-07-01,0.57,0.0,0.57,0.0,v0
591,2023-08-01,0.01,0.0,0.01,0.0,v0
591,2023-09-01,0.62,0.0,0.62,0.0,v0
591,2023-10-01,0.8,0.0,0.8,0.0,v0
591,2023-11-01,0.76,0.0,0.76,0.0,v0
591,2023-12-01,0.12,0.0,0.12,0.0,v0
591,2024-01-01,0.05,0.0,0.05,0.0,v0
591,2024-02-01,0.1,0.0,0.1,0.0,v0
591,2024-03-01,0.67,0.0,0.67,0.0,v0
591,2024-04-01,0.14,0.0,0.14,0.0,v0
591,2024-05-01,0.34,0.0,0.34,0.0,v0
591,2024-06-01,0.18,0.0,0.18,0.0,v0
591,2024-07-01,0.53,0.0,0.53,0.0,v0
592,2022-02-01,0.0,0.24,-0.24,0.0,v0
592,2022-03-01,0.0,1.3,-1.3,0.0,v0
592,2022-04-01,0.0,1.0,-1.0,0.0,v0
592,2022-05-01,0.0,1.0,-1.0,0.0,v0
592,2022-06-01,0.0,1.1,-1.1,0.0,v0
592,2022-08-01,0.0,0.2,-0.2,0.0,v0
592,2024-02-01,0.0,0.06,-0.06,0.0,v0
592,2024-09-01,0.04,0.0,0.04,0.0,v0
592,2024-10-01,0.04,0.0,0.04,0.0,v0
593,2022-02-01,0.0,0.01,-0.01,0.0,v0
593,2022-04-01,0.0,0.01,-0.01,0.0,v0
593,2022-05-01,0.0,0.01,-0.01,0.0,v0
593,2022-06-01,0.0,0.01,-0.01,0.0,v0
593,2022-07-01,0.0,0.04,-0.04,0.0,v0
593,2022-08-01,0.0,0.02,-0.02,0.0,v0
593,2022-09-01,0.0,0.01,-0.01,0.0,v0
593,2022-10-01,0.0,0.05,-0.05,0.0,v0
593,2023-03-01,0.0,0.02,-0.02,0.0,v0
593,2023-04-01,0.0,0.01,-0.01,0.0,v0
593,2023-05-01,0.0,0.01,-0.01,0.0,v0
593,2023-06-01,0.0,0.01,-0.01,0.0,v0
593,2023-08-01,0.0,0.02,-0.02,0.0,v0
593,2023-09-01,0.0,0.03,-0.03,0.0,v0
593,2023-10-01,0.0,0.01,-0.01,0.0,v0
593,2024-01-01,0.0,0.01,-0.01,0.0,v0
593,2024-02-01,0.0,0.02,-0.02,0.0,v0
593,2024-03-01,0.0,0.03,-0.03,0.0,v0
593,2024-05-01,0.0,0.01,-0.01,0.0,v0
593,2024-06-01,0.0,0.02,-0.02,0.0,v0
593,2024-07-01,0.0,0.01,-0.01,0.0,v0
593,2024-09-01,0.0,0.02,-0.02,0.0,v0
593,2024-10-01,0.0,0.02,-0.02,0.0,v0
593,2024-11-01,0.0,0.01,-0.01,0.0,v0
594,2022-02-01,0.04,0.0,0.04,0.0,v0
594,2022-05-01,0.04,0.0,0.04,0.0,v0
594,2022-09-01,0.01,0.0,0.01,0.0,v0
594,2023-03-01,0.02,0.0,0.02,0.0,v0
594,2023-06-01,0.03,0.0,0.03,0.0,v0
594,2023-09-01,0.02,0.0,0.02,0.0,v0
594,2023-12-01,0.02,0.0,0.02,0.0,v0
594,2024-03-01,0.01,0.0,0.01,0.0,v0
594,2024-05-01,0.04,0.01,0.03,0.0,v0
594,2024-07-01,0.01,0.0,0.01,0.0,v0
594,2024-08-01,0.01,0.0,0.01,0.0,v0
594,2024-11-01,0.03,0.0,0.03,0.0,v0
594,2024-12-01,0.01,0.0,0.01,0.0,v0
595,2022-02-01,0.05,0.64,-0.59,0.0,v0
595,2022-03-01,0.0,0.95,-0.95,0.0,v0
595,2022-04-01,0.01,0.0,0.01,0.0,v0
595,2022-05-01,0.03,0.0,0.03,0.0,v0
595,2022-06-01,0.03,0.0,0.03,0.0,v0
595,2022-07-01,0.01,0.57,-0.5599999999999999,0.0,v0
595,2022-08-01,0.0,0.06,-0.06,0.0,v0
596,2022-02-01,0.0,0.09,-0.09,0.0,v0
596,2022-03-01,0.0,0.07,-0.07,0.0,v0
596,2022-04-01,0.0,0.07,-0.07,0.0,v0
596,2022-05-01,0.0,0.05,-0.05,0.0,v0
596,2022-06-01,0.0,0.12,-0.12,0.0,v0
596,2022-08-01,0.0,0.03,-0.03,0.0,v0
596,2022-10-01,0.0,0.12,-0.12,0.0,v0
596,2022-12-01,0.0,0.04,-0.04,0.0,v0
596,2023-03-01,0.0,0.06,-0.06,0.0,v0
596,2023-05-01,0.0,0.04,-0.04,0.0,v0
596,2023-06-01,0.0,0.06,-0.06,0.0,v0
596,2023-07-01,0.0,0.03,-0.03,0.0,v0
596,2024-02-01,0.0,0.03,-0.03,0.0,v0
596,2024-03-01,0.0,0.05,-0.05,0.0,v0
596,2024-05-01,0.0,0.05,-0.05,0.0,v0
596,2024-07-01,0.0,0.05,-0.05,0.0,v0
596,2024-08-01,0.0,0.03,-0.03,0.0,v0
597,2022-02-01,0.01,0.0,0.01,0.0,v0
597,2022-03-01,0.01,0.0,0.01,0.0,v0
597,2022-06-01,0.09,0.0,0.09,0.0,v0
597,2022-08-01,0.03,0.0,0.03,0.0,v0
597,2022-09-01,0.06,0.0,0.06,0.0,v0
597,2022-10-01,0.03,0.0,0.03,0.0,v0
597,2022-11-01,0.01,0.0,0.01,0.0,v0
597,2022-12-01,0.03,0.0,0.03,0.0,v0
597,2023-01-01,0.09,0.0,0.09,0.0,v0
597,2023-04-01,0.02,0.0,0.02,0.0,v0
597,2023-06-01,0.01,0.0,0.01,0.0,v0
597,2023-08-01,0.06,0.0,0.06,0.0,v0
597,2023-09-01,0.04,0.0,0.04,0.0,v0
597,2023-12-01,0.05,0.0,0.05,0.0,v0
597,2024-02-01,0.05,0.0,0.05,0.0,v0
597,2024-03-01,0.02,0.0,0.02,0.0,v0
597,2024-04-01,0.01,0.0,0.01,0.0,v0
597,2024-05-01,0.07,0.0,0.07,0.0,v0
597,2024-08-01,0.05,0.0,0.05,0.0,v0
597,2024-09-01,0.38,0.0,0.38,0.0,v0
597,2024-11-01,0.05,0.0,0.05,0.0,v0
597,2024-12-01,0.1,0.0,0.1,0.0,v0
598,2022-02-01,0.0,0.02,-0.02,0.0,v0
598,2022-03-01,0.0,0.01,-0.01,0.0,v0
599,2022-02-01,0.0,0.03,-0.03,0.0,v0
599,2022-03-01,0.0,0.02,-0.02,0.0,v0
599,2022-04-01,0.0,0.06,-0.06,0.0,v0
599,2022-05-01,0.0,0.06,-0.06,0.0,v0
600,2022-02-01,0.0,0.03,-0.03,0.0,v0
601,2022-02-01,0.0,0.01,-0.01,0.0,v0
601,2022-03-01,0.0,0.02,-0.02,0.0,v0
601,2022-04-01,0.0,0.03,-0.03,0.0,v0
601,2022-05-01,0.0,0.01,-0.01,0.0,v0
601,2022-06-01,0.0,0.01,-0.01,0.0,v0
601,2022-07-01,0.0,0.02,-0.02,0.0,v0
601,2022-08-01,0.0,0.02,-0.02,0.0,v0
601,2022-10-01,0.0,0.17,-0.17,0.0,v0
601,2022-12-01,0.0,0.2,-0.2,0.0,v0
602,2022-02-01,0.0,0.01,-0.01,0.0,v0
602,2022-04-01,0.0,0.01,-0.01,0.0,v0
602,2022-05-01,0.0,0.01,-0.01,0.0,v0
602,2022-06-01,0.0,0.01,-0.01,0.0,v0
603,2022-02-01,0.0,0.01,-0.01,0.0,v0
603,2022-03-01,0.0,0.11,-0.11,0.0,v0
603,2022-04-01,0.0,0.17,-0.17,0.0,v0
603,2022-05-01,0.0,0.27,-0.27,0.0,v0
604,2022-02-01,0.0,0.71,-0.71,0.0,v0
604,2022-04-01,0.0,0.39,-0.39,0.0,v0
604,2022-06-01,0.0,0.09,-0.09,0.0,v0
604,2022-08-01,0.0,0.33,-0.33,0.0,v0
604,2022-09-01,0.0,0.16,-0.16,0.0,v0
604,2022-12-01,0.0,0.77,-0.77,0.0,v0
604,2023-03-01,0.0,0.82,-0.82,0.0,v0
604,2023-05-01,0.0,0.35,-0.35,0.0,v0
604,2023-07-01,0.0,0.7,-0.7,0.0,v0
604,2023-12-01,0.0,0.55,-0.55,0.0,v0
604,2024-03-01,0.0,0.08,-0.08,0.0,v0
604,2024-04-01,0.0,0.39,-0.39,0.0,v0
604,2024-07-01,0.0,0.24,-0.24,0.0,v0
604,2024-08-01,0.0,0.48,-0.48,0.0,v0
604,2024-11-01,0.0,0.48,-0.48,0.0,v0
605,2022-02-01,0.0,1.9,-1.9,0.0,v0
605,2022-04-01,0.0,2.3,-2.3,0.0,v0
605,2022-06-01,0.0,2.3,-2.3,0.0,v0
605,2022-07-01,0.0,1.6,-1.6,0.0,v0
605,2022-08-01,0.0,0.67,-0.67,0.0,v0
605,2022-09-01,0.0,1.3,-1.3,0.0,v0
605,2022-11-01,0.0,1.9,-1.9,0.0,v0
605,2022-12-01,0.0,2.3,-2.3,0.0,v0
605,2023-01-01,0.0,2.1,-2.1,0.0,v0
605,2023-02-01,0.0,1.0,-1.0,0.0,v0
605,2023-03-01,0.0,0.48,-0.48,0.0,v0
605,2023-04-01,0.0,0.68,-0.68,0.0,v0
605,2023-05-01,0.0,1.1,-1.1,0.0,v0
605,2023-06-01,0.0,0.98,-0.98,0.0,v0
605,2023-07-01,0.0,2.1,-2.1,0.0,v0
605,2023-08-01,0.0,0.27,-0.27,0.0,v0
605,2023-09-01,0.0,0.92,-0.92,0.0,v0
605,2023-11-01,0.0,0.05,-0.05,0.0,v0
605,2024-01-01,0.0,2.6,-2.6,0.0,v0
605,2024-03-01,0.0,1.8,-1.8,0.0,v0
605,2024-04-01,0.0,0.85,-0.85,0.0,v0
605,2024-05-01,0.0,1.3,-1.3,0.0,v0
605,2024-07-01,0.0,1.0,-1.0,0.0,v0
605,2024-08-01,0.0,2.2,-2.2,0.0,v0
605,2024-09-01,0.0,1.6,-1.6,0.0,v0
605,2024-10-01,0.0,2.7,-2.7,0.0,v0
605,2024-12-01,0.0,1.3,-1.3,0.0,v0
606,2022-02-01,0.0,0.21,-0.21,0.0,v0
606,2022-03-01,0.0,0.16,-0.16,0.0,v0
606,2022-10-01,0.0,0.4,-0.4,0.0,v0
607,2022-02-01,0.09,0.0,0.09,0.0,v0
607,2022-05-01,0.01,0.0,0.01,0.0,v0
607,2022-08-01,0.04,0.0,0.04,0.0,v0
607,2022-10-01,0.02,0.0,0.02,0.0,v0
607,2022-12-01,0.01,0.0,0.01,0.0,v0
607,2023-03-01,0.02,0.0,0.02,0.0,v0
607,2023-04-01,0.01,0.0,0.01,0.0,v0
607,2023-05-01,0.02,0.0,0.02,0.0,v0
607,2023-06-01,0.04,0.0,0.04,0.0,v0
607,2023-09-01,0.12,0.0,0.12,0.0,v0
607,2023-10-01,0.03,0.0,0.03,0.0,v0
607,2023-11-01,0.01,0.0,0.01,0.0,v0
607,2023-12-01,0.02,0.0,0.02,0.0,v0
607,2024-01-01,0.02,0.0,0.02,0.0,v0
607,2024-04-01,0.04,0.0,0.04,0.0,v0
607,2024-08-01,0.25,0.0,0.25,0.0,v0
607,2024-10-01,0.08,0.0,0.08,0.0,v0
607,2024-11-01,0.0,0.03,-0.03,0.0,v0
607,2024-12-01,0.0,0.06,-0.06,0.0,v0
608,2022-02-01,0.02,0.0,0.02,0.0,v0
608,2022-04-01,0.01,0.0,0.01,0.0,v0
609,2022-02-01,0.0,5.0,-5.0,0.0,v0
609,2022-11-01,0.0,0.39,-0.39,0.0,v0
609,2022-12-01,0.0,0.07,-0.07,0.0,v0
609,2023-01-01,0.0,0.03,-0.03,0.0,v0
609,2023-07-01,0.0,0.81,-0.81,0.0,v0
609,2023-08-01,0.0,0.07,-0.07,0.0,v0
609,2023-10-01,0.0,0.15,-0.15,0.0,v0
609,2023-11-01,0.0,0.38,-0.38,0.0,v0
609,2023-12-01,0.0,0.56,-0.56,0.0,v0
609,2024-01-01,0.0,0.22,-0.22,0.0,v0
609,2024-02-01,0.0,0.09,-0.09,0.0,v0
609,2024-03-01,0.0,0.16,-0.16,0.0,v0
609,2024-05-01,0.0,0.17,-0.17,0.0,v0
609,2024-06-01,0.0,0.27,-0.27,0.0,v0
609,2024-07-01,0.0,0.2,-0.2,0.0,v0
609,2024-08-01,0.0,0.03,-0.03,0.0,v0
609,2024-10-01,0.0,0.27,-0.27,0.0,v0
610,2022-02-01,0.0,2.9,-2.9,0.0,v0
610,2022-03-01,0.0,1.5,-1.5,0.0,v0
610,2022-04-01,0.0,3.5,-3.5,0.0,v0
610,2022-07-01,0.0,7.0,-7.0,0.0,v0
610,2022-08-01,0.0,2.5,-2.5,0.0,v0
610,2022-10-01,0.0,5.9,-5.9,0.0,v0
611,2022-02-01,0.11,0.0,0.11,0.0,v0
612,2022-07-01,0.0,1.8,-1.8,0.0,v0
612,2022-08-01,0.0,0.42,-0.42,0.0,v0
612,2022-09-01,0.0,0.72,-0.72,0.0,v0
612,2022-10-01,0.0,1.8,-1.8,0.0,v0
612,2022-11-01,0.0,1.0,-1.0,0.0,v0
612,2022-12-01,0.0,1.1,-1.1,0.0,v0
612,2023-01-01,0.0,0.22,-0.22,0.0,v0
612,2023-02-01,0.0,0.17,-0.17,0.0,v0
612,2023-04-01,0.0,0.02,-0.02,0.0,v0
612,2023-06-01,0.0,0.04,-0.04,0.0,v0
612,2023-07-01,0.0,0.02,-0.02,0.0,v0
612,2023-08-01,0.0,0.02,-0.02,0.0,v0
612,2023-09-01,0.0,0.03,-0.03,0.0,v0
612,2024-01-01,0.0,0.07,-0.07,0.0,v0
612,2024-03-01,0.0,0.06,-0.06,0.0,v0
612,2024-04-01,0.0,0.07,-0.07,0.0,v0
612,2024-05-01,0.0,0.1,-0.1,0.0,v0
612,2024-06-01,0.0,0.07,-0.07,0.0,v0
612,2024-07-01,0.0,0.06,-0.06,0.0,v0
612,2024-08-01,0.0,0.03,-0.03,0.0,v0
612,2024-09-01,0.0,0.01,-0.01,0.0,v0
613,2022-02-01,0.2,0.0,0.2,0.0,v0
614,2022-02-01,1.2,2.5,-1.3,0.0,v0
615,2022-02-01,0.14,0.0,0.14,0.0,v0
615,2022-04-01,0.15,0.0,0.15,0.0,v0
615,2022-05-01,0.03,0.0,0.03,0.0,v0
615,2022-09-01,0.03,0.0,0.03,0.0,v0
615,2022-10-01,0.06,0.0,0.06,0.0,v0
616,2022-02-01,0.0,0.15,-0.15,0.0,v0
616,2022-03-01,0.0,0.23,-0.23,0.0,v0
617,2022-02-01,0.0,0.07,-0.07,0.0,v0
618,2022-02-01,0.0,4.7,-4.7,0.0,v0
618,2022-03-01,0.0,0.07,-0.07,0.0,v0
619,2022-02-01,0.0,0.01,-0.01,0.0,v0
619,2022-03-01,0.0,0.02,-0.02,0.0,v0
619,2022-04-01,0.0,0.08,-0.08,0.0,v0
619,2022-11-01,0.0,0.18,-0.18,0.0,v0
620,2022-03-01,0.2,0.0,0.2,0.0,v0
620,2022-08-01,0.0,0.01,-0.01,0.0,v0
620,2022-10-01,0.07,0.0,0.07,0.0,v0
620,2022-12-01,0.11,0.0,0.11,0.0,v0
620,2023-02-01,0.07,0.0,0.07,0.0,v0
620,2023-04-01,0.13,0.0,0.13,0.0,v0
621,2022-03-01,0.0,0.01,-0.01,0.0,v0
621,2022-04-01,0.0,0.04,-0.04,0.0,v0
621,2022-06-01,0.0,0.01,-0.01,0.0,v0
622,2023-06-01,0.0,0.03,-0.03,0.0,v0
622,2023-08-01,0.0,0.02,-0.02,0.0,v0
622,2023-12-01,0.0,0.02,-0.02,0.0,v0
622,2024-02-01,0.0,0.01,-0.01,0.0,v0
622,2024-05-01,0.0,0.01,-0.01,0.0,v0
622,2024-06-01,0.0,0.01,-0.01,0.0,v0
622,2024-08-01,0.0,0.01,-0.01,0.0,v0
622,2024-09-01,0.0,0.01,-0.01,0.0,v0
623,2022-03-01,1.2,0.0,1.2,0.0,v0
623,2022-06-01,1.9,0.0,1.9,0.0,v0
623,2022-08-01,1.3,0.0,1.3,0.0,v0
623,2022-11-01,0.67,0.0,0.67,0.0,v0
623,2022-12-01,0.88,0.0,0.88,0.0,v0
623,2023-02-01,1.1,0.0,1.1,0.0,v0
623,2023-04-01,1.8,0.0,1.8,0.0,v0
623,2023-05-01,1.5,0.0,1.5,0.0,v0
623,2023-08-01,1.3,0.0,1.3,0.0,v0
623,2024-01-01,1.2,0.0,1.2,0.0,v0
623,2024-03-01,1.3,0.0,1.3,0.0,v0
623,2024-05-01,0.73,0.0,0.73,0.0,v0
623,2024-07-01,1.5,0.0,1.5,0.0,v0
623,2024-10-01,1.6,0.0,1.6,0.0,v0
623,2024-11-01,1.9,0.0,1.9,0.0,v0
623,2024-12-01,1.9,0.0,1.9,0.0,v0
624,2022-03-01,0.0,0.2,-0.2,0.0,v0
625,2022-03-01,0.0,0.45,-0.45,0.0,v0
625,2022-04-01,0.0,0.41,-0.41,0.0,v0
625,2022-05-01,0.0,0.42,-0.42,0.0,v0
626,2022-03-01,0.0,0.1,-0.1,0.0,v0
626,2022-04-01,0.0,0.19,-0.19,0.0,v0
627,2022-03-01,0.0,3.6,-3.6,0.0,v0
627,2022-05-01,0.0,3.0,-3.0,0.0,v0
627,2022-06-01,0.0,1.2,-1.2,0.0,v0
627,2022-07-01,0.0,1.1,-1.1,0.0,v0
627,2022-08-01,0.0,0.19,-0.19,0.0,v0
627,2022-10-01,0.0,1.0,-1.0,0.0,v0
627,2022-11-01,0.0,1.6,-1.6,0.0,v0
627,2023-01-01,0.0,1.9,-1.9,0.0,v0
627,2023-02-01,0.0,0.66,-0.66,0.0,v0
627,2023-05-01,0.0,0.08,-0.08,0.0,v0
627,2023-06-01,0.0,0.07,-0.07,0.0,v0
628,2022-03-01,0.0,0.04,-0.04,0.0,v0
628,2022-04-01,0.0,0.02,-0.02,0.0,v0
628,2022-05-01,0.0,0.03,-0.03,0.0,v0
628,2022-06-01,0.0,0.02,-0.02,0.0,v0
628,2022-07-01,0.0,0.01,-0.01,0.0,v0
628,2022-08-01,0.0,0.03,-0.03,0.0,v0
628,2022-09-01,0.0,0.04,-0.04,0.0,v0
628,2022-11-01,0.0,0.03,-0.03,0.0,v0
628,2022-12-01,0.0,0.02,-0.02,0.0,v0
628,2023-01-01,0.0,0.02,-0.02,0.0,v0
628,2023-02-01,0.0,0.03,-0.03,0.0,v0
628,2023-03-01,0.0,0.02,-0.02,0.0,v0
628,2023-04-01,0.0,0.03,-0.03,0.0,v0
628,2023-05-01,0.0,0.01,-0.01,0.0,v0
628,2023-06-01,0.0,0.03,-0.03,0.0,v0
628,2023-07-01,0.0,0.02,-0.02,0.0,v0
628,2023-08-01,0.0,0.01,-0.01,0.0,v0
628,2023-09-01,0.0,0.02,-0.02,0.0,v0
629,2022-03-01,0.01,0.03,-0.019999999999999997,0.0,v0
629,2022-04-01,0.0,0.04,-0.04,0.0,v0
630,2022-03-01,0.0,0.11,-0.11,0.0,v0
630,2022-04-01,0.0,0.11,-0.11,0.0,v0
630,2022-05-01,0.0,0.17,-0.17,0.0,v0
630,2022-06-01,0.0,0.06,-0.06,0.0,v0
630,2022-07-01,0.0,0.06,-0.06,0.0,v0
630,2022-08-01,0.0,0.05,-0.05,0.0,v0
631,2022-03-01,0.0,0.06,-0.06,0.0,v0
632,2022-03-01,0.0,0.07,-0.07,0.0,v0
633,2022-03-01,0.05,0.0,0.05,0.0,v0
633,2022-04-01,0.54,0.0,0.54,0.0,v0
633,2022-05-01,0.64,0.0,0.64,0.0,v0
633,2022-06-01,0.68,0.0,0.68,0.0,v0
633,2022-07-01,0.0,0.01,-0.01,0.0,v0
634,2022-03-01,0.0,0.06,-0.06,0.0,v0
634,2022-04-01,0.62,0.0,0.62,0.0,v0
634,2022-05-01,0.58,0.0,0.58,0.0,v0
634,2022-06-01,0.78,0.0,0.78,0.0,v0
635,2022-03-01,0.16,0.0,0.16,0.0,v0
635,2022-04-01,0.19,0.0,0.19,0.0,v0
636,2022-03-01,0.13,0.0,0.13,0.0,v0
637,2022-03-01,0.46,0.0,0.46,0.0,v0
638,2022-03-01,0.0,0.18,-0.18,0.0,v0
638,2022-04-01,0.0,0.27,-0.27,0.0,v0
638,2023-11-01,0.0,0.11,-0.11,0.0,v0
639,2022-03-01,0.08,0.0,0.08,0.0,v0
639,2022-05-01,0.05,0.0,0.05,0.0,v0
639,2022-06-01,0.06,0.0,0.06,0.0,v0
639,2022-07-01,0.05,0.0,0.05,0.0,v0
639,2022-08-01,0.06,0.0,0.06,0.0,v0
640,2022-03-01,0.36,0.0,0.36,0.0,v0
640,2022-04-01,0.6,0.0,0.6,0.0,v0
640,2022-05-01,0.51,0.0,0.51,0.0,v0
641,2022-03-01,0.0,0.08,-0.08,0.0,v0
641,2022-04-01,0.0,0.03,-0.03,0.0,v0
642,2022-03-01,0.01,0.02,-0.01,0.0,v0
642,2022-04-01,0.01,0.0,0.01,0.0,v0
642,2022-05-01,0.01,0.0,0.01,0.0,v0
642,2022-10-01,0.01,0.0,0.01,0.0,v0
642,2023-01-01,0.01,0.0,0.01,0.0,v0
642,2023-03-01,0.01,0.0,0.01,0.0,v0
642,2023-05-01,0.01,0.0,0.01,0.0,v0
642,2023-07-01,0.01,0.0,0.01,0.0,v0
642,2023-09-01,0.01,0.0,0.01,0.0,v0
642,2023-10-01,0.01,0.0,0.01,0.0,v0
642,2024-05-01,0.01,0.0,0.01,0.0,v0
642,2024-07-01,0.01,0.0,0.01,0.0,v0
642,2024-11-01,0.01,0.0,0.01,0.0,v0
643,2022-03-01,0.0,1.0,-1.0,0.0,v0
643,2022-04-01,0.38,0.75,-0.37,0.0,v0
643,2022-05-01,0.0,1.2,-1.2,0.0,v0
643,2022-06-01,0.0,0.95,-0.95,0.0,v0
643,2022-07-01,0.0,0.94,-0.94,0.0,v0
643,2022-08-01,0.0,0.95,-0.95,0.0,v0
643,2022-09-01,0.0,0.92,-0.92,0.0,v0
643,2022-10-01,0.0,1.0,-1.0,0.0,v0
643,2022-11-01,0.0,2.2,-2.2,0.0,v0
643,2022-12-01,0.0,1.7,-1.7,0.0,v0
643,2023-01-01,0.0,0.79,-0.79,0.0,v0
643,2023-02-01,0.0,1.1,-1.1,0.0,v0
643,2023-03-01,0.01,0.0,0.01,0.0,v0
644,2022-03-01,0.0,0.05,-0.05,0.0,v0
644,2022-04-01,0.0,0.02,-0.02,0.0,v0
644,2022-05-01,0.0,0.17,-0.17,0.0,v0
644,2022-06-01,0.0,0.11,-0.11,0.0,v0
645,2022-03-01,1.9,0.73,1.17,0.0,v0
645,2022-04-01,1.7,0.34,1.3599999999999999,0.0,v0
645,2022-05-01,1.0,1.3,-0.30000000000000004,0.0,v0
645,2022-06-01,0.38,0.13,0.25,0.0,v0
645,2022-07-01,0.45,0.17,0.28,0.0,v0
645,2022-08-01,0.2,0.16,0.04000000000000001,0.0,v0
645,2022-09-01,0.23,0.68,-0.45000000000000007,0.0,v0
646,2022-03-01,0.0,0.01,-0.01,0.0,v0
646,2022-04-01,0.01,0.0,0.01,0.0,v0
646,2022-05-01,0.0,0.03,-0.03,0.0,v0
646,2022-06-01,0.1,0.0,0.1,0.0,v0
646,2022-07-01,0.04,0.0,0.04,0.0,v0
646,2022-08-01,0.08,0.0,0.08,0.0,v0
646,2022-09-01,0.12,0.0,0.12,0.0,v0
646,2022-10-01,0.19,0.0,0.19,0.0,v0
647,2022-03-01,0.0,0.03,-0.03,0.0,v0
647,2022-04-01,0.0,0.08,-0.08,0.0,v0
647,2022-05-01,0.04,0.0,0.04,0.0,v0
647,2022-06-01,0.0,0.09,-0.09,0.0,v0
647,2022-07-01,0.0,0.07,-0.07,0.0,v0
647,2022-08-01,0.0,0.05,-0.05,0.0,v0
647,2022-09-01,0.0,0.06,-0.06,0.0,v0
647,2022-10-01,0.0,0.06,-0.06,0.0,v0
647,2022-11-01,0.0,0.06,-0.06,0.0,v0
648,2022-03-01,0.0,0.01,-0.01,0.0,v0
648,2022-05-01,0.0,0.05,-0.05,0.0,v0
648,2022-06-01,0.0,0.08,-0.08,0.0,v0
648,2022-07-01,0.0,0.08,-0.08,0.0,v0
648,2022-08-01,0.0,0.18,-0.18,0.0,v0
648,2022-12-01,0.0,0.21,-0.21,0.0,v0
648,2023-03-01,0.0,0.2,-0.2,0.0,v0
648,2023-04-01,0.0,0.02,-0.02,0.0,v0
648,2023-06-01,0.0,0.15,-0.15,0.0,v0
648,2023-07-01,0.0,0.06,-0.06,0.0,v0
648,2023-08-01,0.0,0.05,-0.05,0.0,v0
648,2023-09-01,0.0,0.1,-0.1,0.0,v0
648,2023-10-01,0.0,0.01,-0.01,0.0,v0
648,2023-11-01,0.0,0.23,-0.23,0.0,v0
648,2023-12-01,0.0,0.15,-0.15,0.0,v0
648,2024-01-01,0.0,0.05,-0.05,0.0,v0
648,2024-02-01,0.0,0.16,-0.16,0.0,v0
648,2024-03-01,0.0,0.04,-0.04,0.0,v0
648,2024-04-01,0.0,0.21,-0.21,0.0,v0
648,2024-05-01,0.0,0.03,-0.03,0.0,v0
648,2024-06-01,0.0,0.04,-0.04,0.0,v0
648,2024-07-01,0.0,0.05,-0.05,0.0,v0
648,2024-08-01,0.0,0.2,-0.2,0.0,v0
648,2024-09-01,0.0,0.01,-0.01,0.0,v0
648,2024-10-01,0.0,0.11,-0.11,0.0,v0
648,2024-11-01,0.0,0.02,-0.02,0.0,v0
648,2024-12-01,0.0,0.05,-0.05,0.0,v0
649,2022-03-01,0.0,0.04,-0.04,0.0,v0
649,2022-04-01,0.0,0.04,-0.04,0.0,v0
649,2022-07-01,0.0,0.05,-0.05,0.0,v0
650,2022-03-01,0.02,0.0,0.02,0.0,v0
650,2022-04-01,0.02,0.01,0.01,0.0,v0
650,2022-05-01,0.01,0.0,0.01,0.0,v0
650,2022-06-01,0.03,0.01,0.019999999999999997,0.0,v0
650,2022-09-01,0.01,0.0,0.01,0.0,v0
650,2022-11-01,0.03,0.0,0.03,0.0,v0
650,2023-01-01,0.01,0.0,0.01,0.0,v0
650,2023-04-01,0.03,0.0,0.03,0.0,v0
650,2024-09-01,0.28,0.01,0.27,0.0,v0
650,2024-10-01,0.03,0.01,0.019999999999999997,0.0,v0
650,2024-11-01,0.36,0.02,0.33999999999999997,0.0,v0
651,2022-03-01,0.02,0.0,0.02,0.0,v0
652,2022-03-01,0.49,0.0,0.49,0.0,v0
652,2022-04-01,0.39,0.0,0.39,0.0,v0
652,2022-05-01,0.5,0.0,0.5,0.0,v0
652,2022-06-01,0.34,0.0,0.34,0.0,v0
652,2022-07-01,0.4,0.0,0.4,0.0,v0
653,2022-03-01,0.02,0.0,0.02,0.0,v0
653,2022-04-01,0.01,0.0,0.01,0.0,v0
653,2022-05-01,0.0,0.08,-0.08,0.0,v0
653,2022-06-01,0.02,0.0,0.02,0.0,v0
653,2022-07-01,0.0,0.02,-0.02,0.0,v0
653,2022-08-01,0.0,0.02,-0.02,0.0,v0
654,2022-03-01,0.0,0.03,-0.03,0.0,v0
655,2022-03-01,0.01,0.0,0.01,0.0,v0
656,2022-03-01,0.05,0.0,0.05,0.0,v0
656,2022-04-01,0.01,0.0,0.01,0.0,v0
656,2022-05-01,0.01,0.0,0.01,0.0,v0
657,2022-03-01,0.01,0.0,0.01,0.0,v0
657,2022-04-01,0.04,0.0,0.04,0.0,v0
657,2022-05-01,5.5,0.0,5.5,0.0,v0
657,2022-06-01,0.07,0.0,0.07,0.0,v0
658,2022-03-01,0.0,0.05,-0.05,0.0,v0
658,2022-04-01,0.0,0.01,-0.01,0.0,v0
658,2022-05-01,0.05,0.0,0.05,0.0,v0
658,2022-06-01,0.0,0.01,-0.01,0.0,v0
658,2022-07-01,0.35,0.0,0.35,0.0,v0
658,2022-08-01,0.0,0.1,-0.1,0.0,v0
658,2022-09-01,0.05,0.0,0.05,0.0,v0
658,2022-11-01,0.07,0.3,-0.22999999999999998,0.0,v0
658,2022-12-01,0.0,0.03,-0.03,0.0,v0
658,2023-01-01,0.0,0.04,-0.04,0.0,v0
659,2022-03-01,1.1,0.1,1.0,0.0,v0
660,2022-03-01,0.0,0.04,-0.04,0.0,v0
661,2022-03-01,0.0,0.01,-0.01,0.0,v0
662,2022-03-01,0.0,0.02,-0.02,0.0,v0
662,2023-03-01,0.0,0.01,-0.01,0.0,v0
662,2024-09-01,0.0,0.07,-0.07,0.0,v0
662,2024-10-01,0.0,0.07,-0.07,0.0,v0
662,2024-11-01,0.0,0.01,-0.01,0.0,v0
663,2022-03-01,0.29,0.0,0.29,0.0,v0
663,2022-04-01,0.66,0.0,0.66,0.0,v0
664,2022-03-01,0.0,0.01,-0.01,0.0,v0
665,2022-04-01,0.0,0.29,-0.29,0.0,v0
665,2022-05-01,0.0,0.09,-0.09,0.0,v0
665,2022-06-01,0.0,0.24,-0.24,0.0,v0
665,2022-07-01,0.02,0.0,0.02,0.0,v0
665,2022-08-01,0.09,0.0,0.09,0.0,v0
665,2022-09-01,0.06,0.0,0.06,0.0,v0
665,2022-10-01,0.01,0.0,0.01,0.0,v0
665,2022-11-01,0.07,0.0,0.07,0.0,v0
666,2022-03-01,0.0,0.02,-0.02,0.0,v0
666,2022-06-01,0.0,0.04,-0.04,0.0,v0
666,2022-12-01,0.0,0.02,-0.02,0.0,v0
666,2023-05-01,0.0,0.01,-0.01,0.0,v0
666,2023-07-01,0.0,0.02,-0.02,0.0,v0
666,2023-10-01,0.0,0.03,-0.03,0.0,v0
667,2022-03-01,0.03,0.0,0.03,0.0,v0
667,2022-04-01,0.0,0.23,-0.23,0.0,v0
667,2022-07-01,0.07,0.0,0.07,0.0,v0
667,2022-09-01,0.03,0.0,0.03,0.0,v0
667,2022-12-01,0.07,0.52,-0.45,0.0,v0
667,2023-03-01,0.03,0.0,0.03,0.0,v0
667,2023-04-01,0.42,0.0,0.42,0.0,v0
667,2023-06-01,0.07,0.0,0.07,0.0,v0
667,2023-12-01,0.1,0.0,0.1,0.0,v0
667,2024-03-01,0.7,0.0,0.7,0.0,v0
668,2022-03-01,0.0,0.07,-0.07,0.0,v0
669,2022-03-01,0.0,0.5,-0.5,0.0,v0
670,2022-03-01,0.0,0.07,-0.07,0.0,v0
670,2022-04-01,0.0,0.01,-0.01,0.0,v0
670,2022-05-01,0.0,0.03,-0.03,0.0,v0
671,2022-03-01,0.01,0.01,0.0,0.0,v0
671,2022-04-01,0.07,0.0,0.07,0.0,v0
671,2022-05-01,0.0,0.1,-0.1,0.0,v0
672,2022-03-01,0.0,0.01,-0.01,0.0,v0
673,2022-03-01,0.0,0.02,-0.02,0.0,v0
673,2022-04-01,0.3,0.0,0.3,0.0,v0
673,2022-05-01,0.15,0.0,0.15,0.0,v0
673,2022-10-01,0.21,0.0,0.21,0.0,v0
673,2023-02-01,0.4,0.0,0.4,0.0,v0
673,2023-03-01,0.13,0.0,0.13,0.0,v0
673,2023-04-01,0.26,0.0,0.26,0.0,v0
673,2023-05-01,0.14,0.0,0.14,0.0,v0
673,2023-06-01,0.2,0.0,0.2,0.0,v0
673,2023-07-01,0.3,0.0,0.3,0.0,v0
673,2023-09-01,0.18,0.0,0.18,0.0,v0
673,2023-11-01,0.19,0.0,0.19,0.0,v0
673,2023-12-01,0.0,0.02,-0.02,0.0,v0
673,2024-01-01,0.12,0.0,0.12,0.0,v0
673,2024-02-01,0.06,0.0,0.06,0.0,v0
673,2024-04-01,0.04,0.0,0.04,0.0,v0
673,2024-08-01,0.06,0.0,0.06,0.0,v0
673,2024-10-01,0.06,0.0,0.06,0.0,v0
674,2022-03-01,0.09,0.0,0.09,0.0,v0
674,2022-04-01,0.22,0.0,0.22,0.0,v0
674,2022-05-01,0.17,0.0,0.17,0.0,v0
674,2022-06-01,0.24,0.0,0.24,0.0,v0
674,2022-07-01,0.07,0.0,0.07,0.0,v0
674,2022-08-01,0.29,0.0,0.29,0.0,v0
674,2022-09-01,0.0,1.9,-1.9,0.0,v0
675,2022-03-01,0.0,0.61,-0.61,0.0,v0
675,2022-04-01,0.0,0.22,-0.22,0.0,v0
675,2022-05-01,0.03,0.0,0.03,0.0,v0
675,2022-06-01,0.0,1.4,-1.4,0.0,v0
676,2022-03-01,0.1,0.04,0.060000000000000005,0.0,v0
677,2022-03-01,0.0,2.3,-2.3,0.0,v0
677,2022-04-01,0.54,0.03,0.51,0.0,v0
677,2022-06-01,0.0,0.01,-0.01,0.0,v0
677,2022-07-01,0.0,0.35,-0.35,0.0,v0
677,2022-08-01,0.0,0.04,-0.04,0.0,v0
677,2022-09-01,0.0,0.01,-0.01,0.0,v0
678,2022-03-01,0.3,0.22,0.07999999999999999,0.0,v0
678,2022-04-01,0.87,0.09,0.78,0.0,v0
679,2022-03-01,0.0,2.0,-2.0,0.0,v0
679,2022-04-01,0.0,3.5,-3.5,0.0,v0
679,2022-05-01,0.0,4.0,-4.0,0.0,v0
679,2022-06-01,0.0,4.3,-4.3,0.0,v0
679,2022-07-01,0.0,1.6,-1.6,0.0,v0
680,2022-03-01,0.0,0.05,-0.05,0.0,v0
680,2022-04-01,0.0,0.06,-0.06,0.0,v0
680,2022-05-01,0.0,0.04,-0.04,0.0,v0
680,2022-06-01,0.0,0.08,-0.08,0.0,v0
680,2022-07-01,0.0,0.05,-0.05,0.0,v0
680,2022-08-01,0.0,0.08,-0.08,0.0,v0
681,2022-03-01,0.0,0.02,-0.02,0.0,v0
682,2022-03-01,0.01,0.0,0.01,0.0,v0
683,2022-03-01,0.01,0.0,0.01,0.0,v0
683,2022-04-01,0.01,0.0,0.01,0.0,v0
683,2022-05-01,0.01,0.0,0.01,0.0,v0
683,2022-06-01,0.02,0.0,0.02,0.0,v0
683,2022-07-01,0.04,0.0,0.04,0.0,v0
684,2022-03-01,0.01,0.0,0.01,0.0,v0
684,2022-04-01,0.54,0.0,0.54,0.0,v0
684,2022-05-01,0.06,0.01,0.049999999999999996,0.0,v0
684,2022-06-01,0.07,0.0,0.07,0.0,v0
684,2022-07-01,0.07,0.0,0.07,0.0,v0
684,2022-08-01,0.06,0.0,0.06,0.0,v0
684,2022-09-01,0.04,0.0,0.04,0.0,v0
684,2022-11-01,0.06,0.0,0.06,0.0,v0
684,2022-12-01,0.06,0.0,0.06,0.0,v0
684,2023-01-01,0.08,0.0,0.08,0.0,v0
684,2023-02-01,0.25,0.0,0.25,0.0,v0
684,2023-03-01,0.02,0.0,0.02,0.0,v0
684,2023-04-01,0.17,0.0,0.17,0.0,v0
684,2023-05-01,0.02,0.0,0.02,0.0,v0
684,2023-06-01,0.33,0.0,0.33,0.0,v0
684,2023-07-01,0.16,0.0,0.16,0.0,v0
684,2023-08-01,0.17,0.0,0.17,0.0,v0
684,2023-10-01,0.18,0.0,0.18,0.0,v0
684,2023-11-01,0.19,0.0,0.19,0.0,v0
684,2023-12-01,0.12,0.0,0.12,0.0,v0
684,2024-01-01,0.11,0.0,0.11,0.0,v0
684,2024-02-01,0.14,0.0,0.14,0.0,v0
684,2024-03-01,0.16,0.0,0.16,0.0,v0
684,2024-04-01,0.19,0.0,0.19,0.0,v0
684,2024-05-01,0.04,0.0,0.04,0.0,v0
684,2024-06-01,0.01,0.0,0.01,0.0,v0
684,2024-07-01,0.2,0.0,0.2,0.0,v0
684,2024-08-01,0.18,0.0,0.18,0.0,v0
684,2024-10-01,0.21,0.0,0.21,0.0,v0
684,2024-11-01,0.38,0.0,0.38,0.0,v0
685,2022-03-01,0.01,0.0,0.01,0.0,v0
685,2022-04-01,0.01,0.0,0.01,0.0,v0
686,2022-03-01,0.0,0.01,-0.01,0.0,v0
687,2022-03-01,0.0,0.02,-0.02,0.0,v0
687,2022-05-01,0.0,0.04,-0.04,0.0,v0
687,2022-08-01,0.0,0.02,-0.02,0.0,v0
687,2022-09-01,0.0,0.01,-0.01,0.0,v0
687,2022-10-01,0.0,0.01,-0.01,0.0,v0
687,2022-11-01,0.0,0.01,-0.01,0.0,v0
688,2022-03-01,0.0,0.24,-0.24,0.0,v0
689,2022-03-01,0.0,0.01,-0.01,0.0,v0
689,2022-04-01,0.03,0.04,-0.010000000000000002,0.0,v0
689,2022-05-01,0.06,0.04,0.019999999999999997,0.0,v0
689,2022-06-01,0.04,0.08,-0.04,0.0,v0
689,2022-07-01,0.06,0.04,0.019999999999999997,0.0,v0
689,2022-08-01,0.0,0.03,-0.03,0.0,v0
690,2022-03-01,0.08,0.0,0.08,0.0,v0
690,2022-04-01,0.03,0.0,0.03,0.0,v0
691,2022-03-01,0.0,0.08,-0.08,0.0,v0
691,2022-04-01,0.04,0.08,-0.04,0.0,v0
691,2022-05-01,0.0,0.51,-0.51,0.0,v0
691,2022-06-01,0.0,0.29,-0.29,0.0,v0
691,2022-07-01,0.0,0.31,-0.31,0.0,v0
691,2022-08-01,0.0,0.12,-0.12,0.0,v0
691,2022-09-01,0.0,0.93,-0.93,0.0,v0
691,2022-10-01,0.0,0.12,-0.12,0.0,v0
691,2022-11-01,0.0,0.28,-0.28,0.0,v0
691,2022-12-01,0.0,0.17,-0.17,0.0,v0
691,2023-01-01,0.0,0.31,-0.31,0.0,v0
691,2023-02-01,0.0,0.28,-0.28,0.0,v0
692,2022-03-01,0.0,0.08,-0.08,0.0,v0
693,2022-03-01,0.65,0.0,0.65,0.0,v0
694,2022-03-01,0.0,0.07,-0.07,0.0,v0
694,2022-06-01,0.0,0.01,-0.01,0.0,v0
694,2022-07-01,0.05,0.0,0.05,0.0,v0
694,2022-08-01,0.02,0.0,0.02,0.0,v0
694,2022-09-01,0.04,0.0,0.04,0.0,v0
694,2022-10-01,0.03,0.0,0.03,0.0,v0
694,2022-11-01,0.07,0.03,0.04000000000000001,0.0,v0
694,2022-12-01,0.09,0.0,0.09,0.0,v0
694,2023-01-01,3.1,0.0,3.1,0.0,v0
694,2023-02-01,3.1,0.96,2.14,0.0,v0
694,2023-03-01,0.99,1.5,-0.51,0.0,v0
694,2023-04-01,1.9,2.1,-0.20000000000000018,0.0,v0
694,2023-05-01,0.18,0.0,0.18,0.0,v0
694,2023-06-01,0.0,1.3,-1.3,0.0,v0
694,2023-07-01,3.0,0.71,2.29,0.0,v0
694,2023-08-01,1.4,0.0,1.4,0.0,v0
694,2023-09-01,1.8,0.84,0.9600000000000001,0.0,v0
694,2023-10-01,0.9,0.35,0.55,0.0,v0
694,2023-11-01,0.0,0.43,-0.43,0.0,v0
694,2023-12-01,0.0,0.3,-0.3,0.0,v0
694,2024-01-01,0.0,0.15,-0.15,0.0,v0
694,2024-02-01,1.6,0.0,1.6,0.0,v0
695,2022-03-01,0.07,0.0,0.07,0.0,v0
695,2022-04-01,0.17,0.0,0.17,0.0,v0
695,2022-05-01,0.06,0.0,0.06,0.0,v0
695,2022-06-01,0.04,0.0,0.04,0.0,v0
696,2022-03-01,0.01,0.0,0.01,0.0,v0
697,2022-03-01,0.0,0.03,-0.03,0.0,v0
697,2022-04-01,0.0,0.01,-0.01,0.0,v0
698,2022-03-01,0.1,0.0,0.1,0.0,v0
699,2022-03-01,0.0,0.08,-0.08,0.0,v0
699,2022-04-01,0.0,0.08,-0.08,0.0,v0
699,2022-05-01,0.0,0.16,-0.16,0.0,v0
700,2022-03-01,0.0,0.02,-0.02,0.0,v0
700,2022-05-01,0.0,0.02,-0.02,0.0,v0
701,2022-03-01,0.05,0.0,0.05,0.0,v0
701,2022-04-01,0.08,0.0,0.08,0.0,v0
701,2022-05-01,0.04,0.0,0.04,0.0,v0
701,2022-06-01,0.04,0.0,0.04,0.0,v0
702,2022-03-01,0.73,3.3,-2.57,0.0,v0
702,2022-04-01,0.2,0.0,0.2,0.0,v0
702,2022-05-01,0.02,0.0,0.02,0.0,v0
702,2022-06-01,0.52,1.9,-1.38,0.0,v0
702,2022-07-01,1.3,1.9,-0.5999999999999999,0.0,v0
702,2022-08-01,0.05,0.0,0.05,0.0,v0
702,2022-09-01,0.05,0.0,0.05,0.0,v0
702,2022-10-01,0.06,0.0,0.06,0.0,v0
702,2022-11-01,0.0,0.02,-0.02,0.0,v0
702,2022-12-01,0.02,0.0,0.02,0.0,v0
702,2023-01-01,0.92,0.8,0.12,0.0,v0
702,2023-02-01,0.23,2.4,-2.17,0.0,v0
702,2023-03-01,0.71,0.66,0.04999999999999993,0.0,v0
702,2023-04-01,2.1,0.2,1.9000000000000001,0.0,v0
702,2023-05-01,0.1,0.0,0.1,0.0,v0
702,2023-06-01,0.06,0.0,0.06,0.0,v0
702,2023-07-01,0.06,0.0,0.06,0.0,v0
702,2023-08-01,0.02,0.0,0.02,0.0,v0
702,2023-09-01,0.0,0.09,-0.09,0.0,v0
702,2023-10-01,0.04,0.0,0.04,0.0,v0
702,2023-11-01,0.02,0.0,0.02,0.0,v0
702,2023-12-01,0.02,0.0,0.02,0.0,v0
702,2024-01-01,0.0,0.26,-0.26,0.0,v0
702,2024-02-01,0.0,0.08,-0.08,0.0,v0
702,2024-03-01,0.0,0.26,-0.26,0.0,v0
702,2024-04-01,0.0,0.19,-0.19,0.0,v0
702,2024-05-01,0.04,0.0,0.04,0.0,v0
702,2024-06-01,0.01,0.29,-0.27999999999999997,0.0,v0
702,2024-07-01,0.03,0.0,0.03,0.0,v0
702,2024-08-01,0.04,0.0,0.04,0.0,v0
703,2022-03-01,0.05,0.0,0.05,0.0,v0
703,2022-05-01,0.02,0.0,0.02,0.0,v0
703,2022-06-01,0.0,0.02,-0.02,0.0,v0
703,2022-07-01,0.05,0.0,0.05,0.0,v0
703,2022-08-01,0.0,0.07,-0.07,0.0,v0
703,2022-09-01,0.0,0.06,-0.06,0.0,v0
703,2022-10-01,0.01,0.0,0.01,0.0,v0
703,2022-11-01,0.01,0.0,0.01,0.0,v0
703,2022-12-01,0.02,0.0,0.02,0.0,v0
703,2023-01-01,0.06,0.0,0.06,0.0,v0
703,2023-02-01,0.07,0.0,0.07,0.0,v0
703,2023-03-01,0.0,0.01,-0.01,0.0,v0
704,2022-03-01,0.0,0.02,-0.02,0.0,v0
705,2022-03-01,0.0,0.03,-0.03,0.0,v0
705,2022-04-01,0.0,0.05,-0.05,0.0,v0
705,2022-05-01,0.0,0.03,-0.03,0.0,v0
706,2022-03-01,0.0,0.15,-0.15,0.0,v0
707,2022-03-01,0.0,0.06,-0.06,0.0,v0
708,2022-03-01,0.0,0.01,-0.01,0.0,v0
709,2022-03-01,0.0,0.35,-0.35,0.0,v0
709,2022-04-01,0.0,0.31,-0.31,0.0,v0
710,2022-03-01,0.0,0.01,-0.01,0.0,v0
710,2022-04-01,0.0,0.02,-0.02,0.0,v0
711,2022-03-01,1.4,0.18,1.22,0.0,v0
712,2022-03-01,0.1,0.0,0.1,0.0,v0
712,2022-04-01,1.5,0.05,1.45,0.0,v0
712,2022-05-01,0.6,0.13,0.47,0.0,v0
712,2022-06-01,2.4,0.08,2.32,0.0,v0
712,2022-07-01,0.0,0.01,-0.01,0.0,v0
713,2022-03-01,0.01,0.0,0.01,0.0,v0
713,2022-09-01,0.01,0.04,-0.03,0.0,v0
713,2022-10-01,0.01,0.02,-0.01,0.0,v0
713,2023-10-01,0.0,0.01,-0.01,0.0,v0
714,2022-04-01,0.0,38.0,-38.0,0.0,v0
714,2022-10-01,0.0,55.0,-55.0,0.0,v0
714,2022-11-01,0.0,56.0,-56.0,0.0,v0
714,2022-12-01,0.0,55.0,-55.0,0.0,v0
714,2023-03-01,0.0,51.0,-51.0,0.0,v0
714,2024-02-01,0.0,44.0,-44.0,0.0,v0
714,2024-04-01,0.0,43.0,-43.0,0.0,v0
715,2022-03-01,0.0,0.07,-0.07,0.0,v0
715,2022-04-01,0.0,0.08,-0.08,0.0,v0
715,2022-05-01,0.0,0.05,-0.05,0.0,v0
715,2022-07-01,0.0,0.01,-0.01,0.0,v0
715,2023-04-01,0.0,0.27,-0.27,0.0,v0
715,2023-05-01,0.0,0.15,-0.15,0.0,v0
715,2023-07-01,0.0,0.14,-0.14,0.0,v0
715,2023-08-01,0.0,0.01,-0.01,0.0,v0
715,2023-09-01,0.0,0.18,-0.18,0.0,v0
715,2023-10-01,0.0,0.11,-0.11,0.0,v0
715,2023-11-01,0.0,0.51,-0.51,0.0,v0
716,2022-03-01,0.0,0.03,-0.03,0.0,v0
717,2022-03-01,0.0,0.01,-0.01,0.0,v0
718,2022-03-01,0.01,0.0,0.01,0.0,v0
718,2022-04-01,0.01,0.0,0.01,0.0,v0
718,2022-05-01,0.02,0.0,0.02,0.0,v0
718,2022-06-01,0.02,0.0,0.02,0.0,v0
718,2022-07-01,0.04,0.0,0.04,0.0,v0
719,2022-03-01,0.0,0.01,-0.01,0.0,v0
720,2022-03-01,0.01,0.0,0.01,0.0,v0
721,2022-03-01,0.01,0.0,0.01,0.0,v0
722,2022-03-01,0.0,0.33,-0.33,0.0,v0
722,2022-06-01,0.0,0.75,-0.75,0.0,v0
722,2022-08-01,0.68,0.87,-0.18999999999999995,0.0,v0
722,2022-09-01,1.9,0.31,1.5899999999999999,0.0,v0
722,2022-10-01,0.05,0.57,-0.5199999999999999,0.0,v0
722,2022-11-01,0.26,0.46,-0.2,0.0,v0
722,2022-12-01,0.45,0.73,-0.27999999999999997,0.0,v0
722,2023-01-01,0.43,0.26,0.16999999999999998,0.0,v0
722,2023-02-01,0.29,0.46,-0.17000000000000004,0.0,v0
722,2023-04-01,0.0,0.25,-0.25,0.0,v0
722,2023-06-01,0.1,0.04,0.060000000000000005,0.0,v0
722,2023-07-01,0.0,0.07,-0.07,0.0,v0
722,2023-08-01,0.5,0.0,0.5,0.0,v0
722,2023-09-01,0.18,0.03,0.15,0.0,v0
722,2023-10-01,0.26,0.0,0.26,0.0,v0
722,2023-11-01,0.41,0.1,0.30999999999999994,0.0,v0
722,2023-12-01,0.75,0.23,0.52,0.0,v0
722,2024-01-01,0.7,0.39,0.30999999999999994,0.0,v0
722,2024-02-01,1.2,0.02,1.18,0.0,v0
722,2024-03-01,0.19,0.28,-0.09000000000000002,0.0,v0
722,2024-04-01,0.66,0.12,0.54,0.0,v0
722,2024-05-01,0.18,0.04,0.13999999999999999,0.0,v0
722,2024-06-01,0.53,0.77,-0.24,0.0,v0
722,2024-07-01,0.21,0.31,-0.1,0.0,v0
722,2024-08-01,0.27,0.04,0.23,0.0,v0
722,2024-09-01,0.08,0.0,0.08,0.0,v0
722,2024-10-01,0.3,0.0,0.3,0.0,v0
722,2024-11-01,0.34,0.04,0.30000000000000004,0.0,v0
723,2022-03-01,0.0,0.1,-0.1,0.0,v0
724,2022-03-01,0.0,0.02,-0.02,0.0,v0
725,2022-03-01,0.0,0.01,-0.01,0.0,v0
726,2022-03-01,0.0,0.13,-0.13,0.0,v0
726,2022-04-01,0.0,0.19,-0.19,0.0,v0
726,2022-05-01,0.0,0.01,-0.01,0.0,v0
727,2022-03-01,0.36,0.0,0.36,0.0,v0
728,2022-03-01,0.0,0.01,-0.01,0.0,v0
728,2022-04-01,0.0,0.12,-0.12,0.0,v0
728,2022-05-01,0.0,0.04,-0.04,0.0,v0
728,2022-06-01,0.0,0.04,-0.04,0.0,v0
729,2022-03-01,1.1,0.0,1.1,0.0,v0
730,2022-03-01,0.0,0.07,-0.07,0.0,v0
731,2022-03-01,0.0,0.01,-0.01,0.0,v0
731,2022-04-01,0.0,0.02,-0.02,0.0,v0
732,2022-03-01,0.01,0.01,0.0,0.0,v0
732,2022-05-01,0.01,0.01,0.0,0.0,v0
732,2022-09-01,0.01,0.0,0.01,0.0,v0
732,2023-09-01,0.0,0.01,-0.01,0.0,v0
733,2022-04-01,0.0,0.13,-0.13,0.0,v0
733,2022-05-01,0.0,0.11,-0.11,0.0,v0
733,2022-06-01,0.0,0.19,-0.19,0.0,v0
733,2022-07-01,0.0,0.09,-0.09,0.0,v0
733,2022-08-01,0.0,0.11,-0.11,0.0,v0
733,2022-09-01,0.0,0.22,-0.22,0.0,v0
733,2022-10-01,0.0,0.08,-0.08,0.0,v0
733,2022-11-01,0.0,0.36,-0.36,0.0,v0
733,2022-12-01,0.0,0.31,-0.31,0.0,v0
733,2023-01-01,0.0,0.11,-0.11,0.0,v0
733,2023-02-01,0.0,0.1,-0.1,0.0,v0
733,2023-03-01,0.0,0.15,-0.15,0.0,v0
733,2023-04-01,0.0,0.07,-0.07,0.0,v0
733,2023-05-01,0.0,0.14,-0.14,0.0,v0
733,2023-06-01,0.0,0.09,-0.09,0.0,v0
733,2023-07-01,0.0,0.13,-0.13,0.0,v0
733,2023-08-01,0.0,0.23,-0.23,0.0,v0
733,2023-09-01,0.0,0.17,-0.17,0.0,v0
734,2022-03-01,0.0,1.0,-1.0,0.0,v0
734,2022-06-01,0.0,1.7,-1.7,0.0,v0
734,2023-06-01,0.0,0.31,-0.31,0.0,v0
735,2022-03-01,0.0,0.07,-0.07,0.0,v0
735,2022-06-01,0.0,0.04,-0.04,0.0,v0
735,2024-03-01,0.01,0.0,0.01,0.0,v0
735,2024-08-01,0.04,0.0,0.04,0.0,v0
735,2024-10-01,0.13,0.0,0.13,0.0,v0
735,2024-11-01,0.26,0.0,0.26,0.0,v0
735,2024-12-01,0.18,0.0,0.18,0.0,v0
736,2022-03-01,0.0,0.19,-0.19,0.0,v0
737,2022-03-01,0.0,0.07,-0.07,0.0,v0
737,2022-04-01,0.0,0.01,-0.01,0.0,v0
737,2022-05-01,0.0,0.15,-0.15,0.0,v0
737,2022-06-01,0.0,0.12,-0.12,0.0,v0
737,2022-07-01,0.0,0.15,-0.15,0.0,v0
737,2022-09-01,0.0,0.04,-0.04,0.0,v0
737,2022-10-01,0.0,0.08,-0.08,0.0,v0
737,2022-12-01,0.0,0.11,-0.11,0.0,v0
737,2023-01-01,0.0,0.05,-0.05,0.0,v0
737,2023-02-01,0.0,0.11,-0.11,0.0,v0
737,2023-03-01,0.0,0.1,-0.1,0.0,v0
737,2023-05-01,0.0,0.13,-0.13,0.0,v0
737,2023-06-01,0.0,0.02,-0.02,0.0,v0
737,2023-07-01,0.0,0.13,-0.13,0.0,v0
737,2023-08-01,0.0,0.02,-0.02,0.0,v0
737,2023-09-01,0.0,0.23,-0.23,0.0,v0
737,2023-10-01,0.0,0.18,-0.18,0.0,v0
737,2023-11-01,0.0,0.16,-0.16,0.0,v0
737,2024-01-01,0.0,0.29,-0.29,0.0,v0
737,2024-02-01,0.0,0.18,-0.18,0.0,v0
737,2024-04-01,0.0,0.01,-0.01,0.0,v0
737,2024-06-01,0.0,0.19,-0.19,0.0,v0
737,2024-07-01,0.0,0.12,-0.12,0.0,v0
737,2024-08-01,0.0,0.12,-0.12,0.0,v0
737,2024-10-01,0.0,0.12,-0.12,0.0,v0
737,2024-11-01,0.0,0.44,-0.44,0.0,v0
737,2024-12-01,0.0,0.06,-0.06,0.0,v0
738,2022-03-01,0.0,12.0,-12.0,0.0,v0
738,2022-04-01,0.0,5.7,-5.7,0.0,v0
738,2022-05-01,0.0,3.2,-3.2,0.0,v0
738,2022-06-01,0.0,1.2,-1.2,0.0,v0
739,2022-03-01,0.1,0.13,-0.03,0.0,v0
739,2022-04-01,0.0,0.18,-0.18,0.0,v0
739,2022-05-01,0.16,0.0,0.16,0.0,v0
740,2022-03-01,0.07,0.0,0.07,0.0,v0
741,2022-04-01,0.0,0.06,-0.06,0.0,v0
741,2022-05-01,0.0,0.09,-0.09,0.0,v0
741,2022-06-01,0.0,0.01,-0.01,0.0,v0
741,2022-07-01,0.0,0.07,-0.07,0.0,v0
741,2022-08-01,0.0,0.13,-0.13,0.0,v0
741,2022-09-01,0.0,0.16,-0.16,0.0,v0
741,2022-10-01,0.0,0.08,-0.08,0.0,v0
741,2022-11-01,0.05,0.05,0.0,0.0,v0
741,2022-12-01,0.0,0.15,-0.15,0.0,v0
741,2023-01-01,0.0,0.06,-0.06,0.0,v0
741,2023-03-01,0.0,0.1,-0.1,0.0,v0
741,2023-04-01,0.05,0.07,-0.020000000000000004,0.0,v0
741,2023-05-01,0.0,0.06,-0.06,0.0,v0
741,2023-06-01,0.0,0.09,-0.09,0.0,v0
741,2023-07-01,0.0,0.05,-0.05,0.0,v0
741,2023-08-01,0.01,0.02,-0.01,0.0,v0
741,2023-09-01,0.09,0.17,-0.08000000000000002,0.0,v0
741,2023-10-01,0.07,0.21,-0.13999999999999999,0.0,v0
741,2023-11-01,0.0,0.08,-0.08,0.0,v0
742,2022-04-01,1.4,0.0,1.4,0.0,v0
742,2022-05-01,4.7,0.0,4.7,0.0,v0
742,2022-07-01,0.96,0.0,0.96,0.0,v0
742,2022-08-01,0.73,0.0,0.73,0.0,v0
742,2022-10-01,1.4,0.0,1.4,0.0,v0
742,2022-11-01,2.6,0.0,2.6,0.0,v0
742,2023-04-01,1.2,0.0,1.2,0.0,v0
742,2023-05-01,0.98,0.0,0.98,0.0,v0
742,2023-07-01,0.4,0.0,0.4,0.0,v0
742,2023-08-01,0.96,0.0,0.96,0.0,v0
743,2022-03-01,0.12,0.21,-0.09,0.0,v0
743,2022-04-01,0.1,0.07,0.03,0.0,v0
743,2022-06-01,0.0,0.08,-0.08,0.0,v0
743,2022-10-01,0.0,0.04,-0.04,0.0,v0
743,2022-11-01,0.0,0.21,-0.21,0.0,v0
743,2023-01-01,0.0,0.01,-0.01,0.0,v0
743,2023-02-01,0.0,0.01,-0.01,0.0,v0
743,2023-03-01,0.0,0.02,-0.02,0.0,v0
743,2023-04-01,0.0,0.01,-0.01,0.0,v0
743,2023-05-01,0.0,0.01,-0.01,0.0,v0
743,2023-06-01,0.0,0.01,-0.01,0.0,v0
743,2023-07-01,0.0,0.03,-0.03,0.0,v0
744,2022-03-01,15.0,0.0,15.0,0.0,v0
744,2022-04-01,12.0,0.0,12.0,0.0,v0
744,2022-06-01,15.0,0.0,15.0,0.0,v0
744,2022-07-01,0.0,6.5,-6.5,0.0,v0
744,2022-08-01,12.0,0.0,12.0,0.0,v0
744,2022-09-01,0.0,12.0,-12.0,0.0,v0
744,2022-10-01,10.0,0.0,10.0,0.0,v0
744,2022-11-01,9.9,0.0,9.9,0.0,v0
744,2022-12-01,6.4,0.0,6.4,0.0,v0
744,2023-01-01,0.0,0.36,-0.36,0.0,v0
744,2023-02-01,8.0,0.0,8.0,0.0,v0
744,2023-03-01,14.0,0.0,14.0,0.0,v0
744,2023-04-01,5.2,0.0,5.2,0.0,v0
744,2023-05-01,9.3,0.0,9.3,0.0,v0
745,2022-03-01,0.01,0.0,0.01,0.0,v0
746,2022-03-01,0.0,0.04,-0.04,0.0,v0
746,2022-04-01,0.0,0.04,-0.04,0.0,v0
746,2022-05-01,0.0,0.08,-0.08,0.0,v0
746,2022-06-01,0.0,0.1,-0.1,0.0,v0
746,2022-07-01,0.16,0.0,0.16,0.0,v0
746,2022-08-01,0.15,0.0,0.15,0.0,v0
746,2022-09-01,0.51,0.0,0.51,0.0,v0
746,2022-10-01,0.0,0.03,-0.03,0.0,v0
746,2022-11-01,0.0,0.16,-0.16,0.0,v0
747,2022-03-01,0.0,0.16,-0.16,0.0,v0
747,2022-04-01,0.0,0.11,-0.11,0.0,v0
747,2022-05-01,0.0,0.21,-0.21,0.0,v0
747,2022-06-01,0.0,0.04,-0.04,0.0,v0
747,2022-07-01,0.0,0.06,-0.06,0.0,v0
747,2022-08-01,0.0,0.11,-0.11,0.0,v0
748,2022-03-01,0.0,0.04,-0.04,0.0,v0
749,2022-03-01,0.0,0.65,-0.65,0.0,v0
749,2022-04-01,0.0,0.02,-0.02,0.0,v0
750,2022-04-01,0.04,0.0,0.04,0.0,v0
750,2022-05-01,0.27,0.0,0.27,0.0,v0
750,2022-06-01,0.02,0.0,0.02,0.0,v0
750,2022-07-01,0.01,0.0,0.01,0.0,v0
750,2022-09-01,0.0,0.03,-0.03,0.0,v0
750,2022-11-01,0.0,0.06,-0.06,0.0,v0
750,2023-01-01,0.06,0.0,0.06,0.0,v0
750,2023-02-01,0.0,0.01,-0.01,0.0,v0
750,2023-05-01,0.01,0.01,0.0,0.0,v0
750,2023-06-01,0.0,0.02,-0.02,0.0,v0
750,2023-07-01,0.0,0.01,-0.01,0.0,v0
750,2023-08-01,0.0,0.08,-0.08,0.0,v0
750,2023-09-01,0.0,0.04,-0.04,0.0,v0
750,2023-10-01,0.02,0.1,-0.08,0.0,v0
750,2023-11-01,0.0,0.23,-0.23,0.0,v0
750,2023-12-01,0.0,0.03,-0.03,0.0,v0
750,2024-02-01,0.02,0.11,-0.09,0.0,v0
750,2024-04-01,0.0,0.04,-0.04,0.0,v0
750,2024-05-01,0.0,0.07,-0.07,0.0,v0
750,2024-06-01,0.0,0.01,-0.01,0.0,v0
750,2024-07-01,0.0,0.01,-0.01,0.0,v0
750,2024-08-01,0.0,0.03,-0.03,0.0,v0
750,2024-09-01,0.73,0.16,0.57,0.0,v0
750,2024-10-01,0.0,0.08,-0.08,0.0,v0
750,2024-11-01,0.0,0.05,-0.05,0.0,v0
750,2024-12-01,0.0,0.35,-0.35,0.0,v0
751,2022-04-01,0.0,0.53,-0.53,0.0,v0
751,2022-05-01,0.0,0.98,-0.98,0.0,v0
751,2022-06-01,0.0,0.06,-0.06,0.0,v0
751,2022-07-01,0.0,0.03,-0.03,0.0,v0
751,2022-08-01,0.0,0.13,-0.13,0.0,v0
751,2022-11-01,1.8,4.3,-2.5,0.0,v0
751,2022-12-01,4.9,4.3,0.6000000000000005,0.0,v0
751,2023-01-01,0.7,0.96,-0.26,0.0,v0
751,2023-02-01,2.0,2.7,-0.7000000000000002,0.0,v0
751,2023-03-01,2.0,2.2,-0.20000000000000018,0.0,v0
751,2023-04-01,2.6,2.9,-0.2999999999999998,0.0,v0
751,2023-05-01,2.2,2.4,-0.19999999999999973,0.0,v0
751,2023-06-01,1.6,1.9,-0.2999999999999998,0.0,v0
751,2023-07-01,1.9,1.9,0.0,0.0,v0
751,2023-08-01,2.3,2.3,0.0,0.0,v0
751,2023-09-01,2.8,2.8,0.0,0.0,v0
751,2023-10-01,2.1,1.1,1.0,0.0,v0
751,2023-11-01,2.1,0.56,1.54,0.0,v0
751,2023-12-01,1.8,0.29,1.51,0.0,v0
751,2024-01-01,2.3,0.58,1.7199999999999998,0.0,v0
751,2024-04-01,2.0,0.57,1.4300000000000002,0.0,v0
751,2024-05-01,1.7,0.37,1.33,0.0,v0
751,2024-06-01,1.7,0.41,1.29,0.0,v0
751,2024-07-01,1.2,0.28,0.9199999999999999,0.0,v0
751,2024-08-01,1.0,0.74,0.26,0.0,v0
751,2024-09-01,2.1,1.3,0.8,0.0,v0
751,2024-10-01,1.0,0.15,0.85,0.0,v0
751,2024-11-01,1.1,0.52,0.5800000000000001,0.0,v0
752,2022-04-01,0.38,0.0,0.38,0.0,v0
752,2022-05-01,0.0,0.02,-0.02,0.0,v0
753,2022-04-01,0.09,0.01,0.08,0.0,v0
753,2022-05-01,0.19,0.02,0.17,0.0,v0
753,2022-06-01,0.1,0.02,0.08,0.0,v0
754,2022-04-01,0.0,0.01,-0.01,0.0,v0
755,2022-04-01,0.03,0.0,0.03,0.0,v0
756,2022-04-01,0.0,0.07,-0.07,0.0,v0
756,2022-05-01,0.01,0.0,0.01,0.0,v0
756,2022-06-01,0.01,0.0,0.01,0.0,v0
756,2022-12-01,0.01,0.0,0.01,0.0,v0
757,2022-04-01,0.03,0.0,0.03,0.0,v0
758,2022-04-01,0.0,0.05,-0.05,0.0,v0
758,2022-05-01,0.0,0.03,-0.03,0.0,v0
758,2022-06-01,0.0,0.01,-0.01,0.0,v0
758,2022-07-01,0.0,0.03,-0.03,0.0,v0
758,2022-09-01,0.0,0.03,-0.03,0.0,v0
758,2022-11-01,0.0,0.03,-0.03,0.0,v0
758,2022-12-01,0.0,0.03,-0.03,0.0,v0
758,2023-02-01,0.0,0.01,-0.01,0.0,v0
758,2023-03-01,0.0,0.01,-0.01,0.0,v0
758,2023-07-01,0.0,0.01,-0.01,0.0,v0
758,2023-09-01,0.0,0.01,-0.01,0.0,v0
759,2022-04-01,0.05,0.05,0.0,0.0,v0
759,2022-05-01,0.05,0.1,-0.05,0.0,v0
759,2022-06-01,0.0,0.05,-0.05,0.0,v0
759,2022-07-01,0.05,0.05,0.0,0.0,v0
760,2022-04-01,0.0,0.01,-0.01,0.0,v0
760,2022-05-01,0.0,0.01,-0.01,0.0,v0
760,2022-06-01,0.0,0.05,-0.05,0.0,v0
760,2022-07-01,0.0,0.01,-0.01,0.0,v0
760,2022-08-01,0.0,0.04,-0.04,0.0,v0
761,2022-04-01,0.1,0.01,0.09000000000000001,0.0,v0
762,2022-04-01,0.0,0.03,-0.03,0.0,v0
763,2022-04-01,0.0,0.01,-0.01,0.0,v0
764,2022-04-01,0.01,0.0,0.01,0.0,v0
765,2022-04-01,0.15,0.0,0.15,0.0,v0
766,2022-04-01,0.01,0.0,0.01,0.0,v0
767,2022-04-01,0.0,1.2,-1.2,0.0,v0
767,2022-07-01,0.0,0.74,-0.74,0.0,v0
767,2023-01-01,0.0,0.39,-0.39,0.0,v0
767,2023-03-01,0.0,0.26,-0.26,0.0,v0
767,2023-05-01,0.0,0.59,-0.59,0.0,v0
767,2023-06-01,0.0,0.07,-0.07,0.0,v0
767,2023-10-01,0.0,0.08,-0.08,0.0,v0
767,2023-11-01,0.0,0.04,-0.04,0.0,v0
767,2023-12-01,0.0,0.05,-0.05,0.0,v0
767,2024-01-01,0.0,0.01,-0.01,0.0,v0
767,2024-03-01,0.0,0.06,-0.06,0.0,v0
767,2024-06-01,0.0,0.25,-0.25,0.0,v0
767,2024-08-01,0.0,0.16,-0.16,0.0,v0
767,2024-10-01,0.0,0.38,-0.38,0.0,v0
767,2024-12-01,0.0,1.2,-1.2,0.0,v0
768,2022-04-01,0.02,0.0,0.02,0.0,v0
768,2022-06-01,0.0,0.04,-0.04,0.0,v0
768,2022-07-01,0.02,0.0,0.02,0.0,v0
768,2023-06-01,0.02,0.0,0.02,0.0,v0
768,2023-10-01,0.01,0.0,0.01,0.0,v0
768,2024-02-01,0.01,0.0,0.01,0.0,v0
769,2022-04-01,0.0,0.02,-0.02,0.0,v0
769,2022-06-01,0.0,0.01,-0.01,0.0,v0
769,2022-07-01,0.0,0.02,-0.02,0.0,v0
769,2022-08-01,0.0,0.02,-0.02,0.0,v0
770,2022-04-01,0.0,0.01,-0.01,0.0,v0
770,2022-05-01,0.03,0.01,0.019999999999999997,0.0,v0
770,2022-06-01,1.1,0.13,0.9700000000000001,0.0,v0
770,2022-07-01,0.0,0.06,-0.06,0.0,v0
771,2022-04-01,0.01,0.0,0.01,0.0,v0
771,2022-05-01,0.01,0.0,0.01,0.0,v0
771,2022-06-01,0.07,0.0,0.07,0.0,v0
771,2022-07-01,0.01,0.0,0.01,0.0,v0
771,2022-09-01,0.18,0.0,0.18,0.0,v0
772,2022-04-01,0.03,0.0,0.03,0.0,v0
773,2022-04-01,0.02,0.0,0.02,0.0,v0
774,2022-04-01,0.03,0.0,0.03,0.0,v0
774,2022-05-01,0.12,0.0,0.12,0.0,v0
774,2022-06-01,0.01,0.0,0.01,0.0,v0
775,2022-04-01,0.0,0.03,-0.03,0.0,v0
775,2022-05-01,0.0,0.09,-0.09,0.0,v0
775,2022-06-01,0.0,0.03,-0.03,0.0,v0
775,2022-07-01,0.0,0.02,-0.02,0.0,v0
775,2022-08-01,0.0,0.06,-0.06,0.0,v0
775,2022-09-01,0.0,0.08,-0.08,0.0,v0
776,2022-04-01,0.01,0.0,0.01,0.0,v0
777,2022-04-01,0.0,0.01,-0.01,0.0,v0
778,2022-04-01,0.0,0.07,-0.07,0.0,v0
778,2022-05-01,0.04,0.0,0.04,0.0,v0
778,2022-06-01,0.0,0.11,-0.11,0.0,v0
778,2022-07-01,0.05,0.0,0.05,0.0,v0
779,2022-04-01,0.13,0.0,0.13,0.0,v0
779,2022-05-01,0.2,0.0,0.2,0.0,v0
779,2023-01-01,0.13,0.0,0.13,0.0,v0
780,2022-06-01,0.02,0.0,0.02,0.0,v0
780,2022-07-01,0.03,0.0,0.03,0.0,v0
780,2022-11-01,0.0,0.02,-0.02,0.0,v0
780,2023-01-01,0.0,0.02,-0.02,0.0,v0
780,2023-02-01,0.02,0.0,0.02,0.0,v0
780,2023-04-01,0.0,0.02,-0.02,0.0,v0
780,2023-06-01,0.01,0.0,0.01,0.0,v0
780,2023-08-01,0.0,0.02,-0.02,0.0,v0
780,2024-02-01,0.03,0.02,0.009999999999999998,0.0,v0
780,2024-04-01,0.02,0.0,0.02,0.0,v0
780,2024-07-01,0.02,0.0,0.02,0.0,v0
780,2024-08-01,0.0,0.02,-0.02,0.0,v0
780,2024-09-01,0.02,0.0,0.02,0.0,v0
780,2024-10-01,0.02,0.0,0.02,0.0,v0
780,2024-12-01,0.01,0.0,0.01,0.0,v0
781,2022-04-01,0.01,0.0,0.01,0.0,v0
781,2022-08-01,0.01,0.0,0.01,0.0,v0
781,2023-05-01,0.01,0.0,0.01,0.0,v0
781,2023-11-01,0.01,0.0,0.01,0.0,v0
781,2024-03-01,0.01,0.0,0.01,0.0,v0
781,2024-05-01,0.01,0.0,0.01,0.0,v0
782,2022-04-01,0.33,0.0,0.33,0.0,v0
782,2022-05-01,0.13,0.0,0.13,0.0,v0
783,2022-04-01,0.0,0.01,-0.01,0.0,v0
783,2022-06-01,0.0,0.04,-0.04,0.0,v0
783,2022-09-01,0.0,0.01,-0.01,0.0,v0
783,2024-09-01,0.0,0.03,-0.03,0.0,v0
783,2024-10-01,0.0,0.01,-0.01,0.0,v0
784,2022-04-01,0.0,0.01,-0.01,0.0,v0
784,2022-05-01,0.46,0.0,0.46,0.0,v0
784,2022-06-01,0.0,0.01,-0.01,0.0,v0
785,2022-04-01,0.02,0.0,0.02,0.0,v0
785,2022-05-01,0.06,0.0,0.06,0.0,v0
785,2022-06-01,0.03,0.0,0.03,0.0,v0
786,2022-04-01,0.0,0.19,-0.19,0.0,v0
787,2022-04-01,0.0,0.15,-0.15,0.0,v0
788,2022-04-01,0.0,0.37,-0.37,0.0,v0
788,2022-05-01,0.0,2.4,-2.4,0.0,v0
788,2022-06-01,0.0,2.4,-2.4,0.0,v0
788,2022-07-01,0.0,2.2,-2.2,0.0,v0
788,2022-08-01,0.0,1.1,-1.1,0.0,v0
789,2022-04-01,0.02,0.0,0.02,0.0,v0
789,2022-07-01,0.02,0.0,0.02,0.0,v0
790,2022-04-01,12.0,0.0,12.0,0.0,v0
790,2022-05-01,15.0,0.02,14.98,0.0,v0
791,2022-04-01,0.0,0.01,-0.01,0.0,v0
791,2022-05-01,0.0,0.01,-0.01,0.0,v0
792,2022-04-01,0.0,0.05,-0.05,0.0,v0
792,2022-05-01,0.0,0.06,-0.06,0.0,v0
792,2022-07-01,0.0,0.08,-0.08,0.0,v0
792,2022-08-01,0.0,0.03,-0.03,0.0,v0
792,2022-09-01,0.0,0.02,-0.02,0.0,v0
792,2022-10-01,0.0,0.09,-0.09,0.0,v0
792,2022-11-01,0.0,0.03,-0.03,0.0,v0
792,2022-12-01,0.0,0.08,-0.08,0.0,v0
793,2022-04-01,0.13,0.0,0.13,0.0,v0
793,2022-05-01,0.14,0.0,0.14,0.0,v0
793,2022-07-01,0.17,0.0,0.17,0.0,v0
793,2022-08-01,0.08,0.0,0.08,0.0,v0
793,2022-09-01,0.35,0.0,0.35,0.0,v0
793,2022-10-01,0.28,0.0,0.28,0.0,v0
793,2022-11-01,0.56,0.0,0.56,0.0,v0
794,2022-04-01,0.0,0.01,-0.01,0.0,v0
794,2022-05-01,0.0,0.01,-0.01,0.0,v0
794,2022-06-01,0.0,0.01,-0.01,0.0,v0
794,2022-07-01,0.04,0.0,0.04,0.0,v0
794,2022-09-01,0.0,0.08,-0.08,0.0,v0
794,2022-10-01,0.0,0.02,-0.02,0.0,v0
794,2022-12-01,0.0,0.15,-0.15,0.0,v0
794,2023-01-01,0.0,0.01,-0.01,0.0,v0
795,2022-05-01,0.0,0.05,-0.05,0.0,v0
795,2022-06-01,0.04,0.0,0.04,0.0,v0
795,2022-07-01,0.03,0.05,-0.020000000000000004,0.0,v0
795,2022-08-01,0.04,0.0,0.04,0.0,v0
795,2022-09-01,0.01,0.0,0.01,0.0,v0
796,2022-04-01,0.0,0.03,-0.03,0.0,v0
797,2022-04-01,0.0,0.26,-0.26,0.0,v0
797,2022-05-01,0.0,0.09,-0.09,0.0,v0
798,2022-04-01,0.0,1.5,-1.5,0.0,v0
799,2022-04-01,0.04,0.0,0.04,0.0,v0
799,2022-05-01,0.08,0.0,0.08,0.0,v0
799,2022-07-01,0.05,0.0,0.05,0.0,v0
799,2022-10-01,0.05,0.0,0.05,0.0,v0
799,2023-02-01,0.05,0.0,0.05,0.0,v0
799,2023-03-01,0.05,0.0,0.05,0.0,v0
799,2023-06-01,0.05,0.0,0.05,0.0,v0
799,2023-07-01,0.05,0.0,0.05,0.0,v0
799,2023-08-01,0.05,0.0,0.05,0.0,v0
799,2023-11-01,0.05,0.0,0.05,0.0,v0
799,2023-12-01,0.05,0.0,0.05,0.0,v0
799,2024-02-01,0.05,0.0,0.05,0.0,v0
799,2024-05-01,0.05,0.0,0.05,0.0,v0
799,2024-06-01,0.05,0.0,0.05,0.0,v0
799,2024-07-01,0.05,0.0,0.05,0.0,v0
799,2024-09-01,0.05,0.0,0.05,0.0,v0
799,2024-10-01,0.05,0.0,0.05,0.0,v0
799,2024-12-01,0.05,0.0,0.05,0.0,v0
800,2022-04-01,0.85,0.33,0.52,0.0,v0
800,2022-05-01,0.1,0.03,0.07,0.0,v0
800,2022-06-01,0.63,0.08,0.55,0.0,v0
800,2022-07-01,0.15,0.0,0.15,0.0,v0
800,2022-08-01,0.06,0.07,-0.010000000000000009,0.0,v0
800,2022-09-01,0.56,0.0,0.56,0.0,v0
800,2022-10-01,0.45,0.15,0.30000000000000004,0.0,v0
801,2022-04-01,0.0,0.01,-0.01,0.0,v0
801,2022-06-01,0.0,0.04,-0.04,0.0,v0
801,2022-07-01,0.0,0.01,-0.01,0.0,v0
801,2022-10-01,0.0,0.01,-0.01,0.0,v0
801,2022-11-01,0.0,0.01,-0.01,0.0,v0
801,2022-12-01,0.0,0.01,-0.01,0.0,v0
801,2023-03-01,0.0,0.01,-0.01,0.0,v0
801,2023-08-01,0.0,0.01,-0.01,0.0,v0
801,2023-09-01,0.0,0.01,-0.01,0.0,v0
801,2023-11-01,0.0,0.02,-0.02,0.0,v0
801,2023-12-01,0.0,0.01,-0.01,0.0,v0
801,2024-08-01,0.0,0.01,-0.01,0.0,v0
801,2024-09-01,0.0,0.01,-0.01,0.0,v0
802,2022-04-01,0.0,0.06,-0.06,0.0,v0
803,2022-04-01,0.0,0.01,-0.01,0.0,v0
804,2022-04-01,0.0,0.01,-0.01,0.0,v0
804,2022-05-01,0.0,0.01,-0.01,0.0,v0
804,2022-07-01,0.0,0.01,-0.01,0.0,v0
804,2022-09-01,0.0,0.01,-0.01,0.0,v0
804,2023-11-01,0.0,0.01,-0.01,0.0,v0
804,2024-01-01,0.0,0.02,-0.02,0.0,v0
804,2024-02-01,0.0,0.01,-0.01,0.0,v0
804,2024-03-01,0.0,0.06,-0.06,0.0,v0
804,2024-04-01,0.0,0.01,-0.01,0.0,v0
804,2024-05-01,0.0,0.04,-0.04,0.0,v0
804,2024-06-01,0.0,0.03,-0.03,0.0,v0
804,2024-07-01,0.0,0.02,-0.02,0.0,v0
804,2024-08-01,0.0,0.03,-0.03,0.0,v0
804,2024-09-01,0.0,0.03,-0.03,0.0,v0
804,2024-10-01,0.0,0.01,-0.01,0.0,v0
804,2024-12-01,0.0,0.01,-0.01,0.0,v0
805,2022-04-01,0.0,0.14,-0.14,0.0,v0
805,2022-05-01,0.0,0.08,-0.08,0.0,v0
805,2022-08-01,0.0,0.06,-0.06,0.0,v0
805,2022-11-01,0.0,0.05,-0.05,0.0,v0
805,2023-01-01,0.0,0.17,-0.17,0.0,v0
805,2023-05-01,0.0,0.13,-0.13,0.0,v0
805,2024-02-01,0.0,0.25,-0.25,0.0,v0
805,2024-10-01,0.0,0.25,-0.25,0.0,v0
806,2022-04-01,0.78,0.0,0.78,0.0,v0
806,2022-05-01,0.74,0.0,0.74,0.0,v0
807,2022-04-01,0.0,0.02,-0.02,0.0,v0
808,2022-04-01,0.0,0.04,-0.04,0.0,v0
808,2022-05-01,0.0,0.05,-0.05,0.0,v0
808,2022-06-01,0.0,0.04,-0.04,0.0,v0
808,2022-07-01,0.0,0.15,-0.15,0.0,v0
808,2022-08-01,0.0,0.04,-0.04,0.0,v0
808,2022-09-01,0.0,0.08,-0.08,0.0,v0
808,2022-10-01,0.0,0.01,-0.01,0.0,v0
808,2022-12-01,0.0,0.09,-0.09,0.0,v0
808,2023-01-01,0.0,0.11,-0.11,0.0,v0
808,2023-02-01,0.0,0.04,-0.04,0.0,v0
808,2023-03-01,0.0,0.02,-0.02,0.0,v0
808,2023-04-01,0.0,0.08,-0.08,0.0,v0
808,2023-05-01,0.0,0.12,-0.12,0.0,v0
808,2023-07-01,0.0,0.09,-0.09,0.0,v0
808,2023-08-01,0.0,0.04,-0.04,0.0,v0
808,2023-09-01,0.0,0.05,-0.05,0.0,v0
808,2023-10-01,0.0,0.05,-0.05,0.0,v0
808,2023-11-01,0.0,0.03,-0.03,0.0,v0
808,2023-12-01,0.0,0.07,-0.07,0.0,v0
808,2024-01-01,0.0,0.05,-0.05,0.0,v0
808,2024-02-01,0.0,0.08,-0.08,0.0,v0
808,2024-03-01,0.0,0.05,-0.05,0.0,v0
808,2024-04-01,0.0,0.04,-0.04,0.0,v0
808,2024-05-01,0.0,0.04,-0.04,0.0,v0
808,2024-06-01,0.0,0.03,-0.03,0.0,v0
808,2024-07-01,0.0,0.03,-0.03,0.0,v0
808,2024-08-01,0.0,0.04,-0.04,0.0,v0
808,2024-09-01,0.0,0.03,-0.03,0.0,v0
808,2024-10-01,0.0,0.04,-0.04,0.0,v0
808,2024-11-01,0.0,0.02,-0.02,0.0,v0
808,2024-12-01,0.0,0.06,-0.06,0.0,v0
809,2022-04-01,0.0,0.04,-0.04,0.0,v0
809,2022-05-01,0.0,0.04,-0.04,0.0,v0
810,2022-04-01,0.1,0.0,0.1,0.0,v0
810,2022-05-01,0.2,0.0,0.2,0.0,v0
811,2022-04-01,0.1,0.0,0.1,0.0,v0
812,2022-04-01,0.0,0.02,-0.02,0.0,v0
812,2022-05-01,0.0,0.08,-0.08,0.0,v0
812,2022-06-01,0.0,0.06,-0.06,0.0,v0
812,2022-08-01,0.08,0.0,0.08,0.0,v0
812,2022-09-01,0.14,0.0,0.14,0.0,v0
813,2022-04-01,0.0,0.05,-0.05,0.0,v0
813,2023-10-01,0.03,0.0,0.03,0.0,v0
813,2023-11-01,0.0,0.02,-0.02,0.0,v0
813,2024-01-01,0.0,0.34,-0.34,0.0,v0
813,2024-04-01,0.02,0.0,0.02,0.0,v0
813,2024-12-01,0.02,0.0,0.02,0.0,v0
814,2022-04-01,0.0,0.13,-0.13,0.0,v0
814,2022-05-01,0.0,0.06,-0.06,0.0,v0
815,2022-04-01,0.0,0.29,-0.29,0.0,v0
816,2022-04-01,0.0,0.14,-0.14,0.0,v0
817,2022-04-01,0.0,0.03,-0.03,0.0,v0
817,2022-05-01,0.0,0.03,-0.03,0.0,v0
818,2022-04-01,0.0,0.02,-0.02,0.0,v0
818,2022-06-01,0.01,0.0,0.01,0.0,v0
819,2022-04-01,0.0,0.04,-0.04,0.0,v0
819,2022-05-01,0.0,0.05,-0.05,0.0,v0
820,2022-04-01,0.0,0.34,-0.34,0.0,v0
820,2022-07-01,0.0,0.03,-0.03,0.0,v0
820,2022-08-01,0.0,0.01,-0.01,0.0,v0
820,2023-01-01,0.0,0.01,-0.01,0.0,v0
821,2022-04-01,0.0,0.29,-0.29,0.0,v0
822,2022-04-01,0.0,0.01,-0.01,0.0,v0
822,2022-05-01,0.0,0.15,-0.15,0.0,v0
822,2022-06-01,0.0,0.14,-0.14,0.0,v0
822,2022-07-01,0.0,0.13,-0.13,0.0,v0
822,2022-08-01,0.0,0.13,-0.13,0.0,v0
822,2022-09-01,0.0,0.1,-0.1,0.0,v0
822,2022-11-01,0.0,0.02,-0.02,0.0,v0
822,2022-12-01,0.0,0.06,-0.06,0.0,v0
822,2023-01-01,0.0,0.02,-0.02,0.0,v0
822,2023-02-01,0.0,0.02,-0.02,0.0,v0
822,2023-03-01,0.0,0.03,-0.03,0.0,v0
822,2023-04-01,0.0,0.13,-0.13,0.0,v0
822,2023-05-01,0.0,0.09,-0.09,0.0,v0
822,2023-06-01,0.0,0.1,-0.1,0.0,v0
822,2023-07-01,0.0,0.15,-0.15,0.0,v0
822,2023-08-01,0.0,0.12,-0.12,0.0,v0
822,2023-09-01,0.0,0.03,-0.03,0.0,v0
822,2023-10-01,0.0,0.05,-0.05,0.0,v0
822,2023-11-01,0.0,0.12,-0.12,0.0,v0
822,2023-12-01,0.0,0.08,-0.08,0.0,v0
822,2024-01-01,0.0,0.06,-0.06,0.0,v0
822,2024-02-01,0.0,0.06,-0.06,0.0,v0
822,2024-03-01,0.0,0.04,-0.04,0.0,v0
822,2024-04-01,0.0,0.06,-0.06,0.0,v0
822,2024-05-01,0.0,0.13,-0.13,0.0,v0
822,2024-06-01,0.0,0.09,-0.09,0.0,v0
822,2024-07-01,0.0,0.08,-0.08,0.0,v0
822,2024-08-01,0.0,0.15,-0.15,0.0,v0
822,2024-09-01,0.0,0.09,-0.09,0.0,v0
822,2024-10-01,0.0,0.1,-0.1,0.0,v0
823,2022-04-01,0.23,0.08,0.15000000000000002,0.0,v0
823,2022-05-01,0.18,0.04,0.13999999999999999,0.0,v0
823,2022-06-01,0.28,0.05,0.23000000000000004,0.0,v0
823,2022-07-01,0.25,0.01,0.24,0.0,v0
823,2022-08-01,0.32,0.02,0.3,0.0,v0
823,2022-09-01,0.34,0.23,0.11000000000000001,0.0,v0
823,2022-10-01,0.37,0.14,0.22999999999999998,0.0,v0
823,2022-11-01,0.0,0.09,-0.09,0.0,v0
823,2022-12-01,0.21,0.02,0.19,0.0,v0
823,2023-01-01,0.29,0.06,0.22999999999999998,0.0,v0
823,2023-02-01,0.0,0.12,-0.12,0.0,v0
824,2022-04-01,0.0,0.11,-0.11,0.0,v0
825,2022-04-01,0.95,0.0,0.95,0.0,v0
826,2022-04-01,0.16,0.0,0.16,0.0,v0
827,2022-04-01,0.0,0.11,-0.11,0.0,v0
827,2022-05-01,0.0,0.07,-0.07,0.0,v0
827,2022-06-01,0.0,0.22,-0.22,0.0,v0
827,2022-07-01,0.0,0.05,-0.05,0.0,v0
827,2022-08-01,0.0,0.19,-0.19,0.0,v0
827,2022-09-01,0.0,0.18,-0.18,0.0,v0
827,2022-10-01,0.0,0.05,-0.05,0.0,v0
827,2022-11-01,0.04,0.0,0.04,0.0,v0
828,2022-04-01,0.0,0.18,-0.18,0.0,v0
828,2022-05-01,0.0,0.3,-0.3,0.0,v0
828,2022-06-01,0.0,0.07,-0.07,0.0,v0
828,2022-07-01,0.1,0.0,0.1,0.0,v0
829,2022-04-01,0.0,0.04,-0.04,0.0,v0
829,2022-06-01,0.0,0.01,-0.01,0.0,v0
829,2022-08-01,0.0,0.02,-0.02,0.0,v0
829,2023-01-01,0.0,0.02,-0.02,0.0,v0
829,2023-06-01,0.0,0.02,-0.02,0.0,v0
829,2024-06-01,0.0,0.01,-0.01,0.0,v0
830,2022-04-01,0.0,0.04,-0.04,0.0,v0
830,2022-06-01,0.0,0.06,-0.06,0.0,v0
830,2022-07-01,0.0,0.03,-0.03,0.0,v0
830,2022-08-01,0.0,0.11,-0.11,0.0,v0
830,2022-09-01,0.01,0.0,0.01,0.0,v0
830,2022-10-01,0.04,0.0,0.04,0.0,v0
830,2022-12-01,0.0,0.01,-0.01,0.0,v0
830,2023-04-01,0.05,0.0,0.05,0.0,v0
830,2023-05-01,0.05,0.0,0.05,0.0,v0
830,2023-06-01,0.0,0.09,-0.09,0.0,v0
830,2023-07-01,0.0,0.02,-0.02,0.0,v0
830,2023-08-01,0.0,0.05,-0.05,0.0,v0
830,2023-09-01,0.01,0.0,0.01,0.0,v0
830,2023-10-01,0.01,0.0,0.01,0.0,v0
830,2023-11-01,0.05,0.0,0.05,0.0,v0
830,2023-12-01,0.01,0.0,0.01,0.0,v0
830,2024-01-01,0.05,0.0,0.05,0.0,v0
830,2024-02-01,0.0,0.06,-0.06,0.0,v0
830,2024-03-01,0.0,0.01,-0.01,0.0,v0
830,2024-04-01,0.0,0.04,-0.04,0.0,v0
830,2024-05-01,0.0,0.02,-0.02,0.0,v0
831,2022-04-01,0.03,0.0,0.03,0.0,v0
831,2022-09-01,0.1,0.0,0.1,0.0,v0
831,2022-11-01,0.04,0.0,0.04,0.0,v0
831,2022-12-01,0.03,0.0,0.03,0.0,v0
831,2023-01-01,0.17,0.0,0.17,0.0,v0
831,2023-02-01,0.03,0.0,0.03,0.0,v0
831,2023-03-01,0.08,0.0,0.08,0.0,v0
831,2023-04-01,0.06,0.0,0.06,0.0,v0
831,2023-08-01,0.01,0.0,0.01,0.0,v0
832,2022-04-01,0.0,0.01,-0.01,0.0,v0
833,2022-04-01,0.0,0.12,-0.12,0.0,v0
833,2022-05-01,0.01,0.16,-0.15,0.0,v0
833,2022-06-01,0.0,0.07,-0.07,0.0,v0
833,2022-07-01,0.0,0.46,-0.46,0.0,v0
833,2022-08-01,0.0,0.13,-0.13,0.0,v0
833,2022-09-01,0.01,0.34,-0.33,0.0,v0
833,2022-10-01,0.0,0.46,-0.46,0.0,v0
833,2022-11-01,0.01,0.38,-0.37,0.0,v0
833,2022-12-01,0.01,0.87,-0.86,0.0,v0
833,2023-01-01,0.0,0.08,-0.08,0.0,v0
833,2023-02-01,0.0,0.14,-0.14,0.0,v0
833,2023-03-01,0.0,0.1,-0.1,0.0,v0
833,2023-04-01,0.0,0.68,-0.68,0.0,v0
833,2023-05-01,0.01,0.49,-0.48,0.0,v0
833,2023-06-01,0.0,0.44,-0.44,0.0,v0
833,2023-07-01,0.0,0.32,-0.32,0.0,v0
833,2023-08-01,0.0,0.2,-0.2,0.0,v0
833,2023-09-01,0.01,0.5,-0.49,0.0,v0
833,2023-10-01,0.0,0.09,-0.09,0.0,v0
833,2023-11-01,0.07,0.0,0.07,0.0,v0
834,2022-04-01,0.0,0.92,-0.92,0.0,v0
834,2022-05-01,0.05,0.74,-0.69,0.0,v0
834,2022-06-01,0.43,0.0,0.43,0.0,v0
834,2022-07-01,0.16,0.0,0.16,0.0,v0
834,2022-09-01,0.01,0.25,-0.24,0.0,v0
834,2022-10-01,0.05,0.0,0.05,0.0,v0
834,2022-11-01,0.0,0.01,-0.01,0.0,v0
834,2022-12-01,0.0,0.02,-0.02,0.0,v0
834,2023-01-01,0.03,0.0,0.03,0.0,v0
835,2022-04-01,0.01,0.0,0.01,0.0,v0
836,2022-04-01,0.03,0.0,0.03,0.0,v0
837,2022-04-01,0.0,0.03,-0.03,0.0,v0
837,2022-05-01,0.0,0.06,-0.06,0.0,v0
837,2022-06-01,0.0,0.01,-0.01,0.0,v0
837,2022-11-01,0.0,0.06,-0.06,0.0,v0
837,2022-12-01,0.0,0.06,-0.06,0.0,v0
837,2023-01-01,0.0,0.04,-0.04,0.0,v0
837,2023-03-01,0.0,0.03,-0.03,0.0,v0
837,2023-05-01,0.0,0.03,-0.03,0.0,v0
837,2023-06-01,0.0,0.09,-0.09,0.0,v0
837,2023-07-01,0.0,0.13,-0.13,0.0,v0
837,2023-11-01,0.0,0.16,-0.16,0.0,v0
837,2023-12-01,0.0,0.09,-0.09,0.0,v0
837,2024-01-01,0.0,0.01,-0.01,0.0,v0
837,2024-02-01,0.0,0.01,-0.01,0.0,v0
837,2024-03-01,0.0,0.04,-0.04,0.0,v0
837,2024-04-01,0.0,0.05,-0.05,0.0,v0
837,2024-05-01,0.0,0.05,-0.05,0.0,v0
837,2024-06-01,0.0,0.19,-0.19,0.0,v0
838,2022-04-01,0.0,0.07,-0.07,0.0,v0
838,2022-05-01,0.0,0.11,-0.11,0.0,v0
838,2022-06-01,0.0,0.21,-0.21,0.0,v0
838,2022-07-01,0.0,0.36,-0.36,0.0,v0
838,2022-08-01,0.0,0.06,-0.06,0.0,v0
838,2022-09-01,0.0,0.34,-0.34,0.0,v0
838,2022-10-01,0.0,0.15,-0.15,0.0,v0
838,2022-11-01,0.0,0.27,-0.27,0.0,v0
839,2022-04-01,0.0,0.05,-0.05,0.0,v0
839,2022-05-01,0.0,0.02,-0.02,0.0,v0
839,2022-06-01,0.0,0.01,-0.01,0.0,v0
839,2022-07-01,0.0,0.04,-0.04,0.0,v0
840,2022-04-01,0.0,0.21,-0.21,0.0,v0
841,2022-04-01,0.0,0.1,-0.1,0.0,v0
841,2022-05-01,0.0,0.09,-0.09,0.0,v0
842,2022-04-01,0.0,0.67,-0.67,0.0,v0
842,2022-05-01,0.0,0.03,-0.03,0.0,v0
842,2022-06-01,0.1,0.0,0.1,0.0,v0
842,2022-07-01,0.53,0.0,0.53,0.0,v0
842,2022-08-01,0.16,0.0,0.16,0.0,v0
842,2022-09-01,0.47,0.0,0.47,0.0,v0
843,2022-04-01,0.06,0.0,0.06,0.0,v0
843,2022-05-01,0.01,0.0,0.01,0.0,v0
843,2022-06-01,0.04,0.0,0.04,0.0,v0
843,2022-07-01,0.14,0.0,0.14,0.0,v0
843,2022-10-01,0.03,0.0,0.03,0.0,v0
843,2022-11-01,0.01,0.0,0.01,0.0,v0
844,2022-04-01,0.0,5.0,-5.0,0.0,v0
845,2022-04-01,0.0,0.39,-0.39,0.0,v0
845,2022-05-01,0.0,0.37,-0.37,0.0,v0
845,2022-06-01,0.0,0.09,-0.09,0.0,v0
845,2022-07-01,0.0,0.22,-0.22,0.0,v0
845,2022-08-01,0.0,0.4,-0.4,0.0,v0
845,2022-09-01,0.0,0.19,-0.19,0.0,v0
845,2022-10-01,0.0,0.47,-0.47,0.0,v0
845,2022-11-01,0.24,0.0,0.24,0.0,v0
846,2022-04-01,0.0,2.4,-2.4,0.0,v0
846,2022-05-01,0.0,2.2,-2.2,0.0,v0
846,2022-07-01,0.0,1.8,-1.8,0.0,v0
846,2022-08-01,0.0,1.9,-1.9,0.0,v0
846,2022-09-01,2.7,0.0,2.7,0.0,v0
846,2022-10-01,1.3,0.0,1.3,0.0,v0
846,2022-11-01,2.1,0.0,2.1,0.0,v0
846,2022-12-01,1.9,0.0,1.9,0.0,v0
846,2023-01-01,1.7,0.0,1.7,0.0,v0
846,2023-02-01,2.1,0.0,2.1,0.0,v0
846,2023-03-01,1.6,0.0,1.6,0.0,v0
846,2023-04-01,0.0,3.9,-3.9,0.0,v0
846,2023-05-01,0.0,1.3,-1.3,0.0,v0
846,2023-06-01,0.0,1.8,-1.8,0.0,v0
846,2023-07-01,0.0,0.75,-0.75,0.0,v0
846,2023-08-01,0.0,2.6,-2.6,0.0,v0
846,2023-09-01,0.0,2.3,-2.3,0.0,v0
846,2023-11-01,0.0,1.8,-1.8,0.0,v0
846,2023-12-01,0.0,2.6,-2.6,0.0,v0
846,2024-02-01,0.0,2.9,-2.9,0.0,v0
847,2022-04-01,1.4,0.36,1.04,0.0,v0
847,2022-05-01,0.21,9.9,-9.69,0.0,v0
847,2022-06-01,0.12,1.0,-0.88,0.0,v0
847,2022-07-01,0.0,0.15,-0.15,0.0,v0
847,2022-08-01,0.0,3.7,-3.7,0.0,v0
847,2023-03-01,1.4,0.0,1.4,0.0,v0
847,2023-04-01,3.1,12.0,-8.9,0.0,v0
847,2023-06-01,0.06,0.0,0.06,0.0,v0
847,2024-05-01,0.03,0.0,0.03,0.0,v0
848,2022-04-01,0.01,0.0,0.01,0.0,v0
848,2022-05-01,0.01,0.0,0.01,0.0,v0
849,2022-04-01,0.0,0.07,-0.07,0.0,v0
850,2022-05-01,0.0,1.5,-1.5,0.0,v0
850,2022-07-01,0.0,0.42,-0.42,0.0,v0
850,2022-08-01,0.0,2.3,-2.3,0.0,v0
850,2022-09-01,0.0,2.4,-2.4,0.0,v0
850,2022-10-01,0.0,1.4,-1.4,0.0,v0
850,2022-12-01,0.0,0.68,-0.68,0.0,v0
850,2023-01-01,0.0,1.5,-1.5,0.0,v0
850,2023-02-01,0.0,1.2,-1.2,0.0,v0
850,2023-03-01,0.0,3.4,-3.4,0.0,v0
850,2023-04-01,0.0,3.1,-3.1,0.0,v0
850,2023-05-01,0.0,0.85,-0.85,0.0,v0
850,2023-06-01,0.0,2.6,-2.6,0.0,v0
850,2023-07-01,0.0,1.5,-1.5,0.0,v0
850,2023-08-01,0.0,2.6,-2.6,0.0,v0
850,2023-10-01,0.0,0.89,-0.89,0.0,v0
850,2023-11-01,0.0,3.0,-3.0,0.0,v0
850,2023-12-01,0.0,5.2,-5.2,0.0,v0
850,2024-01-01,0.0,0.29,-0.29,0.0,v0
850,2024-02-01,0.0,2.4,-2.4,0.0,v0
850,2024-03-01,0.0,4.6,-4.6,0.0,v0
850,2024-04-01,0.0,5.1,-5.1,0.0,v0
850,2024-05-01,0.0,2.7,-2.7,0.0,v0
850,2024-06-01,0.0,3.7,-3.7,0.0,v0
850,2024-07-01,0.0,6.2,-6.2,0.0,v0
850,2024-08-01,0.0,3.6,-3.6,0.0,v0
850,2024-09-01,0.0,3.2,-3.2,0.0,v0
850,2024-10-01,0.0,2.8,-2.8,0.0,v0
850,2024-11-01,0.0,4.5,-4.5,0.0,v0
851,2022-05-01,0.01,0.0,0.01,0.0,v0
851,2022-06-01,0.03,0.0,0.03,0.0,v0
851,2022-07-01,0.0,0.04,-0.04,0.0,v0
851,2022-09-01,0.04,0.0,0.04,0.0,v0
851,2022-10-01,0.01,0.0,0.01,0.0,v0
851,2022-12-01,0.07,0.0,0.07,0.0,v0
851,2023-01-01,0.01,0.0,0.01,0.0,v0
851,2023-02-01,0.06,0.0,0.06,0.0,v0
851,2023-04-01,0.08,0.0,0.08,0.0,v0
851,2023-05-01,0.03,0.0,0.03,0.0,v0
851,2023-06-01,0.0,0.02,-0.02,0.0,v0
851,2023-07-01,0.0,0.02,-0.02,0.0,v0
851,2023-08-01,0.31,0.0,0.31,0.0,v0
851,2023-09-01,0.0,0.02,-0.02,0.0,v0
851,2023-10-01,0.0,0.02,-0.02,0.0,v0
851,2024-02-01,0.0,0.02,-0.02,0.0,v0
851,2024-03-01,0.0,0.02,-0.02,0.0,v0
851,2024-04-01,0.01,0.0,0.01,0.0,v0
851,2024-05-01,0.01,0.0,0.01,0.0,v0
851,2024-08-01,0.01,0.0,0.01,0.0,v0
851,2024-11-01,0.02,0.0,0.02,0.0,v0
852,2022-05-01,0.0,0.13,-0.13,0.0,v0
853,2022-05-01,0.0,0.08,-0.08,0.0,v0
853,2022-09-01,0.01,0.0,0.01,0.0,v0
853,2022-10-01,0.01,0.0,0.01,0.0,v0
854,2022-05-01,0.2,0.0,0.2,0.0,v0
854,2022-11-01,0.2,0.0,0.2,0.0,v0
854,2023-03-01,0.2,0.0,0.2,0.0,v0
854,2023-07-01,0.2,0.0,0.2,0.0,v0
854,2023-12-01,0.39,0.0,0.39,0.0,v0
854,2024-05-01,0.2,0.0,0.2,0.0,v0
854,2024-10-01,0.1,0.0,0.1,0.0,v0
854,2024-12-01,0.0,0.14,-0.14,0.0,v0
855,2022-05-01,0.0,0.03,-0.03,0.0,v0
855,2022-06-01,0.0,0.65,-0.65,0.0,v0
856,2022-05-01,0.0,0.06,-0.06,0.0,v0
856,2022-06-01,0.0,0.07,-0.07,0.0,v0
856,2022-07-01,0.0,0.05,-0.05,0.0,v0
856,2022-09-01,0.0,0.01,-0.01,0.0,v0
856,2022-10-01,0.0,0.1,-0.1,0.0,v0
856,2023-10-01,0.0,0.06,-0.06,0.0,v0
857,2022-05-01,0.0,0.84,-0.84,0.0,v0
858,2022-05-01,0.0,0.01,-0.01,0.0,v0
859,2022-05-01,0.0,0.25,-0.25,0.0,v0
860,2022-05-01,0.24,0.0,0.24,0.0,v0
860,2022-06-01,0.13,0.0,0.13,0.0,v0
860,2022-07-01,0.05,0.0,0.05,0.0,v0
861,2022-05-01,0.99,0.0,0.99,0.0,v0
862,2022-05-01,0.34,0.0,0.34,0.0,v0
863,2022-05-01,0.16,1.7,-1.54,0.0,v0
863,2022-06-01,8.8,0.0,8.8,0.0,v0
863,2022-07-01,12.0,0.0,12.0,0.0,v0
863,2022-08-01,11.0,1.7,9.3,0.0,v0
863,2022-09-01,8.7,0.0,8.7,0.0,v0
864,2022-05-01,0.0,0.03,-0.03,0.0,v0
864,2022-06-01,0.0,0.05,-0.05,0.0,v0
864,2022-08-01,0.0,0.14,-0.14,0.0,v0
864,2022-09-01,0.0,0.04,-0.04,0.0,v0
864,2022-10-01,0.0,0.02,-0.02,0.0,v0
864,2022-11-01,0.0,0.04,-0.04,0.0,v0
864,2023-01-01,0.0,0.09,-0.09,0.0,v0
864,2023-02-01,0.0,0.05,-0.05,0.0,v0
864,2023-04-01,0.0,0.01,-0.01,0.0,v0
864,2023-05-01,0.0,0.02,-0.02,0.0,v0
864,2023-08-01,0.0,0.01,-0.01,0.0,v0
864,2023-10-01,0.0,0.01,-0.01,0.0,v0
864,2023-11-01,0.0,0.01,-0.01,0.0,v0
864,2024-01-01,0.0,0.04,-0.04,0.0,v0
864,2024-03-01,0.0,0.01,-0.01,0.0,v0
864,2024-04-01,0.0,0.01,-0.01,0.0,v0
864,2024-06-01,0.0,0.05,-0.05,0.0,v0
864,2024-07-01,0.0,0.04,-0.04,0.0,v0
864,2024-08-01,0.0,0.06,-0.06,0.0,v0
864,2024-09-01,0.0,0.01,-0.01,0.0,v0
865,2022-05-01,0.95,0.09,0.86,0.0,v0
865,2022-06-01,0.61,0.36,0.25,0.0,v0
865,2022-07-01,1.8,0.03,1.77,0.0,v0
865,2022-08-01,2.7,0.23,2.47,0.0,v0
865,2022-09-01,2.2,0.01,2.1900000000000004,0.0,v0
865,2022-10-01,1.0,0.03,0.97,0.0,v0
866,2022-05-01,0.0,0.02,-0.02,0.0,v0
867,2022-05-01,0.0,0.15,-0.15,0.0,v0
867,2022-06-01,0.0,0.18,-0.18,0.0,v0
867,2022-07-01,0.0,0.18,-0.18,0.0,v0
867,2022-08-01,0.0,0.1,-0.1,0.0,v0
867,2022-10-01,0.0,0.04,-0.04,0.0,v0
867,2022-11-01,0.0,0.14,-0.14,0.0,v0
867,2022-12-01,0.0,0.09,-0.09,0.0,v0
867,2023-01-01,0.0,0.08,-0.08,0.0,v0
867,2023-02-01,0.0,0.11,-0.11,0.0,v0
867,2023-03-01,0.0,0.04,-0.04,0.0,v0
867,2023-04-01,0.0,0.14,-0.14,0.0,v0
867,2023-05-01,0.0,0.13,-0.13,0.0,v0
867,2023-06-01,0.0,0.13,-0.13,0.0,v0
867,2023-07-01,0.0,0.06,-0.06,0.0,v0
867,2023-08-01,0.0,0.13,-0.13,0.0,v0
867,2023-09-01,0.0,0.11,-0.11,0.0,v0
867,2023-10-01,0.0,0.12,-0.12,0.0,v0
867,2023-11-01,0.0,0.19,-0.19,0.0,v0
867,2023-12-01,0.0,0.15,-0.15,0.0,v0
867,2024-01-01,0.0,0.13,-0.13,0.0,v0
868,2022-05-01,0.0,0.01,-0.01,0.0,v0
868,2022-06-01,0.0,0.03,-0.03,0.0,v0
868,2022-07-01,0.01,0.03,-0.019999999999999997,0.0,v0
868,2022-08-01,0.0,0.06,-0.06,0.0,v0
868,2022-09-01,0.0,0.07,-0.07,0.0,v0
868,2022-10-01,0.0,0.08,-0.08,0.0,v0
868,2022-11-01,0.02,0.11,-0.09,0.0,v0
868,2022-12-01,0.0,0.04,-0.04,0.0,v0
868,2023-01-01,0.0,0.05,-0.05,0.0,v0
868,2023-02-01,0.0,0.08,-0.08,0.0,v0
868,2023-03-01,0.0,0.05,-0.05,0.0,v0
868,2023-04-01,0.0,0.01,-0.01,0.0,v0
868,2023-05-01,0.0,0.03,-0.03,0.0,v0
868,2023-06-01,0.0,0.02,-0.02,0.0,v0
868,2023-07-01,0.05,0.05,0.0,0.0,v0
868,2023-08-01,0.0,0.02,-0.02,0.0,v0
868,2023-09-01,0.0,0.01,-0.01,0.0,v0
869,2022-05-01,0.0,0.04,-0.04,0.0,v0
869,2023-02-01,0.0,0.08,-0.08,0.0,v0
869,2024-06-01,0.0,0.01,-0.01,0.0,v0
870,2022-05-01,0.0,0.01,-0.01,0.0,v0
871,2022-05-01,0.0,0.05,-0.05,0.0,v0
871,2022-06-01,0.12,0.05,0.06999999999999999,0.0,v0
871,2022-07-01,0.0,0.09,-0.09,0.0,v0
871,2022-09-01,0.06,0.05,0.009999999999999995,0.0,v0
871,2022-10-01,0.0,0.05,-0.05,0.0,v0
871,2022-11-01,0.06,0.05,0.009999999999999995,0.0,v0
871,2022-12-01,0.1,0.0,0.1,0.0,v0
871,2023-01-01,0.0,0.02,-0.02,0.0,v0
871,2023-02-01,0.21,0.0,0.21,0.0,v0
872,2022-05-01,0.1,0.09,0.010000000000000009,0.0,v0
872,2022-06-01,0.03,0.0,0.03,0.0,v0
872,2022-07-01,0.03,0.0,0.03,0.0,v0
873,2022-05-01,0.0,0.01,-0.01,0.0,v0
873,2022-06-01,0.0,0.02,-0.02,0.0,v0
873,2022-07-01,0.0,0.02,-0.02,0.0,v0
873,2022-08-01,0.0,0.01,-0.01,0.0,v0
873,2022-10-01,0.0,0.01,-0.01,0.0,v0
873,2022-11-01,0.0,0.02,-0.02,0.0,v0
873,2023-01-01,0.0,0.01,-0.01,0.0,v0
873,2023-02-01,0.0,0.03,-0.03,0.0,v0
873,2023-03-01,0.0,0.02,-0.02,0.0,v0
873,2023-04-01,0.0,0.03,-0.03,0.0,v0
873,2023-05-01,0.0,0.05,-0.05,0.0,v0
873,2023-06-01,0.0,0.02,-0.02,0.0,v0
873,2023-07-01,0.0,0.02,-0.02,0.0,v0
874,2022-05-01,0.0,0.01,-0.01,0.0,v0
875,2022-05-01,0.07,0.0,0.07,0.0,v0
875,2022-06-01,0.15,0.0,0.15,0.0,v0
875,2022-07-01,0.02,0.0,0.02,0.0,v0
875,2022-08-01,0.03,0.0,0.03,0.0,v0
876,2022-05-01,0.0,0.04,-0.04,0.0,v0
876,2022-06-01,0.0,0.03,-0.03,0.0,v0
877,2022-05-01,0.0,0.09,-0.09,0.0,v0
877,2022-09-01,0.0,0.16,-0.16,0.0,v0
877,2022-12-01,0.0,0.03,-0.03,0.0,v0
877,2023-11-01,0.0,0.14,-0.14,0.0,v0
877,2023-12-01,0.0,0.07,-0.07,0.0,v0
877,2024-03-01,0.0,0.09,-0.09,0.0,v0
877,2024-04-01,0.0,0.1,-0.1,0.0,v0
877,2024-10-01,0.0,0.16,-0.16,0.0,v0
878,2022-05-01,0.36,0.0,0.36,0.0,v0
878,2022-06-01,0.44,0.0,0.44,0.0,v0
878,2022-07-01,0.31,0.0,0.31,0.0,v0
878,2022-08-01,0.16,0.0,0.16,0.0,v0
878,2022-09-01,0.54,0.0,0.54,0.0,v0
878,2022-10-01,0.26,0.0,0.26,0.0,v0
878,2022-11-01,0.23,0.0,0.23,0.0,v0
878,2022-12-01,0.11,0.0,0.11,0.0,v0
878,2023-01-01,0.35,0.3,0.04999999999999999,0.0,v0
878,2023-03-01,0.05,0.12,-0.06999999999999999,0.0,v0
878,2023-04-01,0.15,0.06,0.09,0.0,v0
878,2023-05-01,0.04,0.18,-0.13999999999999999,0.0,v0
878,2023-06-01,0.42,0.37,0.04999999999999999,0.0,v0
878,2023-07-01,0.04,0.22,-0.18,0.0,v0
878,2023-08-01,0.03,0.19,-0.16,0.0,v0
878,2023-09-01,0.09,0.15,-0.06,0.0,v0
878,2023-10-01,0.16,0.27,-0.11000000000000001,0.0,v0
878,2023-11-01,0.13,0.13,0.0,0.0,v0
878,2023-12-01,0.36,0.3,0.06,0.0,v0
879,2022-06-01,0.0,0.08,-0.08,0.0,v0
879,2022-07-01,0.0,0.07,-0.07,0.0,v0
879,2022-08-01,0.0,0.3,-0.3,0.0,v0
879,2022-12-01,0.0,0.02,-0.02,0.0,v0
879,2023-02-01,0.0,0.01,-0.01,0.0,v0
880,2022-05-01,0.59,0.05,0.5399999999999999,0.0,v0
880,2022-06-01,0.03,0.06,-0.03,0.0,v0
880,2022-07-01,0.54,0.0,0.54,0.0,v0
880,2022-08-01,0.58,0.0,0.58,0.0,v0
880,2022-09-01,0.23,0.01,0.22,0.0,v0
880,2022-11-01,0.57,0.0,0.57,0.0,v0
880,2022-12-01,0.0,0.01,-0.01,0.0,v0
881,2022-05-01,0.04,0.0,0.04,0.0,v0
881,2022-06-01,0.12,0.0,0.12,0.0,v0
881,2022-07-01,0.28,0.02,0.26,0.0,v0
881,2022-08-01,0.0,0.03,-0.03,0.0,v0
881,2022-09-01,0.03,0.0,0.03,0.0,v0
881,2022-10-01,0.29,0.03,0.26,0.0,v0
881,2022-11-01,0.09,0.05,0.039999999999999994,0.0,v0
881,2022-12-01,0.3,0.0,0.3,0.0,v0
881,2023-01-01,0.09,0.0,0.09,0.0,v0
881,2023-02-01,0.2,0.0,0.2,0.0,v0
881,2023-03-01,0.04,0.0,0.04,0.0,v0
882,2022-05-01,0.0,0.05,-0.05,0.0,v0
883,2022-05-01,0.0,1.7,-1.7,0.0,v0
883,2022-06-01,0.0,4.4,-4.4,0.0,v0
883,2022-07-01,0.0,0.02,-0.02,0.0,v0
883,2022-08-01,0.0,3.6,-3.6,0.0,v0
883,2022-09-01,0.0,5.2,-5.2,0.0,v0
884,2022-05-01,0.48,0.02,0.45999999999999996,0.0,v0
884,2022-06-01,0.35,0.0,0.35,0.0,v0
884,2022-08-01,0.23,0.01,0.22,0.0,v0
884,2022-09-01,0.16,0.0,0.16,0.0,v0
884,2022-10-01,0.03,0.57,-0.5399999999999999,0.0,v0
884,2022-11-01,0.43,0.32,0.10999999999999999,0.0,v0
884,2022-12-01,0.12,0.01,0.11,0.0,v0
884,2023-01-01,0.0,0.74,-0.74,0.0,v0
884,2023-02-01,0.0,0.3,-0.3,0.0,v0
884,2023-03-01,0.0,0.45,-0.45,0.0,v0
884,2023-04-01,0.0,0.66,-0.66,0.0,v0
884,2023-05-01,0.0,0.44,-0.44,0.0,v0
884,2023-06-01,0.0,0.46,-0.46,0.0,v0
884,2023-07-01,0.0,0.41,-0.41,0.0,v0
884,2023-08-01,0.0,0.32,-0.32,0.0,v0
884,2023-09-01,0.0,0.43,-0.43,0.0,v0
884,2023-10-01,0.0,0.38,-0.38,0.0,v0
884,2023-11-01,0.0,0.47,-0.47,0.0,v0
884,2023-12-01,0.0,0.13,-0.13,0.0,v0
884,2024-01-01,0.0,0.12,-0.12,0.0,v0
884,2024-02-01,0.0,0.66,-0.66,0.0,v0
884,2024-03-01,0.0,0.34,-0.34,0.0,v0
884,2024-04-01,0.0,0.37,-0.37,0.0,v0
884,2024-05-01,0.15,0.01,0.13999999999999999,0.0,v0
884,2024-06-01,0.18,0.0,0.18,0.0,v0
884,2024-07-01,0.0,0.67,-0.67,0.0,v0
884,2024-08-01,0.0,0.46,-0.46,0.0,v0
884,2024-09-01,0.0,0.26,-0.26,0.0,v0
884,2024-10-01,0.0,0.1,-0.1,0.0,v0
884,2024-11-01,0.0,0.37,-0.37,0.0,v0
884,2024-12-01,0.0,0.36,-0.36,0.0,v0
885,2022-05-01,0.04,0.0,0.04,0.0,v0
886,2022-05-01,0.0,0.01,-0.01,0.0,v0
887,2022-05-01,0.0,0.4,-0.4,0.0,v0
887,2022-06-01,0.15,0.0,0.15,0.0,v0
887,2022-07-01,0.15,0.0,0.15,0.0,v0
887,2022-08-01,0.0,0.16,-0.16,0.0,v0
887,2022-09-01,0.0,0.09,-0.09,0.0,v0
887,2022-10-01,0.0,0.31,-0.31,0.0,v0
887,2022-11-01,0.0,0.02,-0.02,0.0,v0
888,2022-05-01,1.3,0.0,1.3,0.0,v0
889,2022-05-01,0.0,0.02,-0.02,0.0,v0
889,2022-06-01,0.06,0.0,0.06,0.0,v0
889,2022-07-01,0.0,0.09,-0.09,0.0,v0
889,2022-08-01,0.0,0.09,-0.09,0.0,v0
890,2022-05-01,0.0,0.04,-0.04,0.0,v0
891,2022-05-01,0.0,0.05,-0.05,0.0,v0
891,2022-06-01,0.01,0.0,0.01,0.0,v0
892,2022-05-01,1.0,0.0,1.0,0.0,v0
892,2022-06-01,0.92,0.0,0.92,0.0,v0
892,2022-08-01,0.5,0.0,0.5,0.0,v0
892,2022-09-01,0.0,0.02,-0.02,0.0,v0
892,2022-10-01,0.45,0.0,0.45,0.0,v0
893,2022-05-01,0.01,0.01,0.0,0.0,v0
893,2022-06-01,0.0,0.01,-0.01,0.0,v0
894,2022-05-01,0.01,0.01,0.0,0.0,v0
895,2022-05-01,0.0,0.01,-0.01,0.0,v0
896,2022-05-01,0.39,0.0,0.39,0.0,v0
897,2022-05-01,0.02,0.0,0.02,0.0,v0
898,2022-05-01,0.0,0.01,-0.01,0.0,v0
898,2023-07-01,0.0,0.01,-0.01,0.0,v0
898,2024-01-01,0.0,0.01,-0.01,0.0,v0
898,2024-05-01,0.0,0.01,-0.01,0.0,v0
898,2024-09-01,0.0,0.01,-0.01,0.0,v0
899,2022-05-01,0.01,0.0,0.01,0.0,v0
899,2024-07-01,0.0,11.0,-11.0,0.0,v0
900,2022-05-01,0.02,0.0,0.02,0.0,v0
900,2022-06-01,0.03,0.0,0.03,0.0,v0
900,2022-07-01,0.03,0.0,0.03,0.0,v0
900,2022-09-01,0.06,0.0,0.06,0.0,v0
900,2022-10-01,0.02,0.0,0.02,0.0,v0
900,2022-11-01,0.07,0.0,0.07,0.0,v0
900,2022-12-01,0.04,0.0,0.04,0.0,v0
900,2023-01-01,0.08,0.0,0.08,0.0,v0
900,2023-02-01,0.0,0.01,-0.01,0.0,v0
901,2022-05-01,0.48,0.0,0.48,0.0,v0
902,2022-05-01,0.0,0.15,-0.15,0.0,v0
902,2022-07-01,0.0,0.04,-0.04,0.0,v0
902,2022-08-01,0.0,0.12,-0.12,0.0,v0
902,2022-09-01,0.0,0.06,-0.06,0.0,v0
902,2022-10-01,0.0,0.06,-0.06,0.0,v0
902,2022-11-01,0.0,0.07,-0.07,0.0,v0
902,2022-12-01,0.0,0.13,-0.13,0.0,v0
903,2022-05-01,0.0,0.02,-0.02,0.0,v0
904,2022-05-01,0.05,0.0,0.05,0.0,v0
904,2022-06-01,0.02,0.0,0.02,0.0,v0
904,2022-07-01,0.03,0.0,0.03,0.0,v0
904,2022-08-01,0.0,0.05,-0.05,0.0,v0
904,2022-10-01,0.0,0.04,-0.04,0.0,v0
905,2022-05-01,0.01,0.0,0.01,0.0,v0
905,2022-06-01,0.08,0.0,0.08,0.0,v0
905,2022-07-01,0.02,0.0,0.02,0.0,v0
905,2022-08-01,0.5,0.0,0.5,0.0,v0
905,2022-09-01,0.04,0.0,0.04,0.0,v0
906,2022-05-01,0.06,0.0,0.06,0.0,v0
907,2022-05-01,0.0,0.41,-0.41,0.0,v0
908,2022-05-01,0.54,0.0,0.54,0.0,v0
908,2022-06-01,0.28,0.01,0.27,0.0,v0
908,2022-07-01,0.0,0.33,-0.33,0.0,v0
908,2022-09-01,0.0,0.03,-0.03,0.0,v0
908,2022-10-01,0.0,0.06,-0.06,0.0,v0
908,2022-11-01,0.14,0.0,0.14,0.0,v0
908,2022-12-01,0.01,0.0,0.01,0.0,v0
908,2023-01-01,0.0,0.5,-0.5,0.0,v0
908,2023-02-01,0.0,0.52,-0.52,0.0,v0
908,2023-03-01,0.0,0.12,-0.12,0.0,v0
908,2023-04-01,0.0,0.25,-0.25,0.0,v0
908,2023-05-01,0.0,0.25,-0.25,0.0,v0
908,2023-06-01,0.0,0.24,-0.24,0.0,v0
908,2023-07-01,0.0,0.23,-0.23,0.0,v0
908,2023-08-01,0.0,0.35,-0.35,0.0,v0
908,2023-09-01,0.0,0.12,-0.12,0.0,v0
908,2023-10-01,0.0,0.35,-0.35,0.0,v0
908,2023-11-01,0.0,0.01,-0.01,0.0,v0
908,2023-12-01,0.0,0.01,-0.01,0.0,v0
909,2022-05-01,0.0,0.03,-0.03,0.0,v0
910,2022-05-01,0.06,0.0,0.06,0.0,v0
911,2022-05-01,0.0,0.08,-0.08,0.0,v0
912,2022-05-01,0.0,0.03,-0.03,0.0,v0
913,2022-05-01,0.0,0.36,-0.36,0.0,v0
913,2022-06-01,0.13,0.14,-0.010000000000000009,0.0,v0
913,2022-07-01,0.1,1.0,-0.9,0.0,v0
914,2022-05-01,0.0,0.02,-0.02,0.0,v0
914,2022-06-01,0.0,0.04,-0.04,0.0,v0
914,2022-07-01,0.0,0.04,-0.04,0.0,v0
914,2022-08-01,0.0,0.02,-0.02,0.0,v0
914,2022-10-01,0.0,0.04,-0.04,0.0,v0
914,2022-11-01,0.0,0.02,-0.02,0.0,v0
914,2022-12-01,0.0,0.02,-0.02,0.0,v0
914,2023-01-01,0.0,0.06,-0.06,0.0,v0
914,2023-03-01,0.0,0.02,-0.02,0.0,v0
914,2023-05-01,0.0,0.04,-0.04,0.0,v0
914,2023-08-01,0.05,0.0,0.05,0.0,v0
914,2023-10-01,0.01,0.0,0.01,0.0,v0
914,2023-11-01,0.05,0.0,0.05,0.0,v0
914,2024-04-01,0.0,0.02,-0.02,0.0,v0
914,2024-07-01,0.0,0.02,-0.02,0.0,v0
914,2024-08-01,0.0,0.01,-0.01,0.0,v0
914,2024-09-01,0.0,0.01,-0.01,0.0,v0
915,2022-05-01,0.53,0.0,0.53,0.0,v0
916,2022-05-01,0.1,0.0,0.1,0.0,v0
917,2022-05-01,0.0,0.01,-0.01,0.0,v0
917,2022-06-01,0.0,0.01,-0.01,0.0,v0
917,2022-07-01,0.0,0.57,-0.57,0.0,v0
917,2022-09-01,2.2,0.77,1.4300000000000002,0.0,v0
917,2022-10-01,0.85,0.0,0.85,0.0,v0
917,2022-11-01,1.2,0.0,1.2,0.0,v0
918,2022-05-01,0.1,0.0,0.1,0.0,v0
918,2022-06-01,0.02,0.42,-0.39999999999999997,0.0,v0
918,2022-07-01,0.0,0.38,-0.38,0.0,v0
919,2022-05-01,0.0,0.02,-0.02,0.0,v0
919,2022-06-01,0.0,0.06,-0.06,0.0,v0
919,2022-07-01,0.0,0.02,-0.02,0.0,v0
920,2022-05-01,0.0,0.01,-0.01,0.0,v0
920,2022-06-01,0.0,0.03,-0.03,0.0,v0
920,2022-07-01,0.02,0.01,0.01,0.0,v0
920,2022-08-01,0.0,0.18,-0.18,0.0,v0
920,2022-09-01,0.0,0.21,-0.21,0.0,v0
920,2022-10-01,0.0,0.14,-0.14,0.0,v0
920,2022-11-01,0.0,0.16,-0.16,0.0,v0
920,2022-12-01,0.0,0.36,-0.36,0.0,v0
920,2023-01-01,0.0,0.21,-0.21,0.0,v0
920,2023-02-01,0.0,0.23,-0.23,0.0,v0
920,2023-03-01,0.1,0.0,0.1,0.0,v0
920,2023-04-01,0.06,0.0,0.06,0.0,v0
920,2023-05-01,0.06,0.0,0.06,0.0,v0
920,2023-06-01,0.04,0.0,0.04,0.0,v0
920,2023-07-01,0.0,0.15,-0.15,0.0,v0
921,2022-05-01,0.0,0.02,-0.02,0.0,v0
922,2022-05-01,0.0,0.09,-0.09,0.0,v0
923,2022-05-01,0.0,0.06,-0.06,0.0,v0
924,2022-05-01,0.0,0.13,-0.13,0.0,v0
924,2022-06-01,0.0,0.19,-0.19,0.0,v0
924,2022-07-01,0.0,0.15,-0.15,0.0,v0
924,2022-08-01,0.0,0.1,-0.1,0.0,v0
924,2022-09-01,0.0,0.14,-0.14,0.0,v0
924,2022-10-01,0.0,0.2,-0.2,0.0,v0
924,2022-11-01,0.0,0.06,-0.06,0.0,v0
924,2023-03-01,0.0,0.03,-0.03,0.0,v0
924,2023-04-01,0.0,0.03,-0.03,0.0,v0
924,2023-06-01,0.0,0.02,-0.02,0.0,v0
924,2023-08-01,0.0,0.02,-0.02,0.0,v0
924,2023-09-01,0.0,0.01,-0.01,0.0,v0
924,2023-11-01,0.0,0.01,-0.01,0.0,v0
924,2023-12-01,0.0,0.01,-0.01,0.0,v0
924,2024-01-01,0.0,0.01,-0.01,0.0,v0
924,2024-03-01,0.0,0.04,-0.04,0.0,v0
924,2024-04-01,0.0,0.01,-0.01,0.0,v0
924,2024-05-01,0.0,0.01,-0.01,0.0,v0
924,2024-06-01,0.0,0.01,-0.01,0.0,v0
924,2024-07-01,0.0,0.01,-0.01,0.0,v0
924,2024-08-01,0.0,0.01,-0.01,0.0,v0
924,2024-09-01,0.0,0.01,-0.01,0.0,v0
924,2024-10-01,0.0,0.01,-0.01,0.0,v0
924,2024-11-01,0.0,0.01,-0.01,0.0,v0
925,2022-05-01,0.0,0.01,-0.01,0.0,v0
926,2022-05-01,0.02,0.0,0.02,0.0,v0
926,2022-06-01,0.02,0.0,0.02,0.0,v0
926,2022-07-01,0.0,0.2,-0.2,0.0,v0
926,2022-08-01,0.0,0.18,-0.18,0.0,v0
926,2022-09-01,0.0,0.25,-0.25,0.0,v0
926,2022-10-01,0.0,0.15,-0.15,0.0,v0
926,2022-11-01,0.0,0.18,-0.18,0.0,v0
926,2022-12-01,0.0,0.1,-0.1,0.0,v0
926,2023-01-01,0.0,0.21,-0.21,0.0,v0
926,2023-02-01,0.0,0.15,-0.15,0.0,v0
926,2023-03-01,0.0,0.3,-0.3,0.0,v0
926,2023-04-01,0.0,0.07,-0.07,0.0,v0
926,2023-05-01,0.0,0.05,-0.05,0.0,v0
926,2023-06-01,0.0,0.09,-0.09,0.0,v0
926,2023-07-01,0.0,0.15,-0.15,0.0,v0
926,2023-08-01,0.0,0.1,-0.1,0.0,v0
926,2023-10-01,0.0,0.13,-0.13,0.0,v0
926,2023-11-01,0.0,0.24,-0.24,0.0,v0
926,2023-12-01,0.0,0.17,-0.17,0.0,v0
926,2024-01-01,0.05,0.0,0.05,0.0,v0
926,2024-02-01,0.0,0.03,-0.03,0.0,v0
926,2024-03-01,0.0,0.07,-0.07,0.0,v0
926,2024-04-01,0.0,0.08,-0.08,0.0,v0
926,2024-05-01,0.0,0.12,-0.12,0.0,v0
926,2024-06-01,0.02,0.0,0.02,0.0,v0
926,2024-07-01,0.0,0.05,-0.05,0.0,v0
926,2024-08-01,0.04,0.0,0.04,0.0,v0
926,2024-09-01,0.0,0.01,-0.01,0.0,v0
926,2024-10-01,0.02,0.0,0.02,0.0,v0
927,2022-05-01,0.0,0.05,-0.05,0.0,v0
928,2022-05-01,0.03,0.0,0.03,0.0,v0
929,2022-05-01,0.33,0.0,0.33,0.0,v0
930,2022-05-01,0.0,0.01,-0.01,0.0,v0
931,2022-05-01,0.0,0.02,-0.02,0.0,v0
931,2022-06-01,0.0,0.03,-0.03,0.0,v0
931,2022-07-01,0.0,0.06,-0.06,0.0,v0
931,2022-08-01,0.0,0.05,-0.05,0.0,v0
931,2022-09-01,0.0,0.1,-0.1,0.0,v0
931,2022-10-01,0.0,0.05,-0.05,0.0,v0
932,2022-05-01,0.0,0.06,-0.06,0.0,v0
933,2022-06-01,0.0,0.18,-0.18,0.0,v0
933,2022-07-01,0.0,0.11,-0.11,0.0,v0
933,2022-08-01,0.0,0.03,-0.03,0.0,v0
933,2022-09-01,0.0,0.01,-0.01,0.0,v0
933,2022-10-01,0.0,0.05,-0.05,0.0,v0
933,2022-11-01,0.0,0.04,-0.04,0.0,v0
934,2022-05-01,0.0,0.21,-0.21,0.0,v0
935,2022-05-01,0.0,0.08,-0.08,0.0,v0
935,2022-06-01,0.0,0.16,-0.16,0.0,v0
935,2022-07-01,0.0,0.08,-0.08,0.0,v0
935,2022-08-01,0.0,0.04,-0.04,0.0,v0
935,2022-09-01,0.0,0.09,-0.09,0.0,v0
935,2022-10-01,0.0,0.14,-0.14,0.0,v0
936,2022-05-01,0.0,0.01,-0.01,0.0,v0
936,2022-06-01,0.0,0.55,-0.55,0.0,v0
936,2022-07-01,0.0,0.17,-0.17,0.0,v0
936,2022-08-01,0.0,0.3,-0.3,0.0,v0
937,2022-05-01,0.0,0.09,-0.09,0.0,v0
937,2022-06-01,0.0,0.04,-0.04,0.0,v0
937,2022-07-01,0.0,0.01,-0.01,0.0,v0
938,2022-05-01,0.01,0.0,0.01,0.0,v0
939,2022-05-01,0.0,0.06,-0.06,0.0,v0
939,2022-06-01,0.0,0.07,-0.07,0.0,v0
939,2022-07-01,0.34,0.18,0.16000000000000003,0.0,v0
939,2022-08-01,0.51,0.09,0.42000000000000004,0.0,v0
939,2022-09-01,0.12,0.27,-0.15000000000000002,0.0,v0
939,2022-10-01,0.45,0.26,0.19,0.0,v0
939,2022-11-01,0.03,0.01,0.019999999999999997,0.0,v0
940,2022-05-01,0.0,0.06,-0.06,0.0,v0
940,2022-06-01,0.0,0.04,-0.04,0.0,v0
940,2022-07-01,0.0,0.09,-0.09,0.0,v0
940,2022-08-01,0.0,0.1,-0.1,0.0,v0
941,2022-06-01,0.0,0.17,-0.17,0.0,v0
941,2022-10-01,0.0,0.06,-0.06,0.0,v0
941,2022-11-01,0.0,0.08,-0.08,0.0,v0
941,2023-01-01,0.0,0.04,-0.04,0.0,v0
941,2023-02-01,0.0,0.07,-0.07,0.0,v0
941,2023-04-01,0.0,0.11,-0.11,0.0,v0
941,2023-05-01,0.0,0.09,-0.09,0.0,v0
941,2023-06-01,0.0,0.07,-0.07,0.0,v0
941,2024-01-01,0.0,0.01,-0.01,0.0,v0
941,2024-02-01,0.0,0.06,-0.06,0.0,v0
941,2024-03-01,0.0,0.12,-0.12,0.0,v0
941,2024-04-01,0.0,0.17,-0.17,0.0,v0
941,2024-05-01,0.0,0.36,-0.36,0.0,v0
941,2024-06-01,0.0,0.24,-0.24,0.0,v0
941,2024-07-01,0.0,0.14,-0.14,0.0,v0
941,2024-08-01,0.0,0.1,-0.1,0.0,v0
941,2024-09-01,0.0,0.13,-0.13,0.0,v0
941,2024-10-01,0.0,0.22,-0.22,0.0,v0
941,2024-11-01,0.0,0.19,-0.19,0.0,v0
941,2024-12-01,0.0,0.03,-0.03,0.0,v0
942,2022-05-01,0.01,0.0,0.01,0.0,v0
942,2023-12-01,0.0,0.04,-0.04,0.0,v0
942,2024-01-01,0.0,0.03,-0.03,0.0,v0
942,2024-04-01,0.0,0.03,-0.03,0.0,v0
942,2024-05-01,0.0,0.02,-0.02,0.0,v0
942,2024-06-01,0.0,0.02,-0.02,0.0,v0
942,2024-07-01,0.0,0.02,-0.02,0.0,v0
942,2024-08-01,0.0,0.03,-0.03,0.0,v0
942,2024-09-01,0.0,0.04,-0.04,0.0,v0
943,2022-05-01,0.0,0.03,-0.03,0.0,v0
943,2022-06-01,0.0,0.06,-0.06,0.0,v0
943,2022-07-01,0.0,0.01,-0.01,0.0,v0
944,2022-05-01,0.0,0.01,-0.01,0.0,v0
945,2022-05-01,0.0,0.01,-0.01,0.0,v0
946,2022-05-01,0.0,0.02,-0.02,0.0,v0
947,2022-05-01,0.0,0.05,-0.05,0.0,v0
947,2022-06-01,0.0,0.14,-0.14,0.0,v0
947,2022-07-01,0.0,0.14,-0.14,0.0,v0
948,2022-05-01,0.0,0.2,-0.2,0.0,v0
949,2022-05-01,0.02,0.06,-0.039999999999999994,0.0,v0
949,2022-06-01,0.0,0.72,-0.72,0.0,v0
949,2022-07-01,0.01,0.63,-0.62,0.0,v0
950,2022-05-01,2.0,0.0,2.0,0.0,v0
950,2022-10-01,0.62,0.0,0.62,0.0,v0
951,2022-05-01,0.0,0.11,-0.11,0.0,v0
951,2022-06-01,0.0,0.16,-0.16,0.0,v0
951,2022-09-01,0.0,0.03,-0.03,0.0,v0
951,2022-10-01,0.0,0.02,-0.02,0.0,v0
951,2023-04-01,0.0,0.33,-0.33,0.0,v0
951,2024-04-01,0.0,0.08,-0.08,0.0,v0
951,2024-05-01,0.0,0.07,-0.07,0.0,v0
952,2022-05-01,0.0,0.42,-0.42,0.0,v0
953,2022-05-01,0.0,0.03,-0.03,0.0,v0
953,2022-06-01,0.0,0.06,-0.06,0.0,v0
953,2022-07-01,0.0,0.02,-0.02,0.0,v0
953,2022-08-01,0.0,0.17,-0.17,0.0,v0
953,2022-09-01,0.0,0.02,-0.02,0.0,v0
953,2022-10-01,0.0,0.03,-0.03,0.0,v0
953,2022-11-01,0.0,0.04,-0.04,0.0,v0
954,2022-05-01,0.0,0.13,-0.13,0.0,v0
955,2022-05-01,0.0,0.16,-0.16,0.0,v0
955,2022-07-01,0.0,0.13,-0.13,0.0,v0
956,2022-05-01,0.0,4.0,-4.0,0.0,v0
957,2022-06-01,0.0,0.01,-0.01,0.0,v0
957,2022-07-01,0.0,0.01,-0.01,0.0,v0
957,2022-12-01,0.0,0.03,-0.03,0.0,v0
957,2023-03-01,0.0,0.03,-0.03,0.0,v0
957,2024-01-01,0.0,0.01,-0.01,0.0,v0
957,2024-02-01,0.0,0.02,-0.02,0.0,v0
957,2024-06-01,0.0,0.01,-0.01,0.0,v0
958,2022-06-01,0.05,0.0,0.05,0.0,v0
958,2022-07-01,0.13,0.0,0.13,0.0,v0
958,2022-08-01,0.04,0.0,0.04,0.0,v0
958,2022-09-01,0.06,0.0,0.06,0.0,v0
958,2022-10-01,0.09,0.0,0.09,0.0,v0
958,2022-11-01,0.06,0.08,-0.020000000000000004,0.0,v0
958,2022-12-01,0.08,0.01,0.07,0.0,v0
958,2023-01-01,0.01,0.0,0.01,0.0,v0
958,2023-02-01,0.04,0.0,0.04,0.0,v0
958,2023-03-01,0.17,0.06,0.11000000000000001,0.0,v0
958,2023-04-01,0.07,0.07,0.0,0.0,v0
958,2023-05-01,0.13,0.0,0.13,0.0,v0
958,2023-07-01,0.06,0.01,0.049999999999999996,0.0,v0
958,2023-08-01,0.08,0.0,0.08,0.0,v0
958,2023-09-01,0.14,0.01,0.13,0.0,v0
958,2023-10-01,0.09,0.0,0.09,0.0,v0
958,2023-11-01,0.01,0.0,0.01,0.0,v0
958,2024-01-01,0.05,0.02,0.030000000000000002,0.0,v0
958,2024-02-01,0.03,0.0,0.03,0.0,v0
958,2024-03-01,0.03,0.0,0.03,0.0,v0
958,2024-04-01,0.07,0.0,0.07,0.0,v0
959,2022-06-01,0.06,0.0,0.06,0.0,v0
960,2022-06-01,0.16,0.0,0.16,0.0,v0
960,2023-09-01,0.01,0.0,0.01,0.0,v0
960,2024-05-01,0.0,0.1,-0.1,0.0,v0
960,2024-06-01,0.01,0.0,0.01,0.0,v0
961,2022-06-01,0.0,0.1,-0.1,0.0,v0
961,2022-07-01,0.0,0.04,-0.04,0.0,v0
962,2022-06-01,0.0,0.03,-0.03,0.0,v0
963,2022-06-01,0.0,0.38,-0.38,0.0,v0
963,2022-08-01,0.0,0.22,-0.22,0.0,v0
963,2022-09-01,0.0,0.37,-0.37,0.0,v0
963,2022-10-01,0.08,0.01,0.07,0.0,v0
963,2022-11-01,0.0,0.04,-0.04,0.0,v0
963,2022-12-01,0.01,0.0,0.01,0.0,v0
963,2023-01-01,0.05,0.03,0.020000000000000004,0.0,v0
964,2022-06-01,0.0,0.02,-0.02,0.0,v0
964,2022-07-01,0.0,0.12,-0.12,0.0,v0
964,2022-08-01,0.0,0.52,-0.52,0.0,v0
965,2022-06-01,0.18,0.0,0.18,0.0,v0
965,2022-07-01,0.04,0.0,0.04,0.0,v0
965,2022-08-01,0.0,0.61,-0.61,0.0,v0
965,2022-09-01,0.01,0.01,0.0,0.0,v0
965,2022-10-01,0.0,0.06,-0.06,0.0,v0
965,2022-11-01,0.09,0.0,0.09,0.0,v0
965,2022-12-01,0.0,0.6,-0.6,0.0,v0
965,2023-01-01,0.02,0.25,-0.23,0.0,v0
965,2023-02-01,0.0,0.13,-0.13,0.0,v0
965,2023-03-01,0.0,0.11,-0.11,0.0,v0
965,2023-05-01,0.2,0.0,0.2,0.0,v0
965,2023-06-01,0.06,0.01,0.049999999999999996,0.0,v0
965,2023-07-01,0.23,0.01,0.22,0.0,v0
965,2023-08-01,0.11,0.01,0.1,0.0,v0
965,2023-09-01,0.28,0.0,0.28,0.0,v0
965,2023-10-01,0.25,0.0,0.25,0.0,v0
965,2023-11-01,0.12,0.0,0.12,0.0,v0
965,2023-12-01,0.18,0.0,0.18,0.0,v0
965,2024-02-01,0.15,0.0,0.15,0.0,v0
965,2024-03-01,0.12,0.01,0.11,0.0,v0
965,2024-04-01,0.13,0.01,0.12000000000000001,0.0,v0
965,2024-05-01,0.17,0.0,0.17,0.0,v0
966,2022-06-01,0.0,0.01,-0.01,0.0,v0
966,2022-07-01,0.0,0.01,-0.01,0.0,v0
967,2022-06-01,0.0,0.24,-0.24,0.0,v0
967,2022-07-01,0.0,0.01,-0.01,0.0,v0
967,2022-08-01,0.0,0.02,-0.02,0.0,v0
967,2022-09-01,0.21,0.02,0.19,0.0,v0
968,2022-06-01,0.0,0.1,-0.1,0.0,v0
969,2022-06-01,0.0,0.03,-0.03,0.0,v0
969,2022-07-01,0.42,0.0,0.42,0.0,v0
969,2022-08-01,0.39,0.0,0.39,0.0,v0
969,2022-09-01,0.0,0.08,-0.08,0.0,v0
969,2022-10-01,0.0,0.16,-0.16,0.0,v0
969,2022-12-01,0.0,0.06,-0.06,0.0,v0
969,2023-01-01,0.58,0.0,0.58,0.0,v0
969,2023-03-01,0.0,0.01,-0.01,0.0,v0
969,2023-04-01,0.18,0.0,0.18,0.0,v0
969,2023-05-01,0.1,0.0,0.1,0.0,v0
969,2023-06-01,0.05,0.0,0.05,0.0,v0
969,2023-07-01,0.0,0.05,-0.05,0.0,v0
969,2023-08-01,0.05,0.0,0.05,0.0,v0
970,2022-06-01,0.02,0.02,0.0,0.0,v0
970,2022-07-01,0.0,0.01,-0.01,0.0,v0
971,2022-06-01,56.0,0.0,56.0,0.0,v0
971,2022-07-01,2.8,0.94,1.8599999999999999,0.0,v0
971,2022-08-01,0.02,1.9,-1.88,0.0,v0
972,2022-06-01,0.35,0.0,0.35,0.0,v0
973,2022-06-01,0.39,0.0,0.39,0.0,v0
974,2022-06-01,0.0,0.01,-0.01,0.0,v0
975,2022-06-01,0.0,0.01,-0.01,0.0,v0
975,2022-07-01,0.0,0.03,-0.03,0.0,v0
975,2024-01-01,0.0,0.02,-0.02,0.0,v0
975,2024-04-01,0.0,0.02,-0.02,0.0,v0
975,2024-07-01,0.0,0.03,-0.03,0.0,v0
975,2024-09-01,0.01,0.02,-0.01,0.0,v0
975,2024-10-01,0.01,0.03,-0.019999999999999997,0.0,v0
976,2022-06-01,0.0,0.05,-0.05,0.0,v0
977,2022-06-01,0.0,0.03,-0.03,0.0,v0
977,2022-07-01,0.0,0.03,-0.03,0.0,v0
977,2022-08-01,0.0,0.02,-0.02,0.0,v0
977,2022-09-01,0.0,0.08,-0.08,0.0,v0
977,2022-10-01,0.0,0.01,-0.01,0.0,v0
977,2022-11-01,0.0,0.02,-0.02,0.0,v0
977,2022-12-01,0.0,0.02,-0.02,0.0,v0
977,2023-01-01,0.0,0.02,-0.02,0.0,v0
978,2022-06-01,0.31,0.0,0.31,0.0,v0
978,2022-07-01,0.01,0.0,0.01,0.0,v0
978,2022-08-01,0.0,0.03,-0.03,0.0,v0
978,2022-09-01,0.54,0.03,0.51,0.0,v0
978,2022-10-01,0.0,0.02,-0.02,0.0,v0
978,2022-11-01,0.33,0.27,0.06,0.0,v0
978,2022-12-01,2.5,0.01,2.49,0.0,v0
979,2022-06-01,0.02,0.0,0.02,0.0,v0
980,2022-06-01,1.1,0.14,0.9600000000000001,0.0,v0
980,2022-07-01,1.0,0.0,1.0,0.0,v0
980,2022-08-01,0.07,0.0,0.07,0.0,v0
980,2022-09-01,0.01,0.0,0.01,0.0,v0
981,2022-06-01,0.07,0.0,0.07,0.0,v0
982,2022-06-01,0.03,0.0,0.03,0.0,v0
982,2022-07-01,0.03,0.0,0.03,0.0,v0
983,2022-06-01,0.01,0.0,0.01,0.0,v0
983,2023-02-01,0.0,0.02,-0.02,0.0,v0
983,2023-03-01,0.02,0.0,0.02,0.0,v0
983,2023-04-01,0.0,0.04,-0.04,0.0,v0
983,2023-10-01,0.01,0.0,0.01,0.0,v0
983,2023-12-01,0.01,0.0,0.01,0.0,v0
983,2024-01-01,0.01,0.0,0.01,0.0,v0
983,2024-07-01,0.01,0.0,0.01,0.0,v0
983,2024-11-01,0.02,0.0,0.02,0.0,v0
983,2024-12-01,0.02,0.0,0.02,0.0,v0
984,2022-06-01,0.0,0.07,-0.07,0.0,v0
984,2022-07-01,0.01,0.0,0.01,0.0,v0
984,2022-08-01,0.0,1.5,-1.5,0.0,v0
984,2022-09-01,0.0,1.1,-1.1,0.0,v0
984,2022-10-01,0.0,1.9,-1.9,0.0,v0
984,2022-11-01,0.0,1.2,-1.2,0.0,v0
984,2023-01-01,0.0,0.36,-0.36,0.0,v0
984,2023-06-01,0.0,0.04,-0.04,0.0,v0
984,2023-07-01,0.0,0.47,-0.47,0.0,v0
984,2023-08-01,0.0,0.06,-0.06,0.0,v0
984,2023-09-01,0.0,0.06,-0.06,0.0,v0
984,2023-10-01,0.0,0.06,-0.06,0.0,v0
984,2023-11-01,0.0,0.08,-0.08,0.0,v0
984,2024-01-01,0.0,0.08,-0.08,0.0,v0
984,2024-02-01,0.0,0.07,-0.07,0.0,v0
984,2024-03-01,0.0,0.15,-0.15,0.0,v0
985,2022-06-01,0.02,3.0,-2.98,0.0,v0
985,2022-08-01,0.0,2.7,-2.7,0.0,v0
985,2022-09-01,0.29,0.0,0.29,0.0,v0
985,2022-10-01,0.97,3.0,-2.0300000000000002,0.0,v0
985,2022-11-01,2.7,4.5,-1.7999999999999998,0.0,v0
985,2022-12-01,0.0,5.6,-5.6,0.0,v0
985,2023-01-01,0.27,0.0,0.27,0.0,v0
985,2023-02-01,0.21,0.0,0.21,0.0,v0
986,2022-06-01,0.54,0.0,0.54,0.0,v0
986,2022-07-01,0.0,3.3,-3.3,0.0,v0
986,2022-08-01,0.0,0.14,-0.14,0.0,v0
986,2022-09-01,0.0,0.08,-0.08,0.0,v0
986,2022-10-01,0.0,0.17,-0.17,0.0,v0
986,2022-11-01,0.0,0.33,-0.33,0.0,v0
986,2022-12-01,0.0,0.32,-0.32,0.0,v0
986,2023-01-01,0.0,0.08,-0.08,0.0,v0
986,2023-04-01,0.22,0.0,0.22,0.0,v0
986,2023-05-01,0.06,0.0,0.06,0.0,v0
986,2023-06-01,0.0,0.01,-0.01,0.0,v0
986,2023-07-01,0.21,0.0,0.21,0.0,v0
986,2023-09-01,0.34,0.0,0.34,0.0,v0
986,2023-10-01,0.34,0.0,0.34,0.0,v0
986,2023-11-01,0.01,0.0,0.01,0.0,v0
986,2023-12-01,0.28,0.0,0.28,0.0,v0
986,2024-01-01,0.0,0.02,-0.02,0.0,v0
986,2024-02-01,0.23,0.0,0.23,0.0,v0
986,2024-03-01,0.26,0.0,0.26,0.0,v0
986,2024-04-01,0.16,0.0,0.16,0.0,v0
986,2024-05-01,0.19,0.0,0.19,0.0,v0
986,2024-06-01,0.0,0.01,-0.01,0.0,v0
986,2024-07-01,0.22,0.0,0.22,0.0,v0
986,2024-08-01,0.18,0.0,0.18,0.0,v0
986,2024-09-01,0.18,0.0,0.18,0.0,v0
987,2022-06-01,0.0,0.01,-0.01,0.0,v0
987,2022-11-01,0.0,0.2,-0.2,0.0,v0
987,2023-01-01,0.0,0.67,-0.67,0.0,v0
988,2022-06-01,0.04,0.0,0.04,0.0,v0
988,2022-08-01,0.02,0.0,0.02,0.0,v0
988,2022-09-01,0.05,0.0,0.05,0.0,v0
988,2022-10-01,0.01,0.0,0.01,0.0,v0
988,2022-11-01,0.01,0.0,0.01,0.0,v0
989,2022-06-01,13.0,0.14,12.86,0.0,v0
989,2022-07-01,13.0,0.33,12.67,0.0,v0
989,2022-08-01,0.59,0.27,0.31999999999999995,0.0,v0
989,2022-09-01,7.7,0.72,6.98,0.0,v0
989,2022-10-01,15.0,2.8,12.2,0.0,v0
990,2022-06-01,0.0,0.02,-0.02,0.0,v0
990,2022-11-01,0.0,0.02,-0.02,0.0,v0
990,2023-06-01,0.0,0.02,-0.02,0.0,v0
990,2023-10-01,0.0,0.02,-0.02,0.0,v0
990,2024-08-01,0.0,0.02,-0.02,0.0,v0
991,2022-06-01,1.6,0.0,1.6,0.0,v0
992,2022-06-01,0.0,0.42,-0.42,0.0,v0
993,2022-06-01,0.05,0.0,0.05,0.0,v0
994,2022-06-01,0.0,0.11,-0.11,0.0,v0
994,2022-07-01,0.0,0.07,-0.07,0.0,v0
995,2022-06-01,0.0,0.05,-0.05,0.0,v0
996,2022-06-01,0.24,0.06,0.18,0.0,v0
997,2022-06-01,0.14,0.03,0.11000000000000001,0.0,v0
997,2022-07-01,0.07,0.0,0.07,0.0,v0
998,2022-06-01,0.0,0.28,-0.28,0.0,v0
999,2022-06-01,0.01,0.0,0.01,0.0,v0
1000,2022-06-01,0.03,0.03,0.0,0.0,v0
1000,2022-07-01,0.01,0.02,-0.01,0.0,v0
1001,2022-06-01,0.0,0.06,-0.06,0.0,v0
1001,2022-07-01,0.0,0.07,-0.07,0.0,v0
1001,2022-08-01,0.02,0.0,0.02,0.0,v0
1002,2022-06-01,0.09,0.0,0.09,0.0,v0
1003,2022-06-01,0.0,0.04,-0.04,0.0,v0
1004,2022-06-01,0.03,0.0,0.03,0.0,v0
1004,2022-07-01,0.01,0.0,0.01,0.0,v0
1004,2022-08-01,0.02,0.0,0.02,0.0,v0
1004,2022-09-01,0.12,0.0,0.12,0.0,v0
1005,2022-06-01,0.02,0.0,0.02,0.0,v0
1005,2022-07-01,0.02,0.0,0.02,0.0,v0
1005,2022-08-01,0.0,0.03,-0.03,0.0,v0
1005,2022-09-01,0.04,0.0,0.04,0.0,v0
1006,2022-06-01,0.38,0.0,0.38,0.0,v0
1006,2022-07-01,0.06,0.0,0.06,0.0,v0
1006,2022-08-01,0.05,0.0,0.05,0.0,v0
1006,2022-09-01,0.02,0.0,0.02,0.0,v0
1006,2022-10-01,0.01,0.0,0.01,0.0,v0
1006,2022-11-01,0.01,0.0,0.01,0.0,v0
1006,2022-12-01,0.03,0.0,0.03,0.0,v0
1006,2023-01-01,0.04,0.22,-0.18,0.0,v0
1006,2023-02-01,0.16,0.0,0.16,0.0,v0
1006,2023-03-01,0.06,0.0,0.06,0.0,v0
1006,2023-04-01,0.01,0.0,0.01,0.0,v0
1006,2023-05-01,0.05,0.0,0.05,0.0,v0
1006,2023-06-01,0.01,0.0,0.01,0.0,v0
1006,2023-07-01,0.01,0.0,0.01,0.0,v0
1006,2023-08-01,0.03,0.0,0.03,0.0,v0
1006,2023-09-01,0.07,0.1,-0.03,0.0,v0
1007,2022-06-01,0.02,0.0,0.02,0.0,v0
1007,2022-07-01,0.03,0.0,0.03,0.0,v0
1008,2022-06-01,0.0,0.01,-0.01,0.0,v0
1009,2022-06-01,0.0,0.12,-0.12,0.0,v0
1009,2022-07-01,0.0,0.04,-0.04,0.0,v0
1009,2022-08-01,0.0,0.06,-0.06,0.0,v0
1009,2022-09-01,0.0,0.21,-0.21,0.0,v0
1009,2023-01-01,0.0,0.1,-0.1,0.0,v0
1009,2023-04-01,0.0,0.03,-0.03,0.0,v0
1009,2023-09-01,0.0,0.05,-0.05,0.0,v0
1009,2023-11-01,0.0,0.06,-0.06,0.0,v0
1009,2023-12-01,0.0,0.06,-0.06,0.0,v0
1009,2024-02-01,0.0,0.1,-0.1,0.0,v0
1009,2024-04-01,0.0,0.06,-0.06,0.0,v0
1009,2024-05-01,0.0,0.08,-0.08,0.0,v0
1009,2024-06-01,0.0,0.01,-0.01,0.0,v0
1009,2024-08-01,0.0,0.35,-0.35,0.0,v0
1009,2024-10-01,0.0,0.01,-0.01,0.0,v0
1009,2024-11-01,0.0,0.03,-0.03,0.0,v0
1010,2022-06-01,0.01,0.0,0.01,0.0,v0
1011,2022-06-01,0.0,0.03,-0.03,0.0,v0
1012,2022-06-01,0.0,0.53,-0.53,0.0,v0
1013,2022-06-01,1.0,0.0,1.0,0.0,v0
1014,2022-06-01,0.0,0.01,-0.01,0.0,v0
1015,2022-06-01,0.04,0.02,0.02,0.0,v0
1015,2022-07-01,0.03,0.07,-0.04000000000000001,0.0,v0
1015,2022-08-01,0.0,0.05,-0.05,0.0,v0
1015,2022-09-01,0.06,0.06,0.0,0.0,v0
1015,2022-10-01,0.0,0.03,-0.03,0.0,v0
1015,2022-11-01,0.04,0.0,0.04,0.0,v0
1015,2022-12-01,0.04,0.0,0.04,0.0,v0
1015,2023-01-01,0.04,0.05,-0.010000000000000002,0.0,v0
1015,2023-02-01,0.0,0.03,-0.03,0.0,v0
1015,2023-04-01,0.03,0.05,-0.020000000000000004,0.0,v0
1015,2023-05-01,0.04,0.04,0.0,0.0,v0
1015,2023-06-01,0.0,0.24,-0.24,0.0,v0
1015,2023-07-01,0.09,0.04,0.049999999999999996,0.0,v0
1015,2023-08-01,0.0,0.03,-0.03,0.0,v0
1015,2023-09-01,0.03,0.05,-0.020000000000000004,0.0,v0
1016,2022-06-01,0.0,0.04,-0.04,0.0,v0
1017,2022-06-01,0.0,0.03,-0.03,0.0,v0
1017,2022-07-01,0.0,0.02,-0.02,0.0,v0
1017,2022-08-01,0.0,0.06,-0.06,0.0,v0
1017,2022-09-01,0.0,0.07,-0.07,0.0,v0
1017,2022-10-01,0.0,0.06,-0.06,0.0,v0
1018,2022-06-01,0.1,0.0,0.1,0.0,v0
1018,2022-07-01,0.1,0.0,0.1,0.0,v0
1019,2022-06-01,0.0,0.13,-0.13,0.0,v0
1019,2022-07-01,0.0,0.19,-0.19,0.0,v0
1019,2022-08-01,0.0,0.08,-0.08,0.0,v0
1019,2022-10-01,0.0,0.1,-0.1,0.0,v0
1020,2022-06-01,0.0,0.5,-0.5,0.0,v0
1021,2022-06-01,0.0,0.04,-0.04,0.0,v0
1021,2022-07-01,0.0,0.04,-0.04,0.0,v0
1022,2022-06-01,0.0,0.03,-0.03,0.0,v0
1023,2022-07-01,0.0,0.03,-0.03,0.0,v0
1023,2022-08-01,0.0,0.04,-0.04,0.0,v0
1023,2022-09-01,0.0,0.02,-0.02,0.0,v0
1023,2022-10-01,0.0,0.05,-0.05,0.0,v0
1023,2022-11-01,0.0,0.09,-0.09,0.0,v0
1023,2022-12-01,0.0,0.04,-0.04,0.0,v0
1024,2022-06-01,0.0,0.21,-0.21,0.0,v0
1024,2022-07-01,0.0,0.27,-0.27,0.0,v0
1024,2022-08-01,0.0,0.45,-0.45,0.0,v0
1025,2022-06-01,0.0,0.03,-0.03,0.0,v0
1026,2022-06-01,0.0,0.01,-0.01,0.0,v0
1026,2022-07-01,0.01,0.0,0.01,0.0,v0
1027,2022-06-01,0.0,0.04,-0.04,0.0,v0
1027,2022-08-01,0.0,0.09,-0.09,0.0,v0
1027,2022-11-01,0.0,0.01,-0.01,0.0,v0
1027,2023-01-01,0.0,0.01,-0.01,0.0,v0
1027,2023-05-01,0.0,0.01,-0.01,0.0,v0
1027,2023-06-01,0.0,0.01,-0.01,0.0,v0
1027,2023-08-01,0.0,0.01,-0.01,0.0,v0
1027,2024-01-01,0.0,0.01,-0.01,0.0,v0
1027,2024-02-01,0.0,0.01,-0.01,0.0,v0
1027,2024-05-01,0.0,0.01,-0.01,0.0,v0
1027,2024-08-01,0.0,0.01,-0.01,0.0,v0
1028,2022-06-01,0.0,0.17,-0.17,0.0,v0
1028,2022-07-01,0.0,0.16,-0.16,0.0,v0
1029,2022-06-01,0.0,0.05,-0.05,0.0,v0
1029,2024-08-01,0.0,0.01,-0.01,0.0,v0
1030,2022-06-01,0.0,0.1,-0.1,0.0,v0
1030,2022-07-01,0.0,0.08,-0.08,0.0,v0
1030,2022-08-01,0.0,0.07,-0.07,0.0,v0
1030,2022-09-01,0.0,0.07,-0.07,0.0,v0
1030,2022-10-01,0.0,0.06,-0.06,0.0,v0
1031,2022-06-01,0.0,0.09,-0.09,0.0,v0
1032,2022-06-01,0.08,0.0,0.08,0.0,v0
1032,2022-07-01,0.33,0.0,0.33,0.0,v0
1032,2022-08-01,0.37,0.0,0.37,0.0,v0
1032,2022-09-01,0.55,0.0,0.55,0.0,v0
1032,2022-10-01,0.35,0.0,0.35,0.0,v0
1032,2022-11-01,0.54,0.0,0.54,0.0,v0
1032,2022-12-01,1.1,0.0,1.1,0.0,v0
1032,2023-01-01,0.12,0.0,0.12,0.0,v0
1032,2023-02-01,0.44,0.0,0.44,0.0,v0
1032,2023-03-01,0.3,0.0,0.3,0.0,v0
1032,2023-05-01,0.25,0.0,0.25,0.0,v0
1032,2023-07-01,0.25,0.0,0.25,0.0,v0
1032,2023-08-01,0.22,0.0,0.22,0.0,v0
1032,2023-09-01,0.14,0.0,0.14,0.0,v0
1032,2023-10-01,0.48,0.0,0.48,0.0,v0
1032,2023-11-01,0.24,0.0,0.24,0.0,v0
1032,2023-12-01,0.35,0.0,0.35,0.0,v0
1032,2024-01-01,0.15,0.0,0.15,0.0,v0
1032,2024-02-01,0.48,0.0,0.48,0.0,v0
1032,2024-03-01,0.44,0.0,0.44,0.0,v0
1032,2024-04-01,0.23,0.0,0.23,0.0,v0
1032,2024-05-01,0.28,0.0,0.28,0.0,v0
1032,2024-06-01,0.4,0.0,0.4,0.0,v0
1032,2024-07-01,0.36,0.0,0.36,0.0,v0
1032,2024-08-01,0.54,0.0,0.54,0.0,v0
1032,2024-09-01,0.21,0.0,0.21,0.0,v0
1032,2024-10-01,0.55,0.0,0.55,0.0,v0
1032,2024-11-01,0.37,0.0,0.37,0.0,v0
1032,2024-12-01,0.79,0.0,0.79,0.0,v0
1033,2022-06-01,0.06,0.0,0.06,0.0,v0
1034,2022-06-01,0.0,0.03,-0.03,0.0,v0
1034,2022-09-01,0.0,0.03,-0.03,0.0,v0
1034,2022-10-01,0.0,0.09,-0.09,0.0,v0
1034,2023-07-01,0.0,0.03,-0.03,0.0,v0
1034,2023-09-01,0.0,0.06,-0.06,0.0,v0
1034,2023-11-01,0.0,0.08,-0.08,0.0,v0
1035,2022-07-01,0.0,1.2,-1.2,0.0,v0
1035,2022-08-01,0.0,0.11,-0.11,0.0,v0
1035,2022-09-01,0.0,0.41,-0.41,0.0,v0
1035,2022-10-01,0.42,0.0,0.42,0.0,v0
1035,2022-11-01,0.21,0.0,0.21,0.0,v0
1035,2022-12-01,0.07,0.0,0.07,0.0,v0
1035,2023-01-01,0.0,0.12,-0.12,0.0,v0
1035,2023-02-01,0.0,0.04,-0.04,0.0,v0
1035,2023-03-01,0.0,0.64,-0.64,0.0,v0
1036,2022-06-01,0.0,0.01,-0.01,0.0,v0
1036,2022-07-01,0.0,0.04,-0.04,0.0,v0
1037,2022-06-01,0.12,0.0,0.12,0.0,v0
1037,2022-08-01,0.02,0.0,0.02,0.0,v0
1037,2022-10-01,0.06,0.0,0.06,0.0,v0
1037,2023-03-01,0.02,0.0,0.02,0.0,v0
1037,2023-05-01,0.01,0.0,0.01,0.0,v0
1038,2022-06-01,0.11,0.0,0.11,0.0,v0
1038,2022-08-01,0.0,0.01,-0.01,0.0,v0
1038,2022-09-01,0.04,0.01,0.03,0.0,v0
1038,2022-10-01,0.0,0.01,-0.01,0.0,v0
1038,2022-11-01,0.0,0.01,-0.01,0.0,v0
1038,2022-12-01,0.11,0.0,0.11,0.0,v0
1038,2023-05-01,0.12,0.0,0.12,0.0,v0
1038,2023-08-01,0.1,0.0,0.1,0.0,v0
1038,2023-09-01,0.02,0.0,0.02,0.0,v0
1038,2023-12-01,0.12,0.0,0.12,0.0,v0
1038,2024-06-01,0.15,0.03,0.12,0.0,v0
1038,2024-07-01,0.0,0.01,-0.01,0.0,v0
1038,2024-08-01,0.0,0.01,-0.01,0.0,v0
1038,2024-09-01,0.13,0.04,0.09,0.0,v0
1038,2024-10-01,0.03,0.02,0.009999999999999998,0.0,v0
1038,2024-11-01,0.16,0.03,0.13,0.0,v0
1038,2024-12-01,0.14,0.0,0.14,0.0,v0
1039,2022-06-01,0.0,0.06,-0.06,0.0,v0
1039,2022-08-01,0.0,0.05,-0.05,0.0,v0
1039,2022-11-01,0.0,0.05,-0.05,0.0,v0
1039,2022-12-01,0.0,0.04,-0.04,0.0,v0
1039,2023-03-01,0.0,0.01,-0.01,0.0,v0
1039,2023-04-01,0.0,0.02,-0.02,0.0,v0
1039,2023-05-01,0.0,0.04,-0.04,0.0,v0
1039,2023-06-01,0.0,0.13,-0.13,0.0,v0
1039,2023-07-01,0.0,0.03,-0.03,0.0,v0
1039,2023-09-01,0.0,0.02,-0.02,0.0,v0
1039,2023-10-01,0.0,0.02,-0.02,0.0,v0
1039,2024-02-01,0.0,0.01,-0.01,0.0,v0
1039,2024-03-01,0.0,0.04,-0.04,0.0,v0
1039,2024-05-01,0.0,0.02,-0.02,0.0,v0
1039,2024-07-01,0.01,0.02,-0.01,0.0,v0
1039,2024-10-01,0.0,0.05,-0.05,0.0,v0
1039,2024-12-01,0.0,0.04,-0.04,0.0,v0
1040,2022-06-01,0.0,0.29,-0.29,0.0,v0
1041,2022-07-01,0.0,0.1,-0.1,0.0,v0
1041,2022-08-01,0.0,0.07,-0.07,0.0,v0
1041,2022-09-01,0.0,0.19,-0.19,0.0,v0
1041,2022-10-01,0.0,0.13,-0.13,0.0,v0
1041,2022-11-01,0.0,0.1,-0.1,0.0,v0
1041,2022-12-01,0.0,0.11,-0.11,0.0,v0
1041,2023-01-01,0.0,0.13,-0.13,0.0,v0
1041,2023-02-01,0.0,0.02,-0.02,0.0,v0
1041,2023-03-01,0.0,0.15,-0.15,0.0,v0
1041,2023-05-01,0.0,0.07,-0.07,0.0,v0
1041,2023-06-01,0.0,0.26,-0.26,0.0,v0
1041,2023-08-01,0.0,0.17,-0.17,0.0,v0
1041,2023-10-01,0.0,0.15,-0.15,0.0,v0
1041,2023-11-01,0.0,0.29,-0.29,0.0,v0
1041,2023-12-01,0.0,0.09,-0.09,0.0,v0
1041,2024-01-01,0.0,0.25,-0.25,0.0,v0
1041,2024-03-01,0.0,0.2,-0.2,0.0,v0
1041,2024-04-01,0.0,0.29,-0.29,0.0,v0
1041,2024-06-01,0.0,0.26,-0.26,0.0,v0
1041,2024-10-01,0.0,0.21,-0.21,0.0,v0
1041,2024-11-01,0.0,0.26,-0.26,0.0,v0
1041,2024-12-01,0.0,0.22,-0.22,0.0,v0
1042,2022-07-01,0.0,0.05,-0.05,0.0,v0
1043,2022-08-01,0.0,0.51,-0.51,0.0,v0
1043,2022-09-01,0.0,0.7,-0.7,0.0,v0
1043,2022-10-01,0.0,0.58,-0.58,0.0,v0
1043,2023-06-01,0.0,0.81,-0.81,0.0,v0
1043,2023-07-01,0.0,0.36,-0.36,0.0,v0
1043,2023-08-01,0.0,0.48,-0.48,0.0,v0
1043,2024-02-01,0.0,0.44,-0.44,0.0,v0
1043,2024-03-01,0.0,1.3,-1.3,0.0,v0
1043,2024-04-01,0.0,1.6,-1.6,0.0,v0
1043,2024-05-01,0.0,0.79,-0.79,0.0,v0
1044,2022-07-01,0.0,0.02,-0.02,0.0,v0
1044,2022-08-01,0.0,0.03,-0.03,0.0,v0
1045,2022-07-01,0.0,0.08,-0.08,0.0,v0
1045,2023-03-01,0.0,0.08,-0.08,0.0,v0
1045,2023-04-01,0.0,0.13,-0.13,0.0,v0
1045,2023-05-01,0.0,0.08,-0.08,0.0,v0
1045,2023-06-01,0.0,0.03,-0.03,0.0,v0
1045,2023-07-01,0.0,0.03,-0.03,0.0,v0
1045,2023-08-01,0.0,0.01,-0.01,0.0,v0
1045,2023-09-01,0.0,0.05,-0.05,0.0,v0
1045,2023-11-01,0.03,0.0,0.03,0.0,v0
1046,2022-07-01,0.0,0.31,-0.31,0.0,v0
1046,2022-09-01,0.0,0.57,-0.57,0.0,v0
1047,2022-07-01,0.02,0.0,0.02,0.0,v0
1048,2022-07-01,0.02,0.0,0.02,0.0,v0
1048,2022-08-01,0.0,0.02,-0.02,0.0,v0
1048,2022-09-01,0.01,0.0,0.01,0.0,v0
1049,2022-07-01,0.0,0.16,-0.16,0.0,v0
1049,2022-08-01,0.0,0.06,-0.06,0.0,v0
1049,2022-09-01,0.04,0.21,-0.16999999999999998,0.0,v0
1049,2022-10-01,0.25,0.01,0.24,0.0,v0
1049,2022-11-01,0.0,0.01,-0.01,0.0,v0
1049,2022-12-01,0.0,0.05,-0.05,0.0,v0
1050,2022-07-01,0.73,0.0,0.73,0.0,v0
1050,2022-08-01,0.05,0.0,0.05,0.0,v0
1051,2022-07-01,0.36,0.0,0.36,0.0,v0
1051,2022-08-01,0.13,0.0,0.13,0.0,v0
1051,2022-09-01,0.01,0.0,0.01,0.0,v0
1051,2022-10-01,0.56,0.0,0.56,0.0,v0
1052,2022-07-01,0.0,0.58,-0.58,0.0,v0
1053,2022-07-01,0.27,0.0,0.27,0.0,v0
1054,2022-07-01,0.15,0.0,0.15,0.0,v0
1054,2022-08-01,0.4,0.0,0.4,0.0,v0
1054,2022-09-01,0.22,0.0,0.22,0.0,v0
1055,2022-07-01,0.02,0.0,0.02,0.0,v0
1056,2022-07-01,0.01,0.0,0.01,0.0,v0
1057,2022-07-01,0.02,0.0,0.02,0.0,v0
1057,2022-08-01,0.04,0.0,0.04,0.0,v0
1058,2022-07-01,0.01,0.0,0.01,0.0,v0
1059,2022-07-01,1.3,0.0,1.3,0.0,v0
1059,2022-08-01,1.4,0.32,1.0799999999999998,0.0,v0
1059,2022-09-01,0.85,0.5,0.35,0.0,v0
1059,2022-10-01,0.77,0.13,0.64,0.0,v0
1059,2022-12-01,1.2,0.0,1.2,0.0,v0
1060,2022-07-01,0.0,0.02,-0.02,0.0,v0
1060,2022-08-01,0.0,0.05,-0.05,0.0,v0
1060,2022-09-01,0.0,0.17,-0.17,0.0,v0
1060,2022-10-01,0.0,0.07,-0.07,0.0,v0
1060,2022-11-01,0.0,0.05,-0.05,0.0,v0
1060,2022-12-01,0.0,0.02,-0.02,0.0,v0
1060,2023-01-01,0.0,0.02,-0.02,0.0,v0
1060,2023-02-01,0.0,0.03,-0.03,0.0,v0
1061,2022-07-01,0.0,0.14,-0.14,0.0,v0
1062,2022-07-01,0.1,0.0,0.1,0.0,v0
1063,2022-12-01,0.0,0.07,-0.07,0.0,v0
1063,2023-04-01,0.01,0.0,0.01,0.0,v0
1063,2023-05-01,0.04,0.07,-0.030000000000000006,0.0,v0
1063,2023-11-01,0.01,0.07,-0.060000000000000005,0.0,v0
1063,2024-04-01,0.02,0.0,0.02,0.0,v0
1063,2024-12-01,0.0,0.06,-0.06,0.0,v0
1064,2022-07-01,0.1,0.0,0.1,0.0,v0
1064,2022-09-01,0.07,0.0,0.07,0.0,v0
1064,2022-10-01,0.09,0.0,0.09,0.0,v0
1064,2022-11-01,0.1,0.0,0.1,0.0,v0
1064,2023-01-01,0.25,0.0,0.25,0.0,v0
1064,2023-02-01,0.27,0.0,0.27,0.0,v0
1064,2023-03-01,0.06,0.01,0.049999999999999996,0.0,v0
1064,2023-04-01,0.2,0.0,0.2,0.0,v0
1064,2023-05-01,0.46,0.0,0.46,0.0,v0
1064,2023-06-01,0.1,0.0,0.1,0.0,v0
1064,2023-08-01,0.08,0.0,0.08,0.0,v0
1064,2023-09-01,0.13,0.0,0.13,0.0,v0
1064,2023-10-01,0.18,0.0,0.18,0.0,v0
1064,2023-11-01,0.09,0.0,0.09,0.0,v0
1064,2023-12-01,0.14,0.0,0.14,0.0,v0
1064,2024-01-01,0.17,0.0,0.17,0.0,v0
1064,2024-02-01,0.21,0.0,0.21,0.0,v0
1064,2024-03-01,0.26,0.0,0.26,0.0,v0
1064,2024-04-01,0.25,0.0,0.25,0.0,v0
1064,2024-05-01,0.25,0.0,0.25,0.0,v0
1064,2024-06-01,0.44,0.0,0.44,0.0,v0
1064,2024-07-01,0.57,0.0,0.57,0.0,v0
1064,2024-08-01,0.25,0.0,0.25,0.0,v0
1064,2024-09-01,0.3,0.01,0.29,0.0,v0
1064,2024-10-01,0.39,0.0,0.39,0.0,v0
1064,2024-11-01,0.26,0.0,0.26,0.0,v0
1064,2024-12-01,0.42,0.0,0.42,0.0,v0
1065,2022-07-01,0.01,0.0,0.01,0.0,v0
1066,2022-07-01,0.0,0.01,-0.01,0.0,v0
1066,2022-08-01,0.0,0.01,-0.01,0.0,v0
1067,2022-07-01,0.0,0.01,-0.01,0.0,v0
1067,2022-09-01,0.0,0.03,-0.03,0.0,v0
1067,2022-12-01,0.0,0.02,-0.02,0.0,v0
1067,2023-06-01,0.0,0.01,-0.01,0.0,v0
1067,2023-11-01,0.0,0.01,-0.01,0.0,v0
1067,2024-03-01,0.0,0.01,-0.01,0.0,v0
1067,2024-07-01,0.0,0.01,-0.01,0.0,v0
1067,2024-09-01,0.0,0.01,-0.01,0.0,v0
1068,2022-07-01,0.0,0.01,-0.01,0.0,v0
1069,2022-07-01,0.02,0.0,0.02,0.0,v0
1069,2022-08-01,0.01,0.0,0.01,0.0,v0
1069,2022-09-01,0.02,0.0,0.02,0.0,v0
1069,2022-10-01,0.21,0.0,0.21,0.0,v0
1069,2022-11-01,0.01,0.0,0.01,0.0,v0
1069,2022-12-01,0.7,0.0,0.7,0.0,v0
1069,2023-01-01,0.02,0.0,0.02,0.0,v0
1069,2023-02-01,0.14,0.01,0.13,0.0,v0
1069,2023-03-01,0.15,0.0,0.15,0.0,v0
1070,2022-07-01,0.02,0.0,0.02,0.0,v0
1071,2022-07-01,0.0,0.25,-0.25,0.0,v0
1072,2022-07-01,0.0,0.01,-0.01,0.0,v0
1073,2022-07-01,0.24,0.0,0.24,0.0,v0
1073,2022-08-01,0.05,0.0,0.05,0.0,v0
1073,2022-09-01,0.01,0.0,0.01,0.0,v0
1073,2022-10-01,2.5,0.0,2.5,0.0,v0
1073,2022-12-01,0.07,0.0,0.07,0.0,v0
1073,2023-01-01,0.04,0.0,0.04,0.0,v0
1074,2022-07-01,0.0,0.05,-0.05,0.0,v0
1075,2022-07-01,0.05,0.0,0.05,0.0,v0
1076,2022-07-01,0.12,0.0,0.12,0.0,v0
1076,2022-08-01,0.11,0.0,0.11,0.0,v0
1077,2022-07-01,0.04,0.0,0.04,0.0,v0
1077,2022-08-01,0.12,0.0,0.12,0.0,v0
1077,2022-10-01,0.05,0.0,0.05,0.0,v0
1077,2022-11-01,0.05,0.0,0.05,0.0,v0
1077,2022-12-01,0.33,0.0,0.33,0.0,v0
1077,2023-01-01,0.2,0.0,0.2,0.0,v0
1077,2023-02-01,0.07,0.0,0.07,0.0,v0
1077,2023-03-01,0.77,0.0,0.77,0.0,v0
1078,2022-07-01,0.0,0.01,-0.01,0.0,v0
1078,2022-10-01,0.0,0.01,-0.01,0.0,v0
1078,2022-11-01,0.0,0.01,-0.01,0.0,v0
1078,2023-02-01,0.0,0.01,-0.01,0.0,v0
1078,2023-09-01,0.02,0.0,0.02,0.0,v0
1078,2023-10-01,0.03,0.0,0.03,0.0,v0
1079,2022-07-01,0.0,0.01,-0.01,0.0,v0
1080,2022-07-01,0.0,0.14,-0.14,0.0,v0
1081,2022-07-01,0.27,0.0,0.27,0.0,v0
1082,2022-07-01,0.0,0.08,-0.08,0.0,v0
1083,2022-07-01,0.04,0.0,0.04,0.0,v0
1083,2022-08-01,0.03,0.0,0.03,0.0,v0
1084,2022-07-01,0.0,0.16,-0.16,0.0,v0
1085,2022-07-01,0.0,0.05,-0.05,0.0,v0
1085,2022-08-01,0.0,0.02,-0.02,0.0,v0
1085,2022-09-01,0.0,0.05,-0.05,0.0,v0
1085,2022-10-01,0.02,0.0,0.02,0.0,v0
1086,2022-07-01,0.0,0.04,-0.04,0.0,v0
1086,2022-08-01,0.0,0.02,-0.02,0.0,v0
1087,2022-07-01,0.45,0.0,0.45,0.0,v0
1087,2022-08-01,0.59,0.0,0.59,0.0,v0
1088,2022-07-01,0.1,0.31,-0.21,0.0,v0
1089,2022-07-01,0.0,0.01,-0.01,0.0,v0
1089,2022-08-01,1.7,0.0,1.7,0.0,v0
1090,2022-07-01,0.04,0.0,0.04,0.0,v0
1090,2022-08-01,0.0,0.08,-0.08,0.0,v0
1091,2022-07-01,0.02,0.0,0.02,0.0,v0
1091,2022-08-01,0.0,0.07,-0.07,0.0,v0
1091,2022-09-01,0.34,0.0,0.34,0.0,v0
1091,2022-11-01,0.55,0.0,0.55,0.0,v0
1091,2022-12-01,0.8,0.0,0.8,0.0,v0
1091,2023-01-01,0.5,0.0,0.5,0.0,v0
1092,2022-07-01,0.0,0.05,-0.05,0.0,v0
1093,2022-07-01,0.0,0.14,-0.14,0.0,v0
1094,2022-07-01,0.0,0.06,-0.06,0.0,v0
1094,2022-08-01,0.0,0.08,-0.08,0.0,v0
1094,2022-09-01,0.0,0.04,-0.04,0.0,v0
1095,2022-07-01,0.0,0.02,-0.02,0.0,v0
1096,2022-07-01,0.0,0.03,-0.03,0.0,v0
1097,2022-07-01,0.0,0.01,-0.01,0.0,v0
1098,2022-07-01,0.76,0.0,0.76,0.0,v0
1098,2022-08-01,0.56,0.0,0.56,0.0,v0
1098,2022-09-01,0.53,0.0,0.53,0.0,v0
1099,2022-07-01,0.0,0.57,-0.57,0.0,v0
1099,2022-08-01,0.0,0.54,-0.54,0.0,v0
1100,2022-07-01,0.0,0.03,-0.03,0.0,v0
1101,2022-07-01,0.01,0.0,0.01,0.0,v0
1101,2022-08-01,0.03,0.0,0.03,0.0,v0
1101,2022-09-01,0.0,0.05,-0.05,0.0,v0
1101,2022-10-01,0.0,0.01,-0.01,0.0,v0
1101,2022-11-01,0.0,0.02,-0.02,0.0,v0
1102,2022-07-01,0.03,0.0,0.03,0.0,v0
1103,2022-07-01,1.7,0.0,1.7,0.0,v0
1103,2022-08-01,0.45,0.0,0.45,0.0,v0
1103,2022-09-01,0.02,0.0,0.02,0.0,v0
1103,2022-10-01,0.38,0.0,0.38,0.0,v0
1103,2022-11-01,0.02,0.0,0.02,0.0,v0
1103,2022-12-01,0.1,0.0,0.1,0.0,v0
1103,2023-01-01,1.3,0.0,1.3,0.0,v0
1103,2023-02-01,0.73,0.0,0.73,0.0,v0
1103,2023-03-01,0.98,0.0,0.98,0.0,v0
1103,2023-04-01,0.76,0.0,0.76,0.0,v0
1103,2023-05-01,1.1,0.0,1.1,0.0,v0
1103,2023-06-01,1.0,0.0,1.0,0.0,v0
1103,2023-07-01,0.46,0.0,0.46,0.0,v0
1103,2023-08-01,0.0,0.08,-0.08,0.0,v0
1103,2023-09-01,0.0,1.0,-1.0,0.0,v0
1104,2022-07-01,0.03,0.04,-0.010000000000000002,0.0,v0
1104,2022-08-01,0.01,0.0,0.01,0.0,v0
1104,2022-09-01,0.51,0.02,0.49,0.0,v0
1104,2022-10-01,0.88,0.0,0.88,0.0,v0
1104,2022-11-01,1.2,0.0,1.2,0.0,v0
1104,2022-12-01,0.97,0.0,0.97,0.0,v0
1105,2022-07-01,0.0,0.03,-0.03,0.0,v0
1106,2022-07-01,0.0,0.07,-0.07,0.0,v0
1107,2022-07-01,0.0,0.02,-0.02,0.0,v0
1107,2022-08-01,0.0,0.13,-0.13,0.0,v0
1107,2022-09-01,0.0,0.19,-0.19,0.0,v0
1108,2022-07-01,0.08,0.0,0.08,0.0,v0
1108,2022-08-01,0.05,0.54,-0.49000000000000005,0.0,v0
1108,2022-09-01,0.03,0.0,0.03,0.0,v0
1108,2022-10-01,0.0,0.39,-0.39,0.0,v0
1108,2022-11-01,1.8,0.59,1.21,0.0,v0
1108,2022-12-01,0.72,0.27,0.44999999999999996,0.0,v0
1108,2023-01-01,1.3,0.46,0.8400000000000001,0.0,v0
1108,2023-03-01,0.0,0.31,-0.31,0.0,v0
1108,2023-04-01,0.0,0.16,-0.16,0.0,v0
1108,2023-05-01,0.0,0.11,-0.11,0.0,v0
1108,2023-06-01,0.0,0.01,-0.01,0.0,v0
1108,2023-07-01,0.0,0.03,-0.03,0.0,v0
1108,2023-08-01,0.22,0.0,0.22,0.0,v0
1108,2023-09-01,0.16,0.0,0.16,0.0,v0
1108,2023-10-01,0.16,0.0,0.16,0.0,v0
1109,2022-07-01,0.0,0.1,-0.1,0.0,v0
1110,2022-08-01,0.0,0.06,-0.06,0.0,v0
1110,2022-09-01,0.1,0.0,0.1,0.0,v0
1110,2022-10-01,0.0,0.07,-0.07,0.0,v0
1110,2022-11-01,0.0,0.06,-0.06,0.0,v0
1110,2022-12-01,0.0,0.09,-0.09,0.0,v0
1110,2023-01-01,0.0,0.08,-0.08,0.0,v0
1110,2023-02-01,0.0,0.02,-0.02,0.0,v0
1110,2023-03-01,0.17,0.0,0.17,0.0,v0
1111,2022-07-01,0.0,0.01,-0.01,0.0,v0
1111,2022-08-01,0.0,0.01,-0.01,0.0,v0
1111,2022-09-01,0.0,0.02,-0.02,0.0,v0
1112,2022-07-01,0.01,0.0,0.01,0.0,v0
1112,2022-08-01,0.02,0.0,0.02,0.0,v0
1112,2022-09-01,0.04,0.0,0.04,0.0,v0
1112,2022-10-01,0.02,0.0,0.02,0.0,v0
1112,2022-11-01,0.04,0.0,0.04,0.0,v0
1113,2022-07-01,0.5,0.08,0.42,0.0,v0
1113,2022-08-01,1.4,0.17,1.23,0.0,v0
1113,2022-09-01,0.81,0.1,0.7100000000000001,0.0,v0
1113,2022-10-01,0.3,0.09,0.21,0.0,v0
1113,2022-11-01,0.96,0.19,0.77,0.0,v0
1113,2023-01-01,1.2,0.12,1.08,0.0,v0
1113,2023-02-01,0.51,0.08,0.43,0.0,v0
1113,2023-03-01,1.7,0.06,1.64,0.0,v0
1113,2023-04-01,0.38,0.07,0.31,0.0,v0
1113,2023-05-01,0.05,0.0,0.05,0.0,v0
1113,2023-06-01,0.03,0.0,0.03,0.0,v0
1113,2023-07-01,0.02,0.0,0.02,0.0,v0
1113,2023-08-01,0.02,0.0,0.02,0.0,v0
1114,2022-07-01,0.0,0.08,-0.08,0.0,v0
1114,2022-08-01,0.0,0.09,-0.09,0.0,v0
1114,2022-09-01,0.0,0.13,-0.13,0.0,v0
1114,2022-10-01,0.0,0.11,-0.11,0.0,v0
1114,2022-11-01,0.0,0.15,-0.15,0.0,v0
1115,2022-07-01,0.05,0.04,0.010000000000000002,0.0,v0
1116,2022-07-01,0.0,0.15,-0.15,0.0,v0
1116,2022-09-01,0.0,0.06,-0.06,0.0,v0
1116,2023-03-01,0.0,0.12,-0.12,0.0,v0
1116,2023-05-01,0.0,0.03,-0.03,0.0,v0
1116,2024-04-01,0.0,0.12,-0.12,0.0,v0
1116,2024-10-01,0.0,0.13,-0.13,0.0,v0
1117,2022-07-01,0.0,0.07,-0.07,0.0,v0
1117,2022-08-01,0.0,0.05,-0.05,0.0,v0
1118,2022-07-01,0.01,0.0,0.01,0.0,v0
1119,2022-07-01,0.01,0.0,0.01,0.0,v0
1119,2022-09-01,0.03,0.0,0.03,0.0,v0
1119,2022-10-01,0.04,0.0,0.04,0.0,v0
1119,2022-11-01,0.03,0.0,0.03,0.0,v0
1119,2022-12-01,0.02,0.0,0.02,0.0,v0
1119,2023-01-01,0.04,0.0,0.04,0.0,v0
1119,2023-02-01,0.07,0.0,0.07,0.0,v0
1119,2023-03-01,0.03,0.0,0.03,0.0,v0
1119,2023-04-01,0.01,0.0,0.01,0.0,v0
1119,2023-05-01,0.05,0.0,0.05,0.0,v0
1119,2023-06-01,0.05,0.0,0.05,0.0,v0
1119,2023-07-01,0.05,0.0,0.05,0.0,v0
1119,2023-08-01,0.11,0.0,0.11,0.0,v0
1119,2023-09-01,0.07,0.0,0.07,0.0,v0
1119,2023-10-01,0.04,0.0,0.04,0.0,v0
1119,2023-11-01,0.06,0.0,0.06,0.0,v0
1119,2023-12-01,0.08,0.0,0.08,0.0,v0
1119,2024-01-01,0.07,0.0,0.07,0.0,v0
1119,2024-02-01,0.13,0.0,0.13,0.0,v0
1119,2024-03-01,0.01,0.0,0.01,0.0,v0
1119,2024-04-01,0.04,0.0,0.04,0.0,v0
1119,2024-05-01,0.04,0.0,0.04,0.0,v0
1119,2024-06-01,0.02,0.0,0.02,0.0,v0
1119,2024-07-01,0.12,0.0,0.12,0.0,v0
1119,2024-08-01,0.03,0.0,0.03,0.0,v0
1119,2024-09-01,0.13,0.0,0.13,0.0,v0
1119,2024-10-01,0.06,0.0,0.06,0.0,v0
1119,2024-11-01,0.11,0.0,0.11,0.0,v0
1120,2022-07-01,0.48,0.04,0.44,0.0,v0
1120,2022-08-01,0.73,0.0,0.73,0.0,v0
1120,2022-09-01,0.47,0.0,0.47,0.0,v0
1120,2022-10-01,0.38,0.0,0.38,0.0,v0
1120,2022-11-01,0.01,0.01,0.0,0.0,v0
1120,2022-12-01,0.2,0.0,0.2,0.0,v0
1120,2023-01-01,0.26,0.0,0.26,0.0,v0
1120,2023-02-01,0.08,0.01,0.07,0.0,v0
1120,2023-03-01,0.19,0.0,0.19,0.0,v0
1120,2023-04-01,0.23,0.0,0.23,0.0,v0
1120,2023-05-01,0.03,0.0,0.03,0.0,v0
1120,2023-06-01,0.14,0.0,0.14,0.0,v0
1120,2023-07-01,0.3,0.0,0.3,0.0,v0
1120,2023-08-01,0.22,0.0,0.22,0.0,v0
1120,2023-09-01,0.1,0.0,0.1,0.0,v0
1120,2023-10-01,0.07,0.0,0.07,0.0,v0
1120,2023-11-01,0.07,0.0,0.07,0.0,v0
1121,2022-07-01,0.0,0.01,-0.01,0.0,v0
1121,2022-08-01,0.0,0.02,-0.02,0.0,v0
1122,2022-07-01,0.0,0.05,-0.05,0.0,v0
1122,2022-11-01,0.0,0.07,-0.07,0.0,v0
1122,2023-04-01,0.0,0.11,-0.11,0.0,v0
1122,2024-04-01,0.0,0.03,-0.03,0.0,v0
1123,2022-07-01,0.0,0.06,-0.06,0.0,v0
1123,2022-08-01,0.0,0.06,-0.06,0.0,v0
1123,2022-10-01,0.0,0.05,-0.05,0.0,v0
1123,2022-11-01,0.0,0.04,-0.04,0.0,v0
1123,2022-12-01,0.0,0.08,-0.08,0.0,v0
1123,2023-01-01,0.43,0.0,0.43,0.0,v0
1123,2023-02-01,0.06,0.0,0.06,0.0,v0
1123,2023-03-01,0.17,0.0,0.17,0.0,v0
1123,2023-04-01,0.02,0.0,0.02,0.0,v0
1123,2023-06-01,0.06,0.09,-0.03,0.0,v0
1124,2022-07-01,0.0,0.04,-0.04,0.0,v0
1124,2022-08-01,0.0,0.07,-0.07,0.0,v0
1124,2022-09-01,0.0,0.5,-0.5,0.0,v0
1124,2022-10-01,0.0,1.3,-1.3,0.0,v0
1125,2022-07-01,0.0,0.29,-0.29,0.0,v0
1125,2023-02-01,0.0,0.04,-0.04,0.0,v0
1125,2024-01-01,0.08,0.0,0.08,0.0,v0
1126,2022-07-01,0.0,0.01,-0.01,0.0,v0
1126,2022-08-01,0.0,0.1,-0.1,0.0,v0
1126,2022-09-01,0.0,0.1,-0.1,0.0,v0
1126,2022-10-01,0.0,0.29,-0.29,0.0,v0
1126,2022-11-01,0.0,0.1,-0.1,0.0,v0
1127,2022-07-01,2.2,0.0,2.2,0.0,v0
1127,2022-08-01,0.0,1.7,-1.7,0.0,v0
1128,2022-07-01,0.01,0.0,0.01,0.0,v0
1129,2022-07-01,0.04,0.0,0.04,0.0,v0
1130,2022-07-01,0.0,4.8,-4.8,0.0,v0
1131,2022-07-01,12.0,0.0,12.0,0.0,v0
1132,2022-07-01,0.03,0.0,0.03,0.0,v0
1132,2022-11-01,0.02,0.0,0.02,0.0,v0
1132,2023-07-01,0.03,0.0,0.03,0.0,v0
1133,2022-07-01,0.0,0.02,-0.02,0.0,v0
1134,2022-09-01,0.0,0.39,-0.39,0.0,v0
1134,2022-12-01,0.0,0.08,-0.08,0.0,v0
1134,2023-01-01,0.0,0.31,-0.31,0.0,v0
1134,2023-02-01,0.0,0.02,-0.02,0.0,v0
1134,2023-04-01,0.0,0.03,-0.03,0.0,v0
1134,2023-07-01,0.0,0.03,-0.03,0.0,v0
1134,2023-08-01,0.0,0.04,-0.04,0.0,v0
1134,2023-09-01,0.0,0.06,-0.06,0.0,v0
1134,2023-10-01,0.0,0.1,-0.1,0.0,v0
1135,2022-08-01,0.0,0.06,-0.06,0.0,v0
1135,2022-09-01,0.0,0.1,-0.1,0.0,v0
1135,2022-11-01,0.0,0.09,-0.09,0.0,v0
1135,2022-12-01,0.0,0.1,-0.1,0.0,v0
1135,2023-02-01,0.0,0.06,-0.06,0.0,v0
1135,2023-04-01,0.0,0.11,-0.11,0.0,v0
1135,2023-06-01,0.0,0.07,-0.07,0.0,v0
1136,2022-08-01,0.01,0.0,0.01,0.0,v0
1136,2022-09-01,0.07,0.0,0.07,0.0,v0
1136,2022-10-01,0.04,0.0,0.04,0.0,v0
1136,2022-11-01,0.1,0.0,0.1,0.0,v0
1136,2022-12-01,0.0,0.03,-0.03,0.0,v0
1136,2023-01-01,0.11,0.0,0.11,0.0,v0
1137,2022-08-01,0.0,0.63,-0.63,0.0,v0
1138,2022-08-01,0.28,0.0,0.28,0.0,v0
1138,2022-09-01,0.3,0.0,0.3,0.0,v0
1138,2023-01-01,0.18,0.0,0.18,0.0,v0
1138,2023-02-01,0.27,0.0,0.27,0.0,v0
1138,2023-04-01,0.55,0.0,0.55,0.0,v0
1138,2023-05-01,0.0,1.2,-1.2,0.0,v0
1138,2023-06-01,0.0,1.7,-1.7,0.0,v0
1138,2023-07-01,0.0,0.94,-0.94,0.0,v0
1138,2023-08-01,0.0,0.66,-0.66,0.0,v0
1138,2023-09-01,0.0,0.94,-0.94,0.0,v0
1138,2023-10-01,0.0,0.92,-0.92,0.0,v0
1138,2023-11-01,0.0,0.95,-0.95,0.0,v0
1138,2023-12-01,0.0,1.3,-1.3,0.0,v0
1138,2024-01-01,0.0,0.76,-0.76,0.0,v0
1138,2024-02-01,0.02,0.0,0.02,0.0,v0
1138,2024-03-01,0.09,0.0,0.09,0.0,v0
1139,2022-08-01,0.0,0.16,-0.16,0.0,v0
1140,2022-08-01,0.0,0.03,-0.03,0.0,v0
1141,2022-09-01,0.05,0.0,0.05,0.0,v0
1141,2022-10-01,0.06,0.0,0.06,0.0,v0
1141,2022-11-01,0.16,0.0,0.16,0.0,v0
1141,2022-12-01,0.0,0.05,-0.05,0.0,v0
1142,2022-08-01,0.06,0.0,0.06,0.0,v0
1142,2022-09-01,0.26,0.0,0.26,0.0,v0
1143,2022-08-01,0.0,0.11,-0.11,0.0,v0
1144,2022-08-01,0.0,0.4,-0.4,0.0,v0
1144,2022-09-01,0.0,0.27,-0.27,0.0,v0
1144,2022-10-01,0.0,0.18,-0.18,0.0,v0
1144,2022-11-01,0.0,0.18,-0.18,0.0,v0
1144,2022-12-01,0.0,0.36,-0.36,0.0,v0
1144,2023-01-01,0.0,0.27,-0.27,0.0,v0
1144,2023-02-01,0.0,0.3,-0.3,0.0,v0
1144,2023-03-01,0.0,0.38,-0.38,0.0,v0
1144,2023-04-01,0.0,0.1,-0.1,0.0,v0
1144,2023-05-01,0.0,0.11,-0.11,0.0,v0
1144,2023-06-01,0.09,0.01,0.08,0.0,v0
1144,2023-07-01,0.11,0.01,0.1,0.0,v0
1144,2023-08-01,0.0,0.03,-0.03,0.0,v0
1145,2022-08-01,1.8,0.06,1.74,0.0,v0
1146,2022-08-01,0.0,0.01,-0.01,0.0,v0
1147,2022-08-01,0.02,0.0,0.02,0.0,v0
1147,2022-09-01,0.01,0.0,0.01,0.0,v0
1147,2022-10-01,0.01,0.0,0.01,0.0,v0
1148,2022-08-01,0.0,0.01,-0.01,0.0,v0
1149,2022-08-01,0.03,0.0,0.03,0.0,v0
1149,2022-09-01,0.08,0.0,0.08,0.0,v0
1149,2022-10-01,0.14,0.03,0.11000000000000001,0.0,v0
1149,2022-11-01,0.0,0.07,-0.07,0.0,v0
1149,2022-12-01,0.14,0.0,0.14,0.0,v0
1149,2023-01-01,0.21,0.01,0.19999999999999998,0.0,v0
1149,2023-02-01,0.35,0.0,0.35,0.0,v0
1149,2023-03-01,0.2,0.04,0.16,0.0,v0
1149,2023-04-01,0.33,0.04,0.29000000000000004,0.0,v0
1149,2023-05-01,0.36,0.06,0.3,0.0,v0
1149,2023-06-01,0.31,0.0,0.31,0.0,v0
1149,2023-07-01,0.23,0.0,0.23,0.0,v0
1149,2023-08-01,0.2,0.04,0.16,0.0,v0
1149,2023-09-01,0.18,0.03,0.15,0.0,v0
1149,2023-10-01,0.15,0.0,0.15,0.0,v0
1149,2023-11-01,0.19,0.02,0.17,0.0,v0
1149,2023-12-01,0.26,0.06,0.2,0.0,v0
1150,2022-08-01,0.0,0.05,-0.05,0.0,v0
1150,2022-09-01,0.0,0.05,-0.05,0.0,v0
1150,2023-05-01,0.0,0.03,-0.03,0.0,v0
1150,2023-06-01,0.0,0.15,-0.15,0.0,v0
1150,2024-05-01,0.0,0.09,-0.09,0.0,v0
1151,2022-08-01,0.02,0.0,0.02,0.0,v0
1152,2022-08-01,0.45,0.0,0.45,0.0,v0
1152,2022-09-01,0.43,0.0,0.43,0.0,v0
1152,2022-10-01,0.25,0.0,0.25,0.0,v0
1152,2022-11-01,0.37,0.0,0.37,0.0,v0
1153,2022-08-01,0.11,0.05,0.06,0.0,v0
1153,2022-09-01,0.02,0.05,-0.030000000000000002,0.0,v0
1153,2022-10-01,0.1,0.06,0.04000000000000001,0.0,v0
1153,2022-11-01,0.01,0.16,-0.15,0.0,v0
1153,2022-12-01,0.3,0.0,0.3,0.0,v0
1153,2023-01-01,1.2,0.0,1.2,0.0,v0
1153,2023-02-01,0.02,0.0,0.02,0.0,v0
1154,2022-08-01,0.0,0.03,-0.03,0.0,v0
1155,2022-08-01,0.0,0.09,-0.09,0.0,v0
1156,2022-08-01,3.1,1.4,1.7000000000000002,0.0,v0
1156,2022-09-01,0.74,1.8,-1.06,0.0,v0
1156,2022-10-01,2.2,1.0,1.2000000000000002,0.0,v0
1156,2022-11-01,2.6,1.6,1.0,0.0,v0
1156,2022-12-01,1.3,0.93,0.37,0.0,v0
1156,2023-01-01,2.0,0.6,1.4,0.0,v0
1156,2023-02-01,0.97,0.51,0.45999999999999996,0.0,v0
1156,2023-03-01,1.1,1.0,0.10000000000000009,0.0,v0
1156,2023-04-01,1.8,1.7,0.10000000000000009,0.0,v0
1156,2023-05-01,1.4,1.7,-0.30000000000000004,0.0,v0
1156,2023-06-01,1.7,1.5,0.19999999999999996,0.0,v0
1156,2023-07-01,1.1,1.1,0.0,0.0,v0
1156,2023-08-01,2.2,1.4,0.8000000000000003,0.0,v0
1156,2023-09-01,0.71,1.5,-0.79,0.0,v0
1156,2023-10-01,1.6,1.6,0.0,0.0,v0
1156,2023-11-01,1.5,1.2,0.30000000000000004,0.0,v0
1156,2023-12-01,0.6,1.8,-1.2000000000000002,0.0,v0
1156,2024-01-01,1.9,1.2,0.7,0.0,v0
1156,2024-02-01,0.62,0.87,-0.25,0.0,v0
1156,2024-03-01,0.88,0.52,0.36,0.0,v0
1156,2024-04-01,0.96,0.68,0.2799999999999999,0.0,v0
1156,2024-05-01,0.87,1.3,-0.43000000000000005,0.0,v0
1156,2024-06-01,1.3,1.5,-0.19999999999999996,0.0,v0
1156,2024-07-01,2.3,1.6,0.6999999999999997,0.0,v0
1156,2024-08-01,1.5,1.6,-0.10000000000000009,0.0,v0
1156,2024-09-01,0.64,0.66,-0.020000000000000018,0.0,v0
1156,2024-10-01,0.86,0.4,0.45999999999999996,0.0,v0
1156,2024-11-01,0.97,1.6,-0.6300000000000001,0.0,v0
1156,2024-12-01,2.3,2.0,0.2999999999999998,0.0,v0
1157,2022-08-01,0.0,0.03,-0.03,0.0,v0
1157,2022-09-01,0.0,0.48,-0.48,0.0,v0
1158,2022-08-01,0.0,0.01,-0.01,0.0,v0
1158,2022-09-01,0.0,0.01,-0.01,0.0,v0
1158,2022-10-01,0.03,0.01,0.019999999999999997,0.0,v0
1158,2022-11-01,0.0,0.02,-0.02,0.0,v0
1159,2022-08-01,0.0,0.01,-0.01,0.0,v0
1159,2022-09-01,0.03,0.0,0.03,0.0,v0
1159,2022-10-01,0.06,0.0,0.06,0.0,v0
1159,2022-11-01,0.1,0.0,0.1,0.0,v0
1159,2023-01-01,0.4,0.0,0.4,0.0,v0
1159,2023-02-01,0.58,0.05,0.5299999999999999,0.0,v0
1159,2023-03-01,0.03,0.0,0.03,0.0,v0
1159,2023-04-01,0.05,0.0,0.05,0.0,v0
1159,2023-05-01,0.0,0.71,-0.71,0.0,v0
1159,2023-06-01,0.06,0.0,0.06,0.0,v0
1159,2023-07-01,0.08,0.0,0.08,0.0,v0
1159,2023-08-01,0.03,0.0,0.03,0.0,v0
1159,2023-09-01,0.05,0.0,0.05,0.0,v0
1159,2023-10-01,0.03,0.0,0.03,0.0,v0
1159,2023-11-01,0.09,0.0,0.09,0.0,v0
1159,2023-12-01,0.05,0.0,0.05,0.0,v0
1159,2024-01-01,0.1,0.0,0.1,0.0,v0
1159,2024-02-01,0.02,0.0,0.02,0.0,v0
1159,2024-03-01,0.04,0.0,0.04,0.0,v0
1159,2024-04-01,0.02,0.0,0.02,0.0,v0
1159,2024-05-01,0.04,0.0,0.04,0.0,v0
1159,2024-06-01,0.05,0.0,0.05,0.0,v0
1159,2024-07-01,0.1,0.01,0.09000000000000001,0.0,v0
1159,2024-08-01,0.26,0.02,0.24000000000000002,0.0,v0
1160,2022-08-01,0.01,0.0,0.01,0.0,v0
1161,2022-08-01,0.0,0.06,-0.06,0.0,v0
1162,2022-08-01,0.0,0.02,-0.02,0.0,v0
1162,2022-09-01,0.0,0.01,-0.01,0.0,v0
1162,2022-10-01,0.0,0.03,-0.03,0.0,v0
1163,2022-08-01,0.04,0.0,0.04,0.0,v0
1163,2022-09-01,22.0,0.02,21.98,0.0,v0
1163,2022-10-01,30.0,0.02,29.98,0.0,v0
1163,2022-11-01,27.0,0.37,26.63,0.0,v0
1163,2022-12-01,0.0,0.37,-0.37,0.0,v0
1164,2022-08-01,28.0,0.03,27.97,0.0,v0
1165,2022-08-01,0.93,0.0,0.93,0.0,v0
1165,2022-09-01,1.1,0.01,1.09,0.0,v0
1165,2022-10-01,1.4,0.0,1.4,0.0,v0
1165,2022-11-01,1.2,0.0,1.2,0.0,v0
1165,2022-12-01,0.63,0.01,0.62,0.0,v0
1165,2023-01-01,1.2,0.0,1.2,0.0,v0
1165,2023-02-01,1.1,0.0,1.1,0.0,v0
1165,2023-03-01,1.0,0.0,1.0,0.0,v0
1165,2023-04-01,1.4,0.01,1.39,0.0,v0
1165,2023-06-01,1.3,0.0,1.3,0.0,v0
1166,2022-09-01,0.0,0.29,-0.29,0.0,v0
1166,2022-10-01,0.0,0.23,-0.23,0.0,v0
1166,2022-11-01,0.0,0.35,-0.35,0.0,v0
1166,2022-12-01,0.0,0.04,-0.04,0.0,v0
1166,2023-01-01,0.0,0.27,-0.27,0.0,v0
1167,2022-08-01,0.0,0.02,-0.02,0.0,v0
1167,2022-10-01,0.0,0.23,-0.23,0.0,v0
1167,2022-11-01,0.0,0.21,-0.21,0.0,v0
1167,2023-01-01,0.0,0.31,-0.31,0.0,v0
1167,2023-02-01,0.0,0.12,-0.12,0.0,v0
1167,2023-03-01,0.0,0.08,-0.08,0.0,v0
1167,2023-04-01,0.0,0.04,-0.04,0.0,v0
1167,2024-05-01,0.0,0.05,-0.05,0.0,v0
1167,2024-06-01,0.0,0.04,-0.04,0.0,v0
1167,2024-10-01,0.0,0.05,-0.05,0.0,v0
1168,2022-08-01,0.0,0.35,-0.35,0.0,v0
1168,2022-09-01,0.0,0.44,-0.44,0.0,v0
1169,2022-08-01,0.15,0.01,0.13999999999999999,0.0,v0
1170,2022-08-01,0.0,0.01,-0.01,0.0,v0
1170,2022-09-01,0.0,0.01,-0.01,0.0,v0
1171,2022-08-01,0.13,0.0,0.13,0.0,v0
1171,2022-09-01,0.06,0.0,0.06,0.0,v0
1171,2022-10-01,0.0,0.32,-0.32,0.0,v0
1171,2022-11-01,0.62,0.0,0.62,0.0,v0
1172,2022-08-01,0.0,0.03,-0.03,0.0,v0
1172,2022-09-01,0.0,0.08,-0.08,0.0,v0
1172,2022-10-01,0.0,0.01,-0.01,0.0,v0
1172,2022-11-01,0.0,0.02,-0.02,0.0,v0
1172,2022-12-01,0.0,0.06,-0.06,0.0,v0
1172,2023-01-01,0.0,0.02,-0.02,0.0,v0
1172,2023-02-01,0.0,0.08,-0.08,0.0,v0
1172,2023-03-01,0.0,0.1,-0.1,0.0,v0
1172,2023-04-01,0.0,0.01,-0.01,0.0,v0
1172,2023-05-01,0.0,0.03,-0.03,0.0,v0
1172,2023-06-01,0.0,0.02,-0.02,0.0,v0
1172,2023-07-01,0.0,0.03,-0.03,0.0,v0
1172,2023-08-01,0.02,0.06,-0.039999999999999994,0.0,v0
1172,2023-09-01,0.0,0.06,-0.06,0.0,v0
1173,2022-08-01,0.05,0.05,0.0,0.0,v0
1174,2022-09-01,0.0,2.5,-2.5,0.0,v0
1174,2022-10-01,0.0,0.25,-0.25,0.0,v0
1174,2022-11-01,0.0,0.02,-0.02,0.0,v0
1174,2022-12-01,0.0,0.02,-0.02,0.0,v0
1174,2023-01-01,0.0,0.02,-0.02,0.0,v0
1174,2023-02-01,0.0,0.01,-0.01,0.0,v0
1174,2023-03-01,0.0,0.07,-0.07,0.0,v0
1174,2023-04-01,0.0,0.08,-0.08,0.0,v0
1174,2023-05-01,0.0,0.08,-0.08,0.0,v0
1174,2023-06-01,0.0,0.03,-0.03,0.0,v0
1174,2023-07-01,0.0,0.01,-0.01,0.0,v0
1174,2023-08-01,0.0,0.05,-0.05,0.0,v0
1174,2023-09-01,0.0,0.04,-0.04,0.0,v0
1174,2023-10-01,0.0,0.04,-0.04,0.0,v0
1174,2023-11-01,0.0,0.01,-0.01,0.0,v0
1174,2023-12-01,0.12,0.31,-0.19,0.0,v0
1174,2024-01-01,0.14,0.02,0.12000000000000001,0.0,v0
1175,2022-08-01,0.0,0.01,-0.01,0.0,v0
1175,2022-09-01,0.0,0.05,-0.05,0.0,v0
1175,2022-10-01,0.0,0.01,-0.01,0.0,v0
1175,2022-11-01,0.0,0.05,-0.05,0.0,v0
1175,2022-12-01,0.0,0.01,-0.01,0.0,v0
1175,2023-01-01,0.0,0.05,-0.05,0.0,v0
1175,2023-02-01,0.0,0.01,-0.01,0.0,v0
1175,2023-03-01,0.0,0.06,-0.06,0.0,v0
1175,2023-04-01,0.0,0.06,-0.06,0.0,v0
1175,2023-05-01,0.2,0.0,0.2,0.0,v0
1175,2023-06-01,0.11,0.01,0.1,0.0,v0
1176,2022-08-01,0.05,0.0,0.05,0.0,v0
1177,2022-08-01,0.0,0.03,-0.03,0.0,v0
1178,2022-08-01,0.0,0.04,-0.04,0.0,v0
1179,2022-08-01,0.31,0.0,0.31,0.0,v0
1180,2022-08-01,0.33,0.0,0.33,0.0,v0
1181,2022-08-01,0.06,0.0,0.06,0.0,v0
1181,2022-09-01,0.04,0.0,0.04,0.0,v0
1181,2022-10-01,0.04,0.0,0.04,0.0,v0
1181,2022-11-01,0.04,0.0,0.04,0.0,v0
1182,2022-08-01,0.63,0.0,0.63,0.0,v0
1182,2022-09-01,1.1,0.0,1.1,0.0,v0
1182,2022-10-01,0.92,0.0,0.92,0.0,v0
1182,2022-11-01,0.03,0.0,0.03,0.0,v0
1182,2022-12-01,1.5,4.5,-3.0,0.0,v0
1182,2023-01-01,0.04,0.0,0.04,0.0,v0
1182,2023-02-01,0.03,0.0,0.03,0.0,v0
1182,2023-03-01,0.03,0.5,-0.47,0.0,v0
1182,2023-04-01,0.05,0.0,0.05,0.0,v0
1182,2023-05-01,2.0,0.53,1.47,0.0,v0
1182,2023-06-01,0.01,0.37,-0.36,0.0,v0
1182,2023-07-01,0.23,0.39,-0.16,0.0,v0
1182,2023-08-01,0.02,0.19,-0.17,0.0,v0
1182,2023-09-01,0.01,0.5,-0.49,0.0,v0
1182,2023-10-01,0.0,0.38,-0.38,0.0,v0
1182,2023-11-01,0.05,0.25,-0.2,0.0,v0
1182,2024-01-01,1.5,0.47,1.03,0.0,v0
1182,2024-02-01,0.39,0.06,0.33,0.0,v0
1182,2024-03-01,0.78,0.0,0.78,0.0,v0
1182,2024-04-01,0.84,0.08,0.76,0.0,v0
1182,2024-05-01,0.59,0.0,0.59,0.0,v0
1183,2022-08-01,0.0,0.01,-0.01,0.0,v0
1184,2022-08-01,0.0,0.15,-0.15,0.0,v0
1185,2022-08-01,0.0,0.04,-0.04,0.0,v0
1185,2022-09-01,0.04,0.04,0.0,0.0,v0
1185,2022-10-01,0.0,0.28,-0.28,0.0,v0
1185,2022-11-01,0.01,0.0,0.01,0.0,v0
1185,2022-12-01,0.0,0.33,-0.33,0.0,v0
1185,2023-01-01,0.0,0.01,-0.01,0.0,v0
1185,2023-02-01,0.0,0.02,-0.02,0.0,v0
1185,2023-03-01,0.0,0.16,-0.16,0.0,v0
1185,2023-04-01,0.01,0.0,0.01,0.0,v0
1186,2022-08-01,0.0,0.14,-0.14,0.0,v0
1187,2022-08-01,0.0,0.01,-0.01,0.0,v0
1188,2022-08-01,0.0,0.09,-0.09,0.0,v0
1188,2022-10-01,0.0,0.02,-0.02,0.0,v0
1188,2022-11-01,0.0,0.08,-0.08,0.0,v0
1188,2023-01-01,0.0,0.07,-0.07,0.0,v0
1188,2023-02-01,0.0,0.02,-0.02,0.0,v0
1188,2023-03-01,0.0,0.07,-0.07,0.0,v0
1188,2023-04-01,0.06,0.0,0.06,0.0,v0
1188,2023-05-01,0.0,0.07,-0.07,0.0,v0
1188,2023-06-01,0.0,0.09,-0.09,0.0,v0
1188,2023-08-01,0.0,0.13,-0.13,0.0,v0
1188,2023-09-01,0.0,0.02,-0.02,0.0,v0
1188,2023-10-01,0.0,0.12,-0.12,0.0,v0
1188,2023-12-01,0.0,0.03,-0.03,0.0,v0
1188,2024-01-01,0.0,0.03,-0.03,0.0,v0
1188,2024-04-01,0.0,0.06,-0.06,0.0,v0
1188,2024-05-01,0.0,0.03,-0.03,0.0,v0
1188,2024-07-01,0.0,0.03,-0.03,0.0,v0
1189,2022-08-01,0.0,0.15,-0.15,0.0,v0
1190,2022-08-01,0.05,0.0,0.05,0.0,v0
1190,2022-09-01,0.06,0.0,0.06,0.0,v0
1190,2022-10-01,0.07,0.0,0.07,0.0,v0
1190,2022-12-01,0.01,0.0,0.01,0.0,v0
1190,2023-01-01,0.01,0.0,0.01,0.0,v0
1190,2023-02-01,0.03,0.0,0.03,0.0,v0
1190,2023-03-01,0.01,0.01,0.0,0.0,v0
1190,2023-04-01,0.01,0.0,0.01,0.0,v0
1190,2023-07-01,0.04,0.0,0.04,0.0,v0
1190,2023-08-01,0.06,0.0,0.06,0.0,v0
1191,2022-08-01,0.0,0.01,-0.01,0.0,v0
1192,2022-08-01,0.0,0.46,-0.46,0.0,v0
1192,2022-09-01,0.0,0.12,-0.12,0.0,v0
1192,2022-10-01,0.0,0.13,-0.13,0.0,v0
1193,2022-08-01,0.0,0.01,-0.01,0.0,v0
1193,2022-09-01,0.0,0.26,-0.26,0.0,v0
1193,2022-10-01,0.0,0.36,-0.36,0.0,v0
1193,2022-11-01,0.0,0.05,-0.05,0.0,v0
1193,2022-12-01,0.0,0.01,-0.01,0.0,v0
1194,2022-08-01,0.07,0.0,0.07,0.0,v0
1194,2022-09-01,0.0,0.01,-0.01,0.0,v0
1194,2022-10-01,0.13,0.0,0.13,0.0,v0
1194,2022-11-01,0.17,0.0,0.17,0.0,v0
1194,2022-12-01,0.07,0.0,0.07,0.0,v0
1194,2023-01-01,0.0,0.06,-0.06,0.0,v0
1194,2023-02-01,0.0,0.16,-0.16,0.0,v0
1194,2023-03-01,0.0,0.09,-0.09,0.0,v0
1194,2023-04-01,0.0,0.04,-0.04,0.0,v0
1194,2023-05-01,0.0,0.08,-0.08,0.0,v0
1194,2023-06-01,0.0,0.13,-0.13,0.0,v0
1194,2023-07-01,0.0,0.09,-0.09,0.0,v0
1194,2023-08-01,0.0,0.12,-0.12,0.0,v0
1194,2023-09-01,0.0,0.15,-0.15,0.0,v0
1194,2023-10-01,0.0,0.15,-0.15,0.0,v0
1194,2023-11-01,0.0,0.16,-0.16,0.0,v0
1194,2023-12-01,0.14,0.0,0.14,0.0,v0
1194,2024-01-01,0.13,0.0,0.13,0.0,v0
1194,2024-02-01,0.07,0.0,0.07,0.0,v0
1194,2024-03-01,0.27,0.0,0.27,0.0,v0
1194,2024-04-01,0.0,0.15,-0.15,0.0,v0
1194,2024-05-01,0.0,0.03,-0.03,0.0,v0
1194,2024-06-01,0.0,0.09,-0.09,0.0,v0
1194,2024-07-01,0.24,0.0,0.24,0.0,v0
1194,2024-08-01,0.16,0.0,0.16,0.0,v0
1194,2024-09-01,0.15,0.0,0.15,0.0,v0
1194,2024-10-01,0.27,0.0,0.27,0.0,v0
1194,2024-11-01,0.16,0.0,0.16,0.0,v0
1195,2022-08-01,2.1,0.0,2.1,0.0,v0
1195,2022-09-01,2.0,0.0,2.0,0.0,v0
1195,2022-10-01,0.2,0.0,0.2,0.0,v0
1195,2022-11-01,0.04,0.0,0.04,0.0,v0
1196,2022-08-01,0.0,0.06,-0.06,0.0,v0
1196,2022-09-01,0.0,0.13,-0.13,0.0,v0
1196,2022-10-01,0.0,0.01,-0.01,0.0,v0
1197,2022-08-01,0.0,0.25,-0.25,0.0,v0
1198,2022-08-01,0.0,0.05,-0.05,0.0,v0
1198,2022-09-01,0.0,0.03,-0.03,0.0,v0
1198,2022-10-01,0.0,0.02,-0.02,0.0,v0
1198,2022-11-01,0.0,0.01,-0.01,0.0,v0
1198,2022-12-01,0.0,0.02,-0.02,0.0,v0
1198,2023-02-01,0.0,0.02,-0.02,0.0,v0
1198,2023-03-01,0.0,0.08,-0.08,0.0,v0
1198,2023-04-01,0.01,0.03,-0.019999999999999997,0.0,v0
1198,2023-05-01,0.0,0.02,-0.02,0.0,v0
1198,2023-06-01,0.0,0.02,-0.02,0.0,v0
1198,2023-08-01,0.0,0.01,-0.01,0.0,v0
1198,2023-09-01,0.0,0.01,-0.01,0.0,v0
1198,2023-12-01,0.0,0.05,-0.05,0.0,v0
1198,2024-01-01,0.0,0.09,-0.09,0.0,v0
1198,2024-03-01,0.0,0.02,-0.02,0.0,v0
1198,2024-04-01,0.0,0.08,-0.08,0.0,v0
1198,2024-05-01,0.0,0.05,-0.05,0.0,v0
1198,2024-06-01,0.0,0.06,-0.06,0.0,v0
1198,2024-07-01,0.0,0.09,-0.09,0.0,v0
1198,2024-08-01,0.0,0.05,-0.05,0.0,v0
1198,2024-09-01,0.0,0.02,-0.02,0.0,v0
1198,2024-10-01,0.0,0.03,-0.03,0.0,v0
1198,2024-11-01,0.0,0.01,-0.01,0.0,v0
1198,2024-12-01,0.0,0.06,-0.06,0.0,v0
1199,2022-08-01,2.5,0.0,2.5,0.0,v0
1200,2022-08-01,0.0,4.0,-4.0,0.0,v0
1200,2022-09-01,0.0,1.3,-1.3,0.0,v0
1200,2022-10-01,0.84,0.0,0.84,0.0,v0
1201,2022-08-01,0.0,0.54,-0.54,0.0,v0
1201,2022-09-01,0.0,0.42,-0.42,0.0,v0
1201,2022-10-01,0.0,0.68,-0.68,0.0,v0
1201,2022-11-01,0.0,0.72,-0.72,0.0,v0
1201,2022-12-01,0.0,0.71,-0.71,0.0,v0
1201,2023-01-01,0.0,0.61,-0.61,0.0,v0
1201,2023-02-01,0.0,0.8,-0.8,0.0,v0
1202,2022-08-01,0.0,7.4,-7.4,0.0,v0
1202,2023-06-01,0.0,7.0,-7.0,0.0,v0
1202,2023-09-01,0.0,6.5,-6.5,0.0,v0
1202,2024-03-01,0.0,4.7,-4.7,0.0,v0
1203,2022-08-01,0.0,0.22,-0.22,0.0,v0
1204,2022-09-01,0.0,0.03,-0.03,0.0,v0
1204,2022-10-01,0.0,0.02,-0.02,0.0,v0
1205,2022-09-01,0.0,0.04,-0.04,0.0,v0
1206,2022-09-01,0.4,0.39,0.010000000000000009,0.0,v0
1206,2022-10-01,1.1,0.98,0.1200000000000001,0.0,v0
1206,2022-11-01,0.0,0.01,-0.01,0.0,v0
1206,2022-12-01,0.0,0.02,-0.02,0.0,v0
1206,2023-01-01,0.0,0.03,-0.03,0.0,v0
1206,2023-02-01,0.0,0.07,-0.07,0.0,v0
1206,2023-03-01,0.0,0.1,-0.1,0.0,v0
1206,2023-04-01,0.0,0.01,-0.01,0.0,v0
1206,2023-06-01,0.0,0.06,-0.06,0.0,v0
1207,2022-09-01,0.0,0.02,-0.02,0.0,v0
1208,2022-09-01,0.04,0.04,0.0,0.0,v0
1209,2022-09-01,0.0,0.13,-0.13,0.0,v0
1209,2022-10-01,0.0,0.05,-0.05,0.0,v0
1209,2022-11-01,0.19,0.0,0.19,0.0,v0
1209,2022-12-01,0.0,0.04,-0.04,0.0,v0
1210,2022-09-01,0.0,0.08,-0.08,0.0,v0
1211,2022-09-01,0.15,0.0,0.15,0.0,v0
1212,2022-09-01,0.18,0.0,0.18,0.0,v0
1213,2022-09-01,0.0,0.08,-0.08,0.0,v0
1214,2022-09-01,0.0,0.07,-0.07,0.0,v0
1214,2022-10-01,0.0,0.04,-0.04,0.0,v0
1214,2022-11-01,0.0,0.04,-0.04,0.0,v0
1214,2022-12-01,0.0,0.11,-0.11,0.0,v0
1214,2023-01-01,0.0,0.02,-0.02,0.0,v0
1214,2023-02-01,0.0,0.02,-0.02,0.0,v0
1214,2023-03-01,0.11,0.05,0.06,0.0,v0
1214,2023-04-01,0.53,0.21,0.32000000000000006,0.0,v0
1214,2023-05-01,0.51,0.42,0.09000000000000002,0.0,v0
1214,2023-06-01,0.0,0.01,-0.01,0.0,v0
1214,2023-07-01,0.0,0.03,-0.03,0.0,v0
1214,2023-08-01,0.0,0.02,-0.02,0.0,v0
1214,2023-09-01,0.0,0.01,-0.01,0.0,v0
1214,2023-10-01,0.0,0.02,-0.02,0.0,v0
1214,2023-11-01,0.0,0.03,-0.03,0.0,v0
1214,2023-12-01,0.0,0.03,-0.03,0.0,v0
1214,2024-01-01,0.0,0.02,-0.02,0.0,v0
1214,2024-02-01,0.0,0.03,-0.03,0.0,v0
1214,2024-03-01,0.0,0.03,-0.03,0.0,v0
1214,2024-04-01,0.0,0.01,-0.01,0.0,v0
1214,2024-05-01,0.0,0.01,-0.01,0.0,v0
1215,2022-09-01,0.78,0.0,0.78,0.0,v0
1215,2022-10-01,0.53,0.0,0.53,0.0,v0
1215,2022-11-01,0.87,0.0,0.87,0.0,v0
1216,2022-09-01,0.01,0.0,0.01,0.0,v0
1217,2022-09-01,0.0,0.06,-0.06,0.0,v0
1217,2022-10-01,0.06,0.0,0.06,0.0,v0
1217,2022-11-01,0.0,0.29,-0.29,0.0,v0
1217,2022-12-01,0.0,0.04,-0.04,0.0,v0
1217,2023-01-01,0.0,0.05,-0.05,0.0,v0
1217,2023-02-01,0.0,0.12,-0.12,0.0,v0
1217,2023-03-01,0.0,0.23,-0.23,0.0,v0
1217,2023-04-01,0.0,0.11,-0.11,0.0,v0
1217,2023-05-01,0.0,0.23,-0.23,0.0,v0
1217,2023-06-01,0.0,0.2,-0.2,0.0,v0
1217,2023-07-01,0.0,0.3,-0.3,0.0,v0
1217,2023-08-01,0.0,0.13,-0.13,0.0,v0
1217,2023-09-01,0.0,0.26,-0.26,0.0,v0
1217,2023-10-01,0.08,0.03,0.05,0.0,v0
1217,2023-11-01,0.03,0.0,0.03,0.0,v0
1218,2022-09-01,0.1,1.6,-1.5,0.0,v0
1218,2022-10-01,0.01,0.16,-0.15,0.0,v0
1218,2022-11-01,0.1,0.0,0.1,0.0,v0
1218,2022-12-01,0.0,0.01,-0.01,0.0,v0
1218,2023-01-01,0.74,0.0,0.74,0.0,v0
1219,2022-09-01,0.21,0.0,0.21,0.0,v0
1219,2022-10-01,0.68,0.0,0.68,0.0,v0
1219,2022-11-01,0.0,0.76,-0.76,0.0,v0
1219,2022-12-01,0.66,0.27,0.39,0.0,v0
1220,2022-09-01,3.5,0.57,2.93,0.0,v0
1220,2022-10-01,3.6,0.95,2.6500000000000004,0.0,v0
1220,2022-11-01,4.9,0.94,3.9600000000000004,0.0,v0
1220,2022-12-01,4.9,0.86,4.04,0.0,v0
1220,2023-01-01,3.4,0.78,2.62,0.0,v0
1220,2023-02-01,2.9,0.3,2.6,0.0,v0
1220,2023-03-01,0.02,0.22,-0.2,0.0,v0
1220,2023-04-01,0.0,0.17,-0.17,0.0,v0
1220,2023-05-01,0.88,0.0,0.88,0.0,v0
1220,2023-06-01,0.4,0.21,0.19000000000000003,0.0,v0
1220,2023-07-01,0.0,0.17,-0.17,0.0,v0
1220,2023-08-01,0.0,0.23,-0.23,0.0,v0
1220,2023-09-01,0.0,0.18,-0.18,0.0,v0
1220,2023-10-01,0.0,0.12,-0.12,0.0,v0
1220,2023-11-01,0.68,0.25,0.43000000000000005,0.0,v0
1220,2023-12-01,0.28,0.25,0.030000000000000027,0.0,v0
1220,2024-01-01,0.0,0.3,-0.3,0.0,v0
1220,2024-02-01,0.0,0.22,-0.22,0.0,v0
1220,2024-03-01,0.0,0.17,-0.17,0.0,v0
1220,2024-04-01,0.0,0.24,-0.24,0.0,v0
1220,2024-05-01,0.0,0.15,-0.15,0.0,v0
1220,2024-06-01,0.13,0.0,0.13,0.0,v0
1220,2024-08-01,8.8,0.08,8.72,0.0,v0
1220,2024-09-01,0.02,0.0,0.02,0.0,v0
1220,2024-10-01,1.2,0.0,1.2,0.0,v0
1220,2024-11-01,0.86,0.0,0.86,0.0,v0
1221,2022-09-01,1.5,0.44,1.06,0.0,v0
1221,2022-10-01,0.85,0.85,0.0,0.0,v0
1221,2022-11-01,0.09,0.08,0.009999999999999995,0.0,v0
1221,2022-12-01,0.08,0.47,-0.38999999999999996,0.0,v0
1221,2023-01-01,0.01,0.31,-0.3,0.0,v0
1221,2023-02-01,0.19,0.67,-0.48000000000000004,0.0,v0
1221,2023-03-01,0.01,0.38,-0.37,0.0,v0
1221,2023-05-01,0.0,0.01,-0.01,0.0,v0
1221,2023-06-01,9.9,0.76,9.14,0.0,v0
1221,2023-07-01,0.25,0.0,0.25,0.0,v0
1221,2023-08-01,0.06,0.6,-0.54,0.0,v0
1221,2023-09-01,1.1,0.17,0.93,0.0,v0
1221,2023-10-01,0.19,0.3,-0.10999999999999999,0.0,v0
1221,2023-11-01,0.0,0.01,-0.01,0.0,v0
1221,2023-12-01,0.05,0.28,-0.23000000000000004,0.0,v0
1221,2024-01-01,1.9,0.34,1.5599999999999998,0.0,v0
1221,2024-02-01,0.8,0.49,0.31000000000000005,0.0,v0
1221,2024-03-01,0.05,0.56,-0.51,0.0,v0
1221,2024-04-01,0.0,0.46,-0.46,0.0,v0
1221,2024-05-01,0.04,0.51,-0.47000000000000003,0.0,v0
1221,2024-06-01,0.75,0.0,0.75,0.0,v0
1221,2024-07-01,0.0,0.01,-0.01,0.0,v0
1222,2022-09-01,0.0,0.32,-0.32,0.0,v0
1222,2022-11-01,0.0,0.01,-0.01,0.0,v0
1222,2024-01-01,0.0,0.03,-0.03,0.0,v0
1222,2024-03-01,0.0,0.02,-0.02,0.0,v0
1223,2022-09-01,0.07,0.0,0.07,0.0,v0
1223,2022-10-01,0.02,0.0,0.02,0.0,v0
1224,2022-09-01,0.02,0.0,0.02,0.0,v0
1224,2022-11-01,0.01,0.0,0.01,0.0,v0
1224,2022-12-01,0.0,0.36,-0.36,0.0,v0
1224,2023-01-01,0.0,0.18,-0.18,0.0,v0
1225,2022-09-01,0.01,0.0,0.01,0.0,v0
1225,2022-10-01,0.02,0.0,0.02,0.0,v0
1225,2022-11-01,0.01,0.0,0.01,0.0,v0
1225,2022-12-01,0.01,0.0,0.01,0.0,v0
1226,2022-09-01,0.12,0.0,0.12,0.0,v0
1227,2022-09-01,1.2,0.56,0.6399999999999999,0.0,v0
1228,2022-09-01,0.01,0.0,0.01,0.0,v0
1229,2022-09-01,0.22,0.06,0.16,0.0,v0
1229,2022-10-01,0.18,0.03,0.15,0.0,v0
1229,2022-11-01,0.18,0.04,0.13999999999999999,0.0,v0
1229,2022-12-01,0.19,0.04,0.15,0.0,v0
1229,2023-01-01,0.77,0.11,0.66,0.0,v0
1229,2023-02-01,0.83,0.0,0.83,0.0,v0
1229,2023-03-01,1.4,0.46,0.94,0.0,v0
1229,2023-04-01,1.2,0.07,1.13,0.0,v0
1229,2023-05-01,0.93,0.1,0.8300000000000001,0.0,v0
1229,2023-06-01,0.88,0.42,0.46,0.0,v0
1229,2023-07-01,0.72,0.0,0.72,0.0,v0
1229,2023-08-01,1.3,0.52,0.78,0.0,v0
1229,2023-09-01,1.2,0.0,1.2,0.0,v0
1229,2023-10-01,0.89,0.0,0.89,0.0,v0
1229,2023-11-01,0.43,0.0,0.43,0.0,v0
1229,2023-12-01,1.1,0.0,1.1,0.0,v0
1229,2024-01-01,0.48,0.42,0.06,0.0,v0
1229,2024-02-01,0.99,0.0,0.99,0.0,v0
1229,2024-03-01,0.82,0.0,0.82,0.0,v0
1229,2024-04-01,0.79,0.42,0.37000000000000005,0.0,v0
1230,2022-09-01,0.14,0.0,0.14,0.0,v0
1230,2022-10-01,0.15,0.0,0.15,0.0,v0
1230,2022-11-01,0.09,0.0,0.09,0.0,v0
1231,2022-09-01,0.28,0.31,-0.02999999999999997,0.0,v0
1231,2022-10-01,0.0,0.34,-0.34,0.0,v0
1231,2022-11-01,0.0,0.21,-0.21,0.0,v0
1231,2022-12-01,0.0,0.02,-0.02,0.0,v0
1231,2023-01-01,0.0,0.18,-0.18,0.0,v0
1231,2023-02-01,0.15,0.25,-0.1,0.0,v0
1231,2023-03-01,0.0,0.65,-0.65,0.0,v0
1231,2023-04-01,0.0,0.3,-0.3,0.0,v0
1231,2023-05-01,0.49,0.03,0.45999999999999996,0.0,v0
1232,2022-09-01,0.0,0.06,-0.06,0.0,v0
1232,2022-11-01,0.0,0.01,-0.01,0.0,v0
1232,2023-04-01,0.0,0.05,-0.05,0.0,v0
1232,2023-08-01,0.0,0.05,-0.05,0.0,v0
1232,2024-03-01,0.0,0.09,-0.09,0.0,v0
1232,2024-08-01,0.0,0.05,-0.05,0.0,v0
1233,2022-09-01,0.0,0.01,-0.01,0.0,v0
1233,2022-10-01,0.1,0.0,0.1,0.0,v0
1234,2022-09-01,1.0,2.2,-1.2000000000000002,0.0,v0
1235,2022-09-01,0.03,0.0,0.03,0.0,v0
1235,2022-10-01,0.03,0.0,0.03,0.0,v0
1236,2022-09-01,0.0,3.3,-3.3,0.0,v0
1236,2022-10-01,0.0,1.9,-1.9,0.0,v0
1236,2022-11-01,0.0,0.01,-0.01,0.0,v0
1236,2022-12-01,0.0,0.84,-0.84,0.0,v0
1236,2023-01-01,0.0,0.01,-0.01,0.0,v0
1236,2023-02-01,0.0,1.1,-1.1,0.0,v0
1237,2022-09-01,0.0,0.02,-0.02,0.0,v0
1237,2022-10-01,0.0,0.09,-0.09,0.0,v0
1237,2022-11-01,0.0,0.01,-0.01,0.0,v0
1237,2022-12-01,0.0,0.01,-0.01,0.0,v0
1237,2023-02-01,0.0,0.06,-0.06,0.0,v0
1238,2022-09-01,0.0,0.03,-0.03,0.0,v0
1239,2022-09-01,0.36,0.0,0.36,0.0,v0
1239,2022-10-01,0.33,0.0,0.33,0.0,v0
1239,2022-11-01,0.04,0.0,0.04,0.0,v0
1240,2022-09-01,0.13,0.0,0.13,0.0,v0
1241,2022-09-01,0.0,0.47,-0.47,0.0,v0
1241,2022-10-01,0.0,0.24,-0.24,0.0,v0
1241,2022-11-01,0.0,0.37,-0.37,0.0,v0
1241,2022-12-01,0.0,0.22,-0.22,0.0,v0
1241,2023-02-01,0.0,0.74,-0.74,0.0,v0
1241,2023-03-01,0.0,0.29,-0.29,0.0,v0
1241,2023-04-01,0.0,0.24,-0.24,0.0,v0
1241,2023-05-01,0.0,0.5,-0.5,0.0,v0
1241,2023-06-01,0.0,0.53,-0.53,0.0,v0
1241,2023-07-01,0.0,0.14,-0.14,0.0,v0
1241,2023-08-01,0.0,0.29,-0.29,0.0,v0
1241,2023-09-01,0.0,0.27,-0.27,0.0,v0
1242,2022-09-01,0.15,0.0,0.15,0.0,v0
1242,2022-10-01,0.01,0.0,0.01,0.0,v0
1243,2022-09-01,0.0,0.07,-0.07,0.0,v0
1243,2022-10-01,0.0,0.03,-0.03,0.0,v0
1244,2022-09-01,0.0,0.05,-0.05,0.0,v0
1245,2022-09-01,0.15,0.04,0.10999999999999999,0.0,v0
1245,2022-10-01,0.11,0.05,0.06,0.0,v0
1245,2022-11-01,0.05,0.02,0.030000000000000002,0.0,v0
1245,2022-12-01,0.0,0.08,-0.08,0.0,v0
1245,2023-01-01,0.0,0.01,-0.01,0.0,v0
1245,2023-02-01,0.0,0.01,-0.01,0.0,v0
1246,2022-09-01,0.61,0.0,0.61,0.0,v0
1247,2022-09-01,0.02,0.0,0.02,0.0,v0
1248,2022-09-01,0.03,0.0,0.03,0.0,v0
1249,2022-09-01,0.0,0.01,-0.01,0.0,v0
1250,2022-09-01,0.02,0.0,0.02,0.0,v0
1250,2022-10-01,0.02,0.0,0.02,0.0,v0
1250,2023-04-01,0.01,0.0,0.01,0.0,v0
1250,2023-05-01,0.04,0.0,0.04,0.0,v0
1251,2022-09-01,0.0,0.01,-0.01,0.0,v0
1252,2022-09-01,0.0,0.01,-0.01,0.0,v0
1253,2022-09-01,0.0,0.07,-0.07,0.0,v0
1253,2022-10-01,0.0,0.17,-0.17,0.0,v0
1253,2022-11-01,0.0,0.11,-0.11,0.0,v0
1253,2022-12-01,0.0,0.23,-0.23,0.0,v0
1254,2022-09-01,0.49,0.28,0.20999999999999996,0.0,v0
1254,2022-10-01,0.02,0.0,0.02,0.0,v0
1254,2022-11-01,0.02,0.0,0.02,0.0,v0
1255,2022-09-01,0.55,0.0,0.55,0.0,v0
1255,2022-10-01,0.03,0.0,0.03,0.0,v0
1255,2022-11-01,0.08,0.0,0.08,0.0,v0
1255,2022-12-01,0.03,0.0,0.03,0.0,v0
1255,2023-01-01,0.07,0.0,0.07,0.0,v0
1255,2023-02-01,0.05,0.0,0.05,0.0,v0
1255,2023-03-01,0.49,0.0,0.49,0.0,v0
1255,2023-04-01,0.01,0.0,0.01,0.0,v0
1255,2023-05-01,0.0,0.01,-0.01,0.0,v0
1255,2023-06-01,0.0,0.02,-0.02,0.0,v0
1256,2022-09-01,0.01,0.0,0.01,0.0,v0
1257,2022-09-01,0.0,0.22,-0.22,0.0,v0
1258,2022-09-01,0.0,0.03,-0.03,0.0,v0
1258,2022-10-01,0.0,0.02,-0.02,0.0,v0
1258,2022-11-01,0.0,0.03,-0.03,0.0,v0
1258,2022-12-01,0.0,0.03,-0.03,0.0,v0
1258,2023-01-01,0.0,0.03,-0.03,0.0,v0
1258,2023-02-01,0.0,0.01,-0.01,0.0,v0
1258,2023-03-01,0.0,0.03,-0.03,0.0,v0
1259,2022-09-01,0.05,0.02,0.030000000000000002,0.0,v0
1259,2022-10-01,0.05,0.0,0.05,0.0,v0
1259,2022-11-01,0.03,0.0,0.03,0.0,v0
1260,2022-09-01,0.0,0.02,-0.02,0.0,v0
1261,2022-09-01,0.0,0.02,-0.02,0.0,v0
1261,2022-10-01,0.0,0.09,-0.09,0.0,v0
1261,2022-11-01,0.0,0.06,-0.06,0.0,v0
1261,2022-12-01,0.0,0.18,-0.18,0.0,v0
1261,2023-01-01,0.04,0.0,0.04,0.0,v0
1262,2022-09-01,0.0,1.6,-1.6,0.0,v0
1263,2022-10-01,0.0,0.31,-0.31,0.0,v0
1263,2022-11-01,0.0,0.25,-0.25,0.0,v0
1263,2022-12-01,0.0,0.26,-0.26,0.0,v0
1263,2023-01-01,0.0,0.42,-0.42,0.0,v0
1263,2023-02-01,0.0,0.15,-0.15,0.0,v0
1264,2022-09-01,0.0,0.01,-0.01,0.0,v0
1264,2022-10-01,0.0,0.01,-0.01,0.0,v0
1265,2022-09-01,0.23,0.0,0.23,0.0,v0
1265,2022-10-01,0.0,0.34,-0.34,0.0,v0
1265,2022-11-01,0.86,0.18,0.6799999999999999,0.0,v0
1265,2022-12-01,0.84,0.34,0.49999999999999994,0.0,v0
1265,2023-01-01,0.03,0.4,-0.37,0.0,v0
1265,2023-02-01,1.7,0.23,1.47,0.0,v0
1265,2023-03-01,0.0,0.33,-0.33,0.0,v0
1265,2023-04-01,0.65,0.0,0.65,0.0,v0
1265,2023-05-01,0.07,0.56,-0.49000000000000005,0.0,v0
1265,2023-06-01,0.64,0.2,0.44,0.0,v0
1265,2023-07-01,0.57,0.15,0.41999999999999993,0.0,v0
1265,2023-08-01,0.86,0.62,0.24,0.0,v0
1265,2023-09-01,1.0,0.0,1.0,0.0,v0
1265,2023-10-01,0.07,0.52,-0.45,0.0,v0
1266,2022-09-01,0.0,0.08,-0.08,0.0,v0
1266,2022-10-01,0.01,0.04,-0.03,0.0,v0
1266,2022-11-01,0.0,0.08,-0.08,0.0,v0
1267,2022-09-01,0.0,0.06,-0.06,0.0,v0
1268,2022-09-01,0.13,0.0,0.13,0.0,v0
1268,2022-10-01,0.05,0.0,0.05,0.0,v0
1268,2022-11-01,0.02,0.0,0.02,0.0,v0
1268,2022-12-01,0.0,0.03,-0.03,0.0,v0
1269,2022-09-01,0.01,0.0,0.01,0.0,v0
1269,2022-10-01,0.02,0.0,0.02,0.0,v0
1270,2022-09-01,0.07,0.0,0.07,0.0,v0
1270,2022-10-01,0.11,0.0,0.11,0.0,v0
1271,2022-09-01,0.0,0.02,-0.02,0.0,v0
1271,2022-10-01,0.01,0.06,-0.049999999999999996,0.0,v0
1271,2022-11-01,0.04,0.03,0.010000000000000002,0.0,v0
1271,2023-01-01,0.04,0.0,0.04,0.0,v0
1271,2023-02-01,0.05,0.0,0.05,0.0,v0
1271,2023-03-01,0.06,0.0,0.06,0.0,v0
1272,2022-09-01,0.11,0.0,0.11,0.0,v0
1272,2023-05-01,0.05,0.0,0.05,0.0,v0
1272,2023-12-01,0.01,0.0,0.01,0.0,v0
1272,2024-02-01,0.01,0.0,0.01,0.0,v0
1272,2024-03-01,0.01,0.0,0.01,0.0,v0
1272,2024-06-01,0.01,0.0,0.01,0.0,v0
1272,2024-09-01,0.02,0.0,0.02,0.0,v0
1272,2024-10-01,0.02,0.0,0.02,0.0,v0
1272,2024-12-01,0.01,0.0,0.01,0.0,v0
1273,2022-10-01,0.16,0.24,-0.07999999999999999,0.0,v0
1273,2022-11-01,0.32,0.13,0.19,0.0,v0
1273,2022-12-01,0.15,0.36,-0.21,0.0,v0
1273,2023-01-01,0.0,0.3,-0.3,0.0,v0
1273,2023-02-01,0.81,0.55,0.26,0.0,v0
1274,2022-09-01,0.0,0.07,-0.07,0.0,v0
1275,2022-09-01,0.0,0.03,-0.03,0.0,v0
1276,2022-09-01,0.32,0.02,0.3,0.0,v0
1276,2022-10-01,0.0,0.01,-0.01,0.0,v0
1276,2022-11-01,0.05,0.0,0.05,0.0,v0
1276,2022-12-01,0.32,0.0,0.32,0.0,v0
1276,2023-01-01,0.0,0.04,-0.04,0.0,v0
1277,2022-09-01,0.0,0.01,-0.01,0.0,v0
1278,2022-09-01,0.01,0.0,0.01,0.0,v0
1279,2022-09-01,0.0,0.22,-0.22,0.0,v0
1279,2022-10-01,0.0,0.22,-0.22,0.0,v0
1279,2022-11-01,0.0,0.16,-0.16,0.0,v0
1280,2022-09-01,0.01,0.0,0.01,0.0,v0
1281,2022-09-01,0.0,0.13,-0.13,0.0,v0
1281,2022-10-01,0.0,0.09,-0.09,0.0,v0
1281,2022-11-01,0.0,0.1,-0.1,0.0,v0
1281,2022-12-01,0.0,0.01,-0.01,0.0,v0
1281,2023-01-01,0.0,0.01,-0.01,0.0,v0
1282,2022-09-01,0.0,0.02,-0.02,0.0,v0
1282,2022-10-01,0.0,0.11,-0.11,0.0,v0
1282,2022-11-01,0.0,0.09,-0.09,0.0,v0
1282,2022-12-01,0.0,0.07,-0.07,0.0,v0
1283,2022-09-01,0.0,0.41,-0.41,0.0,v0
1283,2022-10-01,0.0,0.26,-0.26,0.0,v0
1283,2022-11-01,0.0,0.24,-0.24,0.0,v0
1283,2022-12-01,0.0,0.23,-0.23,0.0,v0
1284,2022-09-01,0.0,0.02,-0.02,0.0,v0
1285,2022-09-01,0.06,0.01,0.049999999999999996,0.0,v0
1285,2022-10-01,0.02,0.0,0.02,0.0,v0
1285,2022-11-01,0.01,0.02,-0.01,0.0,v0
1285,2022-12-01,0.01,0.0,0.01,0.0,v0
1286,2022-09-01,0.0,0.01,-0.01,0.0,v0
1287,2022-09-01,0.02,0.0,0.02,0.0,v0
1287,2022-10-01,0.05,0.0,0.05,0.0,v0
1287,2022-11-01,0.02,0.0,0.02,0.0,v0
1287,2022-12-01,0.01,0.0,0.01,0.0,v0
1287,2023-02-01,0.03,0.0,0.03,0.0,v0
1287,2023-03-01,0.06,0.0,0.06,0.0,v0
1287,2023-04-01,0.01,0.0,0.01,0.0,v0
1287,2023-05-01,0.02,0.0,0.02,0.0,v0
1287,2023-06-01,0.02,0.0,0.02,0.0,v0
1288,2022-09-01,0.01,0.0,0.01,0.0,v0
1289,2022-09-01,0.0,0.04,-0.04,0.0,v0
1289,2022-10-01,0.0,0.04,-0.04,0.0,v0
1289,2022-11-01,0.0,0.04,-0.04,0.0,v0
1290,2022-09-01,0.0,0.36,-0.36,0.0,v0
1290,2022-11-01,0.0,1.7,-1.7,0.0,v0
1290,2022-12-01,0.0,1.4,-1.4,0.0,v0
1290,2023-01-01,0.0,0.98,-0.98,0.0,v0
1290,2023-02-01,0.0,1.1,-1.1,0.0,v0
1290,2023-03-01,0.0,1.8,-1.8,0.0,v0
1290,2023-04-01,0.0,0.48,-0.48,0.0,v0
1290,2023-05-01,0.0,0.89,-0.89,0.0,v0
1290,2023-06-01,0.0,1.2,-1.2,0.0,v0
1290,2023-07-01,0.0,0.48,-0.48,0.0,v0
1290,2023-08-01,0.0,0.46,-0.46,0.0,v0
1290,2023-09-01,0.0,0.01,-0.01,0.0,v0
1290,2023-10-01,0.0,0.12,-0.12,0.0,v0
1290,2023-11-01,0.0,0.18,-0.18,0.0,v0
1290,2023-12-01,0.0,0.13,-0.13,0.0,v0
1290,2024-01-01,0.0,0.15,-0.15,0.0,v0
1290,2024-02-01,0.0,0.03,-0.03,0.0,v0
1290,2024-03-01,0.0,0.06,-0.06,0.0,v0
1290,2024-04-01,0.0,0.05,-0.05,0.0,v0
1290,2024-05-01,0.0,0.05,-0.05,0.0,v0
1290,2024-06-01,0.0,0.01,-0.01,0.0,v0
1290,2024-07-01,0.0,0.03,-0.03,0.0,v0
1290,2024-08-01,0.0,0.03,-0.03,0.0,v0
1290,2024-09-01,0.0,0.01,-0.01,0.0,v0
1290,2024-10-01,0.0,0.04,-0.04,0.0,v0
1290,2024-11-01,0.0,0.07,-0.07,0.0,v0
1291,2022-09-01,0.03,0.0,0.03,0.0,v0
1292,2022-09-01,0.0,0.03,-0.03,0.0,v0
1293,2022-09-01,0.0,0.22,-0.22,0.0,v0
1294,2022-09-01,0.09,0.01,0.08,0.0,v0
1295,2022-09-01,0.65,0.04,0.61,0.0,v0
1295,2022-10-01,0.6,0.0,0.6,0.0,v0
1295,2022-11-01,0.28,0.0,0.28,0.0,v0
1295,2022-12-01,0.49,0.01,0.48,0.0,v0
1295,2023-01-01,0.44,0.02,0.42,0.0,v0
1295,2023-02-01,0.28,0.0,0.28,0.0,v0
1295,2023-03-01,0.08,0.0,0.08,0.0,v0
1295,2023-04-01,0.04,0.0,0.04,0.0,v0
1296,2022-09-01,0.06,0.0,0.06,0.0,v0
1296,2024-08-01,0.02,0.0,0.02,0.0,v0
1296,2024-10-01,0.0,0.29,-0.29,0.0,v0
1297,2022-09-01,0.0,0.09,-0.09,0.0,v0
1297,2022-11-01,0.0,0.28,-0.28,0.0,v0
1297,2022-12-01,0.0,0.44,-0.44,0.0,v0
1297,2023-01-01,0.0,0.12,-0.12,0.0,v0
1297,2023-02-01,0.0,0.98,-0.98,0.0,v0
1298,2022-09-01,0.18,0.05,0.13,0.0,v0
1298,2022-10-01,0.05,0.25,-0.2,0.0,v0
1298,2022-11-01,0.08,2.1,-2.02,0.0,v0
1298,2022-12-01,0.08,0.9,-0.8200000000000001,0.0,v0
1298,2023-01-01,0.02,0.85,-0.83,0.0,v0
1298,2023-02-01,0.05,0.54,-0.49000000000000005,0.0,v0
1298,2023-03-01,0.0,1.1,-1.1,0.0,v0
1298,2023-05-01,0.12,0.15,-0.03,0.0,v0
1298,2023-06-01,0.07,1.1,-1.03,0.0,v0
1298,2023-07-01,0.06,1.0,-0.94,0.0,v0
1298,2023-08-01,0.2,0.29,-0.08999999999999997,0.0,v0
1298,2023-09-01,0.09,1.5,-1.41,0.0,v0
1298,2023-10-01,0.13,0.13,0.0,0.0,v0
1298,2023-11-01,0.23,0.39,-0.16,0.0,v0
1298,2023-12-01,0.16,0.89,-0.73,0.0,v0
1298,2024-01-01,0.1,0.54,-0.44000000000000006,0.0,v0
1298,2024-02-01,0.03,0.37,-0.33999999999999997,0.0,v0
1299,2022-09-01,0.0,0.02,-0.02,0.0,v0
1300,2022-09-01,0.0,0.04,-0.04,0.0,v0
1300,2022-11-01,0.0,0.03,-0.03,0.0,v0
1300,2022-12-01,0.0,0.03,-0.03,0.0,v0
1300,2023-02-01,0.0,0.05,-0.05,0.0,v0
1301,2022-09-01,11.0,0.0,11.0,0.0,v0
1302,2022-09-01,0.0,0.04,-0.04,0.0,v0
1302,2023-09-01,0.0,0.01,-0.01,0.0,v0
1302,2024-02-01,0.0,0.01,-0.01,0.0,v0
1303,2022-10-01,0.0,0.05,-0.05,0.0,v0
1303,2022-11-01,0.0,0.07,-0.07,0.0,v0
1303,2023-01-01,0.02,0.0,0.02,0.0,v0
1303,2023-04-01,0.0,0.02,-0.02,0.0,v0
1303,2023-05-01,0.0,0.03,-0.03,0.0,v0
1303,2023-07-01,0.0,0.07,-0.07,0.0,v0
1303,2023-08-01,0.0,0.04,-0.04,0.0,v0
1303,2024-04-01,0.0,0.03,-0.03,0.0,v0
1303,2024-07-01,0.0,0.02,-0.02,0.0,v0
1304,2022-10-01,0.0,0.02,-0.02,0.0,v0
1304,2022-11-01,0.0,0.02,-0.02,0.0,v0
1304,2022-12-01,0.0,0.01,-0.01,0.0,v0
1304,2023-02-01,0.0,0.04,-0.04,0.0,v0
1304,2024-02-01,0.0,1.2,-1.2,0.0,v0
1305,2022-10-01,0.0,0.02,-0.02,0.0,v0
1305,2022-11-01,0.02,0.0,0.02,0.0,v0
1305,2022-12-01,0.07,0.0,0.07,0.0,v0
1306,2022-10-01,0.02,0.03,-0.009999999999999998,0.0,v0
1306,2022-11-01,0.02,0.0,0.02,0.0,v0
1306,2022-12-01,0.36,0.0,0.36,0.0,v0
1306,2023-02-01,0.01,0.01,0.0,0.0,v0
1306,2023-03-01,0.01,0.01,0.0,0.0,v0
1306,2023-04-01,0.0,0.09,-0.09,0.0,v0
1307,2022-10-01,0.0,0.3,-0.3,0.0,v0
1307,2022-11-01,0.01,0.3,-0.29,0.0,v0
1307,2023-01-01,0.01,0.17,-0.16,0.0,v0
1307,2023-02-01,0.0,0.2,-0.2,0.0,v0
1307,2023-03-01,0.0,0.17,-0.17,0.0,v0
1307,2023-04-01,0.0,0.02,-0.02,0.0,v0
1307,2023-05-01,0.03,0.0,0.03,0.0,v0
1308,2022-10-01,0.44,0.0,0.44,0.0,v0
1308,2022-11-01,1.1,0.0,1.1,0.0,v0
1308,2022-12-01,1.5,0.0,1.5,0.0,v0
1308,2023-01-01,1.2,0.02,1.18,0.0,v0
1308,2023-02-01,1.3,0.0,1.3,0.0,v0
1308,2023-03-01,1.5,0.0,1.5,0.0,v0
1309,2022-10-01,0.01,0.13,-0.12000000000000001,0.0,v0
1309,2022-11-01,0.0,0.6,-0.6,0.0,v0
1310,2022-10-01,0.0,0.08,-0.08,0.0,v0
1310,2022-11-01,0.0,0.1,-0.1,0.0,v0
1311,2022-10-01,0.09,0.07,0.01999999999999999,0.0,v0
1311,2022-11-01,0.01,0.11,-0.1,0.0,v0
1311,2022-12-01,0.0,0.1,-0.1,0.0,v0
1311,2023-01-01,0.07,0.2,-0.13,0.0,v0
1311,2023-03-01,0.04,0.0,0.04,0.0,v0
1311,2023-04-01,0.02,0.1,-0.08,0.0,v0
1311,2023-05-01,0.05,0.17,-0.12000000000000001,0.0,v0
1311,2023-06-01,0.04,0.06,-0.019999999999999997,0.0,v0
1311,2023-07-01,0.01,0.25,-0.24,0.0,v0
1311,2023-08-01,0.01,0.08,-0.07,0.0,v0
1311,2023-09-01,0.07,0.01,0.060000000000000005,0.0,v0
1312,2022-10-01,0.48,0.0,0.48,0.0,v0
1312,2022-11-01,0.0,0.01,-0.01,0.0,v0
1313,2022-10-01,0.39,0.0,0.39,0.0,v0
1314,2022-10-01,0.02,0.0,0.02,0.0,v0
1314,2022-11-01,0.1,0.0,0.1,0.0,v0
1314,2022-12-01,0.02,0.0,0.02,0.0,v0
1314,2023-01-01,0.02,0.0,0.02,0.0,v0
1314,2023-03-01,0.06,0.0,0.06,0.0,v0
1314,2023-05-01,0.03,0.0,0.03,0.0,v0
1314,2023-06-01,0.06,0.0,0.06,0.0,v0
1314,2023-07-01,0.12,0.0,0.12,0.0,v0
1315,2022-10-01,0.02,0.0,0.02,0.0,v0
1315,2022-11-01,0.05,0.0,0.05,0.0,v0
1316,2022-10-01,0.17,0.0,0.17,0.0,v0
1316,2022-11-01,0.13,0.0,0.13,0.0,v0
1317,2022-10-01,0.06,0.0,0.06,0.0,v0
1317,2022-11-01,0.05,0.0,0.05,0.0,v0
1318,2022-10-01,0.01,0.0,0.01,0.0,v0
1319,2022-10-01,0.0,0.02,-0.02,0.0,v0
1319,2022-11-01,0.0,0.01,-0.01,0.0,v0
1319,2023-03-01,0.0,0.01,-0.01,0.0,v0
1319,2023-04-01,0.0,0.02,-0.02,0.0,v0
1319,2023-05-01,0.0,0.12,-0.12,0.0,v0
1319,2023-06-01,0.0,0.04,-0.04,0.0,v0
1319,2023-08-01,0.0,0.03,-0.03,0.0,v0
1319,2023-09-01,0.0,0.01,-0.01,0.0,v0
1319,2023-10-01,0.0,0.01,-0.01,0.0,v0
1319,2024-02-01,0.0,0.05,-0.05,0.0,v0
1319,2024-03-01,0.0,0.02,-0.02,0.0,v0
1319,2024-04-01,0.02,0.0,0.02,0.0,v0
1319,2024-05-01,0.03,0.0,0.03,0.0,v0
1319,2024-06-01,0.01,0.0,0.01,0.0,v0
1319,2024-07-01,0.02,0.0,0.02,0.0,v0
1319,2024-08-01,0.03,0.0,0.03,0.0,v0
1319,2024-09-01,0.03,0.0,0.03,0.0,v0
1319,2024-10-01,0.02,0.0,0.02,0.0,v0
1320,2022-10-01,0.0,0.45,-0.45,0.0,v0
1320,2022-11-01,0.0,1.0,-1.0,0.0,v0
1320,2022-12-01,0.0,1.0,-1.0,0.0,v0
1320,2023-01-01,0.0,0.29,-0.29,0.0,v0
1320,2023-02-01,0.0,0.73,-0.73,0.0,v0
1320,2023-03-01,0.0,0.86,-0.86,0.0,v0
1320,2023-05-01,0.0,0.76,-0.76,0.0,v0
1320,2023-06-01,0.0,0.7,-0.7,0.0,v0
1320,2023-07-01,0.0,0.19,-0.19,0.0,v0
1320,2023-08-01,0.0,0.43,-0.43,0.0,v0
1320,2023-09-01,0.0,0.25,-0.25,0.0,v0
1320,2023-10-01,0.0,0.33,-0.33,0.0,v0
1321,2022-10-01,0.05,0.0,0.05,0.0,v0
1322,2022-10-01,0.84,0.11,0.73,0.0,v0
1322,2022-11-01,1.1,0.0,1.1,0.0,v0
1323,2022-10-01,0.0,0.01,-0.01,0.0,v0
1324,2022-10-01,0.0,0.18,-0.18,0.0,v0
1324,2022-11-01,0.09,0.1,-0.010000000000000009,0.0,v0
1324,2022-12-01,0.01,0.17,-0.16,0.0,v0
1324,2023-01-01,0.0,0.03,-0.03,0.0,v0
1324,2023-02-01,0.08,0.12,-0.039999999999999994,0.0,v0
1324,2023-03-01,0.02,0.04,-0.02,0.0,v0
1324,2023-04-01,0.0,0.32,-0.32,0.0,v0
1324,2023-05-01,0.0,0.1,-0.1,0.0,v0
1324,2023-06-01,0.08,0.07,0.009999999999999995,0.0,v0
1324,2023-07-01,0.0,0.05,-0.05,0.0,v0
1324,2023-08-01,0.0,0.02,-0.02,0.0,v0
1324,2023-10-01,0.0,0.02,-0.02,0.0,v0
1324,2023-11-01,0.0,0.07,-0.07,0.0,v0
1324,2023-12-01,0.0,0.05,-0.05,0.0,v0
1324,2024-01-01,0.0,0.07,-0.07,0.0,v0
1325,2022-10-01,0.01,0.0,0.01,0.0,v0
1326,2022-10-01,0.06,0.0,0.06,0.0,v0
1326,2022-11-01,0.3,0.03,0.27,0.0,v0
1326,2022-12-01,0.59,0.05,0.5399999999999999,0.0,v0
1326,2023-01-01,0.03,0.01,0.019999999999999997,0.0,v0
1326,2023-02-01,0.0,0.02,-0.02,0.0,v0
1326,2023-03-01,0.08,0.01,0.07,0.0,v0
1326,2023-04-01,0.0,0.01,-0.01,0.0,v0
1326,2023-05-01,0.0,0.01,-0.01,0.0,v0
1326,2023-06-01,0.0,0.01,-0.01,0.0,v0
1326,2023-07-01,0.02,0.01,0.01,0.0,v0
1327,2022-10-01,0.0,0.03,-0.03,0.0,v0
1327,2022-11-01,0.0,0.04,-0.04,0.0,v0
1327,2022-12-01,0.0,0.04,-0.04,0.0,v0
1327,2023-01-01,0.0,0.03,-0.03,0.0,v0
1327,2023-02-01,0.0,0.08,-0.08,0.0,v0
1327,2023-03-01,0.0,0.11,-0.11,0.0,v0
1327,2023-05-01,0.0,0.11,-0.11,0.0,v0
1327,2023-06-01,0.0,0.03,-0.03,0.0,v0
1327,2023-07-01,0.0,0.03,-0.03,0.0,v0
1327,2023-09-01,0.0,0.01,-0.01,0.0,v0
1327,2023-10-01,0.0,0.02,-0.02,0.0,v0
1327,2023-11-01,0.0,0.05,-0.05,0.0,v0
1327,2023-12-01,0.0,0.06,-0.06,0.0,v0
1327,2024-01-01,0.0,0.08,-0.08,0.0,v0
1327,2024-02-01,0.0,0.1,-0.1,0.0,v0
1327,2024-03-01,0.0,0.07,-0.07,0.0,v0
1327,2024-04-01,0.0,0.05,-0.05,0.0,v0
1327,2024-05-01,0.0,0.02,-0.02,0.0,v0
1327,2024-06-01,0.0,0.02,-0.02,0.0,v0
1327,2024-07-01,0.0,0.01,-0.01,0.0,v0
1327,2024-08-01,0.0,0.03,-0.03,0.0,v0
1327,2024-09-01,0.0,0.04,-0.04,0.0,v0
1327,2024-10-01,0.0,0.02,-0.02,0.0,v0
1327,2024-11-01,0.0,0.05,-0.05,0.0,v0
1327,2024-12-01,0.0,0.02,-0.02,0.0,v0
1328,2022-10-01,0.0,0.01,-0.01,0.0,v0
1329,2022-10-01,0.11,0.0,0.11,0.0,v0
1330,2022-10-01,0.0,0.01,-0.01,0.0,v0
1331,2022-10-01,0.01,0.0,0.01,0.0,v0
1332,2022-10-01,0.2,0.0,0.2,0.0,v0
1333,2022-10-01,0.07,0.0,0.07,0.0,v0
1333,2022-11-01,0.06,0.0,0.06,0.0,v0
1333,2022-12-01,0.03,0.0,0.03,0.0,v0
1333,2023-01-01,0.02,0.0,0.02,0.0,v0
1334,2022-10-01,1.2,0.0,1.2,0.0,v0
1335,2022-10-01,0.0,0.23,-0.23,0.0,v0
1335,2022-12-01,0.0,0.09,-0.09,0.0,v0
1335,2023-01-01,0.13,0.0,0.13,0.0,v0
1335,2023-02-01,0.0,0.01,-0.01,0.0,v0
1335,2023-03-01,0.08,0.0,0.08,0.0,v0
1336,2022-10-01,0.05,0.0,0.05,0.0,v0
1336,2022-11-01,0.01,0.0,0.01,0.0,v0
1336,2022-12-01,48.0,1.5,46.5,0.0,v0
1336,2023-01-01,24.0,0.03,23.97,0.0,v0
1336,2023-02-01,0.02,0.0,0.02,0.0,v0
1336,2023-03-01,0.02,0.0,0.02,0.0,v0
1337,2022-10-01,0.0,0.09,-0.09,0.0,v0
1337,2022-11-01,0.0,0.02,-0.02,0.0,v0
1337,2022-12-01,0.0,0.05,-0.05,0.0,v0
1338,2022-10-01,0.7,0.17,0.5299999999999999,0.0,v0
1338,2022-11-01,0.43,0.07,0.36,0.0,v0
1338,2022-12-01,0.46,0.2,0.26,0.0,v0
1338,2023-01-01,1.2,0.05,1.15,0.0,v0
1338,2023-02-01,0.85,0.25,0.6,0.0,v0
1339,2022-10-01,0.0,0.04,-0.04,0.0,v0
1339,2022-11-01,0.0,0.02,-0.02,0.0,v0
1340,2022-10-01,1.0,0.0,1.0,0.0,v0
1340,2022-11-01,0.19,0.0,0.19,0.0,v0
1341,2022-10-01,0.11,0.03,0.08,0.0,v0
1341,2022-11-01,0.01,0.01,0.0,0.0,v0
1342,2022-10-01,0.0,0.03,-0.03,0.0,v0
1342,2022-11-01,0.0,0.04,-0.04,0.0,v0
1342,2022-12-01,0.0,0.04,-0.04,0.0,v0
1342,2023-01-01,0.01,0.01,0.0,0.0,v0
1342,2023-03-01,0.0,0.43,-0.43,0.0,v0
1343,2022-10-01,0.04,0.0,0.04,0.0,v0
1343,2022-11-01,0.0,0.32,-0.32,0.0,v0
1343,2022-12-01,0.0,0.01,-0.01,0.0,v0
1343,2023-01-01,0.0,0.22,-0.22,0.0,v0
1343,2023-03-01,0.0,0.01,-0.01,0.0,v0
1343,2023-04-01,0.0,0.05,-0.05,0.0,v0
1343,2023-05-01,0.0,0.01,-0.01,0.0,v0
1343,2023-06-01,0.01,0.03,-0.019999999999999997,0.0,v0
1343,2023-07-01,0.0,0.36,-0.36,0.0,v0
1343,2023-08-01,0.0,0.03,-0.03,0.0,v0
1343,2023-09-01,0.0,0.02,-0.02,0.0,v0
1343,2023-10-01,0.0,0.03,-0.03,0.0,v0
1343,2023-11-01,0.01,0.02,-0.01,0.0,v0
1343,2023-12-01,0.0,0.02,-0.02,0.0,v0
1343,2024-02-01,0.0,0.02,-0.02,0.0,v0
1343,2024-03-01,0.0,0.03,-0.03,0.0,v0
1343,2024-04-01,0.0,0.03,-0.03,0.0,v0
1343,2024-05-01,0.01,0.03,-0.019999999999999997,0.0,v0
1343,2024-06-01,0.0,0.04,-0.04,0.0,v0
1343,2024-07-01,0.0,0.02,-0.02,0.0,v0
1343,2024-08-01,0.0,0.04,-0.04,0.0,v0
1343,2024-09-01,0.0,0.01,-0.01,0.0,v0
1343,2024-10-01,0.0,0.07,-0.07,0.0,v0
1343,2024-11-01,0.0,0.44,-0.44,0.0,v0
1343,2024-12-01,0.0,0.11,-0.11,0.0,v0
1344,2022-10-01,0.0,0.02,-0.02,0.0,v0
1344,2023-01-01,0.0,0.04,-0.04,0.0,v0
1344,2023-02-01,0.0,0.01,-0.01,0.0,v0
1344,2023-03-01,0.0,0.06,-0.06,0.0,v0
1344,2023-06-01,0.0,0.02,-0.02,0.0,v0
1344,2023-07-01,0.0,0.04,-0.04,0.0,v0
1345,2022-10-01,0.08,0.0,0.08,0.0,v0
1346,2022-10-01,0.0,0.23,-0.23,0.0,v0
1346,2022-11-01,0.0,0.02,-0.02,0.0,v0
1347,2022-10-01,0.04,0.07,-0.030000000000000006,0.0,v0
1348,2022-10-01,0.0,1.2,-1.2,0.0,v0
1348,2022-11-01,0.0,0.29,-0.29,0.0,v0
1348,2023-01-01,0.0,0.94,-0.94,0.0,v0
1348,2023-02-01,0.0,1.0,-1.0,0.0,v0
1348,2023-03-01,0.83,0.0,0.83,0.0,v0
1348,2023-04-01,0.0,1.2,-1.2,0.0,v0
1348,2023-05-01,0.0,3.4,-3.4,0.0,v0
1349,2022-10-01,0.0,0.09,-0.09,0.0,v0
1349,2022-11-01,0.0,0.1,-0.1,0.0,v0
1349,2022-12-01,0.0,0.08,-0.08,0.0,v0
1349,2023-01-01,0.0,0.1,-0.1,0.0,v0
1349,2023-02-01,0.37,0.31,0.06,0.0,v0
1349,2023-03-01,0.0,0.08,-0.08,0.0,v0
1349,2023-04-01,0.42,0.24,0.18,0.0,v0
1349,2023-05-01,0.43,0.15,0.28,0.0,v0
1349,2023-06-01,0.0,0.12,-0.12,0.0,v0
1349,2023-07-01,0.36,0.02,0.33999999999999997,0.0,v0
1350,2022-10-01,0.0,0.14,-0.14,0.0,v0
1351,2022-10-01,0.0,0.01,-0.01,0.0,v0
1351,2022-11-01,0.0,0.02,-0.02,0.0,v0
1352,2022-10-01,0.0,0.04,-0.04,0.0,v0
1352,2022-11-01,0.06,0.29,-0.22999999999999998,0.0,v0
1353,2022-10-01,0.03,0.0,0.03,0.0,v0
1354,2022-10-01,0.0,0.13,-0.13,0.0,v0
1354,2022-11-01,0.0,0.07,-0.07,0.0,v0
1354,2023-01-01,0.06,0.0,0.06,0.0,v0
1354,2023-02-01,0.42,0.0,0.42,0.0,v0
1354,2023-03-01,0.51,0.0,0.51,0.0,v0
1354,2023-04-01,0.13,0.0,0.13,0.0,v0
1354,2023-05-01,0.18,0.0,0.18,0.0,v0
1354,2023-06-01,0.06,0.0,0.06,0.0,v0
1354,2023-07-01,0.05,0.0,0.05,0.0,v0
1355,2022-10-01,0.0,0.01,-0.01,0.0,v0
1356,2022-10-01,0.0,0.01,-0.01,0.0,v0
1356,2022-11-01,0.0,0.02,-0.02,0.0,v0
1357,2022-10-01,0.0,0.01,-0.01,0.0,v0
1358,2022-10-01,0.0,0.02,-0.02,0.0,v0
1359,2022-10-01,0.0,0.01,-0.01,0.0,v0
1359,2023-02-01,0.0,0.02,-0.02,0.0,v0
1359,2023-03-01,0.0,0.01,-0.01,0.0,v0
1359,2023-04-01,0.0,0.01,-0.01,0.0,v0
1359,2023-06-01,0.0,0.02,-0.02,0.0,v0
1359,2023-10-01,0.0,0.02,-0.02,0.0,v0
1360,2022-10-01,0.0,0.01,-0.01,0.0,v0
1361,2022-10-01,0.0,0.17,-0.17,0.0,v0
1361,2022-11-01,0.0,0.35,-0.35,0.0,v0
1361,2022-12-01,0.0,0.53,-0.53,0.0,v0
1361,2023-01-01,0.0,0.26,-0.26,0.0,v0
1361,2023-02-01,0.0,0.39,-0.39,0.0,v0
1361,2023-03-01,0.0,0.32,-0.32,0.0,v0
1361,2023-05-01,0.0,0.43,-0.43,0.0,v0
1361,2023-06-01,0.0,0.08,-0.08,0.0,v0
1361,2023-07-01,0.0,0.38,-0.38,0.0,v0
1361,2023-08-01,0.0,0.34,-0.34,0.0,v0
1361,2023-09-01,0.0,0.37,-0.37,0.0,v0
1361,2023-10-01,0.0,0.35,-0.35,0.0,v0
1361,2023-11-01,0.0,0.46,-0.46,0.0,v0
1361,2023-12-01,0.0,0.35,-0.35,0.0,v0
1361,2024-01-01,0.0,0.18,-0.18,0.0,v0
1361,2024-02-01,0.0,0.25,-0.25,0.0,v0
1361,2024-03-01,0.0,0.33,-0.33,0.0,v0
1361,2024-05-01,0.0,0.34,-0.34,0.0,v0
1361,2024-06-01,0.0,0.36,-0.36,0.0,v0
1361,2024-07-01,0.0,0.41,-0.41,0.0,v0
1361,2024-08-01,0.0,0.3,-0.3,0.0,v0
1361,2024-09-01,0.0,0.43,-0.43,0.0,v0
1361,2024-10-01,0.0,0.6,-0.6,0.0,v0
1361,2024-11-01,0.0,0.31,-0.31,0.0,v0
1361,2024-12-01,0.0,0.18,-0.18,0.0,v0
1362,2022-10-01,0.0,0.06,-0.06,0.0,v0
1363,2022-10-01,0.0,0.33,-0.33,0.0,v0
1364,2022-10-01,0.0,0.01,-0.01,0.0,v0
1365,2022-10-01,0.01,0.0,0.01,0.0,v0
1365,2022-11-01,0.0,0.39,-0.39,0.0,v0
1365,2023-01-01,0.0,0.29,-0.29,0.0,v0
1365,2023-02-01,0.0,0.27,-0.27,0.0,v0
1365,2023-03-01,0.0,0.56,-0.56,0.0,v0
1365,2023-04-01,0.0,0.37,-0.37,0.0,v0
1365,2023-05-01,0.0,0.5,-0.5,0.0,v0
1365,2023-06-01,0.0,0.67,-0.67,0.0,v0
1365,2023-07-01,0.0,0.48,-0.48,0.0,v0
1365,2023-08-01,0.0,0.01,-0.01,0.0,v0
1365,2023-09-01,0.0,0.02,-0.02,0.0,v0
1365,2023-10-01,0.0,0.01,-0.01,0.0,v0
1365,2023-11-01,0.0,0.06,-0.06,0.0,v0
1365,2023-12-01,0.0,0.06,-0.06,0.0,v0
1366,2022-10-01,0.0,0.17,-0.17,0.0,v0
1367,2022-10-01,0.0,0.57,-0.57,0.0,v0
1367,2022-11-01,0.0,0.21,-0.21,0.0,v0
1367,2022-12-01,0.0,0.09,-0.09,0.0,v0
1367,2023-01-01,0.0,4.1,-4.1,0.0,v0
1367,2023-02-01,0.0,0.3,-0.3,0.0,v0
1367,2023-04-01,0.0,1.6,-1.6,0.0,v0
1367,2023-05-01,0.0,0.87,-0.87,0.0,v0
1367,2023-07-01,0.0,0.13,-0.13,0.0,v0
1367,2023-08-01,0.0,0.14,-0.14,0.0,v0
1367,2023-09-01,0.0,0.16,-0.16,0.0,v0
1367,2023-10-01,0.0,0.05,-0.05,0.0,v0
1367,2023-11-01,0.0,0.39,-0.39,0.0,v0
1367,2023-12-01,0.0,0.23,-0.23,0.0,v0
1367,2024-01-01,0.0,0.12,-0.12,0.0,v0
1367,2024-02-01,0.0,0.07,-0.07,0.0,v0
1368,2022-10-01,0.0,1.4,-1.4,0.0,v0
1368,2022-11-01,0.0,2.6,-2.6,0.0,v0
1368,2022-12-01,0.0,1.6,-1.6,0.0,v0
1368,2023-01-01,0.0,1.6,-1.6,0.0,v0
1368,2023-02-01,0.0,1.7,-1.7,0.0,v0
1369,2022-10-01,0.0,0.05,-0.05,0.0,v0
1369,2022-11-01,0.0,0.09,-0.09,0.0,v0
1369,2022-12-01,0.0,0.06,-0.06,0.0,v0
1370,2022-10-01,0.29,0.0,0.29,0.0,v0
1370,2022-11-01,0.44,0.0,0.44,0.0,v0
1370,2022-12-01,0.44,0.0,0.44,0.0,v0
1370,2023-01-01,0.0,0.1,-0.1,0.0,v0
1370,2023-02-01,0.37,0.0,0.37,0.0,v0
1370,2023-03-01,0.0,0.12,-0.12,0.0,v0
1370,2023-05-01,0.0,0.01,-0.01,0.0,v0
1370,2023-06-01,0.0,0.04,-0.04,0.0,v0
1370,2023-07-01,0.0,0.13,-0.13,0.0,v0
1370,2023-09-01,0.0,0.01,-0.01,0.0,v0
1370,2023-10-01,0.0,0.08,-0.08,0.0,v0
1371,2022-10-01,0.0,0.16,-0.16,0.0,v0
1372,2022-10-01,0.0,0.03,-0.03,0.0,v0
1372,2022-11-01,0.0,0.05,-0.05,0.0,v0
1372,2023-01-01,0.0,0.06,-0.06,0.0,v0
1372,2023-02-01,0.0,0.05,-0.05,0.0,v0
1373,2022-10-01,0.0,0.08,-0.08,0.0,v0
1373,2022-11-01,0.0,0.16,-0.16,0.0,v0
1374,2022-10-01,0.0,0.21,-0.21,0.0,v0
1374,2022-11-01,0.0,0.28,-0.28,0.0,v0
1375,2022-11-01,0.04,0.0,0.04,0.0,v0
1376,2022-11-01,0.0,0.02,-0.02,0.0,v0
1377,2022-11-01,0.0,0.05,-0.05,0.0,v0
1377,2022-12-01,0.0,0.09,-0.09,0.0,v0
1378,2022-11-01,1.6,1.5,0.10000000000000009,0.0,v0
1378,2022-12-01,0.0,1.6,-1.6,0.0,v0
1378,2023-01-01,1.1,0.53,0.5700000000000001,0.0,v0
1379,2024-05-01,0.01,0.0,0.01,0.0,v0
1379,2024-07-01,0.01,0.0,0.01,0.0,v0
1379,2024-10-01,0.01,0.0,0.01,0.0,v0
1379,2024-12-01,0.01,0.0,0.01,0.0,v0
1380,2022-11-01,0.0,0.04,-0.04,0.0,v0
1381,2022-11-01,0.05,0.01,0.04,0.0,v0
1381,2022-12-01,0.0,0.02,-0.02,0.0,v0
1381,2023-01-01,0.05,0.01,0.04,0.0,v0
1382,2022-11-01,0.07,0.0,0.07,0.0,v0
1383,2022-11-01,0.0,0.01,-0.01,0.0,v0
1383,2022-12-01,0.03,0.0,0.03,0.0,v0
1383,2023-01-01,0.0,0.05,-0.05,0.0,v0
1383,2023-02-01,0.01,0.0,0.01,0.0,v0
1383,2023-03-01,0.0,0.1,-0.1,0.0,v0
1383,2023-04-01,0.0,0.02,-0.02,0.0,v0
1383,2023-06-01,0.01,0.01,0.0,0.0,v0
1383,2023-07-01,0.05,0.0,0.05,0.0,v0
1384,2022-11-01,0.0,0.35,-0.35,0.0,v0
1384,2022-12-01,0.0,0.02,-0.02,0.0,v0
1384,2023-01-01,0.0,0.27,-0.27,0.0,v0
1384,2023-02-01,0.0,0.13,-0.13,0.0,v0
1384,2023-03-01,0.0,0.09,-0.09,0.0,v0
1384,2023-04-01,0.0,0.5,-0.5,0.0,v0
1384,2023-05-01,0.0,0.13,-0.13,0.0,v0
1384,2023-06-01,0.0,0.18,-0.18,0.0,v0
1384,2023-07-01,0.0,0.19,-0.19,0.0,v0
1385,2022-11-01,0.0,0.06,-0.06,0.0,v0
1385,2022-12-01,0.72,0.0,0.72,0.0,v0
1386,2022-11-01,0.18,0.0,0.18,0.0,v0
1386,2022-12-01,0.36,0.0,0.36,0.0,v0
1386,2023-02-01,0.25,0.0,0.25,0.0,v0
1386,2023-03-01,0.53,0.0,0.53,0.0,v0
1386,2023-04-01,0.21,0.0,0.21,0.0,v0
1386,2023-05-01,0.42,0.0,0.42,0.0,v0
1386,2023-06-01,0.17,0.0,0.17,0.0,v0
1386,2023-07-01,0.54,0.0,0.54,0.0,v0
1387,2022-11-01,11.0,0.0,11.0,0.0,v0
1387,2022-12-01,13.0,0.0,13.0,0.0,v0
1387,2023-01-01,11.0,0.0,11.0,0.0,v0
1388,2022-11-01,0.01,0.0,0.01,0.0,v0
1388,2023-03-01,0.03,0.0,0.03,0.0,v0
1388,2023-05-01,0.01,0.0,0.01,0.0,v0
1388,2023-07-01,1.9,1.2,0.7,0.0,v0
1388,2023-08-01,3.6,2.5,1.1,0.0,v0
1388,2023-09-01,1.8,1.3,0.5,0.0,v0
1388,2023-10-01,1.9,1.4,0.5,0.0,v0
1388,2023-11-01,0.98,0.55,0.42999999999999994,0.0,v0
1388,2023-12-01,0.85,0.43,0.42,0.0,v0
1388,2024-01-01,0.0,1.0,-1.0,0.0,v0
1388,2024-02-01,0.02,0.0,0.02,0.0,v0
1388,2024-03-01,0.02,0.0,0.02,0.0,v0
1388,2024-04-01,0.04,0.0,0.04,0.0,v0
1388,2024-06-01,0.03,0.0,0.03,0.0,v0
1388,2024-07-01,0.04,0.0,0.04,0.0,v0
1388,2024-08-01,0.04,0.0,0.04,0.0,v0
1388,2024-12-01,0.01,0.0,0.01,0.0,v0
1389,2022-11-01,0.0,0.01,-0.01,0.0,v0
1390,2022-11-01,0.09,0.0,0.09,0.0,v0
1391,2022-11-01,0.0,0.01,-0.01,0.0,v0
1392,2022-11-01,0.01,0.0,0.01,0.0,v0
1392,2022-12-01,0.19,0.0,0.19,0.0,v0
1392,2023-01-01,0.05,0.0,0.05,0.0,v0
1392,2023-02-01,0.08,0.0,0.08,0.0,v0
1393,2022-11-01,0.05,0.0,0.05,0.0,v0
1394,2022-11-01,0.22,0.0,0.22,0.0,v0
1395,2022-11-01,0.02,0.01,0.01,0.0,v0
1396,2022-11-01,0.23,0.0,0.23,0.0,v0
1396,2022-12-01,0.34,0.0,0.34,0.0,v0
1396,2023-01-01,0.29,0.0,0.29,0.0,v0
1396,2023-02-01,0.25,0.0,0.25,0.0,v0
1396,2023-03-01,0.42,0.0,0.42,0.0,v0
1396,2023-04-01,0.31,0.0,0.31,0.0,v0
1397,2022-11-01,0.01,0.0,0.01,0.0,v0
1398,2022-11-01,13.0,0.13,12.87,0.0,v0
1398,2022-12-01,13.0,0.26,12.74,0.0,v0
1399,2022-11-01,0.0,0.01,-0.01,0.0,v0
1399,2022-12-01,0.0,0.01,-0.01,0.0,v0
1399,2023-01-01,0.0,0.05,-0.05,0.0,v0
1399,2023-02-01,1.1,0.07,1.03,0.0,v0
1400,2022-11-01,0.0,0.04,-0.04,0.0,v0
1400,2023-11-01,0.0,0.05,-0.05,0.0,v0
1401,2022-11-01,0.11,0.0,0.11,0.0,v0
1401,2022-12-01,0.16,0.0,0.16,0.0,v0
1402,2022-11-01,0.0,2.7,-2.7,0.0,v0
1402,2022-12-01,0.0,2.8,-2.8,0.0,v0
1402,2023-01-01,0.0,3.9,-3.9,0.0,v0
1402,2023-02-01,0.0,2.6,-2.6,0.0,v0
1402,2023-03-01,0.0,2.1,-2.1,0.0,v0
1402,2023-04-01,0.0,1.8,-1.8,0.0,v0
1402,2023-05-01,0.0,2.7,-2.7,0.0,v0
1402,2023-06-01,0.0,1.4,-1.4,0.0,v0
1402,2023-07-01,0.0,3.5,-3.5,0.0,v0
1402,2023-08-01,0.0,3.3,-3.3,0.0,v0
1402,2023-09-01,0.0,0.17,-0.17,0.0,v0
1402,2023-10-01,0.0,1.5,-1.5,0.0,v0
1403,2022-11-01,0.0,0.05,-0.05,0.0,v0
1404,2022-11-01,0.0,0.04,-0.04,0.0,v0
1405,2022-11-01,0.0,0.03,-0.03,0.0,v0
1405,2022-12-01,0.0,0.02,-0.02,0.0,v0
1405,2023-01-01,0.0,0.02,-0.02,0.0,v0
1406,2022-11-01,0.0,0.34,-0.34,0.0,v0
1406,2022-12-01,0.0,0.11,-0.11,0.0,v0
1406,2023-01-01,0.0,0.41,-0.41,0.0,v0
1407,2022-11-01,0.05,0.0,0.05,0.0,v0
1408,2022-11-01,0.0,0.73,-0.73,0.0,v0
1409,2022-11-01,0.0,0.04,-0.04,0.0,v0
1410,2022-11-01,0.0,0.06,-0.06,0.0,v0
1411,2022-11-01,0.02,0.0,0.02,0.0,v0
1412,2022-11-01,0.22,0.0,0.22,0.0,v0
1413,2022-12-01,0.0,0.03,-0.03,0.0,v0
1413,2023-01-01,0.0,0.02,-0.02,0.0,v0
1413,2023-02-01,0.0,0.03,-0.03,0.0,v0
1413,2023-03-01,0.0,0.03,-0.03,0.0,v0
1413,2023-04-01,0.0,0.01,-0.01,0.0,v0
1413,2023-05-01,0.0,0.02,-0.02,0.0,v0
1413,2023-06-01,0.0,0.02,-0.02,0.0,v0
1413,2023-07-01,0.0,0.04,-0.04,0.0,v0
1413,2023-08-01,0.0,0.05,-0.05,0.0,v0
1413,2023-09-01,0.0,0.02,-0.02,0.0,v0
1413,2023-11-01,0.0,0.02,-0.02,0.0,v0
1413,2023-12-01,0.0,0.02,-0.02,0.0,v0
1414,2022-11-01,0.0,0.01,-0.01,0.0,v0
1415,2022-11-01,0.0,0.44,-0.44,0.0,v0
1416,2022-11-01,0.07,0.0,0.07,0.0,v0
1416,2022-12-01,0.23,0.0,0.23,0.0,v0
1416,2023-01-01,0.18,0.0,0.18,0.0,v0
1416,2023-02-01,0.08,0.0,0.08,0.0,v0
1416,2023-03-01,0.0,0.01,-0.01,0.0,v0
1417,2022-11-01,0.01,0.0,0.01,0.0,v0
1418,2022-11-01,0.3,0.0,0.3,0.0,v0
1418,2022-12-01,0.12,0.0,0.12,0.0,v0
1418,2023-01-01,0.27,0.0,0.27,0.0,v0
1418,2023-02-01,0.45,0.0,0.45,0.0,v0
1418,2023-03-01,0.01,0.0,0.01,0.0,v0
1418,2023-04-01,0.6,0.0,0.6,0.0,v0
1418,2023-05-01,0.15,0.0,0.15,0.0,v0
1418,2023-06-01,0.52,0.0,0.52,0.0,v0
1418,2023-07-01,0.12,0.0,0.12,0.0,v0
1418,2023-08-01,0.0,0.06,-0.06,0.0,v0
1418,2023-10-01,0.01,0.01,0.0,0.0,v0
1419,2022-11-01,0.04,0.0,0.04,0.0,v0
1420,2022-11-01,0.0,0.07,-0.07,0.0,v0
1420,2022-12-01,0.0,0.05,-0.05,0.0,v0
1420,2023-01-01,0.08,0.01,0.07,0.0,v0
1421,2022-11-01,0.01,0.06,-0.049999999999999996,0.0,v0
1422,2022-11-01,0.0,0.01,-0.01,0.0,v0
1422,2022-12-01,0.33,4.8,-4.47,0.0,v0
1422,2023-01-01,0.13,3.9,-3.77,0.0,v0
1422,2023-02-01,0.16,8.1,-7.9399999999999995,0.0,v0
1422,2023-03-01,0.2,6.7,-6.5,0.0,v0
1422,2023-04-01,0.11,7.2,-7.09,0.0,v0
1422,2023-05-01,0.0,4.6,-4.6,0.0,v0
1422,2023-06-01,0.0,6.2,-6.2,0.0,v0
1422,2023-07-01,0.11,4.6,-4.489999999999999,0.0,v0
1422,2023-08-01,0.15,4.0,-3.85,0.0,v0
1422,2023-09-01,0.16,5.4,-5.24,0.0,v0
1422,2023-10-01,0.12,2.9,-2.78,0.0,v0
1422,2023-11-01,0.0,3.3,-3.3,0.0,v0
1422,2023-12-01,0.33,0.02,0.31,0.0,v0
1422,2024-01-01,0.31,0.0,0.31,0.0,v0
1422,2024-02-01,0.34,0.02,0.32,0.0,v0
1422,2024-03-01,0.35,0.04,0.31,0.0,v0
1422,2024-04-01,0.33,0.0,0.33,0.0,v0
1423,2022-11-01,1.3,0.0,1.3,0.0,v0
1424,2022-11-01,0.45,0.0,0.45,0.0,v0
1425,2022-11-01,0.04,0.0,0.04,0.0,v0
1425,2022-12-01,0.35,0.0,0.35,0.0,v0
1425,2023-01-01,0.0,0.01,-0.01,0.0,v0
1426,2022-12-01,0.05,0.07,-0.020000000000000004,0.0,v0
1426,2023-01-01,0.0,0.03,-0.03,0.0,v0
1426,2023-02-01,0.04,0.0,0.04,0.0,v0
1426,2023-03-01,0.03,0.0,0.03,0.0,v0
1426,2023-04-01,0.08,0.13,-0.05,0.0,v0
1426,2023-05-01,0.04,0.24,-0.19999999999999998,0.0,v0
1426,2023-06-01,0.02,0.31,-0.29,0.0,v0
1426,2023-07-01,0.0,0.02,-0.02,0.0,v0
1427,2022-11-01,0.01,0.0,0.01,0.0,v0
1427,2022-12-01,0.01,0.0,0.01,0.0,v0
1427,2023-01-01,0.01,0.0,0.01,0.0,v0
1428,2022-11-01,0.01,0.0,0.01,0.0,v0
1429,2022-11-01,0.0,0.01,-0.01,0.0,v0
1429,2022-12-01,0.0,0.01,-0.01,0.0,v0
1429,2023-07-01,0.0,0.01,-0.01,0.0,v0
1429,2023-08-01,0.0,0.02,-0.02,0.0,v0
1429,2023-09-01,0.0,0.01,-0.01,0.0,v0
1429,2023-12-01,0.0,0.03,-0.03,0.0,v0
1429,2024-01-01,0.0,0.01,-0.01,0.0,v0
1429,2024-02-01,0.0,0.01,-0.01,0.0,v0
1429,2024-03-01,0.0,0.01,-0.01,0.0,v0
1429,2024-05-01,0.0,0.01,-0.01,0.0,v0
1429,2024-08-01,0.0,0.02,-0.02,0.0,v0
1429,2024-09-01,0.0,0.02,-0.02,0.0,v0
1429,2024-11-01,0.0,0.01,-0.01,0.0,v0
1430,2022-11-01,0.02,0.0,0.02,0.0,v0
1430,2022-12-01,0.0,0.39,-0.39,0.0,v0
1430,2023-01-01,0.02,0.0,0.02,0.0,v0
1431,2022-11-01,0.0,0.03,-0.03,0.0,v0
1431,2022-12-01,0.08,0.0,0.08,0.0,v0
1431,2023-01-01,0.07,0.0,0.07,0.0,v0
1431,2023-02-01,0.14,0.0,0.14,0.0,v0
1431,2023-03-01,0.3,0.01,0.29,0.0,v0
1431,2023-04-01,0.0,0.04,-0.04,0.0,v0
1431,2023-05-01,0.12,0.0,0.12,0.0,v0
1431,2023-06-01,0.04,0.02,0.02,0.0,v0
1431,2023-07-01,0.01,0.0,0.01,0.0,v0
1432,2022-11-01,0.0,0.06,-0.06,0.0,v0
1432,2022-12-01,0.0,0.03,-0.03,0.0,v0
1432,2023-01-01,0.0,0.02,-0.02,0.0,v0
1432,2023-02-01,0.28,0.01,0.27,0.0,v0
1432,2023-03-01,0.11,0.02,0.09,0.0,v0
1432,2023-04-01,0.24,0.01,0.22999999999999998,0.0,v0
1432,2023-05-01,0.14,0.0,0.14,0.0,v0
1432,2023-06-01,0.32,0.0,0.32,0.0,v0
1432,2023-07-01,0.21,0.03,0.18,0.0,v0
1432,2023-08-01,0.08,0.0,0.08,0.0,v0
1432,2023-10-01,0.12,0.05,0.06999999999999999,0.0,v0
1432,2023-11-01,0.33,0.04,0.29000000000000004,0.0,v0
1432,2023-12-01,0.01,0.01,0.0,0.0,v0
1432,2024-01-01,0.24,0.02,0.22,0.0,v0
1432,2024-02-01,0.1,0.0,0.1,0.0,v0
1432,2024-03-01,0.0,0.1,-0.1,0.0,v0
1433,2022-11-01,0.26,0.0,0.26,0.0,v0
1433,2022-12-01,1.1,0.0,1.1,0.0,v0
1433,2023-01-01,0.44,0.0,0.44,0.0,v0
1434,2022-11-01,0.0,0.16,-0.16,0.0,v0
1435,2022-11-01,0.0,0.04,-0.04,0.0,v0
1436,2022-11-01,0.0,0.02,-0.02,0.0,v0
1437,2022-11-01,0.0,0.03,-0.03,0.0,v0
1438,2022-11-01,0.0,0.16,-0.16,0.0,v0
1439,2022-11-01,0.0,0.01,-0.01,0.0,v0
1439,2023-04-01,0.0,0.02,-0.02,0.0,v0
1440,2022-11-01,0.04,0.0,0.04,0.0,v0
1441,2022-11-01,0.0,0.08,-0.08,0.0,v0
1442,2022-11-01,0.0,0.02,-0.02,0.0,v0
1443,2022-11-01,1.6,0.19,1.4100000000000001,0.0,v0
1443,2022-12-01,0.01,0.0,0.01,0.0,v0
1443,2023-02-01,0.02,0.0,0.02,0.0,v0
1443,2023-03-01,0.09,0.0,0.09,0.0,v0
1443,2023-04-01,0.02,0.0,0.02,0.0,v0
1443,2023-05-01,0.09,0.0,0.09,0.0,v0
1443,2023-06-01,0.03,0.0,0.03,0.0,v0
1443,2023-07-01,0.02,0.0,0.02,0.0,v0
1443,2023-08-01,0.02,0.0,0.02,0.0,v0
1443,2023-09-01,0.03,0.0,0.03,0.0,v0
1443,2023-10-01,0.12,0.0,0.12,0.0,v0
1443,2023-11-01,0.09,0.0,0.09,0.0,v0
1443,2023-12-01,0.06,0.0,0.06,0.0,v0
1443,2024-01-01,0.08,0.0,0.08,0.0,v0
1443,2024-02-01,0.09,0.0,0.09,0.0,v0
1443,2024-03-01,0.11,0.0,0.11,0.0,v0
1443,2024-04-01,0.06,0.0,0.06,0.0,v0
1443,2024-05-01,0.04,0.0,0.04,0.0,v0
1443,2024-06-01,0.2,0.0,0.2,0.0,v0
1443,2024-07-01,0.1,0.0,0.1,0.0,v0
1443,2024-08-01,0.08,0.0,0.08,0.0,v0
1443,2024-09-01,0.17,0.0,0.17,0.0,v0
1443,2024-10-01,0.08,0.0,0.08,0.0,v0
1443,2024-11-01,0.04,0.0,0.04,0.0,v0
1443,2024-12-01,0.08,0.0,0.08,0.0,v0
1444,2022-11-01,0.0,0.02,-0.02,0.0,v0
1445,2022-11-01,0.02,0.0,0.02,0.0,v0
1446,2022-11-01,0.02,0.0,0.02,0.0,v0
1446,2022-12-01,0.01,0.0,0.01,0.0,v0
1446,2023-01-01,0.01,0.0,0.01,0.0,v0
1447,2023-10-01,0.0,0.01,-0.01,0.0,v0
1447,2023-12-01,0.0,0.01,-0.01,0.0,v0
1447,2024-02-01,0.0,0.01,-0.01,0.0,v0
1447,2024-08-01,0.0,0.01,-0.01,0.0,v0
1448,2022-11-01,0.0,0.01,-0.01,0.0,v0
1448,2023-04-01,0.0,0.01,-0.01,0.0,v0
1449,2022-11-01,0.0,0.18,-0.18,0.0,v0
1449,2023-11-01,0.0,0.12,-0.12,0.0,v0
1449,2024-11-01,0.0,0.03,-0.03,0.0,v0
1450,2022-11-01,0.0,0.19,-0.19,0.0,v0
1451,2022-11-01,0.0,0.02,-0.02,0.0,v0
1451,2022-12-01,0.04,0.02,0.02,0.0,v0
1451,2023-01-01,1.8,3.5,-1.7,0.0,v0
1451,2023-02-01,0.7,2.9,-2.2,0.0,v0
1451,2023-03-01,0.37,6.9,-6.53,0.0,v0
1451,2023-04-01,0.37,0.0,0.37,0.0,v0
1451,2023-05-01,0.76,1.2,-0.43999999999999995,0.0,v0
1451,2023-06-01,0.24,0.0,0.24,0.0,v0
1451,2023-07-01,1.5,3.0,-1.5,0.0,v0
1451,2023-08-01,0.79,3.2,-2.41,0.0,v0
1451,2023-09-01,0.63,5.0,-4.37,0.0,v0
1451,2023-10-01,2.7,2.4,0.30000000000000027,0.0,v0
1451,2023-11-01,0.37,4.2,-3.83,0.0,v0
1451,2023-12-01,0.78,6.1,-5.319999999999999,0.0,v0
1451,2024-01-01,0.83,1.9,-1.0699999999999998,0.0,v0
1451,2024-03-01,0.0,0.17,-0.17,0.0,v0
1452,2022-11-01,0.0,0.35,-0.35,0.0,v0
1452,2022-12-01,0.0,1.2,-1.2,0.0,v0
1452,2023-01-01,0.0,0.26,-0.26,0.0,v0
1452,2023-03-01,0.0,0.05,-0.05,0.0,v0
1452,2023-04-01,0.0,0.09,-0.09,0.0,v0
1453,2022-11-01,0.0,0.13,-0.13,0.0,v0
1453,2022-12-01,0.0,0.04,-0.04,0.0,v0
1454,2022-11-01,0.0,0.02,-0.02,0.0,v0
1454,2023-01-01,0.0,0.02,-0.02,0.0,v0
1455,2022-11-01,0.02,0.0,0.02,0.0,v0
1455,2023-02-01,0.04,0.0,0.04,0.0,v0
1455,2023-06-01,0.02,0.0,0.02,0.0,v0
1455,2024-10-01,0.15,0.0,0.15,0.0,v0
1455,2024-11-01,0.01,0.01,0.0,0.0,v0
1455,2024-12-01,0.0,0.03,-0.03,0.0,v0
1456,2022-11-01,0.0,0.3,-0.3,0.0,v0
1456,2022-12-01,0.0,0.24,-0.24,0.0,v0
1457,2022-11-01,0.01,0.0,0.01,0.0,v0
1458,2022-12-01,0.0,0.15,-0.15,0.0,v0
1458,2023-01-01,0.0,0.01,-0.01,0.0,v0
1459,2022-12-01,0.0,0.31,-0.31,0.0,v0
1459,2023-02-01,0.0,0.31,-0.31,0.0,v0
1459,2023-03-01,0.0,0.4,-0.4,0.0,v0
1459,2023-04-01,0.0,0.26,-0.26,0.0,v0
1459,2023-05-01,0.0,0.21,-0.21,0.0,v0
1459,2023-07-01,0.0,0.38,-0.38,0.0,v0
1459,2023-08-01,0.0,0.23,-0.23,0.0,v0
1459,2023-12-01,0.04,0.0,0.04,0.0,v0
1460,2022-12-01,0.05,0.0,0.05,0.0,v0
1460,2024-09-01,0.01,0.0,0.01,0.0,v0
1461,2022-12-01,0.15,0.0,0.15,0.0,v0
1461,2023-02-01,0.03,0.0,0.03,0.0,v0
1461,2023-03-01,0.0,0.25,-0.25,0.0,v0
1461,2023-04-01,0.01,0.0,0.01,0.0,v0
1462,2022-12-01,0.25,0.01,0.24,0.0,v0
1462,2023-01-01,0.11,0.03,0.08,0.0,v0
1462,2023-02-01,0.17,0.02,0.15000000000000002,0.0,v0
1462,2023-03-01,0.0,0.03,-0.03,0.0,v0
1462,2023-04-01,0.08,0.02,0.06,0.0,v0
1462,2023-05-01,0.06,0.0,0.06,0.0,v0
1462,2023-06-01,0.2,0.05,0.15000000000000002,0.0,v0
1462,2023-07-01,0.0,0.04,-0.04,0.0,v0
1462,2023-08-01,0.05,0.02,0.030000000000000002,0.0,v0
1462,2023-09-01,0.13,0.01,0.12000000000000001,0.0,v0
1462,2023-10-01,0.15,0.01,0.13999999999999999,0.0,v0
1462,2023-11-01,0.13,0.02,0.11,0.0,v0
1462,2023-12-01,0.16,0.0,0.16,0.0,v0
1462,2024-01-01,0.05,0.03,0.020000000000000004,0.0,v0
1462,2024-02-01,0.04,0.02,0.02,0.0,v0
1462,2024-03-01,0.0,0.03,-0.03,0.0,v0
1462,2024-04-01,0.06,0.03,0.03,0.0,v0
1462,2024-06-01,0.13,0.03,0.1,0.0,v0
1462,2024-07-01,0.15,0.01,0.13999999999999999,0.0,v0
1462,2024-08-01,0.13,0.0,0.13,0.0,v0
1463,2022-12-01,0.02,0.0,0.02,0.0,v0
1464,2022-12-01,0.0,0.26,-0.26,0.0,v0
1464,2023-01-01,0.0,0.21,-0.21,0.0,v0
1464,2023-02-01,0.0,0.19,-0.19,0.0,v0
1464,2023-03-01,1.0,0.99,0.010000000000000009,0.0,v0
1464,2023-04-01,0.05,0.93,-0.88,0.0,v0
1464,2023-05-01,0.55,2.3,-1.7499999999999998,0.0,v0
1464,2023-06-01,3.9,2.9,1.0,0.0,v0
1465,2022-12-01,0.0,0.01,-0.01,0.0,v0
1465,2023-01-01,0.0,0.01,-0.01,0.0,v0
1466,2022-12-01,0.0,0.07,-0.07,0.0,v0
1466,2023-04-01,0.01,0.0,0.01,0.0,v0
1466,2023-06-01,0.01,0.0,0.01,0.0,v0
1466,2024-02-01,0.01,0.0,0.01,0.0,v0
1466,2024-04-01,0.01,0.0,0.01,0.0,v0
1466,2024-06-01,0.01,0.0,0.01,0.0,v0
1466,2024-08-01,0.01,0.0,0.01,0.0,v0
1466,2024-09-01,0.01,0.0,0.01,0.0,v0
1466,2024-10-01,0.02,0.0,0.02,0.0,v0
1466,2024-11-01,0.01,0.0,0.01,0.0,v0
1467,2022-12-01,0.0,0.39,-0.39,0.0,v0
1467,2023-01-01,0.0,0.22,-0.22,0.0,v0
1467,2023-02-01,0.0,0.16,-0.16,0.0,v0
1467,2023-03-01,0.0,0.41,-0.41,0.0,v0
1467,2023-05-01,0.0,0.38,-0.38,0.0,v0
1467,2023-06-01,0.21,0.0,0.21,0.0,v0
1467,2023-07-01,0.0,0.32,-0.32,0.0,v0
1467,2023-09-01,0.08,0.0,0.08,0.0,v0
1467,2023-10-01,0.0,0.2,-0.2,0.0,v0
1467,2023-11-01,0.0,0.34,-0.34,0.0,v0
1468,2022-12-01,0.05,0.0,0.05,0.0,v0
1469,2022-12-01,0.0,0.01,-0.01,0.0,v0
1470,2022-12-01,0.05,0.0,0.05,0.0,v0
1470,2023-01-01,0.05,0.0,0.05,0.0,v0
1471,2022-12-01,0.14,0.19,-0.04999999999999999,0.0,v0
1471,2023-01-01,0.18,0.11,0.06999999999999999,0.0,v0
1471,2023-02-01,0.0,0.01,-0.01,0.0,v0
1471,2023-03-01,0.18,0.01,0.16999999999999998,0.0,v0
1471,2023-04-01,0.26,0.0,0.26,0.0,v0
1471,2023-05-01,0.22,0.12,0.1,0.0,v0
1471,2023-07-01,0.18,0.0,0.18,0.0,v0
1471,2023-08-01,0.12,0.0,0.12,0.0,v0
1472,2022-12-01,0.0,0.05,-0.05,0.0,v0
1472,2023-02-01,0.0,0.05,-0.05,0.0,v0
1472,2023-03-01,0.0,0.05,-0.05,0.0,v0
1472,2023-04-01,0.0,0.03,-0.03,0.0,v0
1472,2023-05-01,0.0,0.05,-0.05,0.0,v0
1472,2023-06-01,0.0,0.08,-0.08,0.0,v0
1472,2023-07-01,0.0,0.03,-0.03,0.0,v0
1473,2022-12-01,0.0,0.1,-0.1,0.0,v0
1473,2023-01-01,0.0,0.05,-0.05,0.0,v0
1474,2022-12-01,0.14,0.03,0.11000000000000001,0.0,v0
1474,2023-01-01,0.68,0.3,0.38000000000000006,0.0,v0
1474,2023-02-01,0.31,0.01,0.3,0.0,v0
1475,2022-12-01,0.22,0.0,0.22,0.0,v0
1475,2023-01-01,0.19,0.0,0.19,0.0,v0
1475,2023-02-01,0.53,0.0,0.53,0.0,v0
1475,2023-03-01,0.19,0.0,0.19,0.0,v0
1475,2023-04-01,0.32,0.0,0.32,0.0,v0
1475,2023-06-01,0.27,0.0,0.27,0.0,v0
1475,2023-07-01,0.17,0.0,0.17,0.0,v0
1475,2023-08-01,0.1,0.0,0.1,0.0,v0
1475,2023-09-01,0.13,0.0,0.13,0.0,v0
1476,2022-12-01,0.0,0.02,-0.02,0.0,v0
1477,2022-12-01,0.0,0.01,-0.01,0.0,v0
1478,2022-12-01,0.0,0.01,-0.01,0.0,v0
1479,2022-12-01,0.1,0.0,0.1,0.0,v0
1480,2022-12-01,0.14,0.09,0.05000000000000002,0.0,v0
1480,2023-01-01,0.0,0.07,-0.07,0.0,v0
1480,2023-02-01,0.04,0.09,-0.049999999999999996,0.0,v0
1480,2023-03-01,3.5,0.85,2.65,0.0,v0
1481,2022-12-01,0.07,0.0,0.07,0.0,v0
1481,2023-01-01,0.06,0.0,0.06,0.0,v0
1481,2023-02-01,0.84,0.19,0.6499999999999999,0.0,v0
1481,2023-03-01,1.9,0.09,1.8099999999999998,0.0,v0
1481,2023-04-01,1.1,0.27,0.8300000000000001,0.0,v0
1481,2023-05-01,0.0,0.08,-0.08,0.0,v0
1481,2023-06-01,0.7,0.57,0.13,0.0,v0
1481,2023-07-01,0.83,0.15,0.6799999999999999,0.0,v0
1481,2023-08-01,1.5,0.58,0.92,0.0,v0
1481,2023-09-01,0.04,0.4,-0.36000000000000004,0.0,v0
1481,2023-10-01,1.6,0.44,1.1600000000000001,0.0,v0
1481,2023-11-01,0.64,0.55,0.08999999999999997,0.0,v0
1481,2023-12-01,1.2,0.44,0.76,0.0,v0
1481,2024-01-01,0.1,0.41,-0.30999999999999994,0.0,v0
1481,2024-02-01,0.05,0.63,-0.58,0.0,v0
1481,2024-03-01,1.3,0.56,0.74,0.0,v0
1481,2024-04-01,1.4,0.3,1.0999999999999999,0.0,v0
1481,2024-05-01,1.5,0.28,1.22,0.0,v0
1481,2024-06-01,0.83,0.61,0.21999999999999997,0.0,v0
1481,2024-07-01,0.05,0.39,-0.34,0.0,v0
1481,2024-08-01,0.48,0.48,0.0,0.0,v0
1481,2024-10-01,0.05,0.5,-0.45,0.0,v0
1481,2024-11-01,0.0,0.2,-0.2,0.0,v0
1481,2024-12-01,0.0,0.46,-0.46,0.0,v0
1482,2022-12-01,0.0,0.03,-0.03,0.0,v0
1483,2022-12-01,0.64,0.0,0.64,0.0,v0
1483,2023-01-01,0.02,0.06,-0.039999999999999994,0.0,v0
1484,2022-12-01,0.22,0.0,0.22,0.0,v0
1485,2022-12-01,0.07,0.0,0.07,0.0,v0
1485,2023-01-01,0.04,0.0,0.04,0.0,v0
1485,2023-02-01,0.14,0.0,0.14,0.0,v0
1486,2022-12-01,0.0,0.21,-0.21,0.0,v0
1486,2023-01-01,0.0,0.25,-0.25,0.0,v0
1486,2023-02-01,0.0,0.15,-0.15,0.0,v0
1486,2023-03-01,0.0,0.35,-0.35,0.0,v0
1486,2023-04-01,0.0,0.41,-0.41,0.0,v0
1486,2023-05-01,0.0,0.5,-0.5,0.0,v0
1486,2023-06-01,0.0,0.5,-0.5,0.0,v0
1486,2023-07-01,0.0,0.83,-0.83,0.0,v0
1486,2023-08-01,0.0,1.2,-1.2,0.0,v0
1486,2023-09-01,0.0,0.94,-0.94,0.0,v0
1486,2023-10-01,0.0,0.75,-0.75,0.0,v0
1486,2023-11-01,0.0,0.83,-0.83,0.0,v0
1486,2023-12-01,0.0,0.63,-0.63,0.0,v0
1486,2024-01-01,0.0,0.4,-0.4,0.0,v0
1486,2024-02-01,0.0,0.85,-0.85,0.0,v0
1486,2024-03-01,0.0,0.72,-0.72,0.0,v0
1486,2024-04-01,0.2,0.14,0.06,0.0,v0
1486,2024-06-01,0.14,0.5,-0.36,0.0,v0
1486,2024-07-01,0.14,0.11,0.030000000000000013,0.0,v0
1486,2024-08-01,0.16,0.05,0.11,0.0,v0
1486,2024-09-01,1.1,0.09,1.01,0.0,v0
1487,2022-12-01,0.03,0.0,0.03,0.0,v0
1487,2024-09-01,0.11,0.0,0.11,0.0,v0
1488,2022-12-01,0.02,0.0,0.02,0.0,v0
1488,2023-01-01,0.03,0.0,0.03,0.0,v0
1489,2022-12-01,0.4,0.24,0.16000000000000003,0.0,v0
1489,2023-01-01,1.1,0.38,0.7200000000000001,0.0,v0
1489,2023-02-01,0.11,0.0,0.11,0.0,v0
1489,2023-03-01,0.05,0.07,-0.020000000000000004,0.0,v0
1490,2022-12-01,1.4,0.03,1.3699999999999999,0.0,v0
1491,2022-12-01,0.0,0.05,-0.05,0.0,v0
1492,2022-12-01,0.01,0.0,0.01,0.0,v0
1493,2022-12-01,0.0,0.01,-0.01,0.0,v0
1493,2023-01-01,0.0,0.01,-0.01,0.0,v0
1493,2023-02-01,0.0,0.02,-0.02,0.0,v0
1493,2023-03-01,0.0,0.01,-0.01,0.0,v0
1493,2023-04-01,0.0,0.01,-0.01,0.0,v0
1493,2023-05-01,0.0,0.01,-0.01,0.0,v0
1494,2023-01-01,0.0,0.11,-0.11,0.0,v0
1494,2023-02-01,0.0,0.05,-0.05,0.0,v0
1494,2023-03-01,0.0,0.06,-0.06,0.0,v0
1494,2023-04-01,0.0,0.06,-0.06,0.0,v0
1494,2023-05-01,0.0,0.06,-0.06,0.0,v0
1494,2023-06-01,0.0,0.09,-0.09,0.0,v0
1494,2023-07-01,0.0,0.12,-0.12,0.0,v0
1494,2023-08-01,0.0,0.07,-0.07,0.0,v0
1494,2023-09-01,0.0,0.06,-0.06,0.0,v0
1494,2023-10-01,0.0,0.08,-0.08,0.0,v0
1494,2023-11-01,0.0,0.06,-0.06,0.0,v0
1494,2023-12-01,0.0,0.08,-0.08,0.0,v0
1495,2022-12-01,0.03,0.0,0.03,0.0,v0
1495,2023-01-01,0.02,0.0,0.02,0.0,v0
1495,2023-02-01,0.03,0.0,0.03,0.0,v0
1495,2023-04-01,0.01,0.0,0.01,0.0,v0
1495,2023-05-01,0.01,0.0,0.01,0.0,v0
1496,2022-12-01,0.0,0.09,-0.09,0.0,v0
1496,2023-01-01,0.06,0.04,0.019999999999999997,0.0,v0
1496,2023-02-01,0.0,0.08,-0.08,0.0,v0
1496,2023-03-01,0.11,0.06,0.05,0.0,v0
1496,2023-04-01,0.0,0.11,-0.11,0.0,v0
1496,2023-05-01,0.06,0.0,0.06,0.0,v0
1496,2023-07-01,0.06,0.04,0.019999999999999997,0.0,v0
1497,2022-12-01,0.24,0.0,0.24,0.0,v0
1497,2023-01-01,3.6,2.6,1.0,0.0,v0
1498,2023-01-01,23.0,1.7,21.3,0.0,v0
1498,2023-02-01,0.09,0.0,0.09,0.0,v0
1498,2023-03-01,0.03,0.14,-0.11000000000000001,0.0,v0
1498,2023-04-01,13.0,0.2,12.8,0.0,v0
1498,2023-05-01,15.0,2.0,13.0,0.0,v0
1499,2022-12-01,0.0,0.07,-0.07,0.0,v0
1500,2022-12-01,0.09,0.01,0.08,0.0,v0
1500,2023-01-01,0.31,0.0,0.31,0.0,v0
1500,2023-02-01,0.81,0.0,0.81,0.0,v0
1500,2023-03-01,0.4,0.01,0.39,0.0,v0
1500,2023-05-01,0.29,0.01,0.27999999999999997,0.0,v0
1500,2023-06-01,0.1,0.06,0.04000000000000001,0.0,v0
1500,2023-08-01,0.5,0.0,0.5,0.0,v0
1500,2023-09-01,0.34,0.0,0.34,0.0,v0
1500,2023-10-01,0.65,0.01,0.64,0.0,v0
1500,2023-11-01,0.24,0.01,0.22999999999999998,0.0,v0
1500,2023-12-01,0.49,0.01,0.48,0.0,v0
1500,2024-01-01,0.28,0.0,0.28,0.0,v0
1500,2024-02-01,0.81,0.0,0.81,0.0,v0
1500,2024-03-01,0.42,0.0,0.42,0.0,v0
1501,2022-12-01,0.12,0.0,0.12,0.0,v0
1502,2022-12-01,0.11,0.0,0.11,0.0,v0
1502,2023-01-01,0.09,0.0,0.09,0.0,v0
1503,2022-12-01,0.74,0.5,0.24,0.0,v0
1503,2023-01-01,0.12,0.0,0.12,0.0,v0
1503,2023-02-01,0.16,0.03,0.13,0.0,v0
1503,2023-03-01,0.01,0.0,0.01,0.0,v0
1503,2023-04-01,0.19,0.01,0.18,0.0,v0
1503,2023-06-01,0.03,0.03,0.0,0.0,v0
1503,2023-07-01,0.01,0.0,0.01,0.0,v0
1504,2022-12-01,0.0,0.03,-0.03,0.0,v0
1504,2023-01-01,0.0,0.01,-0.01,0.0,v0
1505,2022-12-01,0.24,0.0,0.24,0.0,v0
1506,2022-12-01,0.0,0.58,-0.58,0.0,v0
1506,2023-01-01,0.0,0.3,-0.3,0.0,v0
1507,2022-12-01,0.0,0.03,-0.03,0.0,v0
1507,2023-01-01,0.0,0.02,-0.02,0.0,v0
1508,2022-12-01,0.03,0.0,0.03,0.0,v0
1508,2023-01-01,0.03,0.0,0.03,0.0,v0
1509,2022-12-01,0.0,0.02,-0.02,0.0,v0
1510,2022-12-01,0.0,0.05,-0.05,0.0,v0
1510,2023-01-01,0.0,0.12,-0.12,0.0,v0
1511,2022-12-01,0.0,1.7,-1.7,0.0,v0
1511,2023-01-01,0.03,0.0,0.03,0.0,v0
1511,2023-02-01,0.04,0.0,0.04,0.0,v0
1511,2023-03-01,0.03,0.0,0.03,0.0,v0
1512,2022-12-01,0.27,0.0,0.27,0.0,v0
1512,2023-01-01,0.06,0.0,0.06,0.0,v0
1513,2022-12-01,0.0,0.09,-0.09,0.0,v0
1513,2023-01-01,0.0,0.23,-0.23,0.0,v0
1513,2023-02-01,0.0,0.03,-0.03,0.0,v0
1513,2023-03-01,0.0,0.05,-0.05,0.0,v0
1514,2022-12-01,0.0,0.03,-0.03,0.0,v0
1514,2023-01-01,0.0,0.01,-0.01,0.0,v0
1514,2023-02-01,0.0,0.42,-0.42,0.0,v0
1514,2023-03-01,0.0,0.02,-0.02,0.0,v0
1514,2023-04-01,0.0,0.01,-0.01,0.0,v0
1514,2023-05-01,0.0,0.01,-0.01,0.0,v0
1514,2023-06-01,0.0,0.05,-0.05,0.0,v0
1514,2023-07-01,0.0,0.06,-0.06,0.0,v0
1514,2023-08-01,0.0,0.04,-0.04,0.0,v0
1515,2022-12-01,0.0,0.53,-0.53,0.0,v0
1515,2023-01-01,0.01,0.0,0.01,0.0,v0
1516,2022-12-01,0.05,0.0,0.05,0.0,v0
1517,2022-12-01,0.0,0.05,-0.05,0.0,v0
1517,2023-01-01,0.0,0.11,-0.11,0.0,v0
1517,2023-02-01,0.0,0.01,-0.01,0.0,v0
1517,2023-03-01,0.0,0.06,-0.06,0.0,v0
1517,2023-04-01,0.05,0.0,0.05,0.0,v0
1517,2023-05-01,0.25,0.0,0.25,0.0,v0
1518,2022-12-01,0.01,0.0,0.01,0.0,v0
1518,2023-01-01,0.01,0.0,0.01,0.0,v0
1519,2022-12-01,0.06,0.0,0.06,0.0,v0
1519,2023-01-01,0.07,0.0,0.07,0.0,v0
1520,2022-12-01,0.19,0.01,0.18,0.0,v0
1521,2022-12-01,0.0,0.01,-0.01,0.0,v0
1521,2023-01-01,0.0,0.02,-0.02,0.0,v0
1522,2022-12-01,0.01,0.0,0.01,0.0,v0
1523,2022-12-01,0.1,0.0,0.1,0.0,v0
1523,2023-01-01,0.01,0.0,0.01,0.0,v0
1524,2022-12-01,0.0,0.12,-0.12,0.0,v0
1524,2023-01-01,0.0,0.06,-0.06,0.0,v0
1525,2022-12-01,0.0,0.17,-0.17,0.0,v0
1526,2022-12-01,0.05,0.0,0.05,0.0,v0
1527,2023-01-01,0.11,0.0,0.11,0.0,v0
1527,2023-02-01,0.58,0.0,0.58,0.0,v0
1527,2023-03-01,0.44,0.0,0.44,0.0,v0
1527,2023-04-01,0.67,0.0,0.67,0.0,v0
1527,2023-05-01,1.1,0.0,1.1,0.0,v0
1527,2023-06-01,1.0,0.0,1.0,0.0,v0
1527,2023-07-01,0.54,0.0,0.54,0.0,v0
1527,2023-08-01,0.67,0.0,0.67,0.0,v0
1528,2022-12-01,0.0,0.81,-0.81,0.0,v0
1528,2023-01-01,0.0,0.23,-0.23,0.0,v0
1528,2023-02-01,0.0,0.03,-0.03,0.0,v0
1529,2022-12-01,0.01,0.0,0.01,0.0,v0
1529,2023-01-01,0.1,0.0,0.1,0.0,v0
1530,2022-12-01,0.0,0.02,-0.02,0.0,v0
1531,2022-12-01,0.0,0.03,-0.03,0.0,v0
1532,2022-12-01,0.0,0.22,-0.22,0.0,v0
1532,2023-01-01,0.0,0.03,-0.03,0.0,v0
1532,2023-02-01,0.0,0.04,-0.04,0.0,v0
1532,2023-03-01,0.0,0.19,-0.19,0.0,v0
1533,2022-12-01,0.0,0.07,-0.07,0.0,v0
1533,2023-01-01,0.0,0.67,-0.67,0.0,v0
1533,2023-02-01,0.01,0.95,-0.94,0.0,v0
1533,2023-03-01,0.0,0.48,-0.48,0.0,v0
1534,2022-12-01,0.0,0.38,-0.38,0.0,v0
1534,2023-01-01,0.0,0.33,-0.33,0.0,v0
1534,2023-02-01,0.0,0.32,-0.32,0.0,v0
1534,2023-03-01,0.0,0.02,-0.02,0.0,v0
1535,2022-12-01,0.01,0.0,0.01,0.0,v0
1535,2023-12-01,0.04,0.0,0.04,0.0,v0
1536,2022-12-01,0.0,0.1,-0.1,0.0,v0
1537,2022-12-01,0.0,0.01,-0.01,0.0,v0
1538,2022-12-01,0.0,0.01,-0.01,0.0,v0
1538,2023-01-01,0.0,0.02,-0.02,0.0,v0
1538,2023-02-01,0.0,0.01,-0.01,0.0,v0
1538,2023-03-01,0.0,0.03,-0.03,0.0,v0
1538,2023-04-01,0.0,0.01,-0.01,0.0,v0
1539,2022-12-01,0.62,5.0,-4.38,0.0,v0
1540,2023-01-01,0.0,0.03,-0.03,0.0,v0
1540,2023-02-01,0.0,0.01,-0.01,0.0,v0
1540,2023-05-01,0.0,0.03,-0.03,0.0,v0
1540,2023-06-01,0.0,0.02,-0.02,0.0,v0
1541,2023-01-01,0.0,0.12,-0.12,0.0,v0
1541,2023-02-01,0.0,0.38,-0.38,0.0,v0
1541,2023-04-01,0.0,0.24,-0.24,0.0,v0
1541,2023-05-01,0.0,0.08,-0.08,0.0,v0
1541,2023-06-01,0.0,0.17,-0.17,0.0,v0
1541,2023-07-01,0.0,0.07,-0.07,0.0,v0
1541,2023-08-01,0.0,0.14,-0.14,0.0,v0
1541,2023-09-01,1.7,0.0,1.7,0.0,v0
1541,2023-10-01,2.0,0.0,2.0,0.0,v0
1541,2023-11-01,2.7,0.0,2.7,0.0,v0
1541,2023-12-01,2.1,0.0,2.1,0.0,v0
1541,2024-01-01,1.1,0.09,1.01,0.0,v0
1541,2024-02-01,1.3,0.0,1.3,0.0,v0
1541,2024-03-01,1.0,0.17,0.83,0.0,v0
1541,2024-04-01,2.0,0.0,2.0,0.0,v0
1541,2024-05-01,1.7,0.0,1.7,0.0,v0
1541,2024-06-01,1.4,0.34,1.0599999999999998,0.0,v0
1541,2024-07-01,1.0,0.0,1.0,0.0,v0
1541,2024-08-01,1.5,0.09,1.41,0.0,v0
1541,2024-09-01,1.4,0.0,1.4,0.0,v0
1541,2024-10-01,1.3,0.09,1.21,0.0,v0
1542,2022-12-01,0.0,0.13,-0.13,0.0,v0
1542,2023-01-01,0.0,0.1,-0.1,0.0,v0
1543,2022-12-01,0.0,0.02,-0.02,0.0,v0
1543,2023-01-01,0.0,0.09,-0.09,0.0,v0
1544,2022-12-01,0.0,0.15,-0.15,0.0,v0
1544,2023-01-01,0.0,0.12,-0.12,0.0,v0
1545,2022-12-01,0.09,0.0,0.09,0.0,v0
1546,2023-05-01,0.0,0.44,-0.44,0.0,v0
1546,2023-08-01,0.0,2.6,-2.6,0.0,v0
1546,2023-11-01,0.0,0.92,-0.92,0.0,v0
1546,2024-01-01,0.0,0.96,-0.96,0.0,v0
1546,2024-02-01,0.0,0.19,-0.19,0.0,v0
1546,2024-04-01,0.0,0.79,-0.79,0.0,v0
1546,2024-07-01,0.0,0.57,-0.57,0.0,v0
1546,2024-08-01,0.0,1.9,-1.9,0.0,v0
1546,2024-09-01,0.0,0.22,-0.22,0.0,v0
1546,2024-11-01,0.0,0.27,-0.27,0.0,v0
1547,2022-12-01,0.1,0.0,0.1,0.0,v0
1547,2023-04-01,0.1,0.0,0.1,0.0,v0
1548,2023-01-01,0.0,0.02,-0.02,0.0,v0
1548,2023-04-01,0.0,0.02,-0.02,0.0,v0
1548,2023-05-01,0.0,0.02,-0.02,0.0,v0
1548,2023-07-01,0.0,0.02,-0.02,0.0,v0
1549,2023-01-01,0.0,0.07,-0.07,0.0,v0
1549,2023-02-01,0.0,0.07,-0.07,0.0,v0
1550,2023-01-01,0.02,0.0,0.02,0.0,v0
1550,2023-02-01,0.02,0.0,0.02,0.0,v0
1551,2023-01-01,0.32,0.01,0.31,0.0,v0
1551,2023-02-01,0.07,0.0,0.07,0.0,v0
1551,2023-03-01,0.07,0.0,0.07,0.0,v0
1551,2023-04-01,0.0,0.25,-0.25,0.0,v0
1551,2023-05-01,0.0,0.51,-0.51,0.0,v0
1551,2023-06-01,0.0,0.59,-0.59,0.0,v0
1551,2023-08-01,0.06,0.13,-0.07,0.0,v0
1551,2023-09-01,0.0,0.26,-0.26,0.0,v0
1551,2023-10-01,0.0,0.38,-0.38,0.0,v0
1551,2023-11-01,0.0,0.21,-0.21,0.0,v0
1551,2023-12-01,0.0,0.23,-0.23,0.0,v0
1552,2023-01-01,0.26,0.0,0.26,0.0,v0
1553,2023-01-01,0.69,0.0,0.69,0.0,v0
1553,2023-02-01,0.01,0.0,0.01,0.0,v0
1553,2023-03-01,0.01,0.0,0.01,0.0,v0
1553,2023-04-01,0.02,0.0,0.02,0.0,v0
1553,2023-05-01,0.01,0.0,0.01,0.0,v0
1554,2023-01-01,0.01,0.0,0.01,0.0,v0
1555,2023-01-01,0.0,0.16,-0.16,0.0,v0
1556,2023-01-01,0.0,0.01,-0.01,0.0,v0
1556,2023-02-01,0.0,0.01,-0.01,0.0,v0
1556,2023-04-01,0.0,0.02,-0.02,0.0,v0
1556,2023-05-01,0.0,0.01,-0.01,0.0,v0
1556,2023-06-01,0.0,0.01,-0.01,0.0,v0
1556,2023-07-01,0.0,0.01,-0.01,0.0,v0
1556,2023-08-01,0.0,0.01,-0.01,0.0,v0
1556,2023-10-01,0.0,0.01,-0.01,0.0,v0
1556,2023-11-01,0.0,0.01,-0.01,0.0,v0
1556,2023-12-01,0.0,0.01,-0.01,0.0,v0
1556,2024-01-01,0.0,0.01,-0.01,0.0,v0
1556,2024-02-01,0.0,0.01,-0.01,0.0,v0
1556,2024-03-01,0.0,0.01,-0.01,0.0,v0
1557,2023-01-01,0.04,0.0,0.04,0.0,v0
1557,2023-04-01,0.03,0.02,0.009999999999999998,0.0,v0
1557,2023-05-01,0.04,0.02,0.02,0.0,v0
1557,2023-06-01,0.03,0.0,0.03,0.0,v0
1557,2023-07-01,0.03,0.0,0.03,0.0,v0
1558,2023-01-01,0.04,0.0,0.04,0.0,v0
1558,2023-02-01,0.04,0.0,0.04,0.0,v0
1558,2023-03-01,0.03,0.0,0.03,0.0,v0
1558,2023-04-01,0.02,0.0,0.02,0.0,v0
1558,2023-05-01,0.01,0.0,0.01,0.0,v0
1559,2023-01-01,0.01,0.0,0.01,0.0,v0
1560,2023-01-01,0.07,0.0,0.07,0.0,v0
1560,2023-02-01,0.03,0.0,0.03,0.0,v0
1560,2023-03-01,0.06,0.0,0.06,0.0,v0
1560,2023-04-01,0.07,0.0,0.07,0.0,v0
1560,2023-05-01,0.03,0.0,0.03,0.0,v0
1560,2023-06-01,0.15,0.0,0.15,0.0,v0
1560,2023-07-01,0.16,0.0,0.16,0.0,v0
1561,2023-01-01,0.0,0.27,-0.27,0.0,v0
1561,2023-02-01,0.02,0.0,0.02,0.0,v0
1561,2023-03-01,0.02,0.0,0.02,0.0,v0
1561,2023-04-01,0.06,0.0,0.06,0.0,v0
1561,2023-05-01,0.25,0.43,-0.18,0.0,v0
1561,2023-06-01,0.0,0.35,-0.35,0.0,v0
1561,2023-07-01,0.05,0.21,-0.15999999999999998,0.0,v0
1561,2023-08-01,0.0,0.29,-0.29,0.0,v0
1561,2023-09-01,0.0,0.29,-0.29,0.0,v0
1561,2023-11-01,0.0,0.23,-0.23,0.0,v0
1561,2023-12-01,0.0,0.21,-0.21,0.0,v0
1561,2024-01-01,0.0,0.09,-0.09,0.0,v0
1561,2024-02-01,0.0,0.02,-0.02,0.0,v0
1561,2024-03-01,0.0,0.09,-0.09,0.0,v0
1562,2023-01-01,0.01,0.0,0.01,0.0,v0
1562,2023-02-01,0.01,0.0,0.01,0.0,v0
1562,2023-03-01,0.0,0.7,-0.7,0.0,v0
1562,2023-04-01,0.04,2.2,-2.16,0.0,v0
1562,2023-05-01,0.0,0.76,-0.76,0.0,v0
1562,2023-06-01,0.0,0.91,-0.91,0.0,v0
1562,2023-07-01,0.0,1.9,-1.9,0.0,v0
1562,2023-08-01,0.03,0.0,0.03,0.0,v0
1562,2023-09-01,0.0,0.01,-0.01,0.0,v0
1562,2023-10-01,0.0,0.01,-0.01,0.0,v0
1562,2023-11-01,0.0,0.03,-0.03,0.0,v0
1563,2023-01-01,0.0,0.01,-0.01,0.0,v0
1564,2023-01-01,0.01,0.0,0.01,0.0,v0
1564,2023-02-01,0.36,0.29,0.07,0.0,v0
1564,2023-03-01,0.62,0.32,0.3,0.0,v0
1564,2023-04-01,0.74,0.39,0.35,0.0,v0
1564,2023-05-01,0.6,0.16,0.43999999999999995,0.0,v0
1564,2023-06-01,0.18,0.09,0.09,0.0,v0
1564,2023-07-01,0.49,0.17,0.31999999999999995,0.0,v0
1564,2023-08-01,0.52,0.25,0.27,0.0,v0
1564,2023-09-01,0.46,0.34,0.12,0.0,v0
1564,2023-10-01,0.65,0.41,0.24000000000000005,0.0,v0
1564,2023-11-01,0.76,0.37,0.39,0.0,v0
1564,2023-12-01,0.95,0.48,0.47,0.0,v0
1564,2024-01-01,0.76,0.16,0.6,0.0,v0
1564,2024-02-01,0.59,0.44,0.14999999999999997,0.0,v0
1564,2024-03-01,1.4,0.76,0.6399999999999999,0.0,v0
1564,2024-04-01,0.22,0.24,-0.01999999999999999,0.0,v0
1564,2024-05-01,0.64,0.24,0.4,0.0,v0
1564,2024-06-01,0.06,0.17,-0.11000000000000001,0.0,v0
1564,2024-07-01,0.5,0.64,-0.14,0.0,v0
1564,2024-08-01,0.73,0.53,0.19999999999999996,0.0,v0
1564,2024-09-01,1.9,1.6,0.2999999999999998,0.0,v0
1564,2024-10-01,0.34,0.16,0.18000000000000002,0.0,v0
1564,2024-11-01,2.2,1.8,0.40000000000000013,0.0,v0
1564,2024-12-01,0.46,0.19,0.27,0.0,v0
1565,2023-01-01,0.1,0.0,0.1,0.0,v0
1566,2023-01-01,0.06,0.0,0.06,0.0,v0
1567,2023-01-01,0.12,0.01,0.11,0.0,v0
1567,2023-02-01,0.03,0.01,0.019999999999999997,0.0,v0
1567,2023-03-01,0.04,0.0,0.04,0.0,v0
1567,2023-04-01,0.05,0.0,0.05,0.0,v0
1567,2023-05-01,0.02,0.01,0.01,0.0,v0
1568,2023-01-01,0.0,0.01,-0.01,0.0,v0
1569,2023-01-01,0.1,0.21,-0.10999999999999999,0.0,v0
1569,2023-02-01,0.01,0.24,-0.22999999999999998,0.0,v0
1569,2023-03-01,0.0,0.26,-0.26,0.0,v0
1569,2023-04-01,0.03,0.1,-0.07,0.0,v0
1569,2023-05-01,0.06,0.06,0.0,0.0,v0
1570,2023-01-01,0.0,0.05,-0.05,0.0,v0
1570,2023-02-01,0.0,0.02,-0.02,0.0,v0
1571,2023-01-01,0.01,0.0,0.01,0.0,v0
1572,2023-02-01,0.1,0.13,-0.03,0.0,v0
1572,2023-03-01,0.0,0.17,-0.17,0.0,v0
1572,2023-04-01,0.0,1.4,-1.4,0.0,v0
1572,2023-05-01,0.0,1.9,-1.9,0.0,v0
1572,2023-06-01,0.0,2.7,-2.7,0.0,v0
1572,2023-07-01,0.0,0.3,-0.3,0.0,v0
1572,2023-08-01,0.0,2.0,-2.0,0.0,v0
1572,2023-09-01,0.0,0.21,-0.21,0.0,v0
1572,2023-11-01,0.0,2.2,-2.2,0.0,v0
1572,2023-12-01,0.0,1.9,-1.9,0.0,v0
1572,2024-01-01,0.0,0.22,-0.22,0.0,v0
1572,2024-02-01,0.0,3.2,-3.2,0.0,v0
1572,2024-03-01,0.0,0.5,-0.5,0.0,v0
1572,2024-04-01,0.0,0.11,-0.11,0.0,v0
1572,2024-05-01,0.0,0.19,-0.19,0.0,v0
1573,2023-01-01,0.02,0.12,-0.09999999999999999,0.0,v0
1573,2023-02-01,0.02,0.0,0.02,0.0,v0
1574,2023-01-01,3.2,0.0,3.2,0.0,v0
1574,2023-02-01,0.02,0.0,0.02,0.0,v0
1574,2023-03-01,0.0,0.01,-0.01,0.0,v0
1574,2023-04-01,0.33,0.0,0.33,0.0,v0
1574,2023-05-01,0.12,0.0,0.12,0.0,v0
1574,2023-06-01,0.05,0.0,0.05,0.0,v0
1575,2023-01-01,0.09,0.0,0.09,0.0,v0
1576,2023-01-01,0.09,0.0,0.09,0.0,v0
1576,2023-02-01,0.05,0.0,0.05,0.0,v0
1576,2023-03-01,0.04,0.0,0.04,0.0,v0
1576,2023-04-01,0.01,0.0,0.01,0.0,v0
1576,2023-05-01,0.19,0.0,0.19,0.0,v0
1576,2023-06-01,0.03,0.0,0.03,0.0,v0
1576,2023-07-01,0.15,0.0,0.15,0.0,v0
1576,2023-08-01,0.01,0.0,0.01,0.0,v0
1577,2023-03-01,0.0,0.18,-0.18,0.0,v0
1577,2023-04-01,0.0,0.16,-0.16,0.0,v0
1577,2023-05-01,0.0,0.29,-0.29,0.0,v0
1577,2023-06-01,0.0,0.16,-0.16,0.0,v0
1577,2023-07-01,0.0,0.21,-0.21,0.0,v0
1578,2023-01-01,0.0,0.76,-0.76,0.0,v0
1579,2023-01-01,0.0,0.01,-0.01,0.0,v0
1579,2023-02-01,0.0,0.06,-0.06,0.0,v0
1580,2023-01-01,0.05,0.0,0.05,0.0,v0
1580,2023-02-01,0.08,0.0,0.08,0.0,v0
1580,2023-03-01,0.01,0.0,0.01,0.0,v0
1581,2023-01-01,0.0,0.07,-0.07,0.0,v0
1582,2023-01-01,0.03,0.0,0.03,0.0,v0
1583,2023-01-01,0.0,0.01,-0.01,0.0,v0
1584,2023-01-01,0.41,0.06,0.35,0.0,v0
1585,2023-01-01,0.0,0.04,-0.04,0.0,v0
1586,2023-01-01,0.0,0.04,-0.04,0.0,v0
1587,2023-01-01,0.52,0.0,0.52,0.0,v0
1588,2023-01-01,0.0,0.01,-0.01,0.0,v0
1589,2023-01-01,0.0,0.38,-0.38,0.0,v0
1589,2023-02-01,0.0,1.3,-1.3,0.0,v0
1589,2023-04-01,0.0,0.11,-0.11,0.0,v0
1589,2023-05-01,0.0,1.8,-1.8,0.0,v0
1589,2023-06-01,0.0,0.14,-0.14,0.0,v0
1589,2023-07-01,0.0,0.54,-0.54,0.0,v0
1589,2023-09-01,0.0,1.8,-1.8,0.0,v0
1589,2023-11-01,4.5,0.76,3.74,0.0,v0
1589,2024-02-01,0.0,1.1,-1.1,0.0,v0
1589,2024-03-01,0.0,1.7,-1.7,0.0,v0
1589,2024-04-01,0.0,1.0,-1.0,0.0,v0
1589,2024-05-01,0.0,0.44,-0.44,0.0,v0
1589,2024-06-01,0.0,0.21,-0.21,0.0,v0
1589,2024-07-01,0.0,0.07,-0.07,0.0,v0
1589,2024-10-01,0.0,1.4,-1.4,0.0,v0
1589,2024-11-01,0.0,0.67,-0.67,0.0,v0
1589,2024-12-01,0.0,0.4,-0.4,0.0,v0
1590,2023-01-01,0.01,0.0,0.01,0.0,v0
1591,2023-01-01,0.48,0.0,0.48,0.0,v0
1591,2023-02-01,0.48,0.0,0.48,0.0,v0
1592,2023-01-01,0.04,0.03,0.010000000000000002,0.0,v0
1593,2023-01-01,0.15,0.0,0.15,0.0,v0
1593,2023-02-01,0.05,0.0,0.05,0.0,v0
1593,2023-03-01,0.08,0.0,0.08,0.0,v0
1594,2023-01-01,0.0,0.27,-0.27,0.0,v0
1594,2023-02-01,0.0,1.3,-1.3,0.0,v0
1594,2023-03-01,0.0,0.31,-0.31,0.0,v0
1594,2023-05-01,0.0,0.37,-0.37,0.0,v0
1594,2023-06-01,0.0,0.01,-0.01,0.0,v0
1594,2023-07-01,0.0,0.09,-0.09,0.0,v0
1594,2023-08-01,0.0,0.18,-0.18,0.0,v0
1594,2023-09-01,0.0,0.04,-0.04,0.0,v0
1594,2023-10-01,0.0,0.27,-0.27,0.0,v0
1594,2023-11-01,0.0,0.05,-0.05,0.0,v0
1594,2023-12-01,0.0,0.06,-0.06,0.0,v0
1594,2024-01-01,0.0,0.19,-0.19,0.0,v0
1594,2024-02-01,0.0,0.19,-0.19,0.0,v0
1594,2024-03-01,0.02,0.0,0.02,0.0,v0
1594,2024-04-01,0.07,0.08,-0.009999999999999995,0.0,v0
1594,2024-05-01,0.03,0.09,-0.06,0.0,v0
1594,2024-06-01,0.01,0.0,0.01,0.0,v0
1594,2024-07-01,0.0,0.05,-0.05,0.0,v0
1594,2024-08-01,0.01,0.0,0.01,0.0,v0
1595,2023-01-01,0.01,0.0,0.01,0.0,v0
1596,2023-01-01,0.0,0.02,-0.02,0.0,v0
1596,2023-02-01,0.19,0.01,0.18,0.0,v0
1596,2023-03-01,0.14,0.04,0.1,0.0,v0
1596,2023-04-01,0.75,0.0,0.75,0.0,v0
1596,2023-05-01,0.14,0.0,0.14,0.0,v0
1596,2023-06-01,0.28,0.0,0.28,0.0,v0
1596,2023-07-01,1.1,0.0,1.1,0.0,v0
1597,2023-01-01,0.0,0.64,-0.64,0.0,v0
1597,2023-02-01,0.0,2.6,-2.6,0.0,v0
1597,2023-03-01,0.0,1.6,-1.6,0.0,v0
1597,2023-04-01,0.0,0.2,-0.2,0.0,v0
1597,2023-05-01,0.0,0.01,-0.01,0.0,v0
1597,2023-06-01,0.0,0.59,-0.59,0.0,v0
1597,2023-07-01,0.0,0.6,-0.6,0.0,v0
1597,2023-08-01,0.0,0.34,-0.34,0.0,v0
1597,2023-09-01,0.0,3.2,-3.2,0.0,v0
1597,2023-10-01,0.0,1.8,-1.8,0.0,v0
1597,2023-11-01,0.0,2.8,-2.8,0.0,v0
1597,2023-12-01,0.0,0.38,-0.38,0.0,v0
1597,2024-01-01,0.0,2.9,-2.9,0.0,v0
1597,2024-02-01,0.0,3.1,-3.1,0.0,v0
1597,2024-03-01,0.0,2.0,-2.0,0.0,v0
1597,2024-04-01,0.0,4.1,-4.1,0.0,v0
1597,2024-05-01,0.0,1.2,-1.2,0.0,v0
1598,2023-01-01,0.0,0.04,-0.04,0.0,v0
1598,2023-04-01,0.0,0.02,-0.02,0.0,v0
1599,2023-01-01,0.01,0.0,0.01,0.0,v0
1600,2023-01-01,0.01,0.0,0.01,0.0,v0
1600,2023-02-01,0.01,0.0,0.01,0.0,v0
1601,2023-01-01,0.04,0.06,-0.019999999999999997,0.0,v0
1601,2023-02-01,0.0,0.08,-0.08,0.0,v0
1601,2023-03-01,0.0,0.01,-0.01,0.0,v0
1602,2023-02-01,0.09,0.0,0.09,0.0,v0
1602,2023-03-01,0.0,0.12,-0.12,0.0,v0
1602,2023-04-01,0.1,0.06,0.04000000000000001,0.0,v0
1602,2023-05-01,0.03,0.06,-0.03,0.0,v0
1603,2023-01-01,0.08,0.01,0.07,0.0,v0
1603,2023-02-01,0.0,0.36,-0.36,0.0,v0
1604,2023-01-01,0.0,0.01,-0.01,0.0,v0
1604,2023-02-01,0.0,0.03,-0.03,0.0,v0
1604,2023-03-01,0.0,0.02,-0.02,0.0,v0
1604,2023-04-01,0.01,0.0,0.01,0.0,v0
1605,2023-01-01,0.0,0.01,-0.01,0.0,v0
1606,2023-02-01,0.0,0.26,-0.26,0.0,v0
1606,2023-03-01,0.0,0.27,-0.27,0.0,v0
1606,2023-04-01,0.0,0.41,-0.41,0.0,v0
1606,2023-05-01,0.0,0.26,-0.26,0.0,v0
1606,2023-07-01,0.0,0.32,-0.32,0.0,v0
1606,2023-08-01,0.0,0.32,-0.32,0.0,v0
1606,2023-09-01,0.0,0.29,-0.29,0.0,v0
1606,2023-10-01,0.0,0.27,-0.27,0.0,v0
1606,2023-11-01,0.0,0.37,-0.37,0.0,v0
1606,2023-12-01,0.0,0.39,-0.39,0.0,v0
1607,2023-01-01,0.15,0.0,0.15,0.0,v0
1608,2023-01-01,0.0,0.01,-0.01,0.0,v0
1608,2023-02-01,0.0,0.02,-0.02,0.0,v0
1609,2023-01-01,0.0,0.03,-0.03,0.0,v0
1609,2023-02-01,0.0,0.01,-0.01,0.0,v0
1609,2023-03-01,0.0,0.16,-0.16,0.0,v0
1609,2023-04-01,0.0,0.17,-0.17,0.0,v0
1609,2023-05-01,0.0,0.11,-0.11,0.0,v0
1609,2023-06-01,0.0,0.09,-0.09,0.0,v0
1609,2023-07-01,0.0,0.04,-0.04,0.0,v0
1609,2023-08-01,0.0,0.14,-0.14,0.0,v0
1609,2023-09-01,0.0,0.15,-0.15,0.0,v0
1609,2023-10-01,0.0,0.2,-0.2,0.0,v0
1609,2023-11-01,0.0,0.17,-0.17,0.0,v0
1609,2023-12-01,0.0,0.07,-0.07,0.0,v0
1609,2024-01-01,0.0,0.08,-0.08,0.0,v0
1609,2024-02-01,0.0,0.07,-0.07,0.0,v0
1609,2024-03-01,0.0,0.23,-0.23,0.0,v0
1609,2024-04-01,0.0,0.09,-0.09,0.0,v0
1609,2024-05-01,0.0,0.04,-0.04,0.0,v0
1609,2024-06-01,0.0,0.18,-0.18,0.0,v0
1609,2024-07-01,0.0,0.09,-0.09,0.0,v0
1609,2024-08-01,0.0,0.13,-0.13,0.0,v0
1609,2024-09-01,0.0,0.37,-0.37,0.0,v0
1609,2024-10-01,0.0,0.17,-0.17,0.0,v0
1609,2024-11-01,0.0,0.04,-0.04,0.0,v0
1609,2024-12-01,0.0,0.04,-0.04,0.0,v0
1610,2023-01-01,0.0,0.17,-0.17,0.0,v0
1610,2023-02-01,0.0,0.11,-0.11,0.0,v0
1610,2023-03-01,0.0,0.13,-0.13,0.0,v0
1610,2023-04-01,0.0,0.12,-0.12,0.0,v0
1610,2023-05-01,0.0,0.13,-0.13,0.0,v0
1610,2023-06-01,0.0,0.01,-0.01,0.0,v0
1610,2023-07-01,0.0,0.01,-0.01,0.0,v0
1610,2023-09-01,0.0,0.18,-0.18,0.0,v0
1610,2023-10-01,0.0,0.17,-0.17,0.0,v0
1610,2023-11-01,0.0,0.17,-0.17,0.0,v0
1610,2023-12-01,0.0,0.13,-0.13,0.0,v0
1610,2024-01-01,0.0,0.16,-0.16,0.0,v0
1610,2024-02-01,0.0,0.1,-0.1,0.0,v0
1610,2024-03-01,0.0,0.16,-0.16,0.0,v0
1610,2024-04-01,0.0,0.1,-0.1,0.0,v0
1610,2024-05-01,0.0,0.09,-0.09,0.0,v0
1610,2024-06-01,0.0,0.01,-0.01,0.0,v0
1610,2024-07-01,0.0,0.02,-0.02,0.0,v0
1611,2023-01-01,0.03,0.0,0.03,0.0,v0
1611,2023-02-01,0.03,3.3,-3.27,0.0,v0
1611,2023-03-01,0.06,0.0,0.06,0.0,v0
1612,2023-01-01,0.0,0.01,-0.01,0.0,v0
1613,2023-01-01,0.22,0.0,0.22,0.0,v0
1613,2023-02-01,0.07,0.0,0.07,0.0,v0
1613,2023-03-01,0.0,0.02,-0.02,0.0,v0
1613,2023-04-01,0.15,0.0,0.15,0.0,v0
1613,2023-05-01,0.02,0.01,0.01,0.0,v0
1613,2023-06-01,0.0,0.03,-0.03,0.0,v0
1613,2023-07-01,0.0,0.06,-0.06,0.0,v0
1613,2023-08-01,0.33,0.0,0.33,0.0,v0
1613,2023-09-01,0.06,0.0,0.06,0.0,v0
1613,2023-10-01,0.0,0.04,-0.04,0.0,v0
1613,2023-11-01,0.0,0.11,-0.11,0.0,v0
1613,2023-12-01,0.0,0.09,-0.09,0.0,v0
1613,2024-01-01,0.0,0.01,-0.01,0.0,v0
1614,2023-01-01,0.0,0.01,-0.01,0.0,v0
1615,2023-01-01,0.0,0.08,-0.08,0.0,v0
1615,2023-02-01,0.0,0.05,-0.05,0.0,v0
1615,2023-04-01,0.0,0.12,-0.12,0.0,v0
1615,2023-05-01,0.0,0.03,-0.03,0.0,v0
1615,2023-06-01,0.0,0.05,-0.05,0.0,v0
1615,2023-07-01,0.0,0.07,-0.07,0.0,v0
1615,2023-08-01,0.0,0.04,-0.04,0.0,v0
1616,2023-01-01,0.05,0.0,0.05,0.0,v0
1616,2023-02-01,0.01,0.0,0.01,0.0,v0
1616,2023-03-01,0.01,0.0,0.01,0.0,v0
1617,2023-01-01,0.0,0.01,-0.01,0.0,v0
1617,2023-02-01,0.0,0.01,-0.01,0.0,v0
1617,2023-04-01,0.0,0.18,-0.18,0.0,v0
1617,2023-07-01,0.0,0.02,-0.02,0.0,v0
1617,2023-12-01,0.0,0.03,-0.03,0.0,v0
1617,2024-01-01,0.0,0.78,-0.78,0.0,v0
1617,2024-03-01,0.0,0.08,-0.08,0.0,v0
1617,2024-04-01,0.05,0.0,0.05,0.0,v0
1617,2024-05-01,0.0,0.04,-0.04,0.0,v0
1617,2024-06-01,0.0,0.44,-0.44,0.0,v0
1617,2024-07-01,0.0,0.19,-0.19,0.0,v0
1617,2024-08-01,0.0,0.01,-0.01,0.0,v0
1617,2024-09-01,0.0,0.2,-0.2,0.0,v0
1617,2024-10-01,0.02,0.33,-0.31,0.0,v0
1617,2024-11-01,0.05,0.0,0.05,0.0,v0
1618,2023-01-01,0.0,0.55,-0.55,0.0,v0
1619,2023-01-01,0.0,0.13,-0.13,0.0,v0
1620,2023-01-01,0.0,0.13,-0.13,0.0,v0
1620,2023-02-01,0.0,0.06,-0.06,0.0,v0
1621,2023-01-01,0.0,0.01,-0.01,0.0,v0
1621,2023-02-01,0.0,0.11,-0.11,0.0,v0
1621,2023-03-01,0.0,0.01,-0.01,0.0,v0
1622,2023-01-01,0.0,0.02,-0.02,0.0,v0
1623,2023-01-01,0.0,0.13,-0.13,0.0,v0
1624,2023-01-01,0.0,0.03,-0.03,0.0,v0
1624,2023-02-01,0.0,0.04,-0.04,0.0,v0
1624,2023-03-01,0.0,0.04,-0.04,0.0,v0
1624,2023-04-01,0.0,0.04,-0.04,0.0,v0
1624,2023-05-01,0.0,0.04,-0.04,0.0,v0
1624,2023-06-01,0.0,0.07,-0.07,0.0,v0
1625,2023-01-01,0.0,0.04,-0.04,0.0,v0
1625,2023-02-01,0.02,0.0,0.02,0.0,v0
1625,2023-03-01,0.73,0.36,0.37,0.0,v0
1625,2023-04-01,0.0,0.04,-0.04,0.0,v0
1625,2023-05-01,0.16,0.08,0.08,0.0,v0
1625,2023-06-01,0.12,0.06,0.06,0.0,v0
1625,2023-07-01,0.02,0.01,0.01,0.0,v0
1625,2023-08-01,0.21,0.01,0.19999999999999998,0.0,v0
1625,2023-09-01,0.0,0.04,-0.04,0.0,v0
1625,2023-10-01,0.18,0.01,0.16999999999999998,0.0,v0
1625,2023-11-01,0.0,0.05,-0.05,0.0,v0
1625,2023-12-01,0.0,0.12,-0.12,0.0,v0
1625,2024-01-01,0.03,0.0,0.03,0.0,v0
1625,2024-02-01,0.05,0.0,0.05,0.0,v0
1626,2023-01-01,0.01,0.0,0.01,0.0,v0
1627,2023-01-01,0.0,0.26,-0.26,0.0,v0
1628,2023-01-01,0.01,0.0,0.01,0.0,v0
1629,2023-01-01,0.01,0.0,0.01,0.0,v0
1629,2023-02-01,0.05,0.6,-0.5499999999999999,0.0,v0
1629,2023-03-01,0.04,0.04,0.0,0.0,v0
1629,2023-04-01,0.02,0.02,0.0,0.0,v0
1630,2023-01-01,0.0,0.64,-0.64,0.0,v0
1631,2023-01-01,0.0,1.4,-1.4,0.0,v0
1631,2023-02-01,4.1,3.4,0.6999999999999997,0.0,v0
1631,2023-03-01,0.1,0.0,0.1,0.0,v0
1631,2023-04-01,3.0,0.0,3.0,0.0,v0
1631,2023-05-01,0.0,4.8,-4.8,0.0,v0
1632,2023-01-01,0.0,0.15,-0.15,0.0,v0
1633,2023-01-01,0.01,0.0,0.01,0.0,v0
1633,2023-02-01,0.04,0.0,0.04,0.0,v0
1633,2023-03-01,0.05,0.0,0.05,0.0,v0
1634,2023-01-01,9.4,0.0,9.4,0.0,v0
1635,2023-01-01,0.0,0.13,-0.13,0.0,v0
1636,2023-02-01,0.01,0.0,0.01,0.0,v0
1636,2023-03-01,0.02,0.0,0.02,0.0,v0
1636,2023-06-01,0.03,0.0,0.03,0.0,v0
1636,2024-01-01,0.01,0.0,0.01,0.0,v0
1637,2023-02-01,0.0,0.01,-0.01,0.0,v0
1638,2023-02-01,0.0,0.01,-0.01,0.0,v0
1638,2023-03-01,0.0,0.01,-0.01,0.0,v0
1638,2023-05-01,0.0,0.03,-0.03,0.0,v0
1638,2023-06-01,0.0,0.01,-0.01,0.0,v0
1638,2023-08-01,0.0,0.03,-0.03,0.0,v0
1638,2023-09-01,0.0,0.01,-0.01,0.0,v0
1638,2023-10-01,0.0,0.03,-0.03,0.0,v0
1638,2023-12-01,0.0,0.02,-0.02,0.0,v0
1638,2024-01-01,0.0,0.01,-0.01,0.0,v0
1638,2024-04-01,0.0,0.01,-0.01,0.0,v0
1638,2024-05-01,0.0,0.01,-0.01,0.0,v0
1638,2024-06-01,0.0,0.01,-0.01,0.0,v0
1638,2024-08-01,0.0,0.01,-0.01,0.0,v0
1638,2024-11-01,0.0,0.01,-0.01,0.0,v0
1639,2023-02-01,0.01,0.0,0.01,0.0,v0
1639,2023-04-01,0.0,2.6,-2.6,0.0,v0
1639,2023-05-01,0.0,0.09,-0.09,0.0,v0
1639,2023-06-01,0.0,2.4,-2.4,0.0,v0
1640,2023-02-01,0.01,0.0,0.01,0.0,v0
1641,2023-02-01,0.19,0.0,0.19,0.0,v0
1642,2023-02-01,0.68,0.0,0.68,0.0,v0
1642,2023-03-01,0.55,0.01,0.54,0.0,v0
1642,2023-04-01,0.41,0.0,0.41,0.0,v0
1642,2023-05-01,0.76,0.0,0.76,0.0,v0
1642,2023-06-01,0.73,0.01,0.72,0.0,v0
1642,2023-07-01,0.55,0.02,0.53,0.0,v0
1642,2023-08-01,0.41,0.05,0.36,0.0,v0
1642,2023-09-01,0.69,0.0,0.69,0.0,v0
1643,2023-02-01,6.2,0.75,5.45,0.0,v0
1643,2023-03-01,13.0,0.0,13.0,0.0,v0
1643,2023-04-01,9.5,0.0,9.5,0.0,v0
1643,2023-05-01,8.6,0.0,8.6,0.0,v0
1644,2023-02-01,0.01,0.0,0.01,0.0,v0
1644,2023-03-01,1.1,0.0,1.1,0.0,v0
1644,2023-04-01,0.01,0.0,0.01,0.0,v0
1644,2023-05-01,0.33,0.01,0.32,0.0,v0
1644,2023-06-01,0.02,0.24,-0.22,0.0,v0
1645,2023-02-01,0.0,0.03,-0.03,0.0,v0
1645,2023-03-01,0.0,0.04,-0.04,0.0,v0
1645,2023-04-01,0.0,0.03,-0.03,0.0,v0
1645,2023-05-01,0.0,0.02,-0.02,0.0,v0
1645,2023-06-01,0.02,0.0,0.02,0.0,v0
1645,2023-07-01,0.0,0.02,-0.02,0.0,v0
1646,2023-02-01,1.0,0.0,1.0,0.0,v0
1646,2023-03-01,0.7,0.0,0.7,0.0,v0
1646,2023-04-01,0.24,0.0,0.24,0.0,v0
1646,2023-05-01,0.72,0.0,0.72,0.0,v0
1646,2023-06-01,1.0,0.0,1.0,0.0,v0
1646,2023-07-01,1.0,0.0,1.0,0.0,v0
1646,2023-08-01,1.0,0.0,1.0,0.0,v0
1646,2023-09-01,1.0,0.0,1.0,0.0,v0
1646,2023-10-01,1.0,0.0,1.0,0.0,v0
1646,2023-11-01,1.0,0.0,1.0,0.0,v0
1646,2023-12-01,1.0,0.0,1.0,0.0,v0
1646,2024-01-01,0.0,0.09,-0.09,0.0,v0
1646,2024-02-01,0.0,0.16,-0.16,0.0,v0
1646,2024-03-01,0.0,0.01,-0.01,0.0,v0
1646,2024-04-01,0.0,0.68,-0.68,0.0,v0
1646,2024-05-01,0.0,0.54,-0.54,0.0,v0
1646,2024-06-01,0.99,0.0,0.99,0.0,v0
1646,2024-07-01,0.0,0.08,-0.08,0.0,v0
1646,2024-08-01,0.13,0.0,0.13,0.0,v0
1646,2024-09-01,0.1,0.0,0.1,0.0,v0
1646,2024-10-01,1.1,0.0,1.1,0.0,v0
1646,2024-11-01,0.0,0.02,-0.02,0.0,v0
1647,2023-02-01,0.01,0.0,0.01,0.0,v0
1648,2023-02-01,0.06,0.0,0.06,0.0,v0
1649,2023-02-01,0.03,0.0,0.03,0.0,v0
1650,2023-02-01,0.0,0.03,-0.03,0.0,v0
1650,2023-03-01,0.0,0.07,-0.07,0.0,v0
1650,2023-04-01,0.03,0.05,-0.020000000000000004,0.0,v0
1650,2023-05-01,0.01,0.0,0.01,0.0,v0
1650,2023-06-01,0.07,0.1,-0.03,0.0,v0
1650,2023-07-01,0.03,0.0,0.03,0.0,v0
1651,2023-02-01,0.0,0.07,-0.07,0.0,v0
1652,2023-02-01,0.01,0.04,-0.03,0.0,v0
1652,2023-03-01,0.02,0.0,0.02,0.0,v0
1652,2023-04-01,0.02,0.0,0.02,0.0,v0
1653,2023-02-01,0.17,0.0,0.17,0.0,v0
1654,2023-02-01,0.29,0.0,0.29,0.0,v0
1654,2023-03-01,0.42,0.0,0.42,0.0,v0
1654,2023-05-01,0.46,0.0,0.46,0.0,v0
1654,2023-06-01,0.05,0.02,0.030000000000000002,0.0,v0
1654,2023-07-01,0.02,0.1,-0.08,0.0,v0
1654,2023-08-01,0.16,0.0,0.16,0.0,v0
1654,2023-09-01,0.19,0.0,0.19,0.0,v0
1654,2023-10-01,0.01,0.0,0.01,0.0,v0
1654,2023-11-01,0.34,0.0,0.34,0.0,v0
1654,2023-12-01,0.28,0.0,0.28,0.0,v0
1654,2024-01-01,0.27,0.0,0.27,0.0,v0
1654,2024-02-01,1.1,0.0,1.1,0.0,v0
1654,2024-03-01,0.4,0.0,0.4,0.0,v0
1654,2024-04-01,0.42,0.0,0.42,0.0,v0
1654,2024-05-01,0.42,0.0,0.42,0.0,v0
1654,2024-07-01,0.01,0.0,0.01,0.0,v0
1654,2024-08-01,0.24,0.0,0.24,0.0,v0
1654,2024-09-01,0.33,0.0,0.33,0.0,v0
1654,2024-10-01,0.14,0.0,0.14,0.0,v0
1654,2024-11-01,0.28,0.0,0.28,0.0,v0
1654,2024-12-01,0.92,0.0,0.92,0.0,v0
1655,2023-02-01,0.0,0.03,-0.03,0.0,v0
1655,2023-03-01,0.0,0.02,-0.02,0.0,v0
1655,2023-04-01,0.0,0.02,-0.02,0.0,v0
1656,2023-02-01,0.0,0.01,-0.01,0.0,v0
1656,2023-03-01,0.04,0.0,0.04,0.0,v0
1656,2023-04-01,0.07,0.0,0.07,0.0,v0
1656,2023-05-01,0.0,0.07,-0.07,0.0,v0
1656,2023-06-01,0.0,0.04,-0.04,0.0,v0
1656,2023-07-01,0.06,0.1,-0.04000000000000001,0.0,v0
1656,2023-08-01,65.0,0.17,64.83,0.0,v0
1656,2023-09-01,15.0,1.0,14.0,0.0,v0
1656,2023-10-01,18.0,1.4,16.6,0.0,v0
1656,2023-11-01,0.13,1.0,-0.87,0.0,v0
1656,2023-12-01,10.0,1.0,9.0,0.0,v0
1656,2024-01-01,15.0,0.38,14.62,0.0,v0
1656,2024-03-01,12.0,0.27,11.73,0.0,v0
1656,2024-04-01,15.0,0.29,14.71,0.0,v0
1656,2024-06-01,15.0,1.2,13.8,0.0,v0
1656,2024-07-01,0.11,0.23,-0.12000000000000001,0.0,v0
1656,2024-08-01,15.0,0.78,14.22,0.0,v0
1657,2023-03-01,0.0,0.14,-0.14,0.0,v0
1657,2023-04-01,0.0,0.12,-0.12,0.0,v0
1657,2023-05-01,0.0,0.21,-0.21,0.0,v0
1657,2023-06-01,0.0,0.02,-0.02,0.0,v0
1657,2023-07-01,0.0,0.11,-0.11,0.0,v0
1657,2023-08-01,0.0,0.09,-0.09,0.0,v0
1657,2023-10-01,0.0,0.01,-0.01,0.0,v0
1657,2023-11-01,0.0,0.01,-0.01,0.0,v0
1657,2023-12-01,0.0,0.02,-0.02,0.0,v0
1657,2024-01-01,0.02,0.19,-0.17,0.0,v0
1657,2024-03-01,0.0,0.11,-0.11,0.0,v0
1657,2024-04-01,0.0,0.05,-0.05,0.0,v0
1657,2024-05-01,0.0,0.18,-0.18,0.0,v0
1657,2024-06-01,0.0,0.08,-0.08,0.0,v0
1657,2024-07-01,0.0,0.04,-0.04,0.0,v0
1657,2024-08-01,0.0,0.15,-0.15,0.0,v0
1657,2024-09-01,0.0,0.18,-0.18,0.0,v0
1658,2023-02-01,1.1,0.0,1.1,0.0,v0
1658,2023-03-01,0.44,0.0,0.44,0.0,v0
1658,2023-04-01,0.04,0.0,0.04,0.0,v0
1658,2023-05-01,0.0,0.03,-0.03,0.0,v0
1658,2023-06-01,0.04,0.0,0.04,0.0,v0
1658,2023-07-01,0.1,0.06,0.04000000000000001,0.0,v0
1658,2023-08-01,0.01,0.0,0.01,0.0,v0
1658,2023-09-01,0.05,0.0,0.05,0.0,v0
1658,2023-10-01,0.06,0.06,0.0,0.0,v0
1658,2023-11-01,0.15,0.0,0.15,0.0,v0
1658,2023-12-01,0.02,0.0,0.02,0.0,v0
1658,2024-01-01,0.09,0.0,0.09,0.0,v0
1658,2024-02-01,0.09,0.0,0.09,0.0,v0
1658,2024-03-01,0.09,0.0,0.09,0.0,v0
1658,2024-04-01,0.1,0.0,0.1,0.0,v0
1658,2024-05-01,0.09,0.0,0.09,0.0,v0
1658,2024-06-01,0.05,0.0,0.05,0.0,v0
1658,2024-07-01,0.09,0.0,0.09,0.0,v0
1658,2024-08-01,0.0,0.03,-0.03,0.0,v0
1658,2024-09-01,0.05,0.0,0.05,0.0,v0
1659,2023-02-01,0.0,0.01,-0.01,0.0,v0
1659,2023-03-01,0.0,0.12,-0.12,0.0,v0
1659,2023-04-01,0.1,0.0,0.1,0.0,v0
1659,2023-05-01,0.0,0.12,-0.12,0.0,v0
1659,2023-06-01,0.0,0.01,-0.01,0.0,v0
1660,2023-02-01,0.01,0.0,0.01,0.0,v0
1660,2023-03-01,0.05,0.0,0.05,0.0,v0
1661,2023-02-01,0.11,0.0,0.11,0.0,v0
1662,2023-02-01,0.0,0.47,-0.47,0.0,v0
1662,2023-03-01,0.0,0.01,-0.01,0.0,v0
1662,2023-04-01,0.35,0.0,0.35,0.0,v0
1662,2023-05-01,0.0,0.11,-0.11,0.0,v0
1662,2023-06-01,0.0,0.05,-0.05,0.0,v0
1662,2023-07-01,0.0,0.1,-0.1,0.0,v0
1662,2023-08-01,1.1,0.0,1.1,0.0,v0
1663,2023-02-01,0.03,0.0,0.03,0.0,v0
1664,2023-02-01,0.1,0.0,0.1,0.0,v0
1664,2023-03-01,0.56,0.38,0.18000000000000005,0.0,v0
1664,2023-04-01,0.31,0.0,0.31,0.0,v0
1665,2023-02-01,0.0,0.09,-0.09,0.0,v0
1665,2023-03-01,0.0,0.02,-0.02,0.0,v0
1665,2023-04-01,0.0,0.02,-0.02,0.0,v0
1666,2023-02-01,0.01,0.0,0.01,0.0,v0
1666,2023-03-01,0.02,0.0,0.02,0.0,v0
1666,2023-04-01,0.01,0.0,0.01,0.0,v0
1666,2023-05-01,0.0,0.02,-0.02,0.0,v0
1666,2023-06-01,0.0,0.04,-0.04,0.0,v0
1666,2023-07-01,0.0,0.01,-0.01,0.0,v0
1666,2023-08-01,0.0,0.03,-0.03,0.0,v0
1666,2023-09-01,0.0,0.03,-0.03,0.0,v0
1667,2023-02-01,0.0,0.02,-0.02,0.0,v0
1668,2023-02-01,32.0,2.1,29.9,0.0,v0
1668,2023-03-01,47.0,0.48,46.52,0.0,v0
1668,2023-04-01,32.0,0.07,31.93,0.0,v0
1668,2023-05-01,21.0,0.13,20.87,0.0,v0
1669,2023-02-01,0.14,0.0,0.14,0.0,v0
1669,2023-03-01,0.23,0.0,0.23,0.0,v0
1669,2023-04-01,0.03,0.0,0.03,0.0,v0
1669,2023-05-01,0.01,0.0,0.01,0.0,v0
1670,2023-02-01,0.04,0.0,0.04,0.0,v0
1671,2023-02-01,0.04,0.02,0.02,0.0,v0
1672,2023-02-01,0.29,0.0,0.29,0.0,v0
1672,2023-03-01,0.0,0.41,-0.41,0.0,v0
1673,2023-02-01,0.05,0.0,0.05,0.0,v0
1673,2023-03-01,0.0,0.02,-0.02,0.0,v0
1674,2023-02-01,0.0,0.14,-0.14,0.0,v0
1674,2023-03-01,0.0,0.11,-0.11,0.0,v0
1674,2023-04-01,0.0,0.22,-0.22,0.0,v0
1674,2023-05-01,0.0,0.04,-0.04,0.0,v0
1675,2023-02-01,0.09,0.0,0.09,0.0,v0
1676,2023-02-01,0.34,0.0,0.34,0.0,v0
1676,2023-03-01,0.25,0.0,0.25,0.0,v0
1676,2023-04-01,0.26,0.02,0.24000000000000002,0.0,v0
1676,2023-05-01,0.21,0.01,0.19999999999999998,0.0,v0
1676,2023-06-01,0.3,0.0,0.3,0.0,v0
1676,2023-07-01,0.26,0.0,0.26,0.0,v0
1676,2023-08-01,0.22,0.02,0.2,0.0,v0
1677,2023-02-01,0.03,0.13,-0.1,0.0,v0
1677,2023-04-01,0.01,0.14,-0.13,0.0,v0
1677,2023-05-01,0.0,0.11,-0.11,0.0,v0
1677,2023-06-01,0.02,0.16,-0.14,0.0,v0
1677,2023-07-01,0.01,0.13,-0.12000000000000001,0.0,v0
1678,2023-02-01,0.02,0.0,0.02,0.0,v0
1679,2023-02-01,0.09,0.02,0.06999999999999999,0.0,v0
1679,2023-03-01,0.03,0.0,0.03,0.0,v0
1679,2023-04-01,0.03,0.02,0.009999999999999998,0.0,v0
1680,2023-02-01,0.19,0.0,0.19,0.0,v0
1681,2023-02-01,0.01,0.0,0.01,0.0,v0
1682,2023-02-01,0.0,0.58,-0.58,0.0,v0
1683,2023-02-01,0.55,0.0,0.55,0.0,v0
1683,2023-03-01,0.4,0.0,0.4,0.0,v0
1683,2023-04-01,0.14,0.0,0.14,0.0,v0
1683,2023-05-01,0.72,0.0,0.72,0.0,v0
1683,2023-06-01,0.03,0.0,0.03,0.0,v0
1683,2023-07-01,0.03,0.0,0.03,0.0,v0
1683,2023-08-01,0.01,0.0,0.01,0.0,v0
1683,2023-09-01,0.0,0.01,-0.01,0.0,v0
1683,2023-10-01,0.02,0.0,0.02,0.0,v0
1683,2023-11-01,1.3,0.0,1.3,0.0,v0
1684,2023-02-01,0.0,0.07,-0.07,0.0,v0
1685,2023-02-01,0.0,0.03,-0.03,0.0,v0
1685,2023-03-01,0.0,0.06,-0.06,0.0,v0
1685,2023-04-01,0.0,0.02,-0.02,0.0,v0
1685,2023-05-01,0.0,0.06,-0.06,0.0,v0
1685,2023-06-01,0.0,0.01,-0.01,0.0,v0
1685,2023-07-01,0.0,0.01,-0.01,0.0,v0
1685,2023-08-01,0.0,0.11,-0.11,0.0,v0
1685,2023-09-01,0.0,0.08,-0.08,0.0,v0
1685,2023-10-01,0.0,0.01,-0.01,0.0,v0
1685,2023-11-01,0.0,0.04,-0.04,0.0,v0
1685,2024-01-01,0.0,0.07,-0.07,0.0,v0
1686,2023-02-01,0.09,0.0,0.09,0.0,v0
1687,2023-02-01,0.07,0.0,0.07,0.0,v0
1688,2023-02-01,0.0,0.04,-0.04,0.0,v0
1689,2023-02-01,0.0,0.11,-0.11,0.0,v0
1689,2023-03-01,0.0,0.03,-0.03,0.0,v0
1689,2023-04-01,0.0,0.09,-0.09,0.0,v0
1689,2023-05-01,0.0,0.06,-0.06,0.0,v0
1689,2023-06-01,0.0,0.08,-0.08,0.0,v0
1689,2023-07-01,0.0,0.05,-0.05,0.0,v0
1689,2023-08-01,0.0,0.14,-0.14,0.0,v0
1689,2023-09-01,0.0,0.09,-0.09,0.0,v0
1689,2023-10-01,0.0,0.11,-0.11,0.0,v0
1689,2023-11-01,0.0,0.18,-0.18,0.0,v0
1689,2023-12-01,0.0,0.15,-0.15,0.0,v0
1689,2024-01-01,0.0,0.07,-0.07,0.0,v0
1689,2024-02-01,0.0,0.15,-0.15,0.0,v0
1689,2024-03-01,0.0,0.09,-0.09,0.0,v0
1689,2024-04-01,0.0,0.2,-0.2,0.0,v0
1689,2024-05-01,0.0,0.12,-0.12,0.0,v0
1689,2024-06-01,0.0,0.2,-0.2,0.0,v0
1689,2024-07-01,0.0,0.11,-0.11,0.0,v0
1689,2024-08-01,0.0,0.04,-0.04,0.0,v0
1689,2024-09-01,0.0,0.03,-0.03,0.0,v0
1689,2024-10-01,0.0,0.04,-0.04,0.0,v0
1689,2024-11-01,0.0,0.02,-0.02,0.0,v0
1690,2023-02-01,0.0,0.01,-0.01,0.0,v0
1690,2023-04-01,0.0,0.02,-0.02,0.0,v0
1690,2023-05-01,0.0,0.04,-0.04,0.0,v0
1690,2023-06-01,0.0,0.06,-0.06,0.0,v0
1690,2023-07-01,0.0,0.02,-0.02,0.0,v0
1690,2023-08-01,0.0,0.03,-0.03,0.0,v0
1690,2023-09-01,0.0,0.14,-0.14,0.0,v0
1690,2023-10-01,0.0,0.02,-0.02,0.0,v0
1690,2023-11-01,0.0,0.06,-0.06,0.0,v0
1690,2023-12-01,0.0,0.03,-0.03,0.0,v0
1690,2024-01-01,0.0,0.01,-0.01,0.0,v0
1690,2024-02-01,0.0,0.04,-0.04,0.0,v0
1690,2024-03-01,0.0,0.03,-0.03,0.0,v0
1690,2024-04-01,0.0,0.13,-0.13,0.0,v0
1691,2023-02-01,0.0,0.05,-0.05,0.0,v0
1691,2023-03-01,0.0,0.07,-0.07,0.0,v0
1691,2023-04-01,0.0,0.42,-0.42,0.0,v0
1691,2023-05-01,0.0,0.02,-0.02,0.0,v0
1691,2023-07-01,0.0,0.14,-0.14,0.0,v0
1691,2023-08-01,0.0,0.1,-0.1,0.0,v0
1692,2023-02-01,2.1,0.11,1.99,0.0,v0
1692,2023-03-01,1.8,0.31,1.49,0.0,v0
1692,2023-04-01,1.1,0.17,0.93,0.0,v0
1692,2023-05-01,2.0,0.53,1.47,0.0,v0
1692,2023-06-01,0.93,0.26,0.67,0.0,v0
1692,2023-07-01,0.63,2.0,-1.37,0.0,v0
1692,2023-08-01,1.4,0.17,1.23,0.0,v0
1692,2023-09-01,0.65,0.37,0.28,0.0,v0
1692,2023-10-01,0.78,0.2,0.5800000000000001,0.0,v0
1692,2023-11-01,0.52,0.37,0.15000000000000002,0.0,v0
1692,2023-12-01,0.65,1.3,-0.65,0.0,v0
1692,2024-01-01,1.2,0.28,0.9199999999999999,0.0,v0
1692,2024-02-01,0.76,0.22,0.54,0.0,v0
1692,2024-03-01,1.1,0.15,0.9500000000000001,0.0,v0
1692,2024-04-01,1.1,0.21,0.8900000000000001,0.0,v0
1692,2024-05-01,0.83,0.15,0.6799999999999999,0.0,v0
1692,2024-06-01,0.78,0.1,0.68,0.0,v0
1692,2024-07-01,0.67,0.16,0.51,0.0,v0
1692,2024-08-01,0.64,0.13,0.51,0.0,v0
1692,2024-09-01,0.55,0.12,0.43000000000000005,0.0,v0
1692,2024-10-01,0.41,0.07,0.33999999999999997,0.0,v0
1692,2024-11-01,0.44,0.09,0.35,0.0,v0
1693,2023-02-01,0.0,0.52,-0.52,0.0,v0
1693,2023-03-01,0.0,0.36,-0.36,0.0,v0
1693,2023-04-01,0.0,0.33,-0.33,0.0,v0
1693,2023-05-01,0.0,0.26,-0.26,0.0,v0
1693,2023-06-01,0.0,0.37,-0.37,0.0,v0
1693,2023-07-01,0.06,0.35,-0.29,0.0,v0
1693,2023-08-01,0.0,0.36,-0.36,0.0,v0
1693,2023-09-01,0.0,0.25,-0.25,0.0,v0
1693,2023-10-01,0.23,0.0,0.23,0.0,v0
1693,2023-11-01,0.23,0.0,0.23,0.0,v0
1693,2023-12-01,0.23,0.0,0.23,0.0,v0
1693,2024-01-01,0.15,0.0,0.15,0.0,v0
1693,2024-02-01,0.22,0.0,0.22,0.0,v0
1694,2023-02-01,0.0,0.04,-0.04,0.0,v0
1694,2023-03-01,0.0,0.15,-0.15,0.0,v0
1694,2023-04-01,0.0,0.28,-0.28,0.0,v0
1695,2023-02-01,0.11,0.0,0.11,0.0,v0
1695,2023-03-01,0.17,0.0,0.17,0.0,v0
1695,2023-04-01,0.1,0.0,0.1,0.0,v0
1695,2023-05-01,0.04,0.0,0.04,0.0,v0
1695,2023-06-01,0.07,0.0,0.07,0.0,v0
1695,2023-07-01,0.17,0.0,0.17,0.0,v0
1695,2023-08-01,0.07,0.0,0.07,0.0,v0
1695,2023-09-01,0.13,0.0,0.13,0.0,v0
1695,2023-10-01,0.07,0.0,0.07,0.0,v0
1695,2023-11-01,0.07,0.0,0.07,0.0,v0
1696,2023-02-01,0.0,0.2,-0.2,0.0,v0
1696,2023-03-01,0.0,1.1,-1.1,0.0,v0
1696,2023-04-01,0.0,0.03,-0.03,0.0,v0
1696,2023-05-01,0.0,0.37,-0.37,0.0,v0
1696,2023-06-01,0.0,0.02,-0.02,0.0,v0
1696,2023-07-01,0.0,0.01,-0.01,0.0,v0
1697,2023-02-01,0.0,0.07,-0.07,0.0,v0
1697,2023-03-01,0.0,0.15,-0.15,0.0,v0
1697,2023-04-01,0.0,0.08,-0.08,0.0,v0
1697,2023-05-01,0.0,0.19,-0.19,0.0,v0
1697,2023-06-01,0.0,0.13,-0.13,0.0,v0
1697,2023-07-01,0.0,0.01,-0.01,0.0,v0
1698,2023-02-01,0.0,0.22,-0.22,0.0,v0
1699,2023-02-01,0.04,0.0,0.04,0.0,v0
1699,2023-03-01,0.26,0.0,0.26,0.0,v0
1699,2023-05-01,0.16,0.0,0.16,0.0,v0
1699,2023-06-01,0.32,0.0,0.32,0.0,v0
1699,2023-07-01,0.01,0.0,0.01,0.0,v0
1699,2023-08-01,0.11,0.0,0.11,0.0,v0
1700,2023-02-01,0.18,0.0,0.18,0.0,v0
1700,2023-06-01,0.14,0.0,0.14,0.0,v0
1700,2023-07-01,0.35,0.0,0.35,0.0,v0
1700,2023-08-01,0.06,0.0,0.06,0.0,v0
1700,2023-09-01,0.69,0.0,0.69,0.0,v0
1700,2023-10-01,0.44,0.0,0.44,0.0,v0
1700,2023-11-01,0.32,0.0,0.32,0.0,v0
1700,2023-12-01,0.11,0.0,0.11,0.0,v0
1700,2024-01-01,0.05,0.0,0.05,0.0,v0
1700,2024-03-01,0.04,0.0,0.04,0.0,v0
1700,2024-05-01,0.06,0.0,0.06,0.0,v0
1700,2024-06-01,0.09,0.0,0.09,0.0,v0
1700,2024-07-01,0.09,0.0,0.09,0.0,v0
1700,2024-09-01,0.13,0.0,0.13,0.0,v0
1700,2024-12-01,0.13,0.0,0.13,0.0,v0
1701,2023-02-01,0.0,0.05,-0.05,0.0,v0
1701,2023-03-01,0.0,0.08,-0.08,0.0,v0
1701,2023-04-01,0.0,0.07,-0.07,0.0,v0
1701,2023-05-01,0.0,0.07,-0.07,0.0,v0
1701,2023-06-01,0.0,0.02,-0.02,0.0,v0
1701,2023-07-01,0.0,0.04,-0.04,0.0,v0
1701,2023-08-01,0.0,0.05,-0.05,0.0,v0
1701,2023-09-01,0.0,0.09,-0.09,0.0,v0
1701,2023-10-01,0.0,0.04,-0.04,0.0,v0
1701,2023-11-01,0.0,0.1,-0.1,0.0,v0
1701,2023-12-01,0.0,0.15,-0.15,0.0,v0
1701,2024-01-01,0.0,0.05,-0.05,0.0,v0
1701,2024-02-01,0.0,0.03,-0.03,0.0,v0
1701,2024-03-01,0.0,0.01,-0.01,0.0,v0
1701,2024-04-01,0.0,0.05,-0.05,0.0,v0
1701,2024-05-01,0.0,0.08,-0.08,0.0,v0
1701,2024-07-01,0.0,0.07,-0.07,0.0,v0
1701,2024-09-01,0.0,0.06,-0.06,0.0,v0
1701,2024-10-01,0.0,0.03,-0.03,0.0,v0
1701,2024-11-01,0.0,0.11,-0.11,0.0,v0
1701,2024-12-01,0.0,0.18,-0.18,0.0,v0
1702,2023-02-01,0.0,4.4,-4.4,0.0,v0
1703,2023-03-01,0.0,0.17,-0.17,0.0,v0
1703,2023-04-01,0.0,0.07,-0.07,0.0,v0
1704,2023-03-01,0.0,0.05,-0.05,0.0,v0
1705,2023-03-01,0.14,0.02,0.12000000000000001,0.0,v0
1706,2023-03-01,0.01,0.0,0.01,0.0,v0
1707,2023-03-01,0.03,0.0,0.03,0.0,v0
1707,2023-05-01,0.04,0.0,0.04,0.0,v0
1707,2023-08-01,0.02,0.0,0.02,0.0,v0
1707,2023-11-01,0.02,0.0,0.02,0.0,v0
1707,2024-01-01,0.01,0.0,0.01,0.0,v0
1707,2024-05-01,0.02,0.0,0.02,0.0,v0
1707,2024-06-01,0.01,0.0,0.01,0.0,v0
1707,2024-10-01,0.05,0.0,0.05,0.0,v0
1707,2024-12-01,0.14,0.0,0.14,0.0,v0
1708,2023-03-01,0.0,0.03,-0.03,0.0,v0
1708,2023-04-01,0.0,0.03,-0.03,0.0,v0
1708,2023-05-01,0.0,0.03,-0.03,0.0,v0
1708,2023-07-01,0.0,0.02,-0.02,0.0,v0
1708,2023-09-01,0.0,0.03,-0.03,0.0,v0
1708,2023-11-01,0.0,0.03,-0.03,0.0,v0
1708,2024-03-01,0.0,0.04,-0.04,0.0,v0
1708,2024-08-01,0.0,0.02,-0.02,0.0,v0
1708,2024-10-01,0.0,0.02,-0.02,0.0,v0
1708,2024-12-01,0.0,0.03,-0.03,0.0,v0
1709,2023-03-01,0.04,0.04,0.0,0.0,v0
1709,2023-04-01,0.0,0.01,-0.01,0.0,v0
1709,2023-05-01,0.0,0.04,-0.04,0.0,v0
1709,2023-06-01,0.04,0.0,0.04,0.0,v0
1709,2023-07-01,0.0,0.05,-0.05,0.0,v0
1709,2023-08-01,0.0,0.04,-0.04,0.0,v0
1709,2023-09-01,0.2,0.0,0.2,0.0,v0
1709,2023-10-01,0.02,0.0,0.02,0.0,v0
1709,2023-11-01,0.0,0.01,-0.01,0.0,v0
1710,2023-03-01,0.0,0.04,-0.04,0.0,v0
1710,2023-04-01,0.0,0.03,-0.03,0.0,v0
1710,2023-05-01,0.0,0.07,-0.07,0.0,v0
1710,2023-06-01,0.0,0.02,-0.02,0.0,v0
1710,2023-07-01,0.0,0.02,-0.02,0.0,v0
1710,2023-08-01,0.0,0.01,-0.01,0.0,v0
1710,2023-09-01,0.0,0.07,-0.07,0.0,v0
1710,2024-01-01,0.0,0.03,-0.03,0.0,v0
1711,2023-03-01,0.0,0.1,-0.1,0.0,v0
1711,2023-04-01,0.0,0.06,-0.06,0.0,v0
1711,2023-06-01,0.0,0.07,-0.07,0.0,v0
1711,2023-07-01,0.0,0.02,-0.02,0.0,v0
1712,2023-03-01,0.08,0.0,0.08,0.0,v0
1712,2023-04-01,0.05,0.0,0.05,0.0,v0
1713,2023-03-01,0.0,0.01,-0.01,0.0,v0
1713,2023-04-01,0.78,0.0,0.78,0.0,v0
1713,2023-05-01,0.0,0.3,-0.3,0.0,v0
1713,2023-06-01,5.6,0.46,5.14,0.0,v0
1713,2023-07-01,4.7,1.3,3.4000000000000004,0.0,v0
1714,2023-03-01,0.0,0.19,-0.19,0.0,v0
1714,2023-04-01,0.0,0.19,-0.19,0.0,v0
1714,2023-05-01,0.0,0.28,-0.28,0.0,v0
1714,2023-06-01,0.0,0.07,-0.07,0.0,v0
1715,2023-03-01,0.25,0.03,0.22,0.0,v0
1715,2023-04-01,0.31,0.01,0.3,0.0,v0
1715,2023-05-01,0.23,0.01,0.22,0.0,v0
1715,2023-06-01,0.32,0.01,0.31,0.0,v0
1716,2023-03-01,0.0,0.06,-0.06,0.0,v0
1717,2023-03-01,0.0,0.13,-0.13,0.0,v0
1717,2023-04-01,0.0,0.08,-0.08,0.0,v0
1717,2023-05-01,0.0,0.11,-0.11,0.0,v0
1717,2023-06-01,0.0,0.09,-0.09,0.0,v0
1717,2023-07-01,0.0,0.11,-0.11,0.0,v0
1717,2023-08-01,0.0,0.09,-0.09,0.0,v0
1717,2023-09-01,0.0,0.15,-0.15,0.0,v0
1717,2023-11-01,0.0,0.17,-0.17,0.0,v0
1717,2023-12-01,0.0,0.15,-0.15,0.0,v0
1717,2024-01-01,0.0,0.21,-0.21,0.0,v0
1717,2024-02-01,0.0,0.08,-0.08,0.0,v0
1717,2024-03-01,0.0,0.15,-0.15,0.0,v0
1717,2024-04-01,0.0,0.17,-0.17,0.0,v0
1717,2024-05-01,0.0,0.17,-0.17,0.0,v0
1717,2024-07-01,0.0,0.02,-0.02,0.0,v0
1717,2024-08-01,0.0,0.04,-0.04,0.0,v0
1717,2024-09-01,0.0,0.02,-0.02,0.0,v0
1718,2023-03-01,0.0,0.01,-0.01,0.0,v0
1719,2023-03-01,0.1,0.0,0.1,0.0,v0
1719,2023-04-01,0.02,0.0,0.02,0.0,v0
1719,2023-05-01,0.17,0.0,0.17,0.0,v0
1720,2023-03-01,0.05,0.0,0.05,0.0,v0
1721,2023-03-01,1.2,0.0,1.2,0.0,v0
1721,2023-04-01,0.5,0.0,0.5,0.0,v0
1722,2023-03-01,0.09,0.0,0.09,0.0,v0
1722,2023-04-01,0.06,0.0,0.06,0.0,v0
1722,2023-05-01,0.15,0.0,0.15,0.0,v0
1722,2023-06-01,0.04,0.0,0.04,0.0,v0
1722,2023-07-01,0.04,0.0,0.04,0.0,v0
1722,2023-08-01,0.0,0.08,-0.08,0.0,v0
1722,2023-09-01,0.0,0.01,-0.01,0.0,v0
1722,2023-10-01,0.04,0.01,0.03,0.0,v0
1722,2023-12-01,0.08,0.12,-0.039999999999999994,0.0,v0
1722,2024-01-01,0.0,0.21,-0.21,0.0,v0
1722,2024-02-01,0.09,0.12,-0.03,0.0,v0
1723,2023-03-01,0.0,0.02,-0.02,0.0,v0
1723,2023-04-01,0.0,0.01,-0.01,0.0,v0
1723,2023-05-01,0.0,0.01,-0.01,0.0,v0
1723,2023-06-01,0.0,0.01,-0.01,0.0,v0
1724,2023-03-01,0.02,0.07,-0.05,0.0,v0
1724,2023-04-01,0.11,0.02,0.09,0.0,v0
1724,2023-05-01,0.04,0.02,0.02,0.0,v0
1724,2023-06-01,0.53,0.05,0.48000000000000004,0.0,v0
1724,2023-07-01,0.16,0.04,0.12,0.0,v0
1724,2023-08-01,0.51,0.05,0.46,0.0,v0
1724,2023-09-01,0.05,0.05,0.0,0.0,v0
1724,2023-10-01,0.05,0.04,0.010000000000000002,0.0,v0
1724,2023-11-01,0.0,0.05,-0.05,0.0,v0
1724,2023-12-01,0.0,0.03,-0.03,0.0,v0
1724,2024-01-01,0.26,0.11,0.15000000000000002,0.0,v0
1724,2024-02-01,0.0,0.01,-0.01,0.0,v0
1724,2024-03-01,0.0,0.01,-0.01,0.0,v0
1724,2024-04-01,0.0,0.01,-0.01,0.0,v0
1724,2024-05-01,0.0,0.01,-0.01,0.0,v0
1724,2024-06-01,0.0,0.01,-0.01,0.0,v0
1724,2024-07-01,0.0,0.01,-0.01,0.0,v0
1724,2024-08-01,0.0,0.01,-0.01,0.0,v0
1724,2024-09-01,0.0,0.01,-0.01,0.0,v0
1724,2024-10-01,0.0,0.01,-0.01,0.0,v0
1724,2024-11-01,0.0,0.01,-0.01,0.0,v0
1724,2024-12-01,0.0,0.01,-0.01,0.0,v0
1725,2023-03-01,0.0,0.44,-0.44,0.0,v0
1725,2023-05-01,0.48,0.0,0.48,0.0,v0
1725,2023-06-01,0.65,0.12,0.53,0.0,v0
1725,2023-07-01,0.91,0.0,0.91,0.0,v0
1726,2023-03-01,0.0,0.01,-0.01,0.0,v0
1727,2023-03-01,0.01,0.0,0.01,0.0,v0
1728,2023-03-01,0.01,0.01,0.0,0.0,v0
1729,2023-03-01,0.0,0.02,-0.02,0.0,v0
1729,2023-04-01,0.0,0.02,-0.02,0.0,v0
1729,2023-05-01,0.0,0.02,-0.02,0.0,v0
1729,2023-06-01,0.0,0.02,-0.02,0.0,v0
1729,2023-07-01,0.0,0.15,-0.15,0.0,v0
1730,2023-03-01,0.0,0.01,-0.01,0.0,v0
1731,2023-04-01,1.8,0.0,1.8,0.0,v0
1731,2023-05-01,1.8,0.09,1.71,0.0,v0
1731,2023-06-01,1.8,0.0,1.8,0.0,v0
1731,2023-07-01,1.2,0.0,1.2,0.0,v0
1731,2023-08-01,1.1,0.54,0.56,0.0,v0
1731,2023-09-01,0.87,0.0,0.87,0.0,v0
1731,2023-10-01,1.9,0.0,1.9,0.0,v0
1731,2023-11-01,2.0,0.0,2.0,0.0,v0
1732,2023-03-01,0.1,0.0,0.1,0.0,v0
1733,2023-03-01,0.0,0.02,-0.02,0.0,v0
1733,2023-04-01,0.0,0.01,-0.01,0.0,v0
1733,2023-05-01,0.0,0.11,-0.11,0.0,v0
1733,2023-06-01,0.0,0.17,-0.17,0.0,v0
1733,2023-07-01,0.0,0.03,-0.03,0.0,v0
1733,2023-08-01,0.0,0.02,-0.02,0.0,v0
1733,2023-09-01,0.0,0.06,-0.06,0.0,v0
1733,2023-10-01,0.0,0.03,-0.03,0.0,v0
1733,2023-11-01,0.0,0.03,-0.03,0.0,v0
1733,2023-12-01,0.0,0.04,-0.04,0.0,v0
1734,2023-03-01,0.0,0.05,-0.05,0.0,v0
1734,2023-04-01,0.0,0.16,-0.16,0.0,v0
1734,2023-05-01,0.0,0.08,-0.08,0.0,v0
1734,2023-06-01,0.0,0.28,-0.28,0.0,v0
1734,2023-07-01,0.08,0.0,0.08,0.0,v0
1734,2023-08-01,0.05,0.0,0.05,0.0,v0
1734,2023-09-01,0.01,0.0,0.01,0.0,v0
1734,2023-10-01,0.0,0.11,-0.11,0.0,v0
1735,2023-03-01,0.0,0.08,-0.08,0.0,v0
1736,2023-03-01,0.53,0.06,0.47000000000000003,0.0,v0
1737,2023-03-01,0.04,0.0,0.04,0.0,v0
1737,2023-04-01,0.24,0.0,0.24,0.0,v0
1737,2023-05-01,0.0,0.01,-0.01,0.0,v0
1737,2023-06-01,0.0,0.01,-0.01,0.0,v0
1737,2023-07-01,0.0,0.03,-0.03,0.0,v0
1738,2023-03-01,0.03,0.0,0.03,0.0,v0
1738,2023-04-01,0.07,0.0,0.07,0.0,v0
1739,2023-03-01,0.0,0.33,-0.33,0.0,v0
1739,2023-04-01,0.0,0.12,-0.12,0.0,v0
1739,2023-05-01,0.0,0.33,-0.33,0.0,v0
1739,2023-06-01,0.15,0.0,0.15,0.0,v0
1739,2023-07-01,0.1,0.0,0.1,0.0,v0
1739,2023-08-01,0.17,0.0,0.17,0.0,v0
1740,2023-03-01,0.0,0.02,-0.02,0.0,v0
1741,2023-03-01,0.03,0.02,0.009999999999999998,0.0,v0
1741,2023-04-01,0.03,0.0,0.03,0.0,v0
1741,2023-05-01,0.0,0.04,-0.04,0.0,v0
1741,2023-07-01,0.0,0.01,-0.01,0.0,v0
1742,2023-03-01,0.0,0.01,-0.01,0.0,v0
1743,2023-03-01,0.11,0.28,-0.17000000000000004,0.0,v0
1743,2023-04-01,0.0,0.01,-0.01,0.0,v0
1743,2023-06-01,0.09,0.0,0.09,0.0,v0
1743,2023-07-01,0.04,0.0,0.04,0.0,v0
1743,2023-08-01,0.0,0.01,-0.01,0.0,v0
1744,2023-03-01,0.15,0.0,0.15,0.0,v0
1745,2023-03-01,0.78,0.36,0.42000000000000004,0.0,v0
1745,2023-04-01,0.89,0.45,0.44,0.0,v0
1745,2023-05-01,0.02,0.0,0.02,0.0,v0
1745,2023-06-01,0.07,0.0,0.07,0.0,v0
1746,2023-03-01,0.0,0.02,-0.02,0.0,v0
1747,2023-03-01,0.13,0.0,0.13,0.0,v0
1747,2023-04-01,0.0,0.66,-0.66,0.0,v0
1747,2023-05-01,0.0,0.11,-0.11,0.0,v0
1748,2023-03-01,0.08,0.09,-0.009999999999999995,0.0,v0
1749,2023-03-01,0.0,0.03,-0.03,0.0,v0
1750,2023-03-01,0.0,0.04,-0.04,0.0,v0
1750,2023-06-01,0.0,0.21,-0.21,0.0,v0
1750,2023-07-01,0.0,0.03,-0.03,0.0,v0
1750,2023-08-01,0.0,0.06,-0.06,0.0,v0
1750,2023-09-01,0.0,0.16,-0.16,0.0,v0
1750,2023-10-01,0.0,0.03,-0.03,0.0,v0
1750,2023-11-01,0.0,0.06,-0.06,0.0,v0
1750,2023-12-01,0.0,0.04,-0.04,0.0,v0
1750,2024-02-01,0.0,0.02,-0.02,0.0,v0
1750,2024-03-01,0.0,0.07,-0.07,0.0,v0
1750,2024-04-01,0.0,0.04,-0.04,0.0,v0
1750,2024-05-01,0.0,0.03,-0.03,0.0,v0
1750,2024-06-01,0.0,0.03,-0.03,0.0,v0
1750,2024-07-01,0.0,0.05,-0.05,0.0,v0
1750,2024-08-01,0.0,0.03,-0.03,0.0,v0
1750,2024-10-01,0.0,0.09,-0.09,0.0,v0
1750,2024-12-01,0.0,0.03,-0.03,0.0,v0
1751,2023-03-01,0.09,0.0,0.09,0.0,v0
1751,2023-04-01,0.69,0.0,0.69,0.0,v0
1751,2023-05-01,0.03,0.0,0.03,0.0,v0
1751,2023-06-01,0.86,0.0,0.86,0.0,v0
1751,2023-07-01,0.09,0.0,0.09,0.0,v0
1752,2023-03-01,0.0,0.03,-0.03,0.0,v0
1752,2023-04-01,1.4,0.03,1.3699999999999999,0.0,v0
1752,2023-05-01,0.41,0.0,0.41,0.0,v0
1752,2023-06-01,0.44,0.01,0.43,0.0,v0
1752,2023-07-01,0.93,0.0,0.93,0.0,v0
1753,2023-03-01,0.0,5.2,-5.2,0.0,v0
1753,2023-04-01,0.0,1.1,-1.1,0.0,v0
1753,2023-05-01,0.0,3.1,-3.1,0.0,v0
1753,2023-06-01,0.0,2.2,-2.2,0.0,v0
1754,2023-03-01,0.13,0.07,0.06,0.0,v0
1755,2023-04-01,0.1,0.0,0.1,0.0,v0
1755,2023-05-01,0.04,0.0,0.04,0.0,v0
1755,2023-06-01,0.1,0.0,0.1,0.0,v0
1755,2023-07-01,0.05,0.0,0.05,0.0,v0
1755,2023-08-01,0.03,0.0,0.03,0.0,v0
1755,2023-09-01,0.16,0.0,0.16,0.0,v0
1755,2023-10-01,0.03,0.0,0.03,0.0,v0
1755,2023-11-01,0.06,0.0,0.06,0.0,v0
1755,2023-12-01,0.06,0.02,0.039999999999999994,0.0,v0
1755,2024-01-01,0.3,0.22,0.07999999999999999,0.0,v0
1755,2024-02-01,0.07,0.2,-0.13,0.0,v0
1755,2024-03-01,0.08,0.11,-0.03,0.0,v0
1755,2024-04-01,0.03,0.07,-0.04000000000000001,0.0,v0
1755,2024-05-01,0.12,0.1,0.01999999999999999,0.0,v0
1755,2024-06-01,0.09,0.0,0.09,0.0,v0
1755,2024-07-01,0.0,0.04,-0.04,0.0,v0
1756,2023-03-01,0.0,0.04,-0.04,0.0,v0
1756,2023-04-01,0.0,0.07,-0.07,0.0,v0
1757,2023-03-01,0.0,0.04,-0.04,0.0,v0
1758,2023-03-01,0.06,0.02,0.039999999999999994,0.0,v0
1758,2023-04-01,0.0,0.08,-0.08,0.0,v0
1759,2023-03-01,0.0,0.02,-0.02,0.0,v0
1759,2023-04-01,0.0,0.05,-0.05,0.0,v0
1759,2023-05-01,0.08,0.0,0.08,0.0,v0
1759,2023-06-01,0.0,0.01,-0.01,0.0,v0
1760,2023-03-01,0.01,0.0,0.01,0.0,v0
1760,2023-04-01,0.01,0.0,0.01,0.0,v0
1761,2023-03-01,0.0,0.02,-0.02,0.0,v0
1761,2023-04-01,0.0,0.03,-0.03,0.0,v0
1761,2023-05-01,0.0,0.03,-0.03,0.0,v0
1762,2023-03-01,0.08,0.0,0.08,0.0,v0
1763,2023-03-01,0.02,0.0,0.02,0.0,v0
1763,2023-04-01,0.01,0.0,0.01,0.0,v0
1764,2023-03-01,0.0,0.17,-0.17,0.0,v0
1765,2023-03-01,0.0,0.02,-0.02,0.0,v0
1766,2023-05-01,0.0,0.08,-0.08,0.0,v0
1766,2023-06-01,0.0,0.14,-0.14,0.0,v0
1766,2023-07-01,0.0,0.13,-0.13,0.0,v0
1766,2023-08-01,0.0,0.39,-0.39,0.0,v0
1766,2023-09-01,0.02,0.0,0.02,0.0,v0
1766,2023-10-01,0.0,0.03,-0.03,0.0,v0
1766,2023-11-01,0.0,0.05,-0.05,0.0,v0
1766,2023-12-01,0.0,0.13,-0.13,0.0,v0
1766,2024-01-01,0.0,0.02,-0.02,0.0,v0
1766,2024-02-01,0.0,0.03,-0.03,0.0,v0
1766,2024-03-01,0.0,0.05,-0.05,0.0,v0
1766,2024-04-01,0.0,0.03,-0.03,0.0,v0
1767,2023-03-01,0.0,0.02,-0.02,0.0,v0
1768,2023-03-01,0.0,0.01,-0.01,0.0,v0
1769,2023-03-01,0.0,0.04,-0.04,0.0,v0
1770,2023-04-01,0.02,0.0,0.02,0.0,v0
1770,2023-05-01,0.03,0.0,0.03,0.0,v0
1770,2023-06-01,0.02,0.0,0.02,0.0,v0
1770,2023-07-01,0.02,0.0,0.02,0.0,v0
1770,2023-08-01,0.03,0.02,0.009999999999999998,0.0,v0
1770,2023-09-01,0.0,0.03,-0.03,0.0,v0
1770,2023-10-01,0.01,0.01,0.0,0.0,v0
1770,2023-11-01,0.01,0.01,0.0,0.0,v0
1770,2023-12-01,0.0,0.01,-0.01,0.0,v0
1770,2024-01-01,0.0,0.01,-0.01,0.0,v0
1770,2024-02-01,0.03,0.0,0.03,0.0,v0
1770,2024-03-01,0.06,0.03,0.03,0.0,v0
1771,2023-05-01,0.0,0.56,-0.56,0.0,v0
1771,2023-06-01,0.0,0.68,-0.68,0.0,v0
1771,2023-07-01,0.0,0.51,-0.51,0.0,v0
1771,2023-08-01,0.0,0.3,-0.3,0.0,v0
1771,2023-09-01,0.0,0.27,-0.27,0.0,v0
1771,2023-10-01,0.0,0.42,-0.42,0.0,v0
1771,2023-11-01,0.0,0.48,-0.48,0.0,v0
1771,2023-12-01,0.0,0.45,-0.45,0.0,v0
1771,2024-01-01,0.0,0.41,-0.41,0.0,v0
1771,2024-02-01,0.0,0.16,-0.16,0.0,v0
1772,2023-03-01,0.0,0.01,-0.01,0.0,v0
1773,2023-03-01,0.03,0.0,0.03,0.0,v0
1773,2023-04-01,0.04,0.0,0.04,0.0,v0
1773,2023-05-01,0.04,0.0,0.04,0.0,v0
1774,2023-03-01,0.03,0.0,0.03,0.0,v0
1774,2023-05-01,0.0,0.01,-0.01,0.0,v0
1774,2024-09-01,0.06,0.0,0.06,0.0,v0
1774,2024-10-01,0.14,0.0,0.14,0.0,v0
1774,2024-12-01,0.34,0.0,0.34,0.0,v0
1775,2023-03-01,0.0,0.04,-0.04,0.0,v0
1775,2023-04-01,0.0,0.01,-0.01,0.0,v0
1776,2023-03-01,0.97,0.02,0.95,0.0,v0
1776,2023-04-01,1.1,0.0,1.1,0.0,v0
1776,2023-05-01,0.61,0.03,0.58,0.0,v0
1776,2023-06-01,0.91,0.07,0.8400000000000001,0.0,v0
1776,2023-07-01,0.05,0.0,0.05,0.0,v0
1776,2023-08-01,1.5,0.0,1.5,0.0,v0
1776,2023-10-01,1.1,0.0,1.1,0.0,v0
1776,2024-01-01,0.94,0.01,0.9299999999999999,0.0,v0
1776,2024-02-01,0.5,0.01,0.49,0.0,v0
1776,2024-03-01,0.59,0.0,0.59,0.0,v0
1776,2024-04-01,0.27,0.0,0.27,0.0,v0
1776,2024-05-01,0.45,0.0,0.45,0.0,v0
1776,2024-06-01,0.03,0.0,0.03,0.0,v0
1776,2024-07-01,0.28,0.0,0.28,0.0,v0
1776,2024-09-01,0.39,0.0,0.39,0.0,v0
1776,2024-10-01,0.06,0.0,0.06,0.0,v0
1776,2024-11-01,0.23,0.07,0.16,0.0,v0
1776,2024-12-01,0.16,0.12,0.04000000000000001,0.0,v0
1777,2023-03-01,0.0,1.3,-1.3,0.0,v0
1778,2023-03-01,0.0,0.04,-0.04,0.0,v0
1778,2023-04-01,0.0,0.04,-0.04,0.0,v0
1778,2023-05-01,0.0,0.01,-0.01,0.0,v0
1778,2023-06-01,0.0,0.03,-0.03,0.0,v0
1779,2023-03-01,0.0,0.18,-0.18,0.0,v0
1779,2023-04-01,0.0,0.06,-0.06,0.0,v0
1779,2023-05-01,0.0,0.12,-0.12,0.0,v0
1779,2023-06-01,0.0,0.11,-0.11,0.0,v0
1780,2023-03-01,0.0,0.04,-0.04,0.0,v0
1780,2023-10-01,0.0,0.03,-0.03,0.0,v0
1780,2024-12-01,0.1,0.0,0.1,0.0,v0
1781,2023-03-01,0.06,0.19,-0.13,0.0,v0
1781,2023-04-01,0.0,0.35,-0.35,0.0,v0
1781,2023-05-01,0.41,1.7,-1.29,0.0,v0
1781,2023-06-01,0.07,0.24,-0.16999999999999998,0.0,v0
1781,2023-11-01,0.0,0.58,-0.58,0.0,v0
1781,2024-01-01,0.1,0.28,-0.18000000000000002,0.0,v0
1781,2024-03-01,0.08,0.22,-0.14,0.0,v0
1781,2024-04-01,0.0,0.28,-0.28,0.0,v0
1781,2024-10-01,0.0,0.19,-0.19,0.0,v0
1781,2024-11-01,0.0,0.46,-0.46,0.0,v0
1781,2024-12-01,0.0,0.52,-0.52,0.0,v0
1782,2023-03-01,0.0,0.1,-0.1,0.0,v0
1782,2023-05-01,0.0,0.02,-0.02,0.0,v0
1782,2023-06-01,0.0,0.21,-0.21,0.0,v0
1782,2023-07-01,0.0,0.1,-0.1,0.0,v0
1782,2023-08-01,0.0,0.04,-0.04,0.0,v0
1782,2023-09-01,0.0,0.07,-0.07,0.0,v0
1783,2023-04-01,0.0,0.02,-0.02,0.0,v0
1783,2023-05-01,0.0,0.01,-0.01,0.0,v0
1783,2023-06-01,0.0,0.01,-0.01,0.0,v0
1783,2023-07-01,0.0,0.01,-0.01,0.0,v0
1784,2023-04-01,0.34,0.0,0.34,0.0,v0
1784,2023-05-01,0.0,0.01,-0.01,0.0,v0
1784,2023-06-01,0.0,0.01,-0.01,0.0,v0
1784,2023-07-01,0.01,0.0,0.01,0.0,v0
1785,2023-04-01,0.0,0.27,-0.27,0.0,v0
1785,2023-05-01,0.0,0.15,-0.15,0.0,v0
1785,2023-06-01,0.0,0.26,-0.26,0.0,v0
1785,2023-07-01,0.0,0.01,-0.01,0.0,v0
1785,2023-08-01,0.0,0.07,-0.07,0.0,v0
1785,2023-09-01,0.0,0.12,-0.12,0.0,v0
1785,2023-10-01,0.0,0.02,-0.02,0.0,v0
1785,2023-11-01,0.0,0.03,-0.03,0.0,v0
1785,2023-12-01,0.0,0.02,-0.02,0.0,v0
1785,2024-01-01,0.0,0.01,-0.01,0.0,v0
1786,2023-04-01,0.0,0.01,-0.01,0.0,v0
1786,2023-05-01,0.01,0.0,0.01,0.0,v0
1786,2023-06-01,0.05,0.0,0.05,0.0,v0
1786,2023-07-01,0.05,0.0,0.05,0.0,v0
1786,2023-09-01,0.0,0.02,-0.02,0.0,v0
1787,2023-04-01,0.01,0.16,-0.15,0.0,v0
1787,2023-05-01,0.02,0.35,-0.32999999999999996,0.0,v0
1788,2023-04-01,0.0,0.06,-0.06,0.0,v0
1789,2023-04-01,0.0,0.06,-0.06,0.0,v0
1789,2023-05-01,0.0,0.01,-0.01,0.0,v0
1789,2023-06-01,0.0,0.01,-0.01,0.0,v0
1790,2023-04-01,0.0,0.01,-0.01,0.0,v0
1790,2023-05-01,0.0,0.02,-0.02,0.0,v0
1790,2023-06-01,0.0,0.01,-0.01,0.0,v0
1790,2023-07-01,0.0,0.02,-0.02,0.0,v0
1790,2023-08-01,0.0,0.02,-0.02,0.0,v0
1791,2023-04-01,0.0,0.05,-0.05,0.0,v0
1792,2023-04-01,0.68,0.0,0.68,0.0,v0
1792,2023-05-01,0.03,0.0,0.03,0.0,v0
1793,2023-04-01,0.0,0.02,-0.02,0.0,v0
1793,2023-10-01,0.0,0.05,-0.05,0.0,v0
1793,2024-01-01,0.0,0.02,-0.02,0.0,v0
1794,2023-04-01,0.0,0.94,-0.94,0.0,v0
1794,2023-05-01,0.0,0.61,-0.61,0.0,v0
1794,2023-06-01,0.02,0.57,-0.5499999999999999,0.0,v0
1794,2023-07-01,0.06,0.59,-0.53,0.0,v0
1794,2023-08-01,0.0,0.21,-0.21,0.0,v0
1794,2023-09-01,0.02,0.24,-0.22,0.0,v0
1795,2023-04-01,0.0,0.06,-0.06,0.0,v0
1796,2023-04-01,0.0,0.04,-0.04,0.0,v0
1796,2023-05-01,0.0,0.04,-0.04,0.0,v0
1796,2023-06-01,0.0,0.08,-0.08,0.0,v0
1796,2023-08-01,0.0,0.08,-0.08,0.0,v0
1796,2023-09-01,0.0,0.04,-0.04,0.0,v0
1796,2023-10-01,0.0,0.04,-0.04,0.0,v0
1796,2023-11-01,0.0,0.04,-0.04,0.0,v0
1796,2023-12-01,0.0,0.07,-0.07,0.0,v0
1796,2024-02-01,0.0,0.03,-0.03,0.0,v0
1796,2024-03-01,0.0,0.1,-0.1,0.0,v0
1796,2024-04-01,0.0,0.04,-0.04,0.0,v0
1796,2024-05-01,0.0,0.1,-0.1,0.0,v0
1796,2024-06-01,0.0,0.07,-0.07,0.0,v0
1796,2024-08-01,0.0,0.03,-0.03,0.0,v0
1796,2024-09-01,0.0,0.06,-0.06,0.0,v0
1796,2024-10-01,0.0,0.03,-0.03,0.0,v0
1796,2024-11-01,0.0,0.07,-0.07,0.0,v0
1796,2024-12-01,0.0,0.06,-0.06,0.0,v0
1797,2023-04-01,0.19,0.0,0.19,0.0,v0
1798,2023-04-01,0.01,0.0,0.01,0.0,v0
1799,2023-04-01,2.5,0.28,2.2199999999999998,0.0,v0
1800,2023-04-01,0.0,0.01,-0.01,0.0,v0
1801,2023-04-01,0.0,0.15,-0.15,0.0,v0
1801,2023-05-01,0.0,0.01,-0.01,0.0,v0
1801,2023-06-01,0.0,0.01,-0.01,0.0,v0
1802,2023-04-01,0.05,0.0,0.05,0.0,v0
1802,2023-05-01,0.1,0.0,0.1,0.0,v0
1802,2023-06-01,0.02,0.0,0.02,0.0,v0
1802,2023-07-01,0.07,0.0,0.07,0.0,v0
1802,2023-09-01,0.02,0.0,0.02,0.0,v0
1802,2023-10-01,0.02,0.0,0.02,0.0,v0
1802,2023-11-01,0.02,0.0,0.02,0.0,v0
1802,2023-12-01,0.07,0.0,0.07,0.0,v0
1802,2024-01-01,0.01,0.0,0.01,0.0,v0
1802,2024-02-01,0.08,0.0,0.08,0.0,v0
1803,2023-04-01,0.0,0.04,-0.04,0.0,v0
1804,2023-04-01,0.0,0.06,-0.06,0.0,v0
1805,2023-04-01,0.1,0.0,0.1,0.0,v0
1806,2023-04-01,0.05,0.0,0.05,0.0,v0
1806,2023-05-01,0.04,0.0,0.04,0.0,v0
1806,2023-06-01,0.01,0.0,0.01,0.0,v0
1806,2023-07-01,0.02,0.0,0.02,0.0,v0
1806,2023-08-01,0.03,0.0,0.03,0.0,v0
1806,2024-02-01,0.02,0.0,0.02,0.0,v0
1806,2024-04-01,0.09,0.0,0.09,0.0,v0
1806,2024-06-01,0.1,0.0,0.1,0.0,v0
1806,2024-07-01,0.16,0.0,0.16,0.0,v0
1806,2024-09-01,0.01,0.0,0.01,0.0,v0
1806,2024-10-01,0.12,0.0,0.12,0.0,v0
1807,2023-04-01,0.02,0.0,0.02,0.0,v0
1807,2023-05-01,0.06,0.0,0.06,0.0,v0
1808,2023-04-01,0.04,0.0,0.04,0.0,v0
1809,2023-04-01,0.02,0.0,0.02,0.0,v0
1809,2023-05-01,0.02,0.0,0.02,0.0,v0
1810,2023-04-01,0.01,0.0,0.01,0.0,v0
1811,2023-04-01,0.1,0.0,0.1,0.0,v0
1811,2023-05-01,0.13,0.0,0.13,0.0,v0
1811,2023-06-01,0.06,0.13,-0.07,0.0,v0
1811,2023-07-01,0.04,0.0,0.04,0.0,v0
1811,2023-08-01,0.6,0.0,0.6,0.0,v0
1811,2023-09-01,0.02,0.0,0.02,0.0,v0
1811,2023-10-01,0.1,0.0,0.1,0.0,v0
1811,2023-11-01,0.02,0.0,0.02,0.0,v0
1812,2023-04-01,0.09,0.02,0.06999999999999999,0.0,v0
1813,2023-04-01,0.0,0.03,-0.03,0.0,v0
1814,2023-04-01,0.02,0.0,0.02,0.0,v0
1815,2023-04-01,0.02,0.0,0.02,0.0,v0
1816,2023-04-01,0.0,0.01,-0.01,0.0,v0
1816,2023-05-01,0.0,0.03,-0.03,0.0,v0
1816,2023-06-01,0.0,0.03,-0.03,0.0,v0
1816,2023-07-01,0.0,0.02,-0.02,0.0,v0
1817,2023-04-01,0.0,0.25,-0.25,0.0,v0
1817,2023-05-01,0.0,0.46,-0.46,0.0,v0
1817,2023-06-01,0.0,0.47,-0.47,0.0,v0
1818,2023-04-01,0.0,0.4,-0.4,0.0,v0
1818,2023-05-01,0.02,0.0,0.02,0.0,v0
1818,2023-07-01,26.0,0.03,25.97,0.0,v0
1818,2023-08-01,0.01,0.0,0.01,0.0,v0
1818,2023-09-01,0.0,0.23,-0.23,0.0,v0
1818,2023-10-01,18.0,0.04,17.96,0.0,v0
1818,2023-11-01,22.0,0.12,21.88,0.0,v0
1818,2023-12-01,17.0,0.13,16.87,0.0,v0
1819,2023-04-01,0.73,0.0,0.73,0.0,v0
1819,2023-05-01,0.54,0.0,0.54,0.0,v0
1820,2023-04-01,0.1,0.0,0.1,0.0,v0
1820,2023-05-01,0.08,0.0,0.08,0.0,v0
1820,2023-06-01,0.13,0.0,0.13,0.0,v0
1820,2023-07-01,0.11,0.0,0.11,0.0,v0
1820,2023-08-01,0.08,0.0,0.08,0.0,v0
1820,2023-09-01,0.16,0.0,0.16,0.0,v0
1820,2023-10-01,0.07,0.0,0.07,0.0,v0
1820,2023-11-01,0.05,0.0,0.05,0.0,v0
1820,2023-12-01,0.04,0.0,0.04,0.0,v0
1820,2024-01-01,0.15,0.0,0.15,0.0,v0
1820,2024-02-01,0.11,0.0,0.11,0.0,v0
1820,2024-03-01,0.11,0.0,0.11,0.0,v0
1820,2024-04-01,0.07,0.0,0.07,0.0,v0
1820,2024-05-01,0.29,0.0,0.29,0.0,v0
1820,2024-06-01,0.16,0.0,0.16,0.0,v0
1820,2024-07-01,0.15,0.0,0.15,0.0,v0
1820,2024-08-01,0.15,0.0,0.15,0.0,v0
1820,2024-09-01,0.2,0.0,0.2,0.0,v0
1820,2024-10-01,0.12,0.0,0.12,0.0,v0
1820,2024-11-01,0.06,0.0,0.06,0.0,v0
1820,2024-12-01,0.13,0.0,0.13,0.0,v0
1821,2023-04-01,0.0,0.02,-0.02,0.0,v0
1821,2023-05-01,0.0,0.04,-0.04,0.0,v0
1821,2023-09-01,0.0,0.1,-0.1,0.0,v0
1821,2023-11-01,0.0,0.03,-0.03,0.0,v0
1821,2023-12-01,0.0,0.01,-0.01,0.0,v0
1822,2023-04-01,0.07,0.0,0.07,0.0,v0
1823,2023-04-01,0.0,0.09,-0.09,0.0,v0
1823,2023-05-01,0.0,0.02,-0.02,0.0,v0
1824,2023-04-01,0.0,0.03,-0.03,0.0,v0
1824,2023-05-01,0.0,0.01,-0.01,0.0,v0
1825,2023-04-01,0.0,0.15,-0.15,0.0,v0
1825,2023-05-01,0.0,0.26,-0.26,0.0,v0
1825,2023-06-01,0.0,0.3,-0.3,0.0,v0
1826,2023-04-01,0.0,0.83,-0.83,0.0,v0
1827,2023-04-01,0.03,0.0,0.03,0.0,v0
1827,2023-05-01,0.21,0.0,0.21,0.0,v0
1827,2023-06-01,0.03,0.0,0.03,0.0,v0
1827,2023-07-01,0.09,0.0,0.09,0.0,v0
1827,2023-08-01,0.2,0.0,0.2,0.0,v0
1827,2023-09-01,0.0,0.11,-0.11,0.0,v0
1827,2023-10-01,0.07,0.0,0.07,0.0,v0
1827,2023-11-01,0.0,0.07,-0.07,0.0,v0
1827,2023-12-01,0.01,0.0,0.01,0.0,v0
1827,2024-01-01,0.01,0.0,0.01,0.0,v0
1827,2024-02-01,0.01,0.0,0.01,0.0,v0
1827,2024-03-01,0.09,0.0,0.09,0.0,v0
1827,2024-04-01,0.14,0.0,0.14,0.0,v0
1827,2024-05-01,0.0,1.0,-1.0,0.0,v0
1827,2024-06-01,0.0,0.94,-0.94,0.0,v0
1827,2024-07-01,0.13,0.0,0.13,0.0,v0
1827,2024-08-01,0.18,0.0,0.18,0.0,v0
1827,2024-09-01,0.0,1.1,-1.1,0.0,v0
1827,2024-10-01,0.02,0.72,-0.7,0.0,v0
1827,2024-11-01,0.01,0.0,0.01,0.0,v0
1827,2024-12-01,0.04,0.0,0.04,0.0,v0
1828,2023-04-01,0.01,0.0,0.01,0.0,v0
1828,2023-05-01,0.01,0.0,0.01,0.0,v0
1828,2023-06-01,0.05,0.0,0.05,0.0,v0
1828,2023-07-01,0.02,0.0,0.02,0.0,v0
1829,2023-04-01,0.01,0.0,0.01,0.0,v0
1830,2023-04-01,0.08,0.0,0.08,0.0,v0
1830,2023-05-01,0.09,0.0,0.09,0.0,v0
1830,2023-06-01,0.01,0.01,0.0,0.0,v0
1830,2023-07-01,0.07,0.0,0.07,0.0,v0
1831,2023-04-01,0.0,28.0,-28.0,0.0,v0
1832,2023-04-01,0.06,0.07,-0.010000000000000009,0.0,v0
1833,2023-04-01,0.0,0.25,-0.25,0.0,v0
1833,2023-05-01,0.0,0.33,-0.33,0.0,v0
1834,2023-04-01,0.03,0.0,0.03,0.0,v0
1835,2023-04-01,0.0,0.03,-0.03,0.0,v0
1836,2023-06-01,0.05,0.0,0.05,0.0,v0
1836,2023-07-01,0.06,0.01,0.049999999999999996,0.0,v0
1836,2023-08-01,0.15,0.0,0.15,0.0,v0
1836,2023-09-01,0.57,0.0,0.57,0.0,v0
1836,2023-10-01,0.0,0.26,-0.26,0.0,v0
1836,2023-11-01,0.0,0.23,-0.23,0.0,v0
1836,2023-12-01,0.65,0.0,0.65,0.0,v0
1836,2024-01-01,0.0,0.62,-0.62,0.0,v0
1836,2024-02-01,0.0,0.3,-0.3,0.0,v0
1836,2024-03-01,0.0,0.31,-0.31,0.0,v0
1836,2024-04-01,0.0,0.32,-0.32,0.0,v0
1836,2024-05-01,0.0,0.3,-0.3,0.0,v0
1836,2024-06-01,0.0,0.24,-0.24,0.0,v0
1836,2024-07-01,0.0,0.49,-0.49,0.0,v0
1836,2024-08-01,0.17,0.0,0.17,0.0,v0
1836,2024-09-01,0.0,0.31,-0.31,0.0,v0
1836,2024-10-01,0.0,0.44,-0.44,0.0,v0
1836,2024-11-01,0.17,0.0,0.17,0.0,v0
1837,2023-04-01,0.0,0.01,-0.01,0.0,v0
1837,2023-05-01,0.0,0.1,-0.1,0.0,v0
1837,2023-06-01,0.33,0.01,0.32,0.0,v0
1837,2023-07-01,0.0,0.04,-0.04,0.0,v0
1837,2023-08-01,0.0,0.05,-0.05,0.0,v0
1837,2023-09-01,0.0,0.04,-0.04,0.0,v0
1837,2023-10-01,0.0,0.1,-0.1,0.0,v0
1837,2023-11-01,0.0,0.08,-0.08,0.0,v0
1837,2023-12-01,0.0,0.19,-0.19,0.0,v0
1837,2024-01-01,0.42,0.01,0.41,0.0,v0
1837,2024-02-01,0.0,0.19,-0.19,0.0,v0
1838,2023-05-01,0.0,0.15,-0.15,0.0,v0
1838,2023-06-01,0.0,0.06,-0.06,0.0,v0
1838,2023-07-01,0.0,0.1,-0.1,0.0,v0
1838,2023-08-01,0.0,0.05,-0.05,0.0,v0
1838,2023-09-01,0.0,0.11,-0.11,0.0,v0
1838,2023-10-01,0.0,0.02,-0.02,0.0,v0
1838,2023-11-01,0.0,0.06,-0.06,0.0,v0
1838,2023-12-01,0.0,0.04,-0.04,0.0,v0
1838,2024-01-01,0.0,0.04,-0.04,0.0,v0
1838,2024-02-01,0.0,0.04,-0.04,0.0,v0
1838,2024-03-01,0.0,0.06,-0.06,0.0,v0
1838,2024-04-01,0.0,0.1,-0.1,0.0,v0
1838,2024-05-01,0.0,0.07,-0.07,0.0,v0
1838,2024-06-01,0.0,0.03,-0.03,0.0,v0
1838,2024-07-01,0.0,0.08,-0.08,0.0,v0
1838,2024-08-01,0.0,0.05,-0.05,0.0,v0
1838,2024-09-01,0.0,0.05,-0.05,0.0,v0
1838,2024-10-01,0.0,0.03,-0.03,0.0,v0
1838,2024-11-01,0.0,0.07,-0.07,0.0,v0
1838,2024-12-01,0.08,0.08,0.0,0.0,v0
1839,2023-04-01,0.31,0.57,-0.25999999999999995,0.0,v0
1839,2023-05-01,0.01,0.34,-0.33,0.0,v0
1839,2023-06-01,2.0,0.76,1.24,0.0,v0
1839,2023-07-01,1.1,0.42,0.6800000000000002,0.0,v0
1839,2023-08-01,2.8,0.76,2.04,0.0,v0
1839,2023-09-01,2.2,0.54,1.6600000000000001,0.0,v0
1839,2023-10-01,2.7,0.6,2.1,0.0,v0
1839,2023-11-01,3.2,0.3,2.9000000000000004,0.0,v0
1839,2024-01-01,0.0,0.06,-0.06,0.0,v0
1839,2024-02-01,0.0,0.02,-0.02,0.0,v0
1840,2023-04-01,0.0,0.05,-0.05,0.0,v0
1841,2023-04-01,0.0,0.02,-0.02,0.0,v0
1842,2023-04-01,0.0,0.31,-0.31,0.0,v0
1842,2023-05-01,0.0,0.35,-0.35,0.0,v0
1842,2023-06-01,0.0,0.25,-0.25,0.0,v0
1842,2023-07-01,0.0,0.02,-0.02,0.0,v0
1843,2023-04-01,0.02,0.0,0.02,0.0,v0
1843,2023-05-01,0.01,0.0,0.01,0.0,v0
1844,2023-04-01,0.02,0.02,0.0,0.0,v0
1844,2023-05-01,0.1,0.04,0.060000000000000005,0.0,v0
1845,2023-04-01,0.01,0.0,0.01,0.0,v0
1846,2023-04-01,0.0,0.14,-0.14,0.0,v0
1846,2023-05-01,0.0,0.1,-0.1,0.0,v0
1846,2023-07-01,0.0,0.02,-0.02,0.0,v0
1846,2023-08-01,0.0,0.1,-0.1,0.0,v0
1846,2023-09-01,0.0,0.02,-0.02,0.0,v0
1847,2023-04-01,0.01,0.0,0.01,0.0,v0
1848,2023-04-01,0.09,0.0,0.09,0.0,v0
1848,2023-07-01,0.07,0.0,0.07,0.0,v0
1848,2023-08-01,0.06,0.0,0.06,0.0,v0
1848,2024-04-01,0.09,0.0,0.09,0.0,v0
1848,2024-07-01,0.04,0.0,0.04,0.0,v0
1848,2024-10-01,0.03,0.0,0.03,0.0,v0
1848,2024-11-01,0.05,0.0,0.05,0.0,v0
1849,2023-04-01,0.0,0.01,-0.01,0.0,v0
1850,2023-04-01,0.0,0.07,-0.07,0.0,v0
1851,2023-04-01,0.0,0.17,-0.17,0.0,v0
1852,2023-04-01,0.0,0.08,-0.08,0.0,v0
1852,2023-05-01,0.0,0.4,-0.4,0.0,v0
1853,2023-04-01,0.01,0.0,0.01,0.0,v0
1853,2023-05-01,0.21,0.0,0.21,0.0,v0
1854,2023-04-01,3.8,13.0,-9.2,0.0,v0
1854,2023-06-01,0.0,0.36,-0.36,0.0,v0
1854,2023-07-01,0.0,0.71,-0.71,0.0,v0
1854,2023-08-01,0.0,0.39,-0.39,0.0,v0
1854,2023-09-01,0.0,0.15,-0.15,0.0,v0
1854,2023-10-01,0.0,0.47,-0.47,0.0,v0
1854,2023-11-01,0.0,0.46,-0.46,0.0,v0
1854,2023-12-01,0.0,0.26,-0.26,0.0,v0
1854,2024-01-01,0.0,0.49,-0.49,0.0,v0
1854,2024-02-01,0.0,0.6,-0.6,0.0,v0
1854,2024-03-01,0.0,0.17,-0.17,0.0,v0
1854,2024-04-01,0.0,0.24,-0.24,0.0,v0
1855,2023-04-01,1.1,0.0,1.1,0.0,v0
1855,2023-05-01,2.0,0.0,2.0,0.0,v0
1855,2023-06-01,5.3,0.0,5.3,0.0,v0
1855,2023-07-01,5.3,0.0,5.3,0.0,v0
1855,2023-08-01,3.7,0.0,3.7,0.0,v0
1855,2023-09-01,3.1,0.0,3.1,0.0,v0
1855,2023-10-01,2.0,0.0,2.0,0.0,v0
1855,2023-11-01,2.5,0.0,2.5,0.0,v0
1855,2024-01-01,2.7,0.0,2.7,0.0,v0
1855,2024-02-01,1.2,0.0,1.2,0.0,v0
1855,2024-03-01,1.6,0.0,1.6,0.0,v0
1855,2024-04-01,2.3,0.0,2.3,0.0,v0
1855,2024-05-01,0.0,3.4,-3.4,0.0,v0
1855,2024-06-01,0.0,3.4,-3.4,0.0,v0
1855,2024-08-01,0.0,3.2,-3.2,0.0,v0
1855,2024-09-01,0.71,0.0,0.71,0.0,v0
1855,2024-10-01,2.3,0.0,2.3,0.0,v0
1855,2024-11-01,1.0,0.0,1.0,0.0,v0
1855,2024-12-01,1.8,0.0,1.8,0.0,v0
1856,2023-04-01,0.0,0.05,-0.05,0.0,v0
1857,2023-04-01,0.0,19.0,-19.0,0.0,v0
1857,2023-05-01,0.0,0.02,-0.02,0.0,v0
1857,2023-06-01,7.9,0.0,7.9,0.0,v0
1857,2023-07-01,5.8,0.0,5.8,0.0,v0
1857,2023-08-01,9.3,0.0,9.3,0.0,v0
1858,2023-04-01,0.0,1.5,-1.5,0.0,v0
1858,2023-10-01,0.0,0.1,-0.1,0.0,v0
1858,2024-06-01,0.0,0.62,-0.62,0.0,v0
1859,2023-05-01,0.27,0.0,0.27,0.0,v0
1860,2023-05-01,0.42,0.0,0.42,0.0,v0
1860,2023-06-01,0.2,0.0,0.2,0.0,v0
1860,2023-07-01,0.4,0.0,0.4,0.0,v0
1860,2023-09-01,0.26,0.0,0.26,0.0,v0
1860,2023-10-01,0.23,0.0,0.23,0.0,v0
1860,2023-11-01,0.14,0.0,0.14,0.0,v0
1860,2023-12-01,0.4,0.0,0.4,0.0,v0
1860,2024-03-01,0.18,0.0,0.18,0.0,v0
1860,2024-04-01,0.12,0.0,0.12,0.0,v0
1860,2024-10-01,0.13,0.0,0.13,0.0,v0
1860,2024-12-01,0.51,0.0,0.51,0.0,v0
1861,2023-05-01,0.88,0.05,0.83,0.0,v0
1861,2023-06-01,0.04,0.19,-0.15,0.0,v0
1862,2023-05-01,0.0,0.04,-0.04,0.0,v0
1863,2023-05-01,0.0,0.14,-0.14,0.0,v0
1863,2023-06-01,0.0,0.02,-0.02,0.0,v0
1863,2023-07-01,0.0,0.06,-0.06,0.0,v0
1863,2023-08-01,0.0,0.05,-0.05,0.0,v0
1863,2023-09-01,0.0,0.02,-0.02,0.0,v0
1863,2023-10-01,0.0,0.09,-0.09,0.0,v0
1863,2023-11-01,0.0,0.03,-0.03,0.0,v0
1863,2024-01-01,0.0,0.03,-0.03,0.0,v0
1863,2024-02-01,0.0,0.01,-0.01,0.0,v0
1863,2024-03-01,0.0,0.01,-0.01,0.0,v0
1863,2024-04-01,0.0,0.03,-0.03,0.0,v0
1863,2024-05-01,0.0,0.02,-0.02,0.0,v0
1863,2024-06-01,0.0,0.07,-0.07,0.0,v0
1863,2024-07-01,0.0,0.05,-0.05,0.0,v0
1863,2024-08-01,0.0,0.15,-0.15,0.0,v0
1863,2024-09-01,0.0,0.01,-0.01,0.0,v0
1863,2024-10-01,0.0,0.04,-0.04,0.0,v0
1863,2024-11-01,0.0,0.04,-0.04,0.0,v0
1863,2024-12-01,0.0,0.02,-0.02,0.0,v0
1864,2023-05-01,0.28,1.8,-1.52,0.0,v0
1864,2023-06-01,0.0,0.52,-0.52,0.0,v0
1864,2023-07-01,0.0,0.25,-0.25,0.0,v0
1864,2023-08-01,0.01,0.41,-0.39999999999999997,0.0,v0
1864,2023-09-01,0.04,0.22,-0.18,0.0,v0
1864,2023-10-01,0.0,0.73,-0.73,0.0,v0
1864,2024-04-01,0.0,0.91,-0.91,0.0,v0
1864,2024-05-01,0.0,0.13,-0.13,0.0,v0
1864,2024-10-01,0.0,2.3,-2.3,0.0,v0
1865,2023-05-01,0.0,0.1,-0.1,0.0,v0
1865,2023-06-01,0.0,0.06,-0.06,0.0,v0
1865,2023-07-01,0.0,0.03,-0.03,0.0,v0
1866,2023-05-01,0.08,0.0,0.08,0.0,v0
1866,2023-06-01,0.01,0.0,0.01,0.0,v0
1866,2023-07-01,0.0,0.02,-0.02,0.0,v0
1867,2023-05-01,0.0,0.02,-0.02,0.0,v0
1867,2023-06-01,0.0,0.22,-0.22,0.0,v0
1867,2023-07-01,0.01,0.04,-0.03,0.0,v0
1867,2023-08-01,0.01,0.01,0.0,0.0,v0
1867,2023-09-01,0.09,0.38,-0.29000000000000004,0.0,v0
1867,2023-10-01,0.07,0.28,-0.21000000000000002,0.0,v0
1868,2023-05-01,0.0,0.03,-0.03,0.0,v0
1868,2023-06-01,0.03,0.03,0.0,0.0,v0
1869,2023-05-01,0.14,0.0,0.14,0.0,v0
1869,2023-06-01,0.22,0.0,0.22,0.0,v0
1869,2023-07-01,0.29,0.0,0.29,0.0,v0
1869,2023-08-01,0.41,0.0,0.41,0.0,v0
1870,2023-05-01,6.8,0.27,6.529999999999999,0.0,v0
1871,2023-05-01,0.46,0.0,0.46,0.0,v0
1871,2023-06-01,0.29,0.0,0.29,0.0,v0
1871,2023-07-01,0.13,0.0,0.13,0.0,v0
1871,2023-08-01,0.0,0.11,-0.11,0.0,v0
1871,2023-09-01,0.0,0.07,-0.07,0.0,v0
1872,2023-05-01,0.0,0.01,-0.01,0.0,v0
1872,2023-06-01,0.03,0.0,0.03,0.0,v0
1872,2023-07-01,0.09,0.02,0.06999999999999999,0.0,v0
1873,2023-05-01,0.01,0.0,0.01,0.0,v0
1873,2023-06-01,0.0,0.02,-0.02,0.0,v0
1873,2023-07-01,0.0,0.02,-0.02,0.0,v0
1873,2023-08-01,0.0,1.0,-1.0,0.0,v0
1873,2023-09-01,0.0,2.0,-2.0,0.0,v0
1873,2023-10-01,0.0,0.15,-0.15,0.0,v0
1873,2023-11-01,0.28,1.8,-1.52,0.0,v0
1873,2023-12-01,0.0,1.3,-1.3,0.0,v0
1873,2024-01-01,0.0,1.2,-1.2,0.0,v0
1873,2024-02-01,0.25,1.1,-0.8500000000000001,0.0,v0
1874,2023-05-01,0.07,0.0,0.07,0.0,v0
1875,2023-05-01,0.0,0.2,-0.2,0.0,v0
1876,2023-05-01,0.03,0.07,-0.04000000000000001,0.0,v0
1877,2024-02-01,0.0,0.01,-0.01,0.0,v0
1877,2024-03-01,0.0,0.01,-0.01,0.0,v0
1877,2024-04-01,0.0,0.02,-0.02,0.0,v0
1877,2024-05-01,0.0,0.09,-0.09,0.0,v0
1877,2024-07-01,0.0,0.01,-0.01,0.0,v0
1877,2024-09-01,0.0,0.03,-0.03,0.0,v0
1877,2024-10-01,0.0,0.01,-0.01,0.0,v0
1878,2023-06-01,0.0,0.01,-0.01,0.0,v0
1878,2023-07-01,0.0,0.02,-0.02,0.0,v0
1878,2023-09-01,0.01,0.0,0.01,0.0,v0
1878,2023-10-01,0.0,0.05,-0.05,0.0,v0
1878,2023-11-01,0.01,0.02,-0.01,0.0,v0
1878,2023-12-01,0.01,0.0,0.01,0.0,v0
1878,2024-01-01,0.0,0.01,-0.01,0.0,v0
1878,2024-02-01,0.0,0.02,-0.02,0.0,v0
1878,2024-03-01,0.0,0.01,-0.01,0.0,v0
1878,2024-04-01,0.0,0.02,-0.02,0.0,v0
1878,2024-06-01,0.0,0.01,-0.01,0.0,v0
1878,2024-07-01,0.0,0.06,-0.06,0.0,v0
1878,2024-09-01,0.0,0.06,-0.06,0.0,v0
1878,2024-10-01,0.0,0.01,-0.01,0.0,v0
1878,2024-11-01,0.0,0.03,-0.03,0.0,v0
1879,2023-05-01,0.01,0.01,0.0,0.0,v0
1880,2023-05-01,0.42,0.0,0.42,0.0,v0
1880,2023-06-01,0.42,0.0,0.42,0.0,v0
1881,2023-05-01,0.0,0.02,-0.02,0.0,v0
1881,2023-06-01,0.0,0.01,-0.01,0.0,v0
1881,2023-07-01,0.0,0.02,-0.02,0.0,v0
1881,2023-08-01,0.0,0.02,-0.02,0.0,v0
1881,2023-09-01,0.0,0.03,-0.03,0.0,v0
1881,2023-10-01,0.0,0.02,-0.02,0.0,v0
1881,2023-11-01,0.15,0.0,0.15,0.0,v0
1881,2023-12-01,0.0,0.02,-0.02,0.0,v0
1882,2023-05-01,0.08,0.0,0.08,0.0,v0
1883,2023-05-01,0.0,0.01,-0.01,0.0,v0
1884,2023-05-01,0.0,0.04,-0.04,0.0,v0
1885,2023-05-01,0.04,0.0,0.04,0.0,v0
1885,2023-07-01,0.48,0.0,0.48,0.0,v0
1885,2023-08-01,0.22,0.0,0.22,0.0,v0
1885,2023-09-01,0.05,0.0,0.05,0.0,v0
1885,2023-10-01,0.04,0.0,0.04,0.0,v0
1886,2023-05-01,1.5,0.0,1.5,0.0,v0
1887,2023-05-01,0.0,0.09,-0.09,0.0,v0
1887,2024-01-01,0.42,0.0,0.42,0.0,v0
1887,2024-02-01,0.14,0.0,0.14,0.0,v0
1888,2023-05-01,0.0,0.13,-0.13,0.0,v0
1888,2023-06-01,0.0,0.15,-0.15,0.0,v0
1888,2023-07-01,0.0,0.24,-0.24,0.0,v0
1888,2023-08-01,0.0,0.19,-0.19,0.0,v0
1888,2023-09-01,0.0,0.16,-0.16,0.0,v0
1888,2023-10-01,0.0,0.09,-0.09,0.0,v0
1888,2023-11-01,0.0,0.17,-0.17,0.0,v0
1888,2023-12-01,0.0,0.14,-0.14,0.0,v0
1889,2023-05-01,0.0,0.01,-0.01,0.0,v0
1890,2023-05-01,0.01,0.0,0.01,0.0,v0
1890,2023-06-01,0.04,0.0,0.04,0.0,v0
1890,2023-07-01,0.04,0.0,0.04,0.0,v0
1890,2023-08-01,0.02,0.0,0.02,0.0,v0
1890,2023-09-01,0.25,0.0,0.25,0.0,v0
1891,2023-05-01,0.0,0.16,-0.16,0.0,v0
1891,2023-06-01,0.0,0.01,-0.01,0.0,v0
1892,2023-05-01,0.12,0.0,0.12,0.0,v0
1893,2023-05-01,0.0,0.04,-0.04,0.0,v0
1894,2023-05-01,0.19,0.21,-0.01999999999999999,0.0,v0
1894,2023-06-01,0.75,0.49,0.26,0.0,v0
1894,2023-07-01,1.5,0.19,1.31,0.0,v0
1894,2023-08-01,0.51,0.28,0.22999999999999998,0.0,v0
1894,2023-09-01,0.35,0.25,0.09999999999999998,0.0,v0
1894,2023-10-01,0.37,0.04,0.33,0.0,v0
1894,2023-11-01,0.2,0.08,0.12000000000000001,0.0,v0
1894,2023-12-01,0.03,0.12,-0.09,0.0,v0
1894,2024-01-01,0.3,0.0,0.3,0.0,v0
1894,2024-02-01,0.6,0.0,0.6,0.0,v0
1894,2024-03-01,0.61,0.0,0.61,0.0,v0
1894,2024-04-01,0.91,0.0,0.91,0.0,v0
1894,2024-05-01,0.56,0.0,0.56,0.0,v0
1894,2024-06-01,0.91,0.0,0.91,0.0,v0
1894,2024-07-01,0.03,0.0,0.03,0.0,v0
1894,2024-08-01,0.39,0.0,0.39,0.0,v0
1894,2024-09-01,0.38,0.0,0.38,0.0,v0
1894,2024-11-01,0.88,0.03,0.85,0.0,v0
1894,2024-12-01,1.1,0.02,1.08,0.0,v0
1895,2023-05-01,0.25,0.0,0.25,0.0,v0
1895,2023-06-01,0.21,0.02,0.19,0.0,v0
1895,2023-07-01,0.16,0.0,0.16,0.0,v0
1896,2023-05-01,0.0,0.01,-0.01,0.0,v0
1896,2023-06-01,0.0,0.01,-0.01,0.0,v0
1896,2023-08-01,0.0,0.33,-0.33,0.0,v0
1896,2023-09-01,0.21,0.0,0.21,0.0,v0
1896,2023-10-01,0.17,0.01,0.16,0.0,v0
1896,2023-11-01,0.15,0.0,0.15,0.0,v0
1897,2023-05-01,0.0,0.04,-0.04,0.0,v0
1897,2023-06-01,0.0,0.02,-0.02,0.0,v0
1898,2023-05-01,0.01,0.0,0.01,0.0,v0
1898,2023-06-01,0.02,0.0,0.02,0.0,v0
1898,2023-07-01,0.0,0.04,-0.04,0.0,v0
1898,2023-08-01,0.03,0.03,0.0,0.0,v0
1899,2023-05-01,0.0,0.49,-0.49,0.0,v0
1899,2023-06-01,0.0,0.04,-0.04,0.0,v0
1900,2023-05-01,0.03,0.0,0.03,0.0,v0
1900,2023-06-01,0.0,0.16,-0.16,0.0,v0
1900,2023-07-01,0.08,0.0,0.08,0.0,v0
1900,2023-09-01,0.06,0.0,0.06,0.0,v0
1900,2023-10-01,0.09,0.0,0.09,0.0,v0
1900,2023-11-01,0.09,0.0,0.09,0.0,v0
1900,2023-12-01,0.03,0.0,0.03,0.0,v0
1901,2023-05-01,0.06,0.0,0.06,0.0,v0
1901,2023-06-01,0.06,0.02,0.039999999999999994,0.0,v0
1902,2023-05-01,0.0,0.04,-0.04,0.0,v0
1902,2023-06-01,0.02,0.0,0.02,0.0,v0
1903,2023-05-01,0.0,0.04,-0.04,0.0,v0
1903,2023-06-01,0.09,0.0,0.09,0.0,v0
1903,2023-07-01,0.42,0.01,0.41,0.0,v0
1903,2023-08-01,0.42,0.0,0.42,0.0,v0
1903,2023-09-01,0.06,0.0,0.06,0.0,v0
1903,2023-10-01,0.32,0.0,0.32,0.0,v0
1903,2023-11-01,0.01,0.0,0.01,0.0,v0
1903,2023-12-01,0.07,2.8,-2.73,0.0,v0
1903,2024-01-01,0.0,3.5,-3.5,0.0,v0
1903,2024-02-01,0.14,0.0,0.14,0.0,v0
1904,2023-05-01,0.0,0.55,-0.55,0.0,v0
1905,2023-05-01,0.0,0.14,-0.14,0.0,v0
1905,2023-06-01,0.0,0.07,-0.07,0.0,v0
1906,2023-05-01,0.04,0.0,0.04,0.0,v0
1907,2023-05-01,0.01,0.0,0.01,0.0,v0
1908,2023-05-01,0.03,0.0,0.03,0.0,v0
1908,2023-07-01,0.04,0.0,0.04,0.0,v0
1908,2023-08-01,0.03,0.0,0.03,0.0,v0
1909,2023-05-01,0.05,0.04,0.010000000000000002,0.0,v0
1910,2023-05-01,0.96,0.0,0.96,0.0,v0
1910,2023-06-01,0.37,0.0,0.37,0.0,v0
1910,2023-07-01,0.45,1.3,-0.8500000000000001,0.0,v0
1910,2023-08-01,0.48,2.8,-2.32,0.0,v0
1911,2023-05-01,0.0,0.19,-0.19,0.0,v0
1911,2023-06-01,0.0,0.2,-0.2,0.0,v0
1911,2023-07-01,0.14,0.21,-0.06999999999999998,0.0,v0
1911,2023-08-01,0.06,0.0,0.06,0.0,v0
1912,2023-05-01,0.0,1.5,-1.5,0.0,v0
1912,2023-06-01,0.0,0.12,-0.12,0.0,v0
1913,2023-05-01,0.0,0.03,-0.03,0.0,v0
1913,2023-06-01,0.0,0.08,-0.08,0.0,v0
1913,2023-07-01,0.0,0.05,-0.05,0.0,v0
1914,2023-05-01,0.23,0.01,0.22,0.0,v0
1914,2023-06-01,0.2,0.0,0.2,0.0,v0
1914,2023-07-01,0.09,0.0,0.09,0.0,v0
1914,2023-08-01,0.0,0.01,-0.01,0.0,v0
1914,2023-09-01,0.0,0.02,-0.02,0.0,v0
1914,2023-10-01,0.06,0.0,0.06,0.0,v0
1914,2023-11-01,0.0,0.04,-0.04,0.0,v0
1914,2023-12-01,0.01,0.0,0.01,0.0,v0
1914,2024-01-01,0.0,0.16,-0.16,0.0,v0
1915,2023-05-01,0.01,0.0,0.01,0.0,v0
1915,2023-06-01,0.01,0.0,0.01,0.0,v0
1915,2023-07-01,0.02,0.0,0.02,0.0,v0
1915,2023-08-01,0.01,0.0,0.01,0.0,v0
1916,2023-05-01,0.0,0.01,-0.01,0.0,v0
1917,2023-05-01,0.0,0.05,-0.05,0.0,v0
1917,2023-06-01,0.0,0.78,-0.78,0.0,v0
1917,2023-07-01,0.0,0.03,-0.03,0.0,v0
1917,2023-08-01,0.0,0.16,-0.16,0.0,v0
1917,2023-09-01,0.0,0.01,-0.01,0.0,v0
1917,2023-10-01,0.0,0.06,-0.06,0.0,v0
1917,2023-11-01,0.0,0.14,-0.14,0.0,v0
1918,2023-05-01,0.07,0.02,0.05,0.0,v0
1919,2023-05-01,0.0,0.06,-0.06,0.0,v0
1919,2023-06-01,0.0,0.03,-0.03,0.0,v0
1919,2023-07-01,0.07,0.0,0.07,0.0,v0
1919,2023-08-01,0.0,0.03,-0.03,0.0,v0
1919,2023-09-01,0.0,0.01,-0.01,0.0,v0
1919,2023-10-01,0.0,0.04,-0.04,0.0,v0
1919,2023-11-01,0.0,0.01,-0.01,0.0,v0
1919,2023-12-01,0.0,0.01,-0.01,0.0,v0
1920,2023-05-01,0.01,0.0,0.01,0.0,v0
1921,2023-05-01,1.3,0.11,1.19,0.0,v0
1921,2023-06-01,2.3,0.05,2.25,0.0,v0
1921,2023-07-01,0.74,0.02,0.72,0.0,v0
1921,2023-08-01,1.4,0.01,1.39,0.0,v0
1922,2023-05-01,0.0,0.04,-0.04,0.0,v0
1923,2023-05-01,0.0,0.12,-0.12,0.0,v0
1923,2023-06-01,0.0,0.1,-0.1,0.0,v0
1923,2023-07-01,0.0,0.04,-0.04,0.0,v0
1924,2023-05-01,0.0,0.2,-0.2,0.0,v0
1925,2023-05-01,0.0,0.09,-0.09,0.0,v0
1925,2023-06-01,0.0,0.13,-0.13,0.0,v0
1925,2023-07-01,0.0,0.04,-0.04,0.0,v0
1926,2023-05-01,0.0,0.02,-0.02,0.0,v0
1927,2023-05-01,0.0,0.34,-0.34,0.0,v0
1927,2023-06-01,0.0,0.26,-0.26,0.0,v0
1927,2023-07-01,0.0,0.5,-0.5,0.0,v0
1928,2023-05-01,0.0,0.03,-0.03,0.0,v0
1929,2023-05-01,0.0,0.06,-0.06,0.0,v0
1929,2023-07-01,0.0,0.06,-0.06,0.0,v0
1929,2023-08-01,0.0,0.03,-0.03,0.0,v0
1929,2023-09-01,0.0,0.06,-0.06,0.0,v0
1929,2023-10-01,0.0,0.02,-0.02,0.0,v0
1929,2023-11-01,0.0,0.05,-0.05,0.0,v0
1930,2023-05-01,0.02,0.0,0.02,0.0,v0
1931,2023-05-01,0.0,0.02,-0.02,0.0,v0
1931,2023-06-01,0.0,0.01,-0.01,0.0,v0
1931,2023-08-01,0.0,0.03,-0.03,0.0,v0
1931,2023-09-01,0.0,0.01,-0.01,0.0,v0
1931,2023-10-01,0.0,0.03,-0.03,0.0,v0
1931,2024-07-01,0.0,0.01,-0.01,0.0,v0
1931,2024-12-01,0.0,0.02,-0.02,0.0,v0
1932,2023-05-01,0.0,0.07,-0.07,0.0,v0
1933,2023-05-01,0.0,0.25,-0.25,0.0,v0
1934,2023-05-01,0.02,0.0,0.02,0.0,v0
1935,2023-05-01,0.0,0.13,-0.13,0.0,v0
1936,2023-05-01,0.0,0.18,-0.18,0.0,v0
1936,2023-07-01,0.0,0.21,-0.21,0.0,v0
1937,2023-05-01,0.1,0.08,0.020000000000000004,0.0,v0
1937,2023-06-01,0.01,0.12,-0.11,0.0,v0
1937,2023-07-01,0.15,0.0,0.15,0.0,v0
1937,2023-08-01,0.04,0.03,0.010000000000000002,0.0,v0
1937,2023-10-01,0.02,0.22,-0.2,0.0,v0
1937,2023-11-01,0.07,0.0,0.07,0.0,v0
1937,2024-01-01,0.01,0.0,0.01,0.0,v0
1937,2024-02-01,0.02,0.0,0.02,0.0,v0
1937,2024-03-01,0.0,0.01,-0.01,0.0,v0
1937,2024-04-01,0.0,0.01,-0.01,0.0,v0
1937,2024-05-01,0.01,0.0,0.01,0.0,v0
1937,2024-06-01,0.01,0.02,-0.01,0.0,v0
1938,2023-05-01,0.0,0.35,-0.35,0.0,v0
1938,2023-06-01,0.0,0.36,-0.36,0.0,v0
1938,2023-07-01,0.0,0.12,-0.12,0.0,v0
1938,2023-09-01,0.0,0.36,-0.36,0.0,v0
1938,2023-10-01,0.0,0.36,-0.36,0.0,v0
1938,2023-11-01,0.0,0.02,-0.02,0.0,v0
1938,2024-01-01,0.0,0.47,-0.47,0.0,v0
1938,2024-02-01,0.0,0.21,-0.21,0.0,v0
1938,2024-03-01,0.0,0.56,-0.56,0.0,v0
1938,2024-04-01,0.0,0.27,-0.27,0.0,v0
1938,2024-05-01,0.0,0.1,-0.1,0.0,v0
1938,2024-06-01,0.0,0.03,-0.03,0.0,v0
1938,2024-07-01,0.0,0.05,-0.05,0.0,v0
1938,2024-08-01,0.0,0.05,-0.05,0.0,v0
1938,2024-09-01,0.0,0.23,-0.23,0.0,v0
1938,2024-10-01,0.0,0.24,-0.24,0.0,v0
1938,2024-11-01,0.0,0.4,-0.4,0.0,v0
1938,2024-12-01,0.0,0.45,-0.45,0.0,v0
1939,2023-05-01,0.02,0.0,0.02,0.0,v0
1939,2023-06-01,0.01,0.0,0.01,0.0,v0
1939,2023-07-01,0.01,0.0,0.01,0.0,v0
1939,2023-08-01,0.02,0.0,0.02,0.0,v0
1939,2023-09-01,0.04,0.0,0.04,0.0,v0
1939,2023-10-01,0.05,0.0,0.05,0.0,v0
1940,2023-05-01,0.0,2.8,-2.8,0.0,v0
1941,2023-05-01,0.0,0.03,-0.03,0.0,v0
1941,2023-08-01,0.0,0.03,-0.03,0.0,v0
1941,2024-06-01,0.0,0.49,-0.49,0.0,v0
1942,2023-05-01,0.0,0.03,-0.03,0.0,v0
1943,2023-05-01,0.0,0.15,-0.15,0.0,v0
1943,2023-06-01,0.0,0.14,-0.14,0.0,v0
1943,2023-07-01,0.0,0.13,-0.13,0.0,v0
1943,2023-08-01,0.0,0.26,-0.26,0.0,v0
1944,2023-05-01,0.08,0.0,0.08,0.0,v0
1944,2023-07-01,0.08,0.0,0.08,0.0,v0
1944,2023-08-01,0.03,0.0,0.03,0.0,v0
1944,2023-09-01,0.01,0.0,0.01,0.0,v0
1944,2023-10-01,0.07,0.0,0.07,0.0,v0
1944,2023-11-01,0.01,0.0,0.01,0.0,v0
1944,2023-12-01,0.01,0.0,0.01,0.0,v0
1944,2024-01-01,0.03,0.0,0.03,0.0,v0
1944,2024-02-01,0.02,0.0,0.02,0.0,v0
1944,2024-03-01,0.02,0.0,0.02,0.0,v0
1944,2024-05-01,0.01,0.0,0.01,0.0,v0
1945,2023-06-01,0.0,0.12,-0.12,0.0,v0
1945,2023-07-01,0.0,0.17,-0.17,0.0,v0
1945,2023-08-01,0.0,0.17,-0.17,0.0,v0
1945,2023-09-01,0.0,0.06,-0.06,0.0,v0
1945,2023-10-01,0.0,0.11,-0.11,0.0,v0
1945,2023-11-01,0.0,0.05,-0.05,0.0,v0
1945,2023-12-01,0.0,0.13,-0.13,0.0,v0
1945,2024-01-01,0.0,0.04,-0.04,0.0,v0
1945,2024-02-01,0.0,0.17,-0.17,0.0,v0
1946,2023-06-01,0.0,0.05,-0.05,0.0,v0
1946,2023-07-01,0.0,0.22,-0.22,0.0,v0
1946,2023-08-01,0.0,0.08,-0.08,0.0,v0
1946,2023-10-01,0.0,0.05,-0.05,0.0,v0
1946,2023-11-01,0.0,0.13,-0.13,0.0,v0
1947,2023-09-01,0.0,0.75,-0.75,0.0,v0
1947,2023-10-01,0.0,0.09,-0.09,0.0,v0
1947,2023-11-01,0.0,0.51,-0.51,0.0,v0
1947,2023-12-01,0.0,0.15,-0.15,0.0,v0
1947,2024-01-01,0.0,0.12,-0.12,0.0,v0
1948,2023-06-01,0.0,0.23,-0.23,0.0,v0
1949,2023-06-01,0.0,0.02,-0.02,0.0,v0
1949,2023-07-01,0.0,0.05,-0.05,0.0,v0
1949,2023-08-01,0.0,0.03,-0.03,0.0,v0
1949,2023-09-01,0.0,0.02,-0.02,0.0,v0
1949,2023-10-01,0.0,0.05,-0.05,0.0,v0
1949,2023-11-01,0.0,0.05,-0.05,0.0,v0
1949,2023-12-01,0.0,0.02,-0.02,0.0,v0
1949,2024-01-01,0.0,0.04,-0.04,0.0,v0
1949,2024-02-01,0.0,0.28,-0.28,0.0,v0
1949,2024-04-01,0.0,0.05,-0.05,0.0,v0
1949,2024-05-01,0.0,0.11,-0.11,0.0,v0
1949,2024-06-01,0.0,0.19,-0.19,0.0,v0
1949,2024-07-01,0.0,0.28,-0.28,0.0,v0
1949,2024-08-01,0.0,0.21,-0.21,0.0,v0
1949,2024-09-01,0.0,0.35,-0.35,0.0,v0
1949,2024-10-01,0.0,0.28,-0.28,0.0,v0
1949,2024-11-01,0.0,0.04,-0.04,0.0,v0
1949,2024-12-01,0.0,0.18,-0.18,0.0,v0
1950,2023-06-01,0.16,0.0,0.16,0.0,v0
1950,2023-07-01,0.26,0.0,0.26,0.0,v0
1951,2023-06-01,0.01,0.0,0.01,0.0,v0
1951,2023-07-01,0.03,0.0,0.03,0.0,v0
1951,2023-09-01,0.03,0.0,0.03,0.0,v0
1951,2023-10-01,0.03,0.0,0.03,0.0,v0
1951,2023-11-01,0.03,0.0,0.03,0.0,v0
1951,2023-12-01,0.03,0.0,0.03,0.0,v0
1951,2024-05-01,0.04,0.0,0.04,0.0,v0
1951,2024-06-01,0.04,0.0,0.04,0.0,v0
1951,2024-10-01,0.04,0.0,0.04,0.0,v0
1951,2024-11-01,0.04,0.0,0.04,0.0,v0
1952,2023-06-01,0.0,0.2,-0.2,0.0,v0
1952,2023-07-01,0.14,0.0,0.14,0.0,v0
1952,2023-09-01,0.0,0.42,-0.42,0.0,v0
1953,2023-06-01,0.03,0.0,0.03,0.0,v0
1953,2023-07-01,0.01,0.0,0.01,0.0,v0
1953,2023-08-01,0.0,0.24,-0.24,0.0,v0
1953,2023-09-01,0.0,0.5,-0.5,0.0,v0
1953,2023-10-01,0.0,0.11,-0.11,0.0,v0
1953,2023-11-01,0.02,0.0,0.02,0.0,v0
1954,2023-06-01,0.01,0.0,0.01,0.0,v0
1955,2023-06-01,0.2,0.03,0.17,0.0,v0
1955,2023-07-01,0.06,0.01,0.049999999999999996,0.0,v0
1955,2023-08-01,0.47,0.06,0.41,0.0,v0
1955,2023-09-01,0.13,0.05,0.08,0.0,v0
1955,2023-10-01,0.15,0.01,0.13999999999999999,0.0,v0
1956,2023-06-01,0.0,0.05,-0.05,0.0,v0
1957,2023-06-01,0.0,0.02,-0.02,0.0,v0
1957,2023-07-01,0.0,0.07,-0.07,0.0,v0
1957,2023-08-01,0.0,0.09,-0.09,0.0,v0
1958,2023-06-01,12.0,0.0,12.0,0.0,v0
1959,2023-06-01,1.4,0.0,1.4,0.0,v0
1959,2023-07-01,0.18,0.0,0.18,0.0,v0
1959,2023-08-01,0.01,0.0,0.01,0.0,v0
1959,2023-09-01,0.01,0.0,0.01,0.0,v0
1959,2023-10-01,0.01,0.0,0.01,0.0,v0
1959,2023-12-01,0.0,0.02,-0.02,0.0,v0
1959,2024-01-01,0.01,0.0,0.01,0.0,v0
1959,2024-02-01,0.01,0.0,0.01,0.0,v0
1960,2023-06-01,0.0,0.01,-0.01,0.0,v0
1961,2023-06-01,0.01,0.0,0.01,0.0,v0
1961,2023-07-01,0.01,0.0,0.01,0.0,v0
1961,2023-08-01,2.0,0.0,2.0,0.0,v0
1961,2023-09-01,0.37,0.24,0.13,0.0,v0
1961,2023-10-01,0.02,0.15,-0.13,0.0,v0
1962,2023-08-01,0.0,0.04,-0.04,0.0,v0
1962,2023-09-01,0.0,0.02,-0.02,0.0,v0
1962,2023-10-01,0.0,0.05,-0.05,0.0,v0
1962,2023-11-01,0.0,0.06,-0.06,0.0,v0
1962,2023-12-01,0.0,0.05,-0.05,0.0,v0
1962,2024-01-01,0.0,0.07,-0.07,0.0,v0
1962,2024-02-01,0.0,0.01,-0.01,0.0,v0
1962,2024-03-01,0.0,0.06,-0.06,0.0,v0
1962,2024-04-01,0.0,0.06,-0.06,0.0,v0
1962,2024-05-01,0.0,0.12,-0.12,0.0,v0
1962,2024-06-01,0.0,0.07,-0.07,0.0,v0
1962,2024-07-01,0.0,0.03,-0.03,0.0,v0
1962,2024-08-01,0.0,0.03,-0.03,0.0,v0
1962,2024-09-01,0.0,0.03,-0.03,0.0,v0
1962,2024-10-01,0.0,0.04,-0.04,0.0,v0
1962,2024-11-01,0.0,0.02,-0.02,0.0,v0
1962,2024-12-01,0.0,0.07,-0.07,0.0,v0
1963,2023-06-01,2.3,0.0,2.3,0.0,v0
1964,2023-06-01,0.04,0.0,0.04,0.0,v0
1964,2023-07-01,0.03,0.0,0.03,0.0,v0
1965,2023-06-01,0.08,0.08,0.0,0.0,v0
1965,2023-07-01,0.06,0.09,-0.03,0.0,v0
1965,2023-08-01,0.13,0.13,0.0,0.0,v0
1965,2023-09-01,0.08,0.0,0.08,0.0,v0
1965,2023-10-01,0.08,0.0,0.08,0.0,v0
1965,2023-11-01,0.0,0.08,-0.08,0.0,v0
1965,2023-12-01,0.09,0.0,0.09,0.0,v0
1966,2023-06-01,0.0,1.8,-1.8,0.0,v0
1967,2023-06-01,0.12,0.0,0.12,0.0,v0
1967,2023-07-01,0.08,0.0,0.08,0.0,v0
1967,2023-08-01,0.06,0.08,-0.020000000000000004,0.0,v0
1967,2023-09-01,0.02,0.05,-0.030000000000000002,0.0,v0
1967,2023-10-01,0.0,0.07,-0.07,0.0,v0
1967,2023-11-01,0.05,0.0,0.05,0.0,v0
1967,2023-12-01,0.04,0.04,0.0,0.0,v0
1967,2024-01-01,0.0,0.1,-0.1,0.0,v0
1967,2024-03-01,0.0,0.06,-0.06,0.0,v0
1967,2024-04-01,0.0,0.08,-0.08,0.0,v0
1967,2024-05-01,0.06,0.11,-0.05,0.0,v0
1967,2024-06-01,0.05,0.07,-0.020000000000000004,0.0,v0
1968,2023-06-01,0.0,0.17,-0.17,0.0,v0
1969,2023-06-01,0.34,0.0,0.34,0.0,v0
1970,2023-06-01,0.04,0.0,0.04,0.0,v0
1970,2023-07-01,0.04,0.0,0.04,0.0,v0
1971,2023-06-01,0.14,0.0,0.14,0.0,v0
1971,2023-07-01,0.09,0.0,0.09,0.0,v0
1971,2023-08-01,0.26,0.0,0.26,0.0,v0
1971,2023-09-01,0.51,0.02,0.49,0.0,v0
1971,2023-10-01,0.24,0.51,-0.27,0.0,v0
1971,2023-11-01,0.19,0.0,0.19,0.0,v0
1971,2023-12-01,0.07,0.57,-0.49999999999999994,0.0,v0
1971,2024-01-01,0.1,0.0,0.1,0.0,v0
1971,2024-02-01,0.46,0.0,0.46,0.0,v0
1971,2024-03-01,0.31,0.0,0.31,0.0,v0
1972,2023-06-01,0.02,0.5,-0.48,0.0,v0
1972,2023-07-01,0.03,0.0,0.03,0.0,v0
1972,2023-08-01,0.06,0.3,-0.24,0.0,v0
1972,2023-09-01,0.01,0.3,-0.29,0.0,v0
1972,2023-10-01,0.03,0.0,0.03,0.0,v0
1972,2023-11-01,0.0,0.01,-0.01,0.0,v0
1972,2023-12-01,0.0,0.02,-0.02,0.0,v0
1972,2024-02-01,0.0,0.02,-0.02,0.0,v0
1972,2024-04-01,0.0,0.03,-0.03,0.0,v0
1973,2023-06-01,0.3,0.0,0.3,0.0,v0
1974,2023-06-01,0.0,0.34,-0.34,0.0,v0
1974,2023-07-01,0.0,0.21,-0.21,0.0,v0
1974,2023-08-01,0.0,0.28,-0.28,0.0,v0
1975,2023-06-01,0.04,0.0,0.04,0.0,v0
1976,2023-06-01,0.22,0.13,0.09,0.0,v0
1976,2023-07-01,0.0,0.38,-0.38,0.0,v0
1976,2023-08-01,0.0,1.7,-1.7,0.0,v0
1976,2023-09-01,0.0,0.39,-0.39,0.0,v0
1976,2023-10-01,0.0,0.27,-0.27,0.0,v0
1976,2023-11-01,0.0,0.43,-0.43,0.0,v0
1977,2023-06-01,0.0,0.01,-0.01,0.0,v0
1978,2023-06-01,0.01,0.01,0.0,0.0,v0
1978,2023-07-01,0.2,0.0,0.2,0.0,v0
1978,2023-08-01,0.13,0.0,0.13,0.0,v0
1979,2023-06-01,0.0,0.01,-0.01,0.0,v0
1979,2023-07-01,0.04,0.0,0.04,0.0,v0
1979,2023-08-01,0.05,0.01,0.04,0.0,v0
1979,2023-10-01,0.0,0.03,-0.03,0.0,v0
1979,2023-11-01,0.0,0.07,-0.07,0.0,v0
1979,2023-12-01,0.02,0.08,-0.06,0.0,v0
1979,2024-01-01,0.0,0.03,-0.03,0.0,v0
1979,2024-02-01,0.0,0.09,-0.09,0.0,v0
1979,2024-03-01,0.08,0.0,0.08,0.0,v0
1979,2024-04-01,0.0,0.06,-0.06,0.0,v0
1979,2024-05-01,0.06,0.12,-0.06,0.0,v0
1979,2024-06-01,0.03,0.08,-0.05,0.0,v0
1979,2024-07-01,0.0,0.05,-0.05,0.0,v0
1979,2024-08-01,0.0,0.04,-0.04,0.0,v0
1979,2024-09-01,0.0,0.02,-0.02,0.0,v0
1979,2024-10-01,0.02,0.06,-0.039999999999999994,0.0,v0
1979,2024-11-01,0.0,0.15,-0.15,0.0,v0
1979,2024-12-01,0.08,0.08,0.0,0.0,v0
1980,2023-06-01,0.0,0.02,-0.02,0.0,v0
1981,2023-06-01,0.0,0.01,-0.01,0.0,v0
1982,2023-06-01,0.01,0.0,0.01,0.0,v0
1982,2023-08-01,0.0,0.02,-0.02,0.0,v0
1982,2023-09-01,0.0,0.06,-0.06,0.0,v0
1982,2023-10-01,0.0,0.01,-0.01,0.0,v0
1982,2023-11-01,0.0,0.06,-0.06,0.0,v0
1983,2023-06-01,0.0,0.06,-0.06,0.0,v0
1983,2023-07-01,0.0,0.49,-0.49,0.0,v0
1983,2023-08-01,0.0,0.01,-0.01,0.0,v0
1983,2023-09-01,0.0,0.48,-0.48,0.0,v0
1983,2023-11-01,1.2,0.05,1.15,0.0,v0
1983,2023-12-01,0.8,0.05,0.75,0.0,v0
1983,2024-01-01,0.8,0.11,0.6900000000000001,0.0,v0
1983,2024-02-01,0.09,0.0,0.09,0.0,v0
1984,2023-06-01,0.0,0.17,-0.17,0.0,v0
1984,2023-07-01,0.0,0.25,-0.25,0.0,v0
1984,2023-08-01,0.0,0.02,-0.02,0.0,v0
1984,2023-09-01,0.0,0.09,-0.09,0.0,v0
1984,2023-10-01,0.23,0.09,0.14,0.0,v0
1984,2023-11-01,0.0,0.14,-0.14,0.0,v0
1984,2023-12-01,0.0,0.11,-0.11,0.0,v0
1985,2023-06-01,0.03,0.0,0.03,0.0,v0
1985,2023-07-01,0.05,0.04,0.010000000000000002,0.0,v0
1986,2023-06-01,0.01,0.0,0.01,0.0,v0
1986,2023-07-01,0.03,0.0,0.03,0.0,v0
1986,2023-08-01,0.03,0.01,0.019999999999999997,0.0,v0
1987,2023-06-01,0.08,0.0,0.08,0.0,v0
1988,2023-06-01,0.0,0.03,-0.03,0.0,v0
1989,2023-06-01,0.0,0.13,-0.13,0.0,v0
1990,2023-06-01,0.0,0.09,-0.09,0.0,v0
1990,2023-07-01,0.0,0.12,-0.12,0.0,v0
1991,2023-06-01,0.05,0.03,0.020000000000000004,0.0,v0
1992,2023-06-01,0.01,0.0,0.01,0.0,v0
1993,2023-06-01,0.0,0.12,-0.12,0.0,v0
1993,2023-07-01,0.0,0.06,-0.06,0.0,v0
1994,2023-06-01,0.0,0.12,-0.12,0.0,v0
1994,2023-07-01,0.0,0.01,-0.01,0.0,v0
1994,2023-08-01,0.0,0.08,-0.08,0.0,v0
1994,2023-10-01,0.0,0.08,-0.08,0.0,v0
1994,2023-11-01,0.0,0.12,-0.12,0.0,v0
1994,2023-12-01,0.0,0.01,-0.01,0.0,v0
1994,2024-01-01,0.0,0.14,-0.14,0.0,v0
1994,2024-02-01,0.0,0.01,-0.01,0.0,v0
1994,2024-03-01,0.0,0.09,-0.09,0.0,v0
1994,2024-04-01,0.0,0.13,-0.13,0.0,v0
1994,2024-05-01,0.0,0.15,-0.15,0.0,v0
1994,2024-06-01,0.0,0.07,-0.07,0.0,v0
1994,2024-07-01,0.0,0.08,-0.08,0.0,v0
1994,2024-08-01,0.0,0.1,-0.1,0.0,v0
1994,2024-09-01,0.0,0.06,-0.06,0.0,v0
1994,2024-10-01,0.0,0.01,-0.01,0.0,v0
1994,2024-11-01,0.0,0.06,-0.06,0.0,v0
1994,2024-12-01,0.0,0.02,-0.02,0.0,v0
1995,2023-06-01,0.0,0.57,-0.57,0.0,v0
1995,2023-07-01,0.0,0.04,-0.04,0.0,v0
1996,2023-06-01,0.0,0.01,-0.01,0.0,v0
1997,2023-06-01,0.0,0.06,-0.06,0.0,v0
1997,2023-07-01,0.0,0.05,-0.05,0.0,v0
1997,2023-08-01,0.0,0.03,-0.03,0.0,v0
1997,2023-09-01,0.0,0.06,-0.06,0.0,v0
1997,2023-10-01,0.0,0.01,-0.01,0.0,v0
1997,2023-11-01,0.0,0.03,-0.03,0.0,v0
1997,2023-12-01,0.0,0.09,-0.09,0.0,v0
1997,2024-01-01,0.0,0.03,-0.03,0.0,v0
1997,2024-02-01,0.0,0.12,-0.12,0.0,v0
1997,2024-03-01,0.0,0.04,-0.04,0.0,v0
1997,2024-04-01,0.0,0.04,-0.04,0.0,v0
1997,2024-05-01,0.0,0.04,-0.04,0.0,v0
1997,2024-06-01,0.0,0.03,-0.03,0.0,v0
1997,2024-07-01,0.0,0.03,-0.03,0.0,v0
1997,2024-08-01,0.0,0.07,-0.07,0.0,v0
1997,2024-09-01,0.0,0.01,-0.01,0.0,v0
1997,2024-10-01,0.0,0.08,-0.08,0.0,v0
1997,2024-11-01,0.0,0.04,-0.04,0.0,v0
1997,2024-12-01,0.0,0.01,-0.01,0.0,v0
1998,2023-06-01,0.16,0.0,0.16,0.0,v0
1998,2023-07-01,0.11,0.0,0.11,0.0,v0
1998,2023-08-01,0.1,0.0,0.1,0.0,v0
1999,2023-06-01,0.21,0.0,0.21,0.0,v0
1999,2023-07-01,0.12,0.0,0.12,0.0,v0
1999,2023-08-01,0.15,0.0,0.15,0.0,v0
1999,2023-09-01,0.3,0.0,0.3,0.0,v0
1999,2023-12-01,0.0,0.07,-0.07,0.0,v0
1999,2024-01-01,0.0,0.14,-0.14,0.0,v0
1999,2024-02-01,0.0,0.03,-0.03,0.0,v0
1999,2024-09-01,0.0,0.19,-0.19,0.0,v0
1999,2024-10-01,0.0,0.11,-0.11,0.0,v0
2000,2023-06-01,0.0,0.35,-0.35,0.0,v0
2000,2023-07-01,0.0,0.31,-0.31,0.0,v0
2001,2023-06-01,0.0,1.2,-1.2,0.0,v0
2002,2023-06-01,0.0,0.02,-0.02,0.0,v0
2002,2023-07-01,0.0,0.02,-0.02,0.0,v0
2003,2023-06-01,0.0,0.02,-0.02,0.0,v0
2004,2023-06-01,0.0,0.06,-0.06,0.0,v0
2005,2023-07-01,0.0,0.05,-0.05,0.0,v0
2005,2023-08-01,0.15,0.0,0.15,0.0,v0
2005,2023-09-01,0.3,0.01,0.29,0.0,v0
2005,2023-10-01,0.22,0.03,0.19,0.0,v0
2006,2023-07-01,0.06,0.0,0.06,0.0,v0
2006,2023-08-01,0.16,0.0,0.16,0.0,v0
2006,2023-09-01,0.01,0.0,0.01,0.0,v0
2006,2023-10-01,0.03,0.0,0.03,0.0,v0
2007,2023-07-01,0.0,0.01,-0.01,0.0,v0
2008,2023-07-01,0.0,0.84,-0.84,0.0,v0
2008,2023-08-01,1.1,0.06,1.04,0.0,v0
2009,2023-07-01,0.01,0.0,0.01,0.0,v0
2009,2023-08-01,0.0,0.03,-0.03,0.0,v0
2009,2023-09-01,0.07,0.0,0.07,0.0,v0
2009,2023-10-01,0.11,0.0,0.11,0.0,v0
2009,2023-11-01,0.1,0.0,0.1,0.0,v0
2009,2024-01-01,0.02,0.0,0.02,0.0,v0
2009,2024-02-01,0.06,0.0,0.06,0.0,v0
2009,2024-03-01,0.17,0.0,0.17,0.0,v0
2009,2024-04-01,0.08,0.0,0.08,0.0,v0
2009,2024-05-01,0.02,0.0,0.02,0.0,v0
2009,2024-06-01,0.01,0.0,0.01,0.0,v0
2009,2024-07-01,0.01,0.0,0.01,0.0,v0
2010,2023-07-01,0.14,0.01,0.13,0.0,v0
2011,2023-07-01,0.0,0.01,-0.01,0.0,v0
2011,2023-08-01,0.0,0.01,-0.01,0.0,v0
2011,2023-09-01,0.05,0.0,0.05,0.0,v0
2011,2023-10-01,0.0,0.02,-0.02,0.0,v0
2011,2023-11-01,0.0,0.03,-0.03,0.0,v0
2011,2023-12-01,0.11,0.0,0.11,0.0,v0
2012,2023-07-01,0.0,0.42,-0.42,0.0,v0
2013,2023-07-01,0.0,0.03,-0.03,0.0,v0
2014,2023-07-01,0.0,0.01,-0.01,0.0,v0
2014,2023-08-01,0.0,0.06,-0.06,0.0,v0
2015,2023-07-01,0.0,0.01,-0.01,0.0,v0
2016,2023-07-01,0.02,0.0,0.02,0.0,v0
2016,2023-08-01,0.71,0.0,0.71,0.0,v0
2016,2023-09-01,0.0,0.01,-0.01,0.0,v0
2016,2023-10-01,0.15,0.0,0.15,0.0,v0
2016,2023-11-01,0.01,0.0,0.01,0.0,v0
2016,2023-12-01,0.01,0.0,0.01,0.0,v0
2016,2024-01-01,0.05,0.0,0.05,0.0,v0
2016,2024-02-01,0.02,0.0,0.02,0.0,v0
2016,2024-03-01,0.02,0.0,0.02,0.0,v0
2016,2024-04-01,0.03,0.0,0.03,0.0,v0
2016,2024-05-01,6.7,0.0,6.7,0.0,v0
2016,2024-06-01,0.01,0.0,0.01,0.0,v0
2016,2024-07-01,0.06,0.0,0.06,0.0,v0
2016,2024-09-01,0.02,0.0,0.02,0.0,v0
2016,2024-10-01,0.04,0.0,0.04,0.0,v0
2016,2024-11-01,0.01,0.0,0.01,0.0,v0
2016,2024-12-01,0.01,0.0,0.01,0.0,v0
2017,2023-07-01,15.0,0.0,15.0,0.0,v0
2018,2023-07-01,0.04,0.0,0.04,0.0,v0
2018,2023-08-01,0.02,0.0,0.02,0.0,v0
2018,2023-09-01,0.03,0.0,0.03,0.0,v0
2018,2023-10-01,0.03,0.0,0.03,0.0,v0
2018,2023-11-01,0.68,0.0,0.68,0.0,v0
2018,2023-12-01,0.0,0.01,-0.01,0.0,v0
2019,2023-07-01,9.9,0.0,9.9,0.0,v0
2020,2023-07-01,0.03,0.0,0.03,0.0,v0
2021,2023-07-01,0.01,0.47,-0.45999999999999996,0.0,v0
2021,2023-08-01,0.02,0.0,0.02,0.0,v0
2022,2023-07-01,2.1,0.01,2.0900000000000003,0.0,v0
2023,2023-07-01,0.0,0.03,-0.03,0.0,v0
2024,2023-07-01,0.02,0.0,0.02,0.0,v0
2024,2023-08-01,0.01,0.0,0.01,0.0,v0
2025,2023-07-01,0.0,0.16,-0.16,0.0,v0
2025,2023-08-01,0.0,0.69,-0.69,0.0,v0
2025,2023-10-01,0.0,0.56,-0.56,0.0,v0
2025,2023-11-01,0.0,0.96,-0.96,0.0,v0
2025,2023-12-01,0.0,0.92,-0.92,0.0,v0
2025,2024-01-01,0.0,0.98,-0.98,0.0,v0
2025,2024-02-01,0.0,0.76,-0.76,0.0,v0
2025,2024-03-01,0.0,0.75,-0.75,0.0,v0
2025,2024-04-01,0.0,0.47,-0.47,0.0,v0
2025,2024-05-01,0.0,0.53,-0.53,0.0,v0
2025,2024-06-01,0.0,0.15,-0.15,0.0,v0
2025,2024-07-01,0.0,0.09,-0.09,0.0,v0
2025,2024-08-01,0.0,0.35,-0.35,0.0,v0
2025,2024-09-01,1.3,0.0,1.3,0.0,v0
2026,2023-07-01,0.12,0.0,0.12,0.0,v0
2026,2023-08-01,0.08,0.0,0.08,0.0,v0
2027,2023-07-01,0.01,0.0,0.01,0.0,v0
2027,2023-08-01,0.21,0.0,0.21,0.0,v0
2027,2023-09-01,0.43,0.0,0.43,0.0,v0
2027,2023-10-01,0.02,0.0,0.02,0.0,v0
2027,2023-12-01,0.02,0.0,0.02,0.0,v0
2027,2024-01-01,0.02,0.0,0.02,0.0,v0
2028,2023-07-01,0.04,0.0,0.04,0.0,v0
2029,2023-07-01,1.1,0.0,1.1,0.0,v0
2029,2023-08-01,0.33,0.0,0.33,0.0,v0
2030,2023-07-01,0.0,0.73,-0.73,0.0,v0
2030,2023-08-01,0.0,0.59,-0.59,0.0,v0
2031,2023-07-01,0.01,0.0,0.01,0.0,v0
2031,2023-08-01,0.01,0.0,0.01,0.0,v0
2031,2023-09-01,0.01,0.0,0.01,0.0,v0
2031,2023-10-01,0.53,0.0,0.53,0.0,v0
2031,2023-11-01,0.01,0.0,0.01,0.0,v0
2031,2023-12-01,0.03,0.0,0.03,0.0,v0
2031,2024-01-01,0.0,0.08,-0.08,0.0,v0
2031,2024-02-01,0.08,0.0,0.08,0.0,v0
2032,2023-07-01,0.0,0.01,-0.01,0.0,v0
2033,2023-07-01,0.03,0.0,0.03,0.0,v0
2034,2023-07-01,0.03,0.0,0.03,0.0,v0
2035,2023-07-01,0.23,0.0,0.23,0.0,v0
2036,2023-07-01,0.0,0.17,-0.17,0.0,v0
2037,2023-07-01,0.0,0.01,-0.01,0.0,v0
2038,2023-07-01,0.0,0.07,-0.07,0.0,v0
2038,2023-08-01,0.0,0.07,-0.07,0.0,v0
2038,2023-09-01,0.0,0.05,-0.05,0.0,v0
2039,2023-07-01,0.35,0.0,0.35,0.0,v0
2039,2023-08-01,0.33,0.0,0.33,0.0,v0
2039,2023-09-01,0.19,0.0,0.19,0.0,v0
2039,2023-10-01,0.37,0.0,0.37,0.0,v0
2039,2023-11-01,0.22,0.0,0.22,0.0,v0
2039,2023-12-01,0.36,0.0,0.36,0.0,v0
2040,2023-07-01,0.01,0.0,0.01,0.0,v0
2041,2023-07-01,0.06,0.04,0.019999999999999997,0.0,v0
2042,2023-07-01,0.0,0.31,-0.31,0.0,v0
2042,2023-08-01,0.0,0.51,-0.51,0.0,v0
2042,2023-09-01,0.0,0.47,-0.47,0.0,v0
2042,2023-10-01,0.0,0.4,-0.4,0.0,v0
2042,2023-11-01,0.0,0.4,-0.4,0.0,v0
2042,2023-12-01,0.0,0.37,-0.37,0.0,v0
2042,2024-01-01,0.0,0.54,-0.54,0.0,v0
2042,2024-02-01,0.0,0.43,-0.43,0.0,v0
2042,2024-03-01,0.0,0.17,-0.17,0.0,v0
2042,2024-04-01,0.0,3.4,-3.4,0.0,v0
2042,2024-05-01,0.0,0.36,-0.36,0.0,v0
2042,2024-06-01,0.0,1.5,-1.5,0.0,v0
2042,2024-07-01,0.0,6.2,-6.2,0.0,v0
2042,2024-08-01,0.0,2.3,-2.3,0.0,v0
2042,2024-09-01,0.0,1.9,-1.9,0.0,v0
2042,2024-10-01,0.0,0.53,-0.53,0.0,v0
2042,2024-12-01,0.0,0.95,-0.95,0.0,v0
2043,2023-07-01,0.06,0.0,0.06,0.0,v0
2043,2023-08-01,0.07,0.0,0.07,0.0,v0
2044,2023-07-01,0.03,0.0,0.03,0.0,v0
2044,2023-08-01,0.0,0.01,-0.01,0.0,v0
2044,2023-09-01,0.0,0.01,-0.01,0.0,v0
2044,2023-10-01,0.04,0.0,0.04,0.0,v0
2044,2023-11-01,0.05,0.0,0.05,0.0,v0
2044,2023-12-01,0.66,0.0,0.66,0.0,v0
2045,2023-07-01,0.0,0.03,-0.03,0.0,v0
2045,2023-08-01,0.0,0.01,-0.01,0.0,v0
2046,2023-07-01,0.0,0.1,-0.1,0.0,v0
2046,2023-08-01,0.0,0.05,-0.05,0.0,v0
2046,2023-09-01,0.0,0.24,-0.24,0.0,v0
2046,2023-10-01,0.0,0.06,-0.06,0.0,v0
2046,2023-11-01,0.0,0.05,-0.05,0.0,v0
2046,2023-12-01,0.0,0.05,-0.05,0.0,v0
2046,2024-01-01,0.0,0.03,-0.03,0.0,v0
2047,2023-07-01,0.02,0.05,-0.030000000000000002,0.0,v0
2047,2023-08-01,0.15,0.0,0.15,0.0,v0
2047,2023-09-01,0.33,0.0,0.33,0.0,v0
2047,2023-10-01,0.06,0.0,0.06,0.0,v0
2048,2023-07-01,0.0,0.01,-0.01,0.0,v0
2049,2023-07-01,0.0,0.02,-0.02,0.0,v0
2050,2023-07-01,0.0,0.01,-0.01,0.0,v0
2051,2023-07-01,0.02,0.0,0.02,0.0,v0
2051,2023-08-01,0.02,0.0,0.02,0.0,v0
2051,2024-02-01,0.02,0.0,0.02,0.0,v0
2051,2024-03-01,0.01,0.0,0.01,0.0,v0
2051,2024-04-01,0.02,0.0,0.02,0.0,v0
2052,2023-07-01,0.0,0.01,-0.01,0.0,v0
2053,2023-07-01,0.0,0.04,-0.04,0.0,v0
2053,2024-01-01,0.0,0.26,-0.26,0.0,v0
2053,2024-09-01,0.87,0.0,0.87,0.0,v0
2054,2023-07-01,0.0,0.24,-0.24,0.0,v0
2055,2023-07-01,0.0,0.02,-0.02,0.0,v0
2056,2023-07-01,0.0,0.3,-0.3,0.0,v0
2056,2023-08-01,0.0,0.59,-0.59,0.0,v0
2056,2023-09-01,0.0,0.52,-0.52,0.0,v0
2057,2023-07-01,0.0,0.04,-0.04,0.0,v0
2058,2023-07-01,0.0,0.05,-0.05,0.0,v0
2058,2023-08-01,0.03,0.0,0.03,0.0,v0
2058,2023-09-01,0.0,0.03,-0.03,0.0,v0
2058,2023-10-01,0.0,0.05,-0.05,0.0,v0
2058,2023-11-01,0.0,0.14,-0.14,0.0,v0
2058,2023-12-01,0.0,0.12,-0.12,0.0,v0
2058,2024-01-01,0.0,0.05,-0.05,0.0,v0
2058,2024-02-01,0.0,0.03,-0.03,0.0,v0
2058,2024-04-01,0.0,0.02,-0.02,0.0,v0
2058,2024-05-01,0.0,0.03,-0.03,0.0,v0
2058,2024-06-01,0.0,0.07,-0.07,0.0,v0
2058,2024-07-01,0.0,0.05,-0.05,0.0,v0
2058,2024-08-01,0.0,0.19,-0.19,0.0,v0
2059,2023-07-01,0.02,0.0,0.02,0.0,v0
2059,2023-08-01,0.05,0.13,-0.08,0.0,v0
2059,2023-09-01,0.1,0.65,-0.55,0.0,v0
2059,2023-10-01,0.01,0.0,0.01,0.0,v0
2059,2023-11-01,0.01,0.0,0.01,0.0,v0
2059,2023-12-01,0.0,0.07,-0.07,0.0,v0
2059,2024-01-01,0.0,0.12,-0.12,0.0,v0
2059,2024-02-01,0.0,0.08,-0.08,0.0,v0
2059,2024-03-01,0.0,0.18,-0.18,0.0,v0
2059,2024-04-01,0.0,0.05,-0.05,0.0,v0
2059,2024-05-01,0.0,0.09,-0.09,0.0,v0
2060,2023-07-01,0.0,3.3,-3.3,0.0,v0
2061,2023-07-01,0.0,0.4,-0.4,0.0,v0
2061,2023-08-01,0.0,0.57,-0.57,0.0,v0
2061,2023-09-01,0.0,1.5,-1.5,0.0,v0
2061,2023-10-01,0.39,0.0,0.39,0.0,v0
2062,2023-07-01,0.02,0.0,0.02,0.0,v0
2063,2023-07-01,0.0,0.02,-0.02,0.0,v0
2064,2023-07-01,0.0,0.07,-0.07,0.0,v0
2065,2023-07-01,0.0,0.05,-0.05,0.0,v0
2065,2023-08-01,0.0,0.01,-0.01,0.0,v0
2065,2023-09-01,0.26,0.01,0.25,0.0,v0
2065,2023-10-01,0.02,0.03,-0.009999999999999998,0.0,v0
2065,2023-11-01,0.03,0.0,0.03,0.0,v0
2065,2024-01-01,0.0,0.01,-0.01,0.0,v0
2066,2023-07-01,0.04,0.0,0.04,0.0,v0
2066,2023-08-01,0.01,0.0,0.01,0.0,v0
2066,2023-09-01,0.01,0.0,0.01,0.0,v0
2066,2023-10-01,0.06,0.0,0.06,0.0,v0
2067,2023-08-01,0.0,0.02,-0.02,0.0,v0
2067,2023-09-01,0.0,0.02,-0.02,0.0,v0
2067,2023-10-01,0.0,0.02,-0.02,0.0,v0
2067,2023-11-01,0.0,0.01,-0.01,0.0,v0
2067,2023-12-01,0.0,0.04,-0.04,0.0,v0
2067,2024-01-01,0.0,0.06,-0.06,0.0,v0
2067,2024-02-01,0.0,0.03,-0.03,0.0,v0
2067,2024-03-01,0.0,0.06,-0.06,0.0,v0
2067,2024-04-01,0.0,0.06,-0.06,0.0,v0
2068,2023-07-01,0.0,0.37,-0.37,0.0,v0
2068,2023-08-01,0.0,0.3,-0.3,0.0,v0
2068,2023-09-01,0.0,0.36,-0.36,0.0,v0
2068,2023-10-01,0.0,0.97,-0.97,0.0,v0
2068,2023-11-01,0.0,0.63,-0.63,0.0,v0
2068,2023-12-01,0.0,3.1,-3.1,0.0,v0
2068,2024-01-01,0.04,3.1,-3.06,0.0,v0
2068,2024-02-01,0.0,2.7,-2.7,0.0,v0
2068,2024-03-01,0.0,1.7,-1.7,0.0,v0
2068,2024-04-01,0.0,0.98,-0.98,0.0,v0
2069,2023-07-01,0.02,0.24,-0.22,0.0,v0
2069,2023-09-01,0.4,0.18,0.22000000000000003,0.0,v0
2069,2023-10-01,2.1,0.12,1.98,0.0,v0
2069,2023-11-01,0.12,0.39,-0.27,0.0,v0
2069,2023-12-01,2.6,1.5,1.1,0.0,v0
2069,2024-01-01,0.0,1.3,-1.3,0.0,v0
2069,2024-02-01,0.47,1.0,-0.53,0.0,v0
2069,2024-03-01,2.1,1.5,0.6000000000000001,0.0,v0
2069,2024-04-01,0.25,0.18,0.07,0.0,v0
2069,2024-05-01,1.3,2.2,-0.9000000000000001,0.0,v0
2069,2024-06-01,1.3,0.82,0.4800000000000001,0.0,v0
2069,2024-07-01,1.4,2.0,-0.6000000000000001,0.0,v0
2069,2024-08-01,0.69,0.13,0.5599999999999999,0.0,v0
2069,2024-09-01,0.52,0.0,0.52,0.0,v0
2069,2024-10-01,0.77,1.1,-0.33000000000000007,0.0,v0
2069,2024-12-01,0.0,0.04,-0.04,0.0,v0
2070,2023-07-01,0.0,0.26,-0.26,0.0,v0
2071,2023-07-01,0.11,0.0,0.11,0.0,v0
2072,2023-07-01,0.0,0.04,-0.04,0.0,v0
2073,2023-07-01,0.0,0.03,-0.03,0.0,v0
2074,2023-07-01,0.0,0.01,-0.01,0.0,v0
2075,2023-07-01,0.0,0.56,-0.56,0.0,v0
2075,2023-08-01,0.39,0.0,0.39,0.0,v0
2076,2023-07-01,0.41,0.0,0.41,0.0,v0
2077,2023-07-01,0.08,0.0,0.08,0.0,v0
2078,2023-07-01,0.0,0.04,-0.04,0.0,v0
2078,2023-08-01,0.0,0.02,-0.02,0.0,v0
2078,2023-09-01,0.0,0.02,-0.02,0.0,v0
2078,2023-10-01,0.0,0.11,-0.11,0.0,v0
2079,2023-07-01,0.0,0.01,-0.01,0.0,v0
2079,2023-08-01,0.0,0.01,-0.01,0.0,v0
2079,2023-09-01,0.0,0.03,-0.03,0.0,v0
2079,2023-10-01,0.0,0.02,-0.02,0.0,v0
2079,2023-11-01,0.0,0.04,-0.04,0.0,v0
2080,2023-07-01,0.0,0.02,-0.02,0.0,v0
2081,2023-07-01,0.0,0.01,-0.01,0.0,v0
2082,2023-07-01,0.0,0.01,-0.01,0.0,v0
2082,2023-08-01,0.0,0.04,-0.04,0.0,v0
2082,2023-10-01,0.0,0.02,-0.02,0.0,v0
2082,2023-11-01,0.0,0.01,-0.01,0.0,v0
2082,2023-12-01,0.0,0.02,-0.02,0.0,v0
2082,2024-01-01,0.0,0.02,-0.02,0.0,v0
2083,2023-07-01,0.0,0.01,-0.01,0.0,v0
2083,2023-08-01,0.0,0.02,-0.02,0.0,v0
2084,2023-07-01,0.01,0.0,0.01,0.0,v0
2085,2023-07-01,0.0,0.01,-0.01,0.0,v0
2086,2023-07-01,0.0,0.35,-0.35,0.0,v0
2086,2023-08-01,0.0,0.03,-0.03,0.0,v0
2086,2023-09-01,0.0,0.01,-0.01,0.0,v0
2086,2023-10-01,0.0,0.45,-0.45,0.0,v0
2086,2023-12-01,0.0,0.15,-0.15,0.0,v0
2086,2024-01-01,0.0,0.09,-0.09,0.0,v0
2087,2023-07-01,0.0,0.03,-0.03,0.0,v0
2088,2023-07-01,0.48,0.01,0.47,0.0,v0
2089,2023-10-01,0.07,0.0,0.07,0.0,v0
2089,2024-01-01,0.12,0.0,0.12,0.0,v0
2089,2024-03-01,0.15,0.0,0.15,0.0,v0
2089,2024-04-01,0.97,0.0,0.97,0.0,v0
2089,2024-05-01,0.03,0.0,0.03,0.0,v0
2089,2024-06-01,0.05,0.0,0.05,0.0,v0
2089,2024-07-01,0.09,0.0,0.09,0.0,v0
2089,2024-09-01,0.04,0.0,0.04,0.0,v0
2089,2024-11-01,0.04,0.0,0.04,0.0,v0
2090,2023-08-01,0.0,0.3,-0.3,0.0,v0
2090,2023-09-01,0.0,0.26,-0.26,0.0,v0
2090,2023-10-01,0.0,0.36,-0.36,0.0,v0
2090,2023-11-01,0.0,0.51,-0.51,0.0,v0
2090,2023-12-01,0.0,0.34,-0.34,0.0,v0
2091,2023-07-01,0.0,0.15,-0.15,0.0,v0
2091,2023-08-01,0.0,0.08,-0.08,0.0,v0
2092,2023-07-01,0.02,0.0,0.02,0.0,v0
2092,2023-08-01,0.0,0.01,-0.01,0.0,v0
2092,2023-09-01,0.01,0.03,-0.019999999999999997,0.0,v0
2092,2023-12-01,0.0,0.01,-0.01,0.0,v0
2092,2024-03-01,0.01,0.0,0.01,0.0,v0
2092,2024-04-01,0.01,0.0,0.01,0.0,v0
2092,2024-06-01,0.0,0.04,-0.04,0.0,v0
2092,2024-09-01,0.0,0.03,-0.03,0.0,v0
2092,2024-10-01,0.01,0.0,0.01,0.0,v0
2093,2023-07-01,0.0,0.12,-0.12,0.0,v0
2094,2023-07-01,0.02,0.18,-0.16,0.0,v0
2095,2023-07-01,0.0,0.29,-0.29,0.0,v0
2096,2023-07-01,13.0,0.0,13.0,0.0,v0
2096,2023-08-01,0.56,0.0,0.56,0.0,v0
2096,2023-09-01,1.1,0.0,1.1,0.0,v0
2096,2023-10-01,9.5,0.0,9.5,0.0,v0
2096,2023-11-01,12.0,0.0,12.0,0.0,v0
2096,2023-12-01,1.9,0.0,1.9,0.0,v0
2096,2024-02-01,1.7,0.0,1.7,0.0,v0
2096,2024-03-01,7.5,0.0,7.5,0.0,v0
2096,2024-04-01,0.52,0.0,0.52,0.0,v0
2096,2024-05-01,3.9,0.0,3.9,0.0,v0
2096,2024-06-01,7.5,0.0,7.5,0.0,v0
2096,2024-07-01,7.1,0.0,7.1,0.0,v0
2096,2024-08-01,3.2,0.0,3.2,0.0,v0
2096,2024-10-01,6.6,0.0,6.6,0.0,v0
2096,2024-11-01,7.3,0.0,7.3,0.0,v0
2096,2024-12-01,5.5,0.0,5.5,0.0,v0
2097,2023-07-01,0.0,0.03,-0.03,0.0,v0
2097,2023-08-01,0.0,0.03,-0.03,0.0,v0
2097,2023-09-01,0.0,0.01,-0.01,0.0,v0
2097,2023-10-01,0.0,0.02,-0.02,0.0,v0
2097,2023-11-01,0.71,0.21,0.5,0.0,v0
2097,2023-12-01,0.0,0.01,-0.01,0.0,v0
2097,2024-01-01,0.0,0.03,-0.03,0.0,v0
2097,2024-02-01,1.2,0.0,1.2,0.0,v0
2097,2024-03-01,0.0,0.04,-0.04,0.0,v0
2097,2024-04-01,2.7,0.03,2.6700000000000004,0.0,v0
2097,2024-05-01,1.6,0.03,1.57,0.0,v0
2097,2024-06-01,1.5,0.17,1.33,0.0,v0
2097,2024-07-01,1.7,0.23,1.47,0.0,v0
2097,2024-08-01,1.4,0.13,1.27,0.0,v0
2097,2024-09-01,1.8,0.26,1.54,0.0,v0
2097,2024-10-01,1.5,0.0,1.5,0.0,v0
2097,2024-11-01,0.75,0.13,0.62,0.0,v0
2097,2024-12-01,1.2,0.13,1.0699999999999998,0.0,v0
2098,2023-07-01,0.0,3.8,-3.8,0.0,v0
2098,2023-08-01,0.0,14.0,-14.0,0.0,v0
2098,2023-10-01,7.1,0.0,7.1,0.0,v0
2098,2023-11-01,4.8,0.0,4.8,0.0,v0
2098,2023-12-01,2.1,0.0,2.1,0.0,v0
2098,2024-01-01,7.1,0.0,7.1,0.0,v0
2098,2024-02-01,0.0,9.0,-9.0,0.0,v0
2098,2024-03-01,4.9,0.0,4.9,0.0,v0
2098,2024-04-01,7.7,0.0,7.7,0.0,v0
2098,2024-05-01,6.9,0.0,6.9,0.0,v0
2098,2024-06-01,6.3,0.0,6.3,0.0,v0
2098,2024-07-01,8.6,0.0,8.6,0.0,v0
2098,2024-08-01,5.5,0.0,5.5,0.0,v0
2098,2024-09-01,5.3,0.0,5.3,0.0,v0
2098,2024-10-01,8.7,0.0,8.7,0.0,v0
2098,2024-11-01,8.4,0.0,8.4,0.0,v0
2098,2024-12-01,7.5,0.0,7.5,0.0,v0
2099,2023-07-01,0.0,0.1,-0.1,0.0,v0
2099,2023-08-01,0.0,0.06,-0.06,0.0,v0
2099,2023-09-01,0.0,0.07,-0.07,0.0,v0
2099,2023-10-01,0.0,0.02,-0.02,0.0,v0
2099,2023-11-01,0.0,0.04,-0.04,0.0,v0
2099,2023-12-01,0.0,0.13,-0.13,0.0,v0
2099,2024-02-01,0.0,0.06,-0.06,0.0,v0
2099,2024-04-01,0.0,0.14,-0.14,0.0,v0
2099,2024-05-01,0.0,0.16,-0.16,0.0,v0
2099,2024-06-01,0.0,0.02,-0.02,0.0,v0
2099,2024-07-01,0.0,0.18,-0.18,0.0,v0
2099,2024-08-01,0.0,0.06,-0.06,0.0,v0
2099,2024-09-01,0.0,0.09,-0.09,0.0,v0
2099,2024-11-01,0.0,0.08,-0.08,0.0,v0
2099,2024-12-01,0.0,0.13,-0.13,0.0,v0
2100,2023-07-01,0.0,0.06,-0.06,0.0,v0
2101,2023-08-01,0.0,2.2,-2.2,0.0,v0
2102,2023-08-01,0.0,0.08,-0.08,0.0,v0
2103,2023-08-01,0.0,0.21,-0.21,0.0,v0
2103,2023-09-01,0.0,0.14,-0.14,0.0,v0
2103,2023-10-01,0.0,0.11,-0.11,0.0,v0
2103,2023-11-01,0.0,0.1,-0.1,0.0,v0
2103,2023-12-01,0.0,0.12,-0.12,0.0,v0
2103,2024-01-01,0.0,0.15,-0.15,0.0,v0
2103,2024-02-01,0.0,0.11,-0.11,0.0,v0
2103,2024-03-01,0.0,0.23,-0.23,0.0,v0
2103,2024-04-01,0.0,0.05,-0.05,0.0,v0
2103,2024-05-01,0.0,0.24,-0.24,0.0,v0
2103,2024-06-01,0.0,0.15,-0.15,0.0,v0
2103,2024-08-01,0.0,0.12,-0.12,0.0,v0
2103,2024-09-01,0.0,0.26,-0.26,0.0,v0
2103,2024-10-01,0.0,0.21,-0.21,0.0,v0
2103,2024-11-01,0.0,0.22,-0.22,0.0,v0
2104,2023-09-01,0.46,0.0,0.46,0.0,v0
2104,2023-10-01,0.92,0.0,0.92,0.0,v0
2104,2023-12-01,1.5,0.0,1.5,0.0,v0
2104,2024-01-01,2.2,0.0,2.2,0.0,v0
2104,2024-02-01,2.0,0.01,1.99,0.0,v0
2104,2024-03-01,1.7,0.0,1.7,0.0,v0
2104,2024-04-01,1.1,0.0,1.1,0.0,v0
2104,2024-05-01,0.46,0.0,0.46,0.0,v0
2104,2024-06-01,0.21,0.0,0.21,0.0,v0
2104,2024-07-01,0.0,0.25,-0.25,0.0,v0
2104,2024-08-01,0.0,0.18,-0.18,0.0,v0
2105,2023-08-01,0.0,0.03,-0.03,0.0,v0
2106,2023-08-01,0.0,0.03,-0.03,0.0,v0
2107,2023-08-01,0.22,0.0,0.22,0.0,v0
2108,2023-08-01,9.1,0.63,8.469999999999999,0.0,v0
2109,2023-08-01,2.5,0.23,2.27,0.0,v0
2110,2023-08-01,0.14,0.0,0.14,0.0,v0
2110,2023-09-01,0.24,0.0,0.24,0.0,v0
2111,2023-08-01,0.01,0.0,0.01,0.0,v0
2112,2023-08-01,0.0,0.02,-0.02,0.0,v0
2112,2024-02-01,0.0,0.03,-0.03,0.0,v0
2112,2024-08-01,0.0,0.02,-0.02,0.0,v0
2112,2024-09-01,0.0,0.02,-0.02,0.0,v0
2113,2023-08-01,0.0,0.05,-0.05,0.0,v0
2113,2023-09-01,0.0,0.05,-0.05,0.0,v0
2113,2023-10-01,0.0,0.03,-0.03,0.0,v0
2113,2023-11-01,0.0,0.11,-0.11,0.0,v0
2113,2023-12-01,0.0,0.09,-0.09,0.0,v0
2113,2024-01-01,0.0,0.05,-0.05,0.0,v0
2113,2024-02-01,0.0,0.01,-0.01,0.0,v0
2113,2024-03-01,0.0,0.07,-0.07,0.0,v0
2113,2024-04-01,0.0,0.12,-0.12,0.0,v0
2113,2024-05-01,0.0,0.06,-0.06,0.0,v0
2113,2024-06-01,0.0,0.05,-0.05,0.0,v0
2113,2024-07-01,0.0,0.09,-0.09,0.0,v0
2113,2024-08-01,0.0,0.08,-0.08,0.0,v0
2113,2024-09-01,0.0,0.15,-0.15,0.0,v0
2113,2024-10-01,0.0,0.07,-0.07,0.0,v0
2113,2024-11-01,0.0,0.09,-0.09,0.0,v0
2114,2023-08-01,0.05,0.0,0.05,0.0,v0
2114,2023-10-01,0.02,0.0,0.02,0.0,v0
2114,2024-01-01,0.1,0.0,0.1,0.0,v0
2114,2024-12-01,0.04,0.0,0.04,0.0,v0
2115,2023-08-01,0.01,0.0,0.01,0.0,v0
2116,2023-08-01,0.03,0.09,-0.06,0.0,v0
2116,2023-09-01,0.06,0.05,0.009999999999999995,0.0,v0
2116,2023-10-01,0.02,0.24,-0.22,0.0,v0
2116,2023-11-01,0.03,0.05,-0.020000000000000004,0.0,v0
2116,2023-12-01,0.03,0.14,-0.11000000000000001,0.0,v0
2116,2024-01-01,0.07,0.14,-0.07,0.0,v0
2116,2024-02-01,0.11,0.09,0.020000000000000004,0.0,v0
2116,2024-03-01,0.0,0.01,-0.01,0.0,v0
2116,2024-04-01,0.03,0.31,-0.28,0.0,v0
2116,2024-05-01,0.11,0.15,-0.039999999999999994,0.0,v0
2116,2024-06-01,0.06,0.33,-0.27,0.0,v0
2116,2024-08-01,0.04,0.12,-0.07999999999999999,0.0,v0
2116,2024-09-01,0.06,0.14,-0.08000000000000002,0.0,v0
2116,2024-10-01,0.03,0.12,-0.09,0.0,v0
2116,2024-11-01,0.04,0.26,-0.22,0.0,v0
2116,2024-12-01,0.02,0.2,-0.18000000000000002,0.0,v0
2117,2023-08-01,0.0,0.06,-0.06,0.0,v0
2118,2023-08-01,0.01,0.0,0.01,0.0,v0
2119,2023-08-01,0.04,0.0,0.04,0.0,v0
2119,2023-09-01,0.02,0.0,0.02,0.0,v0
2119,2023-11-01,0.01,0.0,0.01,0.0,v0
2119,2023-12-01,0.04,0.0,0.04,0.0,v0
2119,2024-01-01,0.02,0.0,0.02,0.0,v0
2120,2023-08-01,0.02,0.03,-0.009999999999999998,0.0,v0
2120,2023-09-01,0.03,0.04,-0.010000000000000002,0.0,v0
2120,2023-10-01,0.02,0.0,0.02,0.0,v0
2120,2023-11-01,0.05,0.18,-0.13,0.0,v0
2121,2023-08-01,0.0,0.01,-0.01,0.0,v0
2121,2023-09-01,0.0,0.01,-0.01,0.0,v0
2121,2023-10-01,0.0,0.01,-0.01,0.0,v0
2121,2023-11-01,0.0,0.01,-0.01,0.0,v0
2121,2023-12-01,0.0,0.01,-0.01,0.0,v0
2121,2024-01-01,0.0,0.01,-0.01,0.0,v0
2121,2024-02-01,0.37,0.04,0.33,0.0,v0
2121,2024-03-01,0.54,0.06,0.48000000000000004,0.0,v0
2121,2024-04-01,0.25,0.05,0.2,0.0,v0
2121,2024-05-01,1.5,0.04,1.46,0.0,v0
2121,2024-06-01,0.1,0.03,0.07,0.0,v0
2121,2024-07-01,0.6,0.03,0.57,0.0,v0
2121,2024-08-01,0.55,0.07,0.48000000000000004,0.0,v0
2121,2024-09-01,0.4,0.04,0.36000000000000004,0.0,v0
2121,2024-10-01,0.72,0.04,0.6799999999999999,0.0,v0
2121,2024-11-01,0.5,0.06,0.44,0.0,v0
2121,2024-12-01,1.5,0.04,1.46,0.0,v0
2122,2023-08-01,0.0,0.04,-0.04,0.0,v0
2122,2023-09-01,0.0,0.02,-0.02,0.0,v0
2122,2023-10-01,0.0,0.02,-0.02,0.0,v0
2122,2023-11-01,0.0,0.04,-0.04,0.0,v0
2123,2023-08-01,0.1,0.0,0.1,0.0,v0
2123,2023-09-01,0.11,0.0,0.11,0.0,v0
2124,2023-08-01,0.0,0.21,-0.21,0.0,v0
2124,2023-09-01,0.0,0.09,-0.09,0.0,v0
2124,2023-10-01,0.0,0.02,-0.02,0.0,v0
2124,2023-12-01,0.0,0.07,-0.07,0.0,v0
2124,2024-01-01,0.0,0.27,-0.27,0.0,v0
2124,2024-02-01,0.0,0.13,-0.13,0.0,v0
2124,2024-03-01,0.0,0.32,-0.32,0.0,v0
2124,2024-04-01,0.0,0.34,-0.34,0.0,v0
2124,2024-05-01,0.0,0.01,-0.01,0.0,v0
2124,2024-06-01,0.0,0.32,-0.32,0.0,v0
2124,2024-07-01,0.0,0.03,-0.03,0.0,v0
2124,2024-08-01,0.0,0.19,-0.19,0.0,v0
2124,2024-09-01,0.0,0.03,-0.03,0.0,v0
2124,2024-10-01,0.0,0.01,-0.01,0.0,v0
2124,2024-12-01,0.0,0.41,-0.41,0.0,v0
2125,2023-08-01,12.0,1.7,10.3,0.0,v0
2125,2023-09-01,7.3,0.01,7.29,0.0,v0
2126,2023-08-01,1.9,0.0,1.9,0.0,v0
2126,2023-09-01,1.4,0.0,1.4,0.0,v0
2127,2023-08-01,0.56,0.0,0.56,0.0,v0
2127,2023-09-01,0.09,0.03,0.06,0.0,v0
2128,2023-08-01,0.0,0.3,-0.3,0.0,v0
2128,2023-09-01,0.0,0.3,-0.3,0.0,v0
2128,2023-10-01,0.26,0.0,0.26,0.0,v0
2128,2023-11-01,0.0,0.01,-0.01,0.0,v0
2128,2023-12-01,0.02,0.0,0.02,0.0,v0
2129,2023-08-01,0.04,0.01,0.03,0.0,v0
2130,2023-08-01,0.34,0.0,0.34,0.0,v0
2131,2023-08-01,0.0,0.01,-0.01,0.0,v0
2132,2023-08-01,0.05,0.0,0.05,0.0,v0
2133,2023-08-01,0.33,0.0,0.33,0.0,v0
2133,2023-09-01,0.73,0.06,0.6699999999999999,0.0,v0
2134,2023-08-01,0.02,0.0,0.02,0.0,v0
2135,2023-08-01,0.0,0.02,-0.02,0.0,v0
2135,2023-09-01,0.0,0.02,-0.02,0.0,v0
2135,2023-10-01,0.0,0.1,-0.1,0.0,v0
2135,2023-11-01,0.0,0.04,-0.04,0.0,v0
2136,2023-08-01,0.0,0.22,-0.22,0.0,v0
2136,2023-09-01,0.0,0.35,-0.35,0.0,v0
2136,2023-10-01,0.0,0.26,-0.26,0.0,v0
2136,2023-11-01,0.0,0.71,-0.71,0.0,v0
2136,2023-12-01,0.0,0.27,-0.27,0.0,v0
2136,2024-01-01,0.0,0.36,-0.36,0.0,v0
2136,2024-02-01,0.0,0.46,-0.46,0.0,v0
2136,2024-03-01,0.0,0.23,-0.23,0.0,v0
2136,2024-04-01,0.0,0.12,-0.12,0.0,v0
2136,2024-05-01,0.0,0.14,-0.14,0.0,v0
2136,2024-06-01,0.0,0.55,-0.55,0.0,v0
2136,2024-07-01,0.0,0.27,-0.27,0.0,v0
2136,2024-08-01,0.0,0.5,-0.5,0.0,v0
2136,2024-09-01,0.0,0.26,-0.26,0.0,v0
2136,2024-10-01,0.0,0.28,-0.28,0.0,v0
2136,2024-11-01,0.0,0.41,-0.41,0.0,v0
2136,2024-12-01,0.0,0.27,-0.27,0.0,v0
2137,2023-08-01,0.01,0.0,0.01,0.0,v0
2138,2023-08-01,0.01,0.0,0.01,0.0,v0
2138,2023-09-01,0.22,0.0,0.22,0.0,v0
2138,2023-10-01,0.11,0.0,0.11,0.0,v0
2138,2023-11-01,0.02,0.0,0.02,0.0,v0
2139,2023-08-01,0.2,0.0,0.2,0.0,v0
2140,2023-08-01,0.05,0.02,0.030000000000000002,0.0,v0
2140,2023-09-01,0.05,0.07,-0.020000000000000004,0.0,v0
2140,2023-10-01,0.0,0.06,-0.06,0.0,v0
2140,2023-11-01,0.0,18.0,-18.0,0.0,v0
2140,2023-12-01,0.03,0.0,0.03,0.0,v0
2140,2024-02-01,0.02,0.0,0.02,0.0,v0
2140,2024-05-01,0.13,0.0,0.13,0.0,v0
2140,2024-06-01,0.03,0.0,0.03,0.0,v0
2140,2024-07-01,0.03,0.0,0.03,0.0,v0
2141,2023-08-01,0.0,74.0,-74.0,0.0,v0
2141,2023-09-01,0.0,81.0,-81.0,0.0,v0
2142,2023-08-01,0.01,0.0,0.01,0.0,v0
2143,2023-08-01,0.05,0.01,0.04,0.0,v0
2143,2023-09-01,0.01,0.0,0.01,0.0,v0
2143,2023-10-01,0.02,0.0,0.02,0.0,v0
2143,2023-11-01,0.06,0.01,0.049999999999999996,0.0,v0
2143,2023-12-01,0.0,0.01,-0.01,0.0,v0
2143,2024-01-01,0.01,0.0,0.01,0.0,v0
2144,2023-08-01,0.03,0.03,0.0,0.0,v0
2145,2023-08-01,0.0,0.07,-0.07,0.0,v0
2145,2023-09-01,0.16,0.0,0.16,0.0,v0
2145,2023-10-01,0.0,0.22,-0.22,0.0,v0
2146,2023-08-01,0.0,0.01,-0.01,0.0,v0
2147,2023-09-01,0.02,0.04,-0.02,0.0,v0
2147,2023-10-01,0.01,0.0,0.01,0.0,v0
2147,2023-11-01,0.02,0.0,0.02,0.0,v0
2147,2023-12-01,0.05,0.0,0.05,0.0,v0
2147,2024-01-01,0.01,0.0,0.01,0.0,v0
2147,2024-02-01,0.01,0.0,0.01,0.0,v0
2147,2024-03-01,0.06,0.0,0.06,0.0,v0
2148,2023-08-01,0.0,0.41,-0.41,0.0,v0
2148,2023-09-01,0.0,0.39,-0.39,0.0,v0
2148,2023-10-01,0.33,0.0,0.33,0.0,v0
2148,2023-11-01,0.0,0.21,-0.21,0.0,v0
2148,2023-12-01,0.0,0.22,-0.22,0.0,v0
2148,2024-02-01,0.0,0.48,-0.48,0.0,v0
2148,2024-03-01,0.0,0.15,-0.15,0.0,v0
2148,2024-04-01,0.0,0.21,-0.21,0.0,v0
2148,2024-05-01,0.0,0.07,-0.07,0.0,v0
2148,2024-06-01,0.0,0.17,-0.17,0.0,v0
2148,2024-08-01,0.0,0.14,-0.14,0.0,v0
2148,2024-09-01,0.17,0.0,0.17,0.0,v0
2148,2024-10-01,0.0,0.15,-0.15,0.0,v0
2148,2024-11-01,0.15,0.0,0.15,0.0,v0
2148,2024-12-01,0.15,0.0,0.15,0.0,v0
2149,2023-08-01,0.02,0.0,0.02,0.0,v0
2150,2023-08-01,0.0,0.17,-0.17,0.0,v0
2151,2023-08-01,0.0,0.37,-0.37,0.0,v0
2151,2023-09-01,0.0,0.42,-0.42,0.0,v0
2151,2023-10-01,0.0,0.43,-0.43,0.0,v0
2151,2023-11-01,0.0,0.27,-0.27,0.0,v0
2151,2023-12-01,0.0,0.14,-0.14,0.0,v0
2151,2024-01-01,0.0,0.31,-0.31,0.0,v0
2152,2023-08-01,0.02,0.0,0.02,0.0,v0
2152,2023-09-01,0.01,0.0,0.01,0.0,v0
2152,2023-10-01,0.01,0.0,0.01,0.0,v0
2152,2023-11-01,0.01,0.0,0.01,0.0,v0
2152,2023-12-01,0.02,0.0,0.02,0.0,v0
2152,2024-01-01,0.01,0.0,0.01,0.0,v0
2152,2024-02-01,0.01,0.0,0.01,0.0,v0
2152,2024-03-01,0.02,0.0,0.02,0.0,v0
2152,2024-04-01,0.04,0.0,0.04,0.0,v0
2153,2023-08-01,0.03,0.01,0.019999999999999997,0.0,v0
2153,2023-09-01,0.01,0.0,0.01,0.0,v0
2154,2023-08-01,0.0,0.01,-0.01,0.0,v0
2155,2023-08-01,0.01,0.0,0.01,0.0,v0
2156,2023-08-01,0.22,0.0,0.22,0.0,v0
2156,2023-09-01,0.11,0.0,0.11,0.0,v0
2156,2023-10-01,0.51,0.0,0.51,0.0,v0
2157,2023-08-01,0.0,0.04,-0.04,0.0,v0
2157,2023-10-01,0.0,0.04,-0.04,0.0,v0
2157,2023-11-01,0.0,0.04,-0.04,0.0,v0
2157,2023-12-01,0.0,0.03,-0.03,0.0,v0
2157,2024-01-01,0.0,0.07,-0.07,0.0,v0
2157,2024-02-01,0.0,0.04,-0.04,0.0,v0
2157,2024-03-01,0.0,0.03,-0.03,0.0,v0
2158,2023-08-01,0.0,0.17,-0.17,0.0,v0
2159,2023-08-01,0.0,0.19,-0.19,0.0,v0
2160,2023-08-01,0.0,0.32,-0.32,0.0,v0
2161,2023-08-01,0.0,6.4,-6.4,0.0,v0
2162,2023-08-01,0.0,3.6,-3.6,0.0,v0
2162,2023-09-01,0.0,1.4,-1.4,0.0,v0
2163,2023-08-01,0.0,0.14,-0.14,0.0,v0
2163,2023-09-01,0.0,0.09,-0.09,0.0,v0
2163,2023-10-01,0.0,0.4,-0.4,0.0,v0
2163,2023-11-01,0.0,0.17,-0.17,0.0,v0
2163,2023-12-01,0.0,0.11,-0.11,0.0,v0
2163,2024-01-01,0.0,0.04,-0.04,0.0,v0
2163,2024-03-01,0.0,0.14,-0.14,0.0,v0
2163,2024-04-01,0.0,0.15,-0.15,0.0,v0
2163,2024-05-01,0.26,0.0,0.26,0.0,v0
2163,2024-06-01,0.15,0.0,0.15,0.0,v0
2163,2024-07-01,0.0,0.05,-0.05,0.0,v0
2164,2023-09-01,0.07,0.0,0.07,0.0,v0
2164,2023-10-01,0.06,0.0,0.06,0.0,v0
2164,2023-11-01,0.1,0.0,0.1,0.0,v0
2164,2024-01-01,0.0,0.29,-0.29,0.0,v0
2164,2024-02-01,0.0,0.07,-0.07,0.0,v0
2164,2024-03-01,0.0,0.5,-0.5,0.0,v0
2164,2024-04-01,0.0,0.2,-0.2,0.0,v0
2164,2024-07-01,0.0,0.38,-0.38,0.0,v0
2164,2024-08-01,0.0,0.12,-0.12,0.0,v0
2164,2024-10-01,0.0,0.31,-0.31,0.0,v0
2164,2024-12-01,0.0,0.3,-0.3,0.0,v0
2165,2023-09-01,0.02,0.0,0.02,0.0,v0
2165,2023-10-01,0.01,0.0,0.01,0.0,v0
2165,2023-12-01,0.08,0.0,0.08,0.0,v0
2165,2024-01-01,0.04,0.08,-0.04,0.0,v0
2165,2024-02-01,0.06,0.01,0.049999999999999996,0.0,v0
2165,2024-03-01,0.17,0.02,0.15000000000000002,0.0,v0
2166,2023-09-01,0.0,0.08,-0.08,0.0,v0
2166,2023-10-01,0.0,0.03,-0.03,0.0,v0
2166,2023-11-01,0.0,0.05,-0.05,0.0,v0
2167,2023-09-01,0.01,0.0,0.01,0.0,v0
2168,2023-09-01,0.0,0.02,-0.02,0.0,v0
2168,2023-11-01,0.13,0.0,0.13,0.0,v0
2168,2023-12-01,0.12,0.0,0.12,0.0,v0
2168,2024-01-01,0.18,0.0,0.18,0.0,v0
2168,2024-02-01,0.23,0.0,0.23,0.0,v0
2168,2024-03-01,0.16,0.0,0.16,0.0,v0
2168,2024-04-01,0.14,0.0,0.14,0.0,v0
2168,2024-06-01,0.18,0.0,0.18,0.0,v0
2168,2024-07-01,0.25,0.0,0.25,0.0,v0
2168,2024-08-01,0.26,0.0,0.26,0.0,v0
2168,2024-09-01,0.1,0.0,0.1,0.0,v0
2168,2024-10-01,0.21,0.0,0.21,0.0,v0
2168,2024-11-01,0.08,0.0,0.08,0.0,v0
2168,2024-12-01,0.18,0.0,0.18,0.0,v0
2169,2023-09-01,0.0,0.01,-0.01,0.0,v0
2170,2023-09-01,4.9,0.0,4.9,0.0,v0
2170,2023-10-01,4.3,0.0,4.3,0.0,v0
2170,2023-11-01,5.0,0.0,5.0,0.0,v0
2170,2024-01-01,4.5,0.0,4.5,0.0,v0
2170,2024-02-01,4.3,0.0,4.3,0.0,v0
2170,2024-03-01,7.4,0.0,7.4,0.0,v0
2170,2024-04-01,6.6,0.0,6.6,0.0,v0
2170,2024-05-01,14.0,0.0,14.0,0.0,v0
2170,2024-06-01,0.0,0.24,-0.24,0.0,v0
2170,2024-07-01,0.0,0.32,-0.32,0.0,v0
2170,2024-08-01,0.0,0.2,-0.2,0.0,v0
2170,2024-09-01,0.0,0.21,-0.21,0.0,v0
2170,2024-10-01,0.14,0.0,0.14,0.0,v0
2170,2024-11-01,0.11,0.0,0.11,0.0,v0
2170,2024-12-01,0.06,0.0,0.06,0.0,v0
2171,2023-09-01,0.0,0.01,-0.01,0.0,v0
2171,2023-10-01,0.0,0.01,-0.01,0.0,v0
2171,2023-11-01,0.01,0.43,-0.42,0.0,v0
2171,2023-12-01,0.17,0.0,0.17,0.0,v0
2172,2023-09-01,0.36,0.01,0.35,0.0,v0
2172,2023-10-01,0.26,0.0,0.26,0.0,v0
2173,2023-09-01,4.4,0.43,3.97,0.0,v0
2173,2023-10-01,7.0,0.38,6.62,0.0,v0
2173,2023-11-01,5.2,0.19,5.01,0.0,v0
2173,2023-12-01,5.3,0.22,5.08,0.0,v0
2173,2024-01-01,5.0,0.22,4.78,0.0,v0
2173,2024-02-01,3.2,0.08,3.12,0.0,v0
2173,2024-03-01,5.8,0.17,5.63,0.0,v0
2173,2024-04-01,6.8,1.1,5.699999999999999,0.0,v0
2173,2024-05-01,6.5,0.56,5.9399999999999995,0.0,v0
2173,2024-06-01,5.0,0.95,4.05,0.0,v0
2173,2024-07-01,0.55,0.0,0.55,0.0,v0
2173,2024-08-01,0.07,0.45,-0.38,0.0,v0
2173,2024-09-01,9.7,0.0,9.7,0.0,v0
2173,2024-10-01,11.0,0.89,10.11,0.0,v0
2173,2024-11-01,6.0,0.0,6.0,0.0,v0
2173,2024-12-01,8.3,0.46,7.840000000000001,0.0,v0
2174,2023-09-01,0.46,0.0,0.46,0.0,v0
2174,2023-10-01,0.01,0.0,0.01,0.0,v0
2174,2023-11-01,0.79,0.01,0.78,0.0,v0
2174,2023-12-01,0.71,0.0,0.71,0.0,v0
2175,2023-09-01,0.7,0.0,0.7,0.0,v0
2175,2023-10-01,7.5,0.0,7.5,0.0,v0
2176,2023-09-01,1.7,0.0,1.7,0.0,v0
2176,2023-10-01,0.28,0.0,0.28,0.0,v0
2176,2023-11-01,0.53,0.0,0.53,0.0,v0
2177,2023-09-01,0.03,0.0,0.03,0.0,v0
2177,2023-10-01,0.0,0.71,-0.71,0.0,v0
2177,2023-11-01,0.02,0.0,0.02,0.0,v0
2177,2023-12-01,0.02,0.0,0.02,0.0,v0
2178,2023-09-01,0.05,0.0,0.05,0.0,v0
2178,2023-10-01,0.03,0.0,0.03,0.0,v0
2178,2023-11-01,0.11,0.0,0.11,0.0,v0
2178,2023-12-01,0.06,0.0,0.06,0.0,v0
2178,2024-01-01,0.24,0.0,0.24,0.0,v0
2178,2024-02-01,0.19,0.0,0.19,0.0,v0
2179,2023-09-01,0.0,0.01,-0.01,0.0,v0
2180,2023-09-01,0.04,0.0,0.04,0.0,v0
2180,2023-10-01,0.23,0.0,0.23,0.0,v0
2180,2023-11-01,0.26,0.34,-0.08000000000000002,0.0,v0
2181,2023-09-01,0.01,0.0,0.01,0.0,v0
2181,2023-10-01,0.94,0.0,0.94,0.0,v0
2182,2023-09-01,0.0,0.01,-0.01,0.0,v0
2182,2023-10-01,0.0,0.01,-0.01,0.0,v0
2183,2023-09-01,0.09,0.0,0.09,0.0,v0
2184,2023-09-01,0.06,0.0,0.06,0.0,v0
2185,2023-10-01,0.08,0.0,0.08,0.0,v0
2185,2023-11-01,0.15,0.0,0.15,0.0,v0
2185,2023-12-01,0.05,0.0,0.05,0.0,v0
2185,2024-01-01,0.04,0.0,0.04,0.0,v0
2185,2024-02-01,0.12,0.0,0.12,0.0,v0
2185,2024-04-01,0.04,0.0,0.04,0.0,v0
2185,2024-05-01,0.19,0.0,0.19,0.0,v0
2185,2024-06-01,0.03,0.0,0.03,0.0,v0
2185,2024-07-01,0.11,0.0,0.11,0.0,v0
2185,2024-08-01,0.11,0.0,0.11,0.0,v0
2185,2024-09-01,0.22,0.0,0.22,0.0,v0
2185,2024-10-01,0.16,0.0,0.16,0.0,v0
2185,2024-11-01,0.07,0.0,0.07,0.0,v0
2185,2024-12-01,0.1,0.0,0.1,0.0,v0
2186,2023-09-01,0.04,0.0,0.04,0.0,v0
2187,2023-09-01,0.12,0.0,0.12,0.0,v0
2187,2023-10-01,0.03,0.0,0.03,0.0,v0
2187,2023-11-01,0.13,0.01,0.12000000000000001,0.0,v0
2187,2023-12-01,0.04,0.0,0.04,0.0,v0
2187,2024-01-01,0.0,0.01,-0.01,0.0,v0
2187,2024-02-01,0.03,0.0,0.03,0.0,v0
2187,2024-03-01,0.13,0.0,0.13,0.0,v0
2187,2024-04-01,0.04,0.0,0.04,0.0,v0
2188,2023-09-01,0.47,0.01,0.45999999999999996,0.0,v0
2188,2023-10-01,0.27,0.0,0.27,0.0,v0
2188,2023-11-01,0.35,0.02,0.32999999999999996,0.0,v0
2188,2023-12-01,0.0,0.01,-0.01,0.0,v0
2188,2024-01-01,0.0,0.06,-0.06,0.0,v0
2188,2024-02-01,0.13,0.0,0.13,0.0,v0
2189,2023-09-01,0.02,0.0,0.02,0.0,v0
2189,2023-10-01,0.07,0.0,0.07,0.0,v0
2189,2023-12-01,0.01,0.0,0.01,0.0,v0
2189,2024-01-01,0.03,0.0,0.03,0.0,v0
2189,2024-02-01,0.08,0.0,0.08,0.0,v0
2189,2024-03-01,0.01,0.0,0.01,0.0,v0
2189,2024-05-01,0.01,0.0,0.01,0.0,v0
2189,2024-06-01,0.07,0.0,0.07,0.0,v0
2189,2024-07-01,0.03,0.0,0.03,0.0,v0
2190,2023-09-01,0.0,0.02,-0.02,0.0,v0
2190,2023-11-01,0.07,0.0,0.07,0.0,v0
2190,2023-12-01,0.06,0.0,0.06,0.0,v0
2190,2024-01-01,0.27,0.0,0.27,0.0,v0
2191,2023-09-01,0.0,0.29,-0.29,0.0,v0
2191,2023-10-01,0.0,0.17,-0.17,0.0,v0
2191,2023-11-01,0.0,0.26,-0.26,0.0,v0
2191,2023-12-01,0.0,0.02,-0.02,0.0,v0
2192,2023-09-01,0.37,0.06,0.31,0.0,v0
2192,2023-10-01,0.13,0.0,0.13,0.0,v0
2192,2023-11-01,0.24,0.0,0.24,0.0,v0
2192,2023-12-01,0.15,0.06,0.09,0.0,v0
2192,2024-01-01,0.47,0.01,0.45999999999999996,0.0,v0
2192,2024-02-01,0.18,0.01,0.16999999999999998,0.0,v0
2193,2023-09-01,0.0,0.17,-0.17,0.0,v0
2193,2023-10-01,0.0,0.11,-0.11,0.0,v0
2193,2023-11-01,0.0,0.2,-0.2,0.0,v0
2193,2023-12-01,0.0,0.26,-0.26,0.0,v0
2193,2024-02-01,0.0,0.18,-0.18,0.0,v0
2193,2024-03-01,0.0,0.35,-0.35,0.0,v0
2193,2024-04-01,0.0,0.06,-0.06,0.0,v0
2194,2023-09-01,0.15,0.0,0.15,0.0,v0
2194,2023-10-01,0.16,0.0,0.16,0.0,v0
2194,2023-11-01,0.05,0.0,0.05,0.0,v0
2194,2023-12-01,0.1,0.0,0.1,0.0,v0
2194,2024-02-01,0.02,0.0,0.02,0.0,v0
2194,2024-03-01,0.02,0.0,0.02,0.0,v0
2194,2024-04-01,0.02,0.0,0.02,0.0,v0
2194,2024-05-01,0.0,0.2,-0.2,0.0,v0
2194,2024-06-01,0.0,0.2,-0.2,0.0,v0
2194,2024-07-01,0.0,0.21,-0.21,0.0,v0
2194,2024-08-01,0.0,0.13,-0.13,0.0,v0
2194,2024-09-01,0.0,0.09,-0.09,0.0,v0
2194,2024-10-01,0.02,0.0,0.02,0.0,v0
2194,2024-11-01,0.0,0.08,-0.08,0.0,v0
2194,2024-12-01,0.0,0.1,-0.1,0.0,v0
2195,2023-09-01,0.0,0.01,-0.01,0.0,v0
2195,2023-10-01,0.0,0.01,-0.01,0.0,v0
2195,2023-12-01,0.01,0.0,0.01,0.0,v0
2195,2024-09-01,0.0,0.01,-0.01,0.0,v0
2196,2023-09-01,0.0,0.17,-0.17,0.0,v0
2197,2023-09-01,0.0,0.08,-0.08,0.0,v0
2198,2023-09-01,0.0,0.03,-0.03,0.0,v0
2198,2023-10-01,0.0,0.02,-0.02,0.0,v0
2199,2023-09-01,0.22,0.0,0.22,0.0,v0
2200,2023-09-01,0.0,0.08,-0.08,0.0,v0
2201,2023-09-01,0.06,0.0,0.06,0.0,v0
2201,2023-11-01,0.03,0.0,0.03,0.0,v0
2201,2023-12-01,0.0,0.01,-0.01,0.0,v0
2201,2024-01-01,0.0,0.07,-0.07,0.0,v0
2202,2023-09-01,0.09,0.0,0.09,0.0,v0
2202,2023-10-01,0.17,0.0,0.17,0.0,v0
2203,2023-09-01,0.29,0.07,0.21999999999999997,0.0,v0
2203,2023-10-01,0.03,0.03,0.0,0.0,v0
2203,2023-11-01,0.26,0.08,0.18,0.0,v0
2204,2023-09-01,0.09,0.0,0.09,0.0,v0
2205,2023-09-01,0.0,0.01,-0.01,0.0,v0
2206,2023-09-01,0.1,0.0,0.1,0.0,v0
2207,2023-09-01,0.03,0.0,0.03,0.0,v0
2207,2023-10-01,0.05,0.0,0.05,0.0,v0
2207,2023-11-01,0.14,0.0,0.14,0.0,v0
2207,2023-12-01,0.02,0.0,0.02,0.0,v0
2207,2024-01-01,0.03,0.0,0.03,0.0,v0
2208,2023-09-01,0.01,0.0,0.01,0.0,v0
2209,2023-09-01,0.04,0.0,0.04,0.0,v0
2209,2023-10-01,0.14,0.75,-0.61,0.0,v0
2209,2023-11-01,0.18,0.0,0.18,0.0,v0
2209,2023-12-01,0.31,0.19,0.12,0.0,v0
2209,2024-01-01,0.23,0.0,0.23,0.0,v0
2209,2024-02-01,0.0,2.9,-2.9,0.0,v0
2209,2024-03-01,0.0,0.22,-0.22,0.0,v0
2209,2024-04-01,0.0,0.08,-0.08,0.0,v0
2209,2024-05-01,0.34,0.0,0.34,0.0,v0
2209,2024-06-01,0.1,0.0,0.1,0.0,v0
2209,2024-07-01,0.0,0.77,-0.77,0.0,v0
2209,2024-08-01,0.0,0.21,-0.21,0.0,v0
2209,2024-09-01,0.02,0.39,-0.37,0.0,v0
2209,2024-10-01,0.0,0.91,-0.91,0.0,v0
2209,2024-11-01,0.0,0.76,-0.76,0.0,v0
2209,2024-12-01,0.0,0.93,-0.93,0.0,v0
2210,2023-09-01,0.61,0.0,0.61,0.0,v0
2211,2023-09-01,0.04,0.0,0.04,0.0,v0
2211,2023-10-01,0.03,0.0,0.03,0.0,v0
2211,2023-11-01,0.01,0.0,0.01,0.0,v0
2211,2023-12-01,0.05,0.0,0.05,0.0,v0
2211,2024-01-01,0.23,0.0,0.23,0.0,v0
2211,2024-02-01,0.92,0.0,0.92,0.0,v0
2211,2024-03-01,0.0,0.01,-0.01,0.0,v0
2211,2024-04-01,1.3,0.0,1.3,0.0,v0
2211,2024-05-01,0.06,0.0,0.06,0.0,v0
2211,2024-06-01,0.01,0.0,0.01,0.0,v0
2211,2024-07-01,0.22,0.0,0.22,0.0,v0
2211,2024-08-01,0.01,0.0,0.01,0.0,v0
2212,2023-09-01,0.0,0.02,-0.02,0.0,v0
2213,2023-09-01,0.42,0.15,0.27,0.0,v0
2213,2023-10-01,0.52,0.09,0.43000000000000005,0.0,v0
2213,2023-11-01,0.61,0.21,0.4,0.0,v0
2213,2024-01-01,0.0,0.1,-0.1,0.0,v0
2213,2024-02-01,0.38,0.12,0.26,0.0,v0
2213,2024-03-01,0.0,0.08,-0.08,0.0,v0
2213,2024-05-01,0.0,0.06,-0.06,0.0,v0
2213,2024-06-01,0.0,0.1,-0.1,0.0,v0
2213,2024-07-01,0.0,0.11,-0.11,0.0,v0
2213,2024-08-01,0.0,0.08,-0.08,0.0,v0
2213,2024-09-01,0.05,0.05,0.0,0.0,v0
2213,2024-10-01,0.58,0.0,0.58,0.0,v0
2213,2024-11-01,0.45,0.01,0.44,0.0,v0
2213,2024-12-01,0.39,0.01,0.38,0.0,v0
2214,2023-09-01,0.29,0.0,0.29,0.0,v0
2214,2023-10-01,0.29,0.01,0.27999999999999997,0.0,v0
2214,2023-11-01,0.31,0.0,0.31,0.0,v0
2214,2023-12-01,0.17,0.0,0.17,0.0,v0
2214,2024-01-01,0.18,0.0,0.18,0.0,v0
2214,2024-03-01,0.01,0.0,0.01,0.0,v0
2214,2024-04-01,0.0,0.01,-0.01,0.0,v0
2214,2024-05-01,0.26,0.0,0.26,0.0,v0
2214,2024-06-01,0.28,0.0,0.28,0.0,v0
2214,2024-07-01,0.3,0.01,0.29,0.0,v0
2214,2024-08-01,0.26,0.0,0.26,0.0,v0
2215,2023-09-01,0.0,0.03,-0.03,0.0,v0
2215,2023-10-01,0.01,0.0,0.01,0.0,v0
2215,2023-11-01,0.0,0.59,-0.59,0.0,v0
2215,2023-12-01,0.0,0.03,-0.03,0.0,v0
2215,2024-01-01,0.0,0.03,-0.03,0.0,v0
2216,2023-09-01,0.0,0.08,-0.08,0.0,v0
2217,2023-10-01,0.11,0.0,0.11,0.0,v0
2217,2023-11-01,0.31,0.0,0.31,0.0,v0
2217,2023-12-01,0.99,0.0,0.99,0.0,v0
2217,2024-02-01,0.23,0.0,0.23,0.0,v0
2217,2024-03-01,0.48,0.0,0.48,0.0,v0
2217,2024-04-01,1.2,0.0,1.2,0.0,v0
2217,2024-05-01,0.39,0.0,0.39,0.0,v0
2217,2024-06-01,0.51,0.0,0.51,0.0,v0
2217,2024-07-01,0.77,0.0,0.77,0.0,v0
2217,2024-08-01,0.18,0.0,0.18,0.0,v0
2218,2023-09-01,0.03,0.0,0.03,0.0,v0
2218,2023-10-01,0.03,0.0,0.03,0.0,v0
2218,2023-11-01,0.06,0.0,0.06,0.0,v0
2218,2023-12-01,0.03,0.0,0.03,0.0,v0
2218,2024-01-01,0.06,0.0,0.06,0.0,v0
2218,2024-02-01,0.06,0.0,0.06,0.0,v0
2218,2024-03-01,0.05,0.0,0.05,0.0,v0
2218,2024-05-01,0.13,0.0,0.13,0.0,v0
2218,2024-06-01,0.03,0.0,0.03,0.0,v0
2218,2024-07-01,0.04,0.0,0.04,0.0,v0
2219,2023-09-01,0.0,0.01,-0.01,0.0,v0
2219,2023-10-01,0.0,0.08,-0.08,0.0,v0
2219,2023-11-01,0.0,0.04,-0.04,0.0,v0
2219,2023-12-01,0.0,0.03,-0.03,0.0,v0
2220,2023-10-01,0.0,0.02,-0.02,0.0,v0
2220,2023-11-01,0.0,0.02,-0.02,0.0,v0
2220,2023-12-01,0.12,0.0,0.12,0.0,v0
2220,2024-01-01,0.03,0.0,0.03,0.0,v0
2221,2023-09-01,0.0,0.08,-0.08,0.0,v0
2222,2023-09-01,0.0,0.01,-0.01,0.0,v0
2222,2023-10-01,0.0,0.39,-0.39,0.0,v0
2223,2023-09-01,0.0,0.08,-0.08,0.0,v0
2223,2023-10-01,0.06,0.0,0.06,0.0,v0
2224,2023-09-01,0.11,0.11,0.0,0.0,v0
2225,2023-09-01,0.0,0.08,-0.08,0.0,v0
2225,2023-10-01,0.0,0.14,-0.14,0.0,v0
2225,2023-11-01,0.01,0.0,0.01,0.0,v0
2225,2023-12-01,0.0,0.04,-0.04,0.0,v0
2226,2023-09-01,0.0,0.01,-0.01,0.0,v0
2227,2023-09-01,0.0,0.09,-0.09,0.0,v0
2228,2023-09-01,0.0,0.03,-0.03,0.0,v0
2228,2023-10-01,0.0,0.16,-0.16,0.0,v0
2228,2023-11-01,0.0,0.16,-0.16,0.0,v0
2228,2023-12-01,0.0,0.03,-0.03,0.0,v0
2229,2023-09-01,0.0,0.01,-0.01,0.0,v0
2229,2023-10-01,0.0,0.02,-0.02,0.0,v0
2230,2023-09-01,0.0,0.52,-0.52,0.0,v0
2230,2023-10-01,0.0,1.1,-1.1,0.0,v0
2230,2023-11-01,0.0,1.1,-1.1,0.0,v0
2230,2023-12-01,0.0,0.33,-0.33,0.0,v0
2230,2024-01-01,0.0,0.55,-0.55,0.0,v0
2231,2023-09-01,0.0,0.48,-0.48,0.0,v0
2231,2023-10-01,0.0,0.15,-0.15,0.0,v0
2231,2023-11-01,0.0,0.7,-0.7,0.0,v0
2232,2023-09-01,0.0,0.09,-0.09,0.0,v0
2232,2023-10-01,0.0,0.05,-0.05,0.0,v0
2232,2023-11-01,0.0,0.1,-0.1,0.0,v0
2232,2023-12-01,0.0,0.03,-0.03,0.0,v0
2233,2023-09-01,0.0,0.07,-0.07,0.0,v0
2234,2023-09-01,0.0,0.24,-0.24,0.0,v0
2235,2023-09-01,0.35,0.0,0.35,0.0,v0
2235,2023-11-01,1.2,0.0,1.2,0.0,v0
2235,2023-12-01,0.79,0.0,0.79,0.0,v0
2235,2024-02-01,0.69,0.0,0.69,0.0,v0
2235,2024-03-01,0.69,0.0,0.69,0.0,v0
2235,2024-04-01,0.68,0.0,0.68,0.0,v0
2235,2024-05-01,0.68,0.0,0.68,0.0,v0
2236,2023-09-01,0.0,0.06,-0.06,0.0,v0
2236,2023-10-01,0.0,0.12,-0.12,0.0,v0
2236,2024-03-01,0.0,2.9,-2.9,0.0,v0
2236,2024-04-01,0.0,0.06,-0.06,0.0,v0
2236,2024-06-01,0.0,0.06,-0.06,0.0,v0
2236,2024-08-01,0.0,0.06,-0.06,0.0,v0
2236,2024-09-01,0.0,0.03,-0.03,0.0,v0
2236,2024-11-01,0.0,0.07,-0.07,0.0,v0
2237,2023-10-01,0.01,0.0,0.01,0.0,v0
2238,2023-10-01,0.0,0.37,-0.37,0.0,v0
2239,2023-10-01,0.0,0.09,-0.09,0.0,v0
2239,2023-11-01,0.0,2.3,-2.3,0.0,v0
2239,2023-12-01,0.0,0.01,-0.01,0.0,v0
2239,2024-01-01,0.0,2.3,-2.3,0.0,v0
2239,2024-02-01,0.0,3.5,-3.5,0.0,v0
2239,2024-04-01,0.0,0.01,-0.01,0.0,v0
2239,2024-06-01,0.0,0.18,-0.18,0.0,v0
2239,2024-07-01,0.0,2.7,-2.7,0.0,v0
2240,2023-10-01,0.12,0.0,0.12,0.0,v0
2240,2023-11-01,0.14,0.0,0.14,0.0,v0
2240,2023-12-01,0.08,0.28,-0.2,0.0,v0
2240,2024-01-01,0.03,0.0,0.03,0.0,v0
2240,2024-02-01,0.16,0.0,0.16,0.0,v0
2240,2024-03-01,0.33,0.07,0.26,0.0,v0
2241,2023-10-01,0.0,0.04,-0.04,0.0,v0
2241,2023-11-01,0.0,0.05,-0.05,0.0,v0
2241,2023-12-01,0.05,0.04,0.010000000000000002,0.0,v0
2242,2023-10-01,0.02,0.0,0.02,0.0,v0
2242,2023-11-01,0.02,0.0,0.02,0.0,v0
2242,2023-12-01,0.0,0.05,-0.05,0.0,v0
2243,2023-10-01,0.01,0.04,-0.03,0.0,v0
2243,2023-11-01,0.01,0.08,-0.07,0.0,v0
2244,2023-10-01,0.0,0.01,-0.01,0.0,v0
2244,2023-11-01,0.07,0.07,0.0,0.0,v0
2245,2023-10-01,0.0,0.15,-0.15,0.0,v0
2245,2023-11-01,0.0,0.11,-0.11,0.0,v0
2245,2023-12-01,0.0,0.12,-0.12,0.0,v0
2245,2024-01-01,0.0,0.17,-0.17,0.0,v0
2246,2023-10-01,0.02,0.0,0.02,0.0,v0
2247,2023-10-01,0.01,0.0,0.01,0.0,v0
2248,2023-10-01,0.23,0.01,0.22,0.0,v0
2248,2023-11-01,0.03,0.0,0.03,0.0,v0
2248,2023-12-01,0.58,0.0,0.58,0.0,v0
2248,2024-01-01,0.57,0.0,0.57,0.0,v0
2248,2024-02-01,0.71,0.0,0.71,0.0,v0
2248,2024-03-01,0.54,0.0,0.54,0.0,v0
2248,2024-04-01,0.3,0.0,0.3,0.0,v0
2248,2024-05-01,0.51,0.0,0.51,0.0,v0
2249,2023-10-01,0.21,0.0,0.21,0.0,v0
2249,2023-11-01,0.0,0.14,-0.14,0.0,v0
2250,2023-11-01,0.11,0.0,0.11,0.0,v0
2250,2023-12-01,0.47,0.0,0.47,0.0,v0
2250,2024-01-01,0.05,0.0,0.05,0.0,v0
2250,2024-02-01,0.02,0.0,0.02,0.0,v0
2250,2024-03-01,0.11,0.0,0.11,0.0,v0
2250,2024-04-01,0.05,0.0,0.05,0.0,v0
2250,2024-05-01,0.01,0.0,0.01,0.0,v0
2250,2024-06-01,0.01,0.0,0.01,0.0,v0
2250,2024-07-01,0.03,0.0,0.03,0.0,v0
2250,2024-08-01,0.06,0.0,0.06,0.0,v0
2250,2024-09-01,0.03,0.0,0.03,0.0,v0
2250,2024-10-01,0.0,0.01,-0.01,0.0,v0
2250,2024-11-01,0.04,0.0,0.04,0.0,v0
2250,2024-12-01,0.06,0.0,0.06,0.0,v0
2251,2023-10-01,0.02,0.0,0.02,0.0,v0
2252,2023-10-01,0.0,0.05,-0.05,0.0,v0
2253,2023-10-01,0.0,0.04,-0.04,0.0,v0
2253,2023-11-01,0.01,0.0,0.01,0.0,v0
2254,2023-10-01,0.0,1.3,-1.3,0.0,v0
2254,2023-11-01,0.0,0.19,-0.19,0.0,v0
2254,2023-12-01,0.0,0.04,-0.04,0.0,v0
2254,2024-01-01,0.04,0.04,0.0,0.0,v0
2255,2023-10-01,0.01,0.0,0.01,0.0,v0
2256,2023-10-01,0.01,0.0,0.01,0.0,v0
2257,2023-10-01,0.0,0.23,-0.23,0.0,v0
2258,2023-10-01,0.02,0.0,0.02,0.0,v0
2259,2023-10-01,0.0,0.58,-0.58,0.0,v0
2259,2023-11-01,0.0,0.09,-0.09,0.0,v0
2259,2024-01-01,0.0,0.65,-0.65,0.0,v0
2259,2024-02-01,0.0,0.37,-0.37,0.0,v0
2259,2024-03-01,0.0,0.78,-0.78,0.0,v0
2259,2024-04-01,0.0,0.51,-0.51,0.0,v0
2259,2024-05-01,0.0,0.05,-0.05,0.0,v0
2259,2024-06-01,0.0,0.15,-0.15,0.0,v0
2259,2024-07-01,0.0,0.09,-0.09,0.0,v0
2259,2024-08-01,0.0,0.15,-0.15,0.0,v0
2259,2024-10-01,0.0,0.15,-0.15,0.0,v0
2259,2024-11-01,0.0,0.05,-0.05,0.0,v0
2259,2024-12-01,0.0,0.15,-0.15,0.0,v0
2260,2023-10-01,0.14,0.01,0.13,0.0,v0
2260,2023-11-01,0.0,0.02,-0.02,0.0,v0
2260,2023-12-01,0.0,0.22,-0.22,0.0,v0
2261,2023-10-01,0.01,0.0,0.01,0.0,v0
2262,2023-10-01,0.0,0.01,-0.01,0.0,v0
2263,2023-10-01,0.02,0.0,0.02,0.0,v0
2263,2023-11-01,0.06,0.0,0.06,0.0,v0
2263,2023-12-01,0.08,0.0,0.08,0.0,v0
2263,2024-01-01,0.07,0.0,0.07,0.0,v0
2263,2024-02-01,0.03,0.0,0.03,0.0,v0
2263,2024-03-01,0.02,0.0,0.02,0.0,v0
2263,2024-04-01,0.22,0.0,0.22,0.0,v0
2263,2024-05-01,0.21,0.0,0.21,0.0,v0
2263,2024-06-01,0.46,0.0,0.46,0.0,v0
2263,2024-08-01,0.0,0.11,-0.11,0.0,v0
2263,2024-09-01,0.0,0.07,-0.07,0.0,v0
2263,2024-10-01,0.0,0.1,-0.1,0.0,v0
2263,2024-11-01,0.0,0.03,-0.03,0.0,v0
2263,2024-12-01,0.0,0.04,-0.04,0.0,v0
2264,2023-10-01,0.0,0.01,-0.01,0.0,v0
2265,2023-10-01,0.0,0.01,-0.01,0.0,v0
2266,2023-10-01,0.0,0.01,-0.01,0.0,v0
2266,2023-12-01,0.22,0.0,0.22,0.0,v0
2266,2024-01-01,1.6,0.01,1.59,0.0,v0
2266,2024-02-01,1.1,0.0,1.1,0.0,v0
2266,2024-03-01,1.5,0.0,1.5,0.0,v0
2266,2024-04-01,2.5,0.01,2.49,0.0,v0
2266,2024-06-01,2.3,0.01,2.29,0.0,v0
2266,2024-07-01,3.0,0.0,3.0,0.0,v0
2266,2024-08-01,2.0,0.0,2.0,0.0,v0
2266,2024-11-01,0.68,0.0,0.68,0.0,v0
2267,2023-10-01,0.09,0.0,0.09,0.0,v0
2267,2023-11-01,0.0,0.02,-0.02,0.0,v0
2267,2023-12-01,0.0,0.02,-0.02,0.0,v0
2268,2023-10-01,0.0,0.22,-0.22,0.0,v0
2269,2023-10-01,0.0,0.09,-0.09,0.0,v0
2270,2023-10-01,0.0,0.12,-0.12,0.0,v0
2271,2023-10-01,0.0,0.02,-0.02,0.0,v0
2271,2023-11-01,0.0,0.04,-0.04,0.0,v0
2271,2023-12-01,0.0,0.01,-0.01,0.0,v0
2271,2024-01-01,0.0,0.01,-0.01,0.0,v0
2272,2023-10-01,0.49,0.0,0.49,0.0,v0
2272,2023-11-01,0.42,0.0,0.42,0.0,v0
2273,2023-10-01,0.09,0.0,0.09,0.0,v0
2273,2023-11-01,0.32,0.0,0.32,0.0,v0
2273,2023-12-01,0.32,0.0,0.32,0.0,v0
2273,2024-01-01,0.07,0.0,0.07,0.0,v0
2274,2023-10-01,0.0,0.2,-0.2,0.0,v0
2275,2023-10-01,0.0,0.11,-0.11,0.0,v0
2275,2023-11-01,0.01,0.0,0.01,0.0,v0
2275,2023-12-01,0.08,0.04,0.04,0.0,v0
2276,2023-10-01,0.05,0.06,-0.009999999999999995,0.0,v0
2277,2023-10-01,0.0,0.97,-0.97,0.0,v0
2278,2023-10-01,0.06,0.0,0.06,0.0,v0
2279,2023-10-01,0.01,0.0,0.01,0.0,v0
2279,2023-11-01,0.0,0.01,-0.01,0.0,v0
2279,2023-12-01,0.0,0.13,-0.13,0.0,v0
2279,2024-01-01,0.0,0.41,-0.41,0.0,v0
2279,2024-02-01,0.0,0.03,-0.03,0.0,v0
2279,2024-03-01,0.0,0.41,-0.41,0.0,v0
2279,2024-04-01,0.0,0.28,-0.28,0.0,v0
2279,2024-05-01,0.0,0.36,-0.36,0.0,v0
2279,2024-06-01,0.0,0.08,-0.08,0.0,v0
2279,2024-07-01,0.0,0.23,-0.23,0.0,v0
2279,2024-08-01,0.03,0.01,0.019999999999999997,0.0,v0
2279,2024-09-01,0.0,0.27,-0.27,0.0,v0
2279,2024-10-01,0.0,0.24,-0.24,0.0,v0
2279,2024-11-01,0.0,0.03,-0.03,0.0,v0
2279,2024-12-01,0.0,0.28,-0.28,0.0,v0
2280,2023-10-01,0.01,0.0,0.01,0.0,v0
2280,2023-11-01,0.02,0.0,0.02,0.0,v0
2280,2023-12-01,0.02,0.0,0.02,0.0,v0
2281,2023-10-01,0.06,0.23,-0.17,0.0,v0
2281,2023-11-01,0.04,1.0,-0.96,0.0,v0
2281,2023-12-01,0.0,0.57,-0.57,0.0,v0
2281,2024-02-01,0.14,0.89,-0.75,0.0,v0
2281,2024-03-01,0.14,0.19,-0.04999999999999999,0.0,v0
2281,2024-04-01,0.06,0.33,-0.27,0.0,v0
2281,2024-05-01,0.67,0.64,0.030000000000000027,0.0,v0
2281,2024-06-01,0.61,0.92,-0.31000000000000005,0.0,v0
2281,2024-07-01,0.08,0.4,-0.32,0.0,v0
2281,2024-08-01,0.62,0.75,-0.13,0.0,v0
2281,2024-09-01,0.86,1.2,-0.33999999999999997,0.0,v0
2281,2024-10-01,0.04,0.71,-0.6699999999999999,0.0,v0
2282,2023-10-01,0.0,0.24,-0.24,0.0,v0
2282,2023-11-01,0.01,0.0,0.01,0.0,v0
2282,2023-12-01,0.0,0.12,-0.12,0.0,v0
2282,2024-01-01,0.0,0.12,-0.12,0.0,v0
2283,2023-10-01,0.0,0.02,-0.02,0.0,v0
2283,2023-11-01,0.0,0.16,-0.16,0.0,v0
2284,2023-10-01,0.0,0.32,-0.32,0.0,v0
2284,2023-11-01,0.0,0.28,-0.28,0.0,v0
2285,2023-10-01,0.0,0.01,-0.01,0.0,v0
2286,2023-10-01,0.0,0.01,-0.01,0.0,v0
2286,2023-11-01,0.02,0.0,0.02,0.0,v0
2287,2023-10-01,0.03,0.0,0.03,0.0,v0
2288,2023-10-01,0.0,0.01,-0.01,0.0,v0
2289,2023-10-01,0.01,0.0,0.01,0.0,v0
2289,2023-11-01,0.02,0.0,0.02,0.0,v0
2289,2023-12-01,0.03,0.0,0.03,0.0,v0
2289,2024-01-01,0.01,0.0,0.01,0.0,v0
2289,2024-02-01,0.05,0.0,0.05,0.0,v0
2289,2024-03-01,0.11,0.0,0.11,0.0,v0
2289,2024-04-01,0.06,0.0,0.06,0.0,v0
2289,2024-05-01,0.05,0.0,0.05,0.0,v0
2289,2024-06-01,0.03,0.0,0.03,0.0,v0
2290,2023-10-01,0.06,0.0,0.06,0.0,v0
2290,2023-11-01,0.06,0.0,0.06,0.0,v0
2290,2023-12-01,0.0,0.01,-0.01,0.0,v0
2290,2024-01-01,0.0,0.01,-0.01,0.0,v0
2290,2024-02-01,0.0,0.01,-0.01,0.0,v0
2290,2024-04-01,0.0,0.01,-0.01,0.0,v0
2290,2024-05-01,0.0,0.02,-0.02,0.0,v0
2290,2024-06-01,0.0,0.01,-0.01,0.0,v0
2291,2023-10-01,0.0,0.01,-0.01,0.0,v0
2292,2023-10-01,0.13,0.0,0.13,0.0,v0
2293,2023-10-01,0.04,0.0,0.04,0.0,v0
2293,2024-01-01,0.01,0.0,0.01,0.0,v0
2293,2024-02-01,0.01,0.0,0.01,0.0,v0
2294,2023-10-01,0.0,0.03,-0.03,0.0,v0
2294,2023-11-01,0.0,0.11,-0.11,0.0,v0
2294,2024-01-01,0.0,0.49,-0.49,0.0,v0
2294,2024-02-01,0.0,0.43,-0.43,0.0,v0
2294,2024-03-01,0.0,0.04,-0.04,0.0,v0
2294,2024-04-01,0.0,0.15,-0.15,0.0,v0
2295,2023-10-01,0.0,0.24,-0.24,0.0,v0
2296,2023-10-01,0.0,0.02,-0.02,0.0,v0
2296,2023-11-01,0.0,0.17,-0.17,0.0,v0
2297,2023-10-01,0.53,0.0,0.53,0.0,v0
2297,2023-11-01,0.17,0.0,0.17,0.0,v0
2297,2023-12-01,0.07,0.0,0.07,0.0,v0
2297,2024-01-01,0.01,0.03,-0.019999999999999997,0.0,v0
2297,2024-02-01,0.27,0.0,0.27,0.0,v0
2297,2024-03-01,0.22,0.0,0.22,0.0,v0
2297,2024-04-01,0.07,0.0,0.07,0.0,v0
2297,2024-05-01,0.15,0.0,0.15,0.0,v0
2297,2024-07-01,0.6,0.0,0.6,0.0,v0
2297,2024-08-01,0.49,0.0,0.49,0.0,v0
2297,2024-09-01,0.09,0.0,0.09,0.0,v0
2297,2024-10-01,0.49,0.0,0.49,0.0,v0
2297,2024-11-01,0.63,0.0,0.63,0.0,v0
2298,2023-10-01,0.05,0.0,0.05,0.0,v0
2299,2023-11-01,0.04,7.9,-7.86,0.0,v0
2299,2023-12-01,0.0,3.7,-3.7,0.0,v0
2299,2024-01-01,0.0,3.6,-3.6,0.0,v0
2299,2024-02-01,0.0,4.2,-4.2,0.0,v0
2299,2024-03-01,0.0,4.0,-4.0,0.0,v0
2299,2024-04-01,0.0,0.71,-0.71,0.0,v0
2299,2024-05-01,0.0,4.1,-4.1,0.0,v0
2300,2023-10-01,0.0,0.01,-0.01,0.0,v0
2301,2023-10-01,0.0,0.03,-0.03,0.0,v0
2301,2024-12-01,0.0,0.02,-0.02,0.0,v0
2302,2023-11-01,0.0,0.22,-0.22,0.0,v0
2302,2023-12-01,0.0,0.1,-0.1,0.0,v0
2302,2024-03-01,0.0,0.05,-0.05,0.0,v0
2303,2023-11-01,0.0,0.67,-0.67,0.0,v0
2303,2023-12-01,0.0,7.2,-7.2,0.0,v0
2303,2024-02-01,0.0,3.8,-3.8,0.0,v0
2303,2024-03-01,0.0,1.3,-1.3,0.0,v0
2303,2024-04-01,0.0,1.1,-1.1,0.0,v0
2303,2024-05-01,0.0,0.67,-0.67,0.0,v0
2303,2024-06-01,0.0,0.08,-0.08,0.0,v0
2303,2024-07-01,0.0,1.1,-1.1,0.0,v0
2304,2024-02-01,0.91,0.0,0.91,0.0,v0
2304,2024-03-01,0.74,0.0,0.74,0.0,v0
2304,2024-04-01,1.1,0.0,1.1,0.0,v0
2304,2024-05-01,1.2,0.0,1.2,0.0,v0
2304,2024-07-01,0.94,0.0,0.94,0.0,v0
2304,2024-09-01,1.2,0.0,1.2,0.0,v0
2304,2024-11-01,2.2,0.0,2.2,0.0,v0
2304,2024-12-01,0.76,0.0,0.76,0.0,v0
2305,2023-11-01,0.0,0.03,-0.03,0.0,v0
2306,2024-07-01,0.06,0.0,0.06,0.0,v0
2306,2024-08-01,0.01,0.0,0.01,0.0,v0
2306,2024-09-01,0.04,0.0,0.04,0.0,v0
2306,2024-10-01,0.13,0.0,0.13,0.0,v0
2306,2024-12-01,0.06,0.0,0.06,0.0,v0
2307,2023-11-01,0.0,0.24,-0.24,0.0,v0
2307,2023-12-01,0.0,0.05,-0.05,0.0,v0
2307,2024-01-01,0.0,0.03,-0.03,0.0,v0
2307,2024-03-01,0.19,0.0,0.19,0.0,v0
2307,2024-05-01,0.0,0.02,-0.02,0.0,v0
2307,2024-07-01,0.0,0.41,-0.41,0.0,v0
2307,2024-09-01,0.06,0.02,0.039999999999999994,0.0,v0
2307,2024-10-01,0.0,0.02,-0.02,0.0,v0
2307,2024-11-01,0.0,0.15,-0.15,0.0,v0
2307,2024-12-01,0.06,0.0,0.06,0.0,v0
2308,2023-11-01,0.0,0.02,-0.02,0.0,v0
2309,2023-11-01,0.0,0.04,-0.04,0.0,v0
2309,2024-01-01,0.0,0.1,-0.1,0.0,v0
2309,2024-02-01,0.0,0.02,-0.02,0.0,v0
2309,2024-03-01,0.0,0.06,-0.06,0.0,v0
2309,2024-04-01,0.0,0.03,-0.03,0.0,v0
2309,2024-06-01,0.0,0.02,-0.02,0.0,v0
2310,2023-11-01,0.38,0.01,0.37,0.0,v0
2310,2023-12-01,0.16,0.0,0.16,0.0,v0
2310,2024-01-01,0.13,0.0,0.13,0.0,v0
2310,2024-02-01,0.2,0.0,0.2,0.0,v0
2310,2024-03-01,0.28,0.0,0.28,0.0,v0
2310,2024-04-01,0.34,0.0,0.34,0.0,v0
2310,2024-05-01,0.61,0.0,0.61,0.0,v0
2310,2024-06-01,0.36,0.0,0.36,0.0,v0
2310,2024-07-01,0.42,0.0,0.42,0.0,v0
2310,2024-08-01,0.13,0.0,0.13,0.0,v0
2310,2024-09-01,0.57,0.0,0.57,0.0,v0
2310,2024-10-01,0.31,0.01,0.3,0.0,v0
2310,2024-11-01,0.35,0.0,0.35,0.0,v0
2310,2024-12-01,0.18,0.0,0.18,0.0,v0
2311,2023-11-01,0.75,0.0,0.75,0.0,v0
2311,2023-12-01,0.54,0.0,0.54,0.0,v0
2311,2024-01-01,0.47,0.0,0.47,0.0,v0
2311,2024-02-01,0.41,0.0,0.41,0.0,v0
2311,2024-03-01,0.54,0.0,0.54,0.0,v0
2311,2024-04-01,0.75,0.01,0.74,0.0,v0
2311,2024-05-01,0.58,0.0,0.58,0.0,v0
2311,2024-06-01,0.79,0.0,0.79,0.0,v0
2311,2024-07-01,0.93,0.01,0.92,0.0,v0
2311,2024-08-01,0.87,0.0,0.87,0.0,v0
2311,2024-09-01,0.96,0.0,0.96,0.0,v0
2311,2024-10-01,0.98,0.0,0.98,0.0,v0
2311,2024-11-01,1.1,0.0,1.1,0.0,v0
2311,2024-12-01,0.94,0.0,0.94,0.0,v0
2312,2023-11-01,0.0,0.24,-0.24,0.0,v0
2312,2023-12-01,0.13,0.0,0.13,0.0,v0
2312,2024-01-01,0.0,0.04,-0.04,0.0,v0
2313,2023-11-01,0.0,0.72,-0.72,0.0,v0
2313,2023-12-01,0.02,0.33,-0.31,0.0,v0
2313,2024-01-01,0.0,0.24,-0.24,0.0,v0
2313,2024-02-01,0.02,0.28,-0.26,0.0,v0
2313,2024-03-01,0.0,0.42,-0.42,0.0,v0
2313,2024-05-01,0.03,0.51,-0.48,0.0,v0
2313,2024-06-01,0.0,0.27,-0.27,0.0,v0
2313,2024-07-01,0.05,0.63,-0.58,0.0,v0
2314,2023-11-01,0.0,0.03,-0.03,0.0,v0
2314,2023-12-01,0.0,0.03,-0.03,0.0,v0
2314,2024-01-01,0.0,0.01,-0.01,0.0,v0
2315,2023-11-01,0.03,0.0,0.03,0.0,v0
2316,2023-11-01,0.01,0.0,0.01,0.0,v0
2317,2023-11-01,0.06,0.04,0.019999999999999997,0.0,v0
2318,2023-11-01,0.0,0.02,-0.02,0.0,v0
2319,2023-11-01,0.0,0.17,-0.17,0.0,v0
2319,2023-12-01,0.22,0.0,0.22,0.0,v0
2319,2024-06-01,0.33,0.0,0.33,0.0,v0
2319,2024-09-01,0.11,0.0,0.11,0.0,v0
2320,2023-11-01,0.15,0.06,0.09,0.0,v0
2320,2023-12-01,0.08,0.0,0.08,0.0,v0
2320,2024-02-01,0.19,0.0,0.19,0.0,v0
2320,2024-03-01,0.34,0.0,0.34,0.0,v0
2320,2024-04-01,0.25,0.0,0.25,0.0,v0
2320,2024-05-01,0.21,0.0,0.21,0.0,v0
2320,2024-06-01,0.18,0.0,0.18,0.0,v0
2320,2024-07-01,0.24,0.0,0.24,0.0,v0
2320,2024-08-01,0.32,0.0,0.32,0.0,v0
2320,2024-09-01,0.24,0.0,0.24,0.0,v0
2320,2024-10-01,0.25,0.0,0.25,0.0,v0
2320,2024-11-01,0.19,0.0,0.19,0.0,v0
2320,2024-12-01,0.33,0.0,0.33,0.0,v0
2321,2023-11-01,0.05,0.0,0.05,0.0,v0
2321,2023-12-01,0.09,0.0,0.09,0.0,v0
2321,2024-01-01,0.0,0.02,-0.02,0.0,v0
2321,2024-02-01,0.14,0.0,0.14,0.0,v0
2321,2024-03-01,0.0,0.01,-0.01,0.0,v0
2321,2024-04-01,0.05,0.0,0.05,0.0,v0
2321,2024-05-01,0.05,0.0,0.05,0.0,v0
2321,2024-06-01,0.09,0.0,0.09,0.0,v0
2321,2024-07-01,0.09,0.0,0.09,0.0,v0
2321,2024-08-01,0.05,0.0,0.05,0.0,v0
2321,2024-09-01,0.05,0.0,0.05,0.0,v0
2321,2024-10-01,0.0,0.02,-0.02,0.0,v0
2322,2023-11-01,0.01,0.0,0.01,0.0,v0
2323,2023-11-01,0.0,0.14,-0.14,0.0,v0
2323,2023-12-01,0.0,0.14,-0.14,0.0,v0
2323,2024-01-01,0.0,0.1,-0.1,0.0,v0
2323,2024-02-01,0.0,0.11,-0.11,0.0,v0
2323,2024-03-01,0.0,0.11,-0.11,0.0,v0
2323,2024-04-01,0.0,0.06,-0.06,0.0,v0
2323,2024-06-01,0.0,0.13,-0.13,0.0,v0
2323,2024-07-01,0.0,0.1,-0.1,0.0,v0
2323,2024-08-01,0.07,0.13,-0.06,0.0,v0
2323,2024-09-01,0.0,0.09,-0.09,0.0,v0
2323,2024-10-01,0.0,0.14,-0.14,0.0,v0
2323,2024-11-01,0.0,0.14,-0.14,0.0,v0
2324,2023-11-01,0.0,0.11,-0.11,0.0,v0
2324,2023-12-01,0.08,0.25,-0.16999999999999998,0.0,v0
2325,2023-11-01,0.04,0.0,0.04,0.0,v0
2326,2023-11-01,0.0,1.2,-1.2,0.0,v0
2326,2023-12-01,0.0,3.6,-3.6,0.0,v0
2326,2024-01-01,0.0,3.3,-3.3,0.0,v0
2326,2024-02-01,0.0,1.3,-1.3,0.0,v0
2327,2023-11-01,0.0,0.39,-0.39,0.0,v0
2327,2023-12-01,0.0,0.19,-0.19,0.0,v0
2327,2024-01-01,0.0,0.11,-0.11,0.0,v0
2327,2024-02-01,0.0,0.47,-0.47,0.0,v0
2328,2023-11-01,0.02,0.0,0.02,0.0,v0
2329,2023-11-01,0.0,0.02,-0.02,0.0,v0
2329,2023-12-01,0.0,0.02,-0.02,0.0,v0
2329,2024-01-01,0.01,0.0,0.01,0.0,v0
2330,2023-11-01,0.01,0.0,0.01,0.0,v0
2330,2023-12-01,0.01,0.0,0.01,0.0,v0
2331,2023-11-01,0.0,0.18,-0.18,0.0,v0
2331,2023-12-01,0.0,0.37,-0.37,0.0,v0
2331,2024-01-01,0.0,0.35,-0.35,0.0,v0
2331,2024-02-01,0.24,0.0,0.24,0.0,v0
2332,2023-11-01,0.0,0.78,-0.78,0.0,v0
2332,2023-12-01,0.0,0.63,-0.63,0.0,v0
2332,2024-01-01,0.17,0.03,0.14,0.0,v0
2332,2024-03-01,0.03,0.05,-0.020000000000000004,0.0,v0
2332,2024-04-01,0.0,0.63,-0.63,0.0,v0
2332,2024-08-01,0.03,0.0,0.03,0.0,v0
2332,2024-11-01,0.01,0.0,0.01,0.0,v0
2332,2024-12-01,0.1,0.0,0.1,0.0,v0
2333,2023-11-01,0.0,0.42,-0.42,0.0,v0
2333,2023-12-01,0.13,0.0,0.13,0.0,v0
2333,2024-01-01,0.15,0.0,0.15,0.0,v0
2333,2024-02-01,0.14,0.01,0.13,0.0,v0
2334,2023-11-01,0.0,0.55,-0.55,0.0,v0
2334,2023-12-01,0.0,0.38,-0.38,0.0,v0
2334,2024-01-01,0.0,0.01,-0.01,0.0,v0
2334,2024-02-01,0.0,0.06,-0.06,0.0,v0
2335,2023-11-01,0.0,0.05,-0.05,0.0,v0
2335,2023-12-01,0.0,0.01,-0.01,0.0,v0
2336,2023-11-01,0.26,0.0,0.26,0.0,v0
2337,2023-11-01,0.0,0.02,-0.02,0.0,v0
2337,2023-12-01,0.05,0.0,0.05,0.0,v0
2337,2024-01-01,0.0,0.01,-0.01,0.0,v0
2338,2023-11-01,0.04,0.0,0.04,0.0,v0
2339,2023-11-01,0.07,0.0,0.07,0.0,v0
2339,2023-12-01,0.09,0.0,0.09,0.0,v0
2339,2024-01-01,0.3,0.0,0.3,0.0,v0
2340,2023-11-01,0.0,0.02,-0.02,0.0,v0
2340,2023-12-01,0.0,0.01,-0.01,0.0,v0
2340,2024-01-01,0.0,0.49,-0.49,0.0,v0
2341,2023-11-01,0.0,0.03,-0.03,0.0,v0
2342,2023-12-01,1.0,0.07,0.9299999999999999,0.0,v0
2342,2024-01-01,0.42,0.1,0.31999999999999995,0.0,v0
2342,2024-02-01,0.04,0.06,-0.019999999999999997,0.0,v0
2342,2024-03-01,0.06,0.73,-0.6699999999999999,0.0,v0
2342,2024-04-01,1.0,0.27,0.73,0.0,v0
2342,2024-05-01,0.79,0.33,0.46,0.0,v0
2342,2024-06-01,0.08,0.48,-0.39999999999999997,0.0,v0
2342,2024-07-01,0.0,0.02,-0.02,0.0,v0
2342,2024-08-01,0.01,0.01,0.0,0.0,v0
2343,2023-12-01,0.03,0.0,0.03,0.0,v0
2343,2024-01-01,0.14,0.11,0.030000000000000013,0.0,v0
2343,2024-02-01,0.0,0.03,-0.03,0.0,v0
2343,2024-03-01,0.16,0.32,-0.16,0.0,v0
2343,2024-04-01,0.03,0.06,-0.03,0.0,v0
2343,2024-05-01,0.0,0.08,-0.08,0.0,v0
2343,2024-06-01,0.13,0.15,-0.01999999999999999,0.0,v0
2343,2024-07-01,0.09,0.18,-0.09,0.0,v0
2343,2024-08-01,0.1,0.1,0.0,0.0,v0
2343,2024-09-01,0.0,0.11,-0.11,0.0,v0
2343,2024-10-01,0.17,0.42,-0.24999999999999997,0.0,v0
2343,2024-11-01,0.12,0.09,0.03,0.0,v0
2343,2024-12-01,0.06,0.06,0.0,0.0,v0
2344,2024-01-01,0.03,0.0,0.03,0.0,v0
2344,2024-02-01,0.04,0.0,0.04,0.0,v0
2344,2024-03-01,0.0,0.01,-0.01,0.0,v0
2344,2024-04-01,0.08,0.0,0.08,0.0,v0
2344,2024-05-01,0.02,0.0,0.02,0.0,v0
2344,2024-06-01,0.0,0.05,-0.05,0.0,v0
2344,2024-07-01,0.04,0.0,0.04,0.0,v0
2344,2024-08-01,0.03,0.0,0.03,0.0,v0
2344,2024-09-01,0.02,0.0,0.02,0.0,v0
2344,2024-10-01,0.0,0.01,-0.01,0.0,v0
2345,2023-11-01,0.0,0.03,-0.03,0.0,v0
2345,2023-12-01,0.0,0.04,-0.04,0.0,v0
2345,2024-01-01,0.05,0.0,0.05,0.0,v0
2345,2024-02-01,0.01,0.0,0.01,0.0,v0
2345,2024-03-01,0.29,0.0,0.29,0.0,v0
2345,2024-04-01,0.0,0.01,-0.01,0.0,v0
2345,2024-05-01,0.57,0.0,0.57,0.0,v0
2345,2024-06-01,0.09,0.0,0.09,0.0,v0
2345,2024-07-01,0.01,0.0,0.01,0.0,v0
2345,2024-09-01,0.14,0.0,0.14,0.0,v0
2345,2024-10-01,0.32,0.0,0.32,0.0,v0
2345,2024-11-01,0.01,0.0,0.01,0.0,v0
2346,2023-11-01,0.0,0.01,-0.01,0.0,v0
2346,2023-12-01,0.05,0.0,0.05,0.0,v0
2346,2024-01-01,0.05,0.0,0.05,0.0,v0
2346,2024-02-01,0.03,0.0,0.03,0.0,v0
2346,2024-03-01,0.0,0.35,-0.35,0.0,v0
2346,2024-04-01,0.01,0.0,0.01,0.0,v0
2346,2024-05-01,0.21,0.0,0.21,0.0,v0
2346,2024-06-01,0.2,0.0,0.2,0.0,v0
2346,2024-08-01,3.0,0.53,2.4699999999999998,0.0,v0
2346,2024-09-01,3.0,0.69,2.31,0.0,v0
2346,2024-10-01,2.8,0.46,2.34,0.0,v0
2347,2023-11-01,0.03,0.0,0.03,0.0,v0
2347,2023-12-01,0.01,0.0,0.01,0.0,v0
2347,2024-01-01,0.0,0.01,-0.01,0.0,v0
2347,2024-02-01,0.08,0.0,0.08,0.0,v0
2347,2024-03-01,0.06,0.0,0.06,0.0,v0
2347,2024-04-01,0.13,0.0,0.13,0.0,v0
2348,2023-11-01,0.02,0.0,0.02,0.0,v0
2349,2023-11-01,0.0,0.04,-0.04,0.0,v0
2350,2023-11-01,0.0,0.01,-0.01,0.0,v0
2351,2023-11-01,0.0,0.06,-0.06,0.0,v0
2352,2023-11-01,0.0,0.07,-0.07,0.0,v0
2352,2024-01-01,0.0,0.08,-0.08,0.0,v0
2352,2024-02-01,0.0,0.03,-0.03,0.0,v0
2352,2024-03-01,0.0,0.03,-0.03,0.0,v0
2352,2024-04-01,0.0,0.01,-0.01,0.0,v0
2352,2024-05-01,0.0,0.02,-0.02,0.0,v0
2352,2024-06-01,0.0,0.01,-0.01,0.0,v0
2352,2024-07-01,0.0,0.01,-0.01,0.0,v0
2353,2023-11-01,1.5,0.05,1.45,0.0,v0
2353,2023-12-01,2.7,0.03,2.6700000000000004,0.0,v0
2353,2024-02-01,1.6,0.04,1.56,0.0,v0
2353,2024-03-01,1.3,0.03,1.27,0.0,v0
2353,2024-04-01,1.4,0.07,1.3299999999999998,0.0,v0
2353,2024-05-01,1.1,0.01,1.09,0.0,v0
2353,2024-06-01,0.83,0.03,0.7999999999999999,0.0,v0
2353,2024-07-01,0.99,0.06,0.9299999999999999,0.0,v0
2353,2024-08-01,1.4,0.06,1.3399999999999999,0.0,v0
2353,2024-09-01,1.2,0.03,1.17,0.0,v0
2353,2024-10-01,0.93,0.01,0.92,0.0,v0
2353,2024-11-01,0.55,0.03,0.52,0.0,v0
2354,2023-11-01,0.0,0.01,-0.01,0.0,v0
2355,2024-01-01,0.0,0.03,-0.03,0.0,v0
2355,2024-02-01,0.0,0.07,-0.07,0.0,v0
2355,2024-03-01,0.0,0.2,-0.2,0.0,v0
2355,2024-04-01,0.0,0.11,-0.11,0.0,v0
2355,2024-05-01,0.0,0.13,-0.13,0.0,v0
2355,2024-06-01,0.0,0.06,-0.06,0.0,v0
2355,2024-07-01,0.0,0.07,-0.07,0.0,v0
2355,2024-08-01,0.0,0.03,-0.03,0.0,v0
2355,2024-09-01,0.0,0.02,-0.02,0.0,v0
2355,2024-10-01,0.0,0.03,-0.03,0.0,v0
2355,2024-11-01,0.0,0.05,-0.05,0.0,v0
2355,2024-12-01,0.0,0.02,-0.02,0.0,v0
2356,2023-11-01,0.0,0.01,-0.01,0.0,v0
2357,2023-11-01,0.0,0.14,-0.14,0.0,v0
2357,2023-12-01,0.0,0.01,-0.01,0.0,v0
2357,2024-01-01,0.0,0.09,-0.09,0.0,v0
2357,2024-02-01,0.01,0.0,0.01,0.0,v0
2357,2024-03-01,0.0,0.03,-0.03,0.0,v0
2357,2024-04-01,0.0,0.02,-0.02,0.0,v0
2357,2024-05-01,0.0,0.01,-0.01,0.0,v0
2357,2024-06-01,0.13,0.0,0.13,0.0,v0
2357,2024-07-01,0.02,0.28,-0.26,0.0,v0
2357,2024-08-01,0.07,0.14,-0.07,0.0,v0
2357,2024-09-01,0.0,0.02,-0.02,0.0,v0
2357,2024-10-01,0.0,0.02,-0.02,0.0,v0
2357,2024-11-01,0.0,0.05,-0.05,0.0,v0
2358,2023-11-01,0.0,0.09,-0.09,0.0,v0
2358,2023-12-01,0.0,0.09,-0.09,0.0,v0
2358,2024-01-01,0.0,0.04,-0.04,0.0,v0
2358,2024-02-01,0.01,0.0,0.01,0.0,v0
2358,2024-03-01,0.0,0.09,-0.09,0.0,v0
2358,2024-04-01,0.0,0.01,-0.01,0.0,v0
2358,2024-05-01,0.0,0.04,-0.04,0.0,v0
2358,2024-06-01,0.0,0.07,-0.07,0.0,v0
2358,2024-07-01,0.0,0.05,-0.05,0.0,v0
2358,2024-08-01,0.0,0.01,-0.01,0.0,v0
2358,2024-09-01,0.0,0.03,-0.03,0.0,v0
2358,2024-10-01,0.0,0.09,-0.09,0.0,v0
2359,2023-11-01,0.0,0.43,-0.43,0.0,v0
2359,2023-12-01,0.01,0.05,-0.04,0.0,v0
2359,2024-01-01,0.0,0.13,-0.13,0.0,v0
2359,2024-02-01,0.0,0.55,-0.55,0.0,v0
2359,2024-03-01,0.01,0.24,-0.22999999999999998,0.0,v0
2359,2024-04-01,0.0,0.36,-0.36,0.0,v0
2359,2024-07-01,0.0,0.31,-0.31,0.0,v0
2359,2024-08-01,0.0,0.01,-0.01,0.0,v0
2359,2024-09-01,0.01,0.0,0.01,0.0,v0
2359,2024-10-01,0.0,0.25,-0.25,0.0,v0
2359,2024-11-01,0.0,0.19,-0.19,0.0,v0
2359,2024-12-01,0.01,0.18,-0.16999999999999998,0.0,v0
2360,2023-11-01,0.0,0.03,-0.03,0.0,v0
2360,2023-12-01,0.0,0.03,-0.03,0.0,v0
2360,2024-01-01,0.0,0.03,-0.03,0.0,v0
2360,2024-02-01,0.0,0.06,-0.06,0.0,v0
2360,2024-03-01,0.0,0.03,-0.03,0.0,v0
2360,2024-04-01,0.0,0.03,-0.03,0.0,v0
2360,2024-05-01,0.0,0.03,-0.03,0.0,v0
2360,2024-06-01,0.0,0.03,-0.03,0.0,v0
2360,2024-07-01,0.0,0.06,-0.06,0.0,v0
2360,2024-08-01,0.0,0.06,-0.06,0.0,v0
2361,2023-11-01,0.01,0.0,0.01,0.0,v0
2361,2024-02-01,0.01,0.0,0.01,0.0,v0
2361,2024-04-01,0.01,0.0,0.01,0.0,v0
2361,2024-07-01,0.01,0.0,0.01,0.0,v0
2362,2023-11-01,0.0,0.01,-0.01,0.0,v0
2363,2023-11-01,0.0,0.01,-0.01,0.0,v0
2363,2023-12-01,0.0,0.02,-0.02,0.0,v0
2363,2024-01-01,0.0,0.02,-0.02,0.0,v0
2363,2024-05-01,0.0,0.01,-0.01,0.0,v0
2363,2024-12-01,0.0,0.02,-0.02,0.0,v0
2364,2023-11-01,0.0,0.14,-0.14,0.0,v0
2365,2023-11-01,0.0,0.03,-0.03,0.0,v0
2365,2023-12-01,0.0,0.01,-0.01,0.0,v0
2365,2024-01-01,0.0,0.03,-0.03,0.0,v0
2365,2024-02-01,0.0,0.02,-0.02,0.0,v0
2365,2024-03-01,0.0,0.09,-0.09,0.0,v0
2365,2024-04-01,0.0,0.07,-0.07,0.0,v0
2365,2024-05-01,0.0,0.06,-0.06,0.0,v0
2365,2024-06-01,0.0,0.46,-0.46,0.0,v0
2365,2024-07-01,0.0,0.7,-0.7,0.0,v0
2365,2024-08-01,0.0,0.66,-0.66,0.0,v0
2365,2024-09-01,0.0,0.53,-0.53,0.0,v0
2365,2024-10-01,0.0,0.45,-0.45,0.0,v0
2365,2024-11-01,0.0,0.5,-0.5,0.0,v0
2366,2023-11-01,0.0,0.03,-0.03,0.0,v0
2366,2023-12-01,0.0,0.01,-0.01,0.0,v0
2366,2024-01-01,0.0,0.01,-0.01,0.0,v0
2366,2024-02-01,0.01,0.02,-0.01,0.0,v0
2366,2024-05-01,0.02,0.01,0.01,0.0,v0
2366,2024-06-01,0.0,0.02,-0.02,0.0,v0
2366,2024-07-01,0.0,0.01,-0.01,0.0,v0
2366,2024-08-01,0.01,0.02,-0.01,0.0,v0
2366,2024-09-01,0.0,0.02,-0.02,0.0,v0
2366,2024-10-01,0.0,0.03,-0.03,0.0,v0
2367,2023-11-01,0.06,0.09,-0.03,0.0,v0
2367,2023-12-01,0.0,0.26,-0.26,0.0,v0
2367,2024-01-01,0.0,0.08,-0.08,0.0,v0
2367,2024-02-01,0.0,0.17,-0.17,0.0,v0
2368,2023-11-01,0.0,0.19,-0.19,0.0,v0
2368,2023-12-01,0.0,0.53,-0.53,0.0,v0
2368,2024-01-01,0.0,0.06,-0.06,0.0,v0
2368,2024-02-01,0.0,0.07,-0.07,0.0,v0
2368,2024-03-01,0.0,0.02,-0.02,0.0,v0
2368,2024-04-01,0.0,0.02,-0.02,0.0,v0
2368,2024-05-01,0.0,0.06,-0.06,0.0,v0
2368,2024-06-01,0.0,0.04,-0.04,0.0,v0
2369,2023-11-01,0.0,0.05,-0.05,0.0,v0
2370,2023-11-01,0.0,0.05,-0.05,0.0,v0
2370,2023-12-01,0.0,0.11,-0.11,0.0,v0
2370,2024-01-01,0.0,0.13,-0.13,0.0,v0
2370,2024-03-01,0.0,0.07,-0.07,0.0,v0
2370,2024-06-01,0.0,0.2,-0.2,0.0,v0
2371,2023-11-01,0.0,0.5,-0.5,0.0,v0
2372,2023-11-01,5.1,0.0,5.1,0.0,v0
2373,2023-11-01,0.0,0.2,-0.2,0.0,v0
2373,2023-12-01,0.0,0.37,-0.37,0.0,v0
2373,2024-01-01,0.0,0.08,-0.08,0.0,v0
2373,2024-02-01,0.0,0.33,-0.33,0.0,v0
2373,2024-03-01,0.0,0.23,-0.23,0.0,v0
2373,2024-05-01,0.0,0.17,-0.17,0.0,v0
2373,2024-06-01,0.0,0.14,-0.14,0.0,v0
2374,2023-11-01,0.0,0.27,-0.27,0.0,v0
2374,2024-02-01,0.0,0.14,-0.14,0.0,v0
2374,2024-03-01,0.0,0.04,-0.04,0.0,v0
2374,2024-04-01,0.0,0.54,-0.54,0.0,v0
2374,2024-05-01,0.0,0.11,-0.11,0.0,v0
2374,2024-07-01,0.0,0.13,-0.13,0.0,v0
2374,2024-08-01,0.0,0.08,-0.08,0.0,v0
2374,2024-09-01,0.0,0.02,-0.02,0.0,v0
2374,2024-10-01,0.0,0.01,-0.01,0.0,v0
2374,2024-12-01,0.0,0.01,-0.01,0.0,v0
2375,2023-11-01,0.0,0.6,-0.6,0.0,v0
2376,2023-12-01,0.25,0.0,0.25,0.0,v0
2376,2024-01-01,0.23,0.0,0.23,0.0,v0
2376,2024-02-01,0.02,0.0,0.02,0.0,v0
2376,2024-03-01,0.03,0.0,0.03,0.0,v0
2377,2023-12-01,0.0,0.02,-0.02,0.0,v0
2378,2023-12-01,0.02,0.0,0.02,0.0,v0
2379,2023-12-01,0.01,0.0,0.01,0.0,v0
2380,2023-12-01,0.01,0.26,-0.25,0.0,v0
2381,2023-12-01,0.29,0.0,0.29,0.0,v0
2381,2024-01-01,0.15,0.0,0.15,0.0,v0
2382,2023-12-01,0.05,0.0,0.05,0.0,v0
2382,2024-01-01,0.14,0.0,0.14,0.0,v0
2382,2024-02-01,0.13,0.0,0.13,0.0,v0
2382,2024-03-01,0.05,0.0,0.05,0.0,v0
2382,2024-04-01,0.0,0.01,-0.01,0.0,v0
2382,2024-05-01,0.02,0.0,0.02,0.0,v0
2383,2023-12-01,3.3,0.0,3.3,0.0,v0
2384,2023-12-01,0.01,0.0,0.01,0.0,v0
2384,2024-02-01,0.0,0.08,-0.08,0.0,v0
2384,2024-03-01,0.0,0.01,-0.01,0.0,v0
2384,2024-04-01,0.01,0.0,0.01,0.0,v0
2385,2023-12-01,0.0,0.14,-0.14,0.0,v0
2385,2024-01-01,0.0,0.25,-0.25,0.0,v0
2385,2024-02-01,0.98,0.0,0.98,0.0,v0
2386,2023-12-01,0.04,0.0,0.04,0.0,v0
2386,2024-01-01,0.0,0.23,-0.23,0.0,v0
2387,2023-12-01,0.03,0.0,0.03,0.0,v0
2387,2024-01-01,0.01,0.0,0.01,0.0,v0
2387,2024-02-01,0.03,0.0,0.03,0.0,v0
2387,2024-03-01,0.04,0.0,0.04,0.0,v0
2388,2023-12-01,0.06,0.0,0.06,0.0,v0
2389,2023-12-01,0.01,0.0,0.01,0.0,v0
2390,2023-12-01,0.18,0.03,0.15,0.0,v0
2390,2024-01-01,0.0,0.01,-0.01,0.0,v0
2390,2024-02-01,0.37,0.03,0.33999999999999997,0.0,v0
2390,2024-03-01,0.01,0.0,0.01,0.0,v0
2391,2023-12-01,0.17,0.18,-0.009999999999999981,0.0,v0
2391,2024-01-01,0.2,0.06,0.14,0.0,v0
2391,2024-02-01,0.15,0.13,0.01999999999999999,0.0,v0
2392,2023-12-01,0.0,0.03,-0.03,0.0,v0
2392,2024-01-01,0.0,0.03,-0.03,0.0,v0
2392,2024-02-01,0.0,0.03,-0.03,0.0,v0
2393,2023-12-01,0.73,0.0,0.73,0.0,v0
2394,2023-12-01,0.06,0.0,0.06,0.0,v0
2394,2024-03-01,0.07,0.0,0.07,0.0,v0
2394,2024-05-01,0.08,0.0,0.08,0.0,v0
2395,2023-12-01,0.0,0.01,-0.01,0.0,v0
2395,2024-02-01,0.0,0.01,-0.01,0.0,v0
2395,2024-03-01,0.0,0.01,-0.01,0.0,v0
2395,2024-04-01,0.0,0.01,-0.01,0.0,v0
2396,2023-12-01,0.25,0.16,0.09,0.0,v0
2396,2024-01-01,0.0,0.2,-0.2,0.0,v0
2396,2024-02-01,0.0,0.11,-0.11,0.0,v0
2396,2024-03-01,0.17,0.14,0.03,0.0,v0
2396,2024-04-01,0.0,0.11,-0.11,0.0,v0
2396,2024-05-01,0.0,0.13,-0.13,0.0,v0
2397,2023-12-01,0.03,0.0,0.03,0.0,v0
2398,2023-12-01,0.03,0.13,-0.1,0.0,v0
2398,2024-01-01,0.05,0.21,-0.15999999999999998,0.0,v0
2398,2024-02-01,0.03,0.0,0.03,0.0,v0
2398,2024-03-01,0.07,0.0,0.07,0.0,v0
2399,2023-12-01,0.0,0.04,-0.04,0.0,v0
2400,2023-12-01,0.0,0.21,-0.21,0.0,v0
2401,2023-12-01,0.64,0.0,0.64,0.0,v0
2401,2024-01-01,0.02,0.0,0.02,0.0,v0
2401,2024-02-01,0.03,0.0,0.03,0.0,v0
2402,2023-12-01,0.1,0.0,0.1,0.0,v0
2402,2024-01-01,0.01,0.0,0.01,0.0,v0
2402,2024-02-01,0.04,0.0,0.04,0.0,v0
2402,2024-03-01,0.39,0.0,0.39,0.0,v0
2402,2024-04-01,0.53,0.0,0.53,0.0,v0
2403,2023-12-01,0.27,0.0,0.27,0.0,v0
2403,2024-01-01,0.32,0.0,0.32,0.0,v0
2404,2023-12-01,0.0,0.01,-0.01,0.0,v0
2404,2024-01-01,0.01,0.0,0.01,0.0,v0
2405,2023-12-01,0.0,0.02,-0.02,0.0,v0
2405,2024-01-01,0.0,0.02,-0.02,0.0,v0
2406,2023-12-01,0.0,0.2,-0.2,0.0,v0
2406,2024-01-01,0.0,0.34,-0.34,0.0,v0
2406,2024-02-01,0.0,0.12,-0.12,0.0,v0
2406,2024-03-01,0.0,0.1,-0.1,0.0,v0
2406,2024-04-01,0.0,0.02,-0.02,0.0,v0
2406,2024-05-01,0.0,0.01,-0.01,0.0,v0
2406,2024-06-01,0.0,0.01,-0.01,0.0,v0
2406,2024-07-01,0.0,0.18,-0.18,0.0,v0
2406,2024-08-01,0.0,0.29,-0.29,0.0,v0
2406,2024-09-01,0.0,0.24,-0.24,0.0,v0
2406,2024-11-01,0.0,0.29,-0.29,0.0,v0
2407,2023-12-01,0.02,0.0,0.02,0.0,v0
2408,2023-12-01,0.0,0.05,-0.05,0.0,v0
2408,2024-01-01,0.0,0.02,-0.02,0.0,v0
2408,2024-02-01,0.0,0.12,-0.12,0.0,v0
2408,2024-03-01,0.0,0.11,-0.11,0.0,v0
2408,2024-04-01,0.0,0.25,-0.25,0.0,v0
2409,2023-12-01,0.06,0.0,0.06,0.0,v0
2410,2023-12-01,0.0,0.1,-0.1,0.0,v0
2411,2023-12-01,0.0,0.01,-0.01,0.0,v0
2412,2024-01-01,0.0,0.18,-0.18,0.0,v0
2412,2024-02-01,0.06,0.0,0.06,0.0,v0
2412,2024-03-01,0.09,0.0,0.09,0.0,v0
2412,2024-04-01,0.14,0.0,0.14,0.0,v0
2412,2024-05-01,0.03,0.0,0.03,0.0,v0
2412,2024-06-01,0.06,0.0,0.06,0.0,v0
2412,2024-07-01,0.13,0.04,0.09,0.0,v0
2412,2024-08-01,0.0,0.2,-0.2,0.0,v0
2412,2024-09-01,0.05,0.04,0.010000000000000002,0.0,v0
2412,2024-10-01,0.06,0.0,0.06,0.0,v0
2413,2023-12-01,0.0,0.16,-0.16,0.0,v0
2413,2024-01-01,0.0,0.01,-0.01,0.0,v0
2413,2024-02-01,0.0,0.01,-0.01,0.0,v0
2413,2024-04-01,0.0,0.05,-0.05,0.0,v0
2413,2024-05-01,0.0,0.25,-0.25,0.0,v0
2413,2024-06-01,0.0,0.19,-0.19,0.0,v0
2413,2024-08-01,0.0,0.04,-0.04,0.0,v0
2413,2024-09-01,0.0,0.18,-0.18,0.0,v0
2413,2024-10-01,0.0,0.05,-0.05,0.0,v0
2413,2024-11-01,0.0,0.05,-0.05,0.0,v0
2413,2024-12-01,0.0,0.02,-0.02,0.0,v0
2414,2023-12-01,0.0,0.05,-0.05,0.0,v0
2414,2024-01-01,0.0,0.01,-0.01,0.0,v0
2414,2024-02-01,0.0,0.02,-0.02,0.0,v0
2414,2024-04-01,0.0,0.05,-0.05,0.0,v0
2414,2024-05-01,0.0,0.01,-0.01,0.0,v0
2414,2024-06-01,0.0,0.1,-0.1,0.0,v0
2414,2024-07-01,0.0,0.05,-0.05,0.0,v0
2414,2024-08-01,0.0,0.01,-0.01,0.0,v0
2415,2023-12-01,0.46,0.0,0.46,0.0,v0
2415,2024-01-01,0.0,0.59,-0.59,0.0,v0
2415,2024-02-01,0.02,0.33,-0.31,0.0,v0
2415,2024-03-01,0.39,0.0,0.39,0.0,v0
2416,2023-12-01,0.0,0.57,-0.57,0.0,v0
2416,2024-01-01,0.0,0.7,-0.7,0.0,v0
2416,2024-02-01,0.0,0.02,-0.02,0.0,v0
2416,2024-03-01,0.0,0.01,-0.01,0.0,v0
2416,2024-04-01,0.0,0.22,-0.22,0.0,v0
2416,2024-05-01,0.0,0.19,-0.19,0.0,v0
2416,2024-06-01,0.0,0.09,-0.09,0.0,v0
2416,2024-07-01,0.0,0.18,-0.18,0.0,v0
2416,2024-08-01,0.0,0.06,-0.06,0.0,v0
2416,2024-09-01,0.0,0.07,-0.07,0.0,v0
2416,2024-10-01,0.0,0.04,-0.04,0.0,v0
2416,2024-11-01,0.0,0.05,-0.05,0.0,v0
2416,2024-12-01,0.0,0.09,-0.09,0.0,v0
2417,2023-12-01,0.0,0.02,-0.02,0.0,v0
2417,2024-01-01,0.0,0.03,-0.03,0.0,v0
2417,2024-02-01,0.0,0.06,-0.06,0.0,v0
2417,2024-03-01,0.0,0.04,-0.04,0.0,v0
2417,2024-04-01,0.0,0.04,-0.04,0.0,v0
2417,2024-05-01,0.0,0.08,-0.08,0.0,v0
2417,2024-06-01,0.0,1.4,-1.4,0.0,v0
2417,2024-07-01,0.0,2.2,-2.2,0.0,v0
2417,2024-09-01,0.0,1.5,-1.5,0.0,v0
2417,2024-10-01,0.0,1.3,-1.3,0.0,v0
2417,2024-11-01,0.0,2.3,-2.3,0.0,v0
2417,2024-12-01,0.0,0.5,-0.5,0.0,v0
2418,2023-12-01,0.0,0.02,-0.02,0.0,v0
2418,2024-02-01,0.0,0.01,-0.01,0.0,v0
2419,2023-12-01,0.05,0.0,0.05,0.0,v0
2419,2024-01-01,0.04,0.0,0.04,0.0,v0
2420,2023-12-01,0.09,0.0,0.09,0.0,v0
2420,2024-01-01,0.0,0.01,-0.01,0.0,v0
2420,2024-02-01,0.0,0.11,-0.11,0.0,v0
2420,2024-03-01,0.0,0.03,-0.03,0.0,v0
2421,2023-12-01,0.0,0.01,-0.01,0.0,v0
2421,2024-01-01,0.07,0.0,0.07,0.0,v0
2421,2024-02-01,0.03,0.0,0.03,0.0,v0
2421,2024-03-01,0.02,0.0,0.02,0.0,v0
2421,2024-04-01,0.0,0.03,-0.03,0.0,v0
2421,2024-05-01,0.21,0.0,0.21,0.0,v0
2422,2023-12-01,0.05,0.0,0.05,0.0,v0
2422,2024-01-01,0.06,0.0,0.06,0.0,v0
2422,2024-02-01,0.05,0.0,0.05,0.0,v0
2422,2024-03-01,0.03,0.0,0.03,0.0,v0
2422,2024-04-01,0.02,0.0,0.02,0.0,v0
2422,2024-05-01,0.08,0.0,0.08,0.0,v0
2422,2024-06-01,0.04,0.0,0.04,0.0,v0
2422,2024-07-01,0.02,0.0,0.02,0.0,v0
2422,2024-09-01,0.01,0.0,0.01,0.0,v0
2423,2023-12-01,0.0,0.03,-0.03,0.0,v0
2424,2023-12-01,0.09,0.0,0.09,0.0,v0
2424,2024-01-01,0.07,0.0,0.07,0.0,v0
2424,2024-02-01,0.12,0.0,0.12,0.0,v0
2424,2024-03-01,0.04,0.0,0.04,0.0,v0
2424,2024-04-01,0.15,0.0,0.15,0.0,v0
2425,2023-12-01,0.0,0.31,-0.31,0.0,v0
2425,2024-01-01,0.0,2.8,-2.8,0.0,v0
2426,2023-12-01,0.01,0.01,0.0,0.0,v0
2427,2023-12-01,0.0,0.31,-0.31,0.0,v0
2427,2024-01-01,0.0,0.58,-0.58,0.0,v0
2427,2024-02-01,0.0,1.2,-1.2,0.0,v0
2427,2024-03-01,0.03,1.5,-1.47,0.0,v0
2427,2024-04-01,0.0,0.87,-0.87,0.0,v0
2427,2024-05-01,0.0,2.1,-2.1,0.0,v0
2427,2024-06-01,0.25,1.1,-0.8500000000000001,0.0,v0
2427,2024-08-01,0.04,0.0,0.04,0.0,v0
2428,2023-12-01,0.0,0.06,-0.06,0.0,v0
2429,2023-12-01,0.0,0.07,-0.07,0.0,v0
2429,2024-01-01,0.0,0.01,-0.01,0.0,v0
2429,2024-02-01,0.0,0.28,-0.28,0.0,v0
2430,2023-12-01,0.0,0.01,-0.01,0.0,v0
2430,2024-01-01,0.0,0.02,-0.02,0.0,v0
2430,2024-02-01,0.0,0.01,-0.01,0.0,v0
2431,2023-12-01,0.02,0.0,0.02,0.0,v0
2431,2024-01-01,0.02,0.0,0.02,0.0,v0
2431,2024-02-01,0.05,0.02,0.030000000000000002,0.0,v0
2431,2024-04-01,0.01,0.0,0.01,0.0,v0
2431,2024-05-01,0.02,0.0,0.02,0.0,v0
2431,2024-06-01,0.01,0.0,0.01,0.0,v0
2431,2024-08-01,0.02,0.0,0.02,0.0,v0
2431,2024-09-01,0.03,0.0,0.03,0.0,v0
2431,2024-10-01,0.01,0.0,0.01,0.0,v0
2431,2024-11-01,0.02,0.0,0.02,0.0,v0
2432,2023-12-01,0.0,0.1,-0.1,0.0,v0
2432,2024-04-01,0.0,0.02,-0.02,0.0,v0
2433,2023-12-01,0.0,0.02,-0.02,0.0,v0
2434,2024-01-01,0.23,0.0,0.23,0.0,v0
2434,2024-02-01,0.73,0.0,0.73,0.0,v0
2434,2024-03-01,0.05,0.0,0.05,0.0,v0
2434,2024-04-01,0.52,0.0,0.52,0.0,v0
2434,2024-05-01,0.44,0.0,0.44,0.0,v0
2434,2024-06-01,0.2,0.0,0.2,0.0,v0
2434,2024-07-01,0.14,0.0,0.14,0.0,v0
2434,2024-08-01,0.54,0.02,0.52,0.0,v0
2434,2024-09-01,0.41,0.02,0.38999999999999996,0.0,v0
2434,2024-10-01,0.27,0.0,0.27,0.0,v0
2434,2024-11-01,0.54,0.02,0.52,0.0,v0
2434,2024-12-01,0.46,0.0,0.46,0.0,v0
2435,2023-12-01,0.0,0.36,-0.36,0.0,v0
2435,2024-01-01,0.0,0.08,-0.08,0.0,v0
2436,2024-01-01,0.0,0.69,-0.69,0.0,v0
2436,2024-02-01,0.0,0.55,-0.55,0.0,v0
2436,2024-03-01,0.0,0.45,-0.45,0.0,v0
2436,2024-04-01,0.02,0.19,-0.17,0.0,v0
2436,2024-05-01,0.0,0.26,-0.26,0.0,v0
2436,2024-06-01,0.0,0.18,-0.18,0.0,v0
2436,2024-07-01,0.0,0.48,-0.48,0.0,v0
2436,2024-08-01,0.0,0.08,-0.08,0.0,v0
2436,2024-09-01,0.0,0.1,-0.1,0.0,v0
2436,2024-10-01,0.0,0.45,-0.45,0.0,v0
2436,2024-11-01,0.0,0.19,-0.19,0.0,v0
2437,2023-12-01,0.41,0.0,0.41,0.0,v0
2437,2024-03-01,0.1,0.0,0.1,0.0,v0
2437,2024-07-01,0.0,0.01,-0.01,0.0,v0
2437,2024-08-01,0.0,0.02,-0.02,0.0,v0
2438,2023-12-01,0.0,0.01,-0.01,0.0,v0
2438,2024-01-01,0.0,0.1,-0.1,0.0,v0
2439,2023-12-01,0.0,0.01,-0.01,0.0,v0
2439,2024-10-01,0.0,0.01,-0.01,0.0,v0
2440,2023-12-01,0.01,0.0,0.01,0.0,v0
2440,2024-01-01,0.01,0.0,0.01,0.0,v0
2441,2023-12-01,0.74,0.0,0.74,0.0,v0
2441,2024-01-01,0.8,0.0,0.8,0.0,v0
2442,2023-12-01,0.0,0.59,-0.59,0.0,v0
2442,2024-01-01,0.0,0.7,-0.7,0.0,v0
2442,2024-02-01,0.0,0.69,-0.69,0.0,v0
2442,2024-03-01,0.0,1.1,-1.1,0.0,v0
2442,2024-04-01,0.0,0.36,-0.36,0.0,v0
2443,2023-12-01,0.0,0.17,-0.17,0.0,v0
2443,2024-01-01,0.0,0.02,-0.02,0.0,v0
2443,2024-02-01,0.0,0.11,-0.11,0.0,v0
2443,2024-03-01,0.0,0.15,-0.15,0.0,v0
2443,2024-04-01,0.0,0.07,-0.07,0.0,v0
2444,2023-12-01,0.0,0.02,-0.02,0.0,v0
2444,2024-01-01,0.0,0.06,-0.06,0.0,v0
2445,2023-12-01,0.0,0.08,-0.08,0.0,v0
2445,2024-01-01,0.0,0.1,-0.1,0.0,v0
2446,2023-12-01,0.38,0.0,0.38,0.0,v0
2446,2024-01-01,0.37,0.0,0.37,0.0,v0
2447,2024-01-01,0.0,0.02,-0.02,0.0,v0
2448,2024-01-01,0.0,0.99,-0.99,0.0,v0
2448,2024-02-01,0.46,1.0,-0.54,0.0,v0
2448,2024-03-01,0.47,0.52,-0.050000000000000044,0.0,v0
2448,2024-04-01,1.7,1.0,0.7,0.0,v0
2448,2024-05-01,1.1,3.3,-2.1999999999999997,0.0,v0
2448,2024-06-01,0.56,1.7,-1.14,0.0,v0
2448,2024-07-01,1.1,1.2,-0.09999999999999987,0.0,v0
2448,2024-08-01,0.57,1.7,-1.13,0.0,v0
2448,2024-09-01,1.0,1.7,-0.7,0.0,v0
2448,2024-10-01,3.4,3.5,-0.10000000000000009,0.0,v0
2448,2024-12-01,1.1,2.9,-1.7999999999999998,0.0,v0
2449,2024-01-01,0.0,0.14,-0.14,0.0,v0
2449,2024-02-01,0.0,0.02,-0.02,0.0,v0
2449,2024-03-01,0.0,0.36,-0.36,0.0,v0
2449,2024-04-01,0.0,0.13,-0.13,0.0,v0
2449,2024-05-01,0.0,0.02,-0.02,0.0,v0
2449,2024-06-01,0.0,0.02,-0.02,0.0,v0
2449,2024-07-01,0.0,0.02,-0.02,0.0,v0
2450,2024-01-01,0.0,0.48,-0.48,0.0,v0
2451,2024-01-01,0.0,0.03,-0.03,0.0,v0
2451,2024-02-01,0.0,0.01,-0.01,0.0,v0
2451,2024-03-01,0.0,0.04,-0.04,0.0,v0
2451,2024-04-01,0.0,0.02,-0.02,0.0,v0
2451,2024-05-01,0.0,0.01,-0.01,0.0,v0
2452,2024-01-01,0.26,0.16,0.1,0.0,v0
2452,2024-02-01,0.0,0.01,-0.01,0.0,v0
2452,2024-03-01,0.0,0.01,-0.01,0.0,v0
2453,2024-01-01,0.02,0.0,0.02,0.0,v0
2453,2024-02-01,0.03,0.0,0.03,0.0,v0
2454,2024-01-01,0.0,0.01,-0.01,0.0,v0
2454,2024-02-01,0.0,0.09,-0.09,0.0,v0
2454,2024-03-01,0.0,0.08,-0.08,0.0,v0
2454,2024-04-01,0.0,0.05,-0.05,0.0,v0
2454,2024-05-01,0.0,0.01,-0.01,0.0,v0
2454,2024-06-01,0.0,0.1,-0.1,0.0,v0
2454,2024-07-01,0.0,0.02,-0.02,0.0,v0
2454,2024-08-01,0.0,0.1,-0.1,0.0,v0
2454,2024-09-01,0.0,0.02,-0.02,0.0,v0
2454,2024-10-01,0.07,0.01,0.060000000000000005,0.0,v0
2454,2024-11-01,0.01,0.02,-0.01,0.0,v0
2455,2024-01-01,0.01,0.0,0.01,0.0,v0
2456,2024-01-01,0.0,0.01,-0.01,0.0,v0
2457,2024-01-01,0.03,0.11,-0.08,0.0,v0
2457,2024-02-01,0.03,0.24,-0.21,0.0,v0
2457,2024-03-01,0.02,0.07,-0.05,0.0,v0
2457,2024-05-01,0.08,0.04,0.04,0.0,v0
2457,2024-06-01,0.0,0.06,-0.06,0.0,v0
2457,2024-07-01,0.01,0.16,-0.15,0.0,v0
2457,2024-08-01,0.07,0.26,-0.19,0.0,v0
2457,2024-09-01,0.08,0.08,0.0,0.0,v0
2458,2024-01-01,0.0,0.01,-0.01,0.0,v0
2458,2024-02-01,0.25,0.0,0.25,0.0,v0
2458,2024-03-01,0.51,0.02,0.49,0.0,v0
2458,2024-04-01,0.04,0.38,-0.34,0.0,v0
2458,2024-05-01,0.0,0.02,-0.02,0.0,v0
2459,2024-01-01,0.0,0.01,-0.01,0.0,v0
2459,2024-02-01,0.0,0.02,-0.02,0.0,v0
2460,2024-01-01,0.0,0.09,-0.09,0.0,v0
2460,2024-02-01,0.0,0.02,-0.02,0.0,v0
2460,2024-03-01,0.15,0.0,0.15,0.0,v0
2460,2024-04-01,0.21,0.0,0.21,0.0,v0
2460,2024-05-01,0.0,0.07,-0.07,0.0,v0
2461,2024-01-01,0.02,0.0,0.02,0.0,v0
2462,2024-01-01,0.01,0.0,0.01,0.0,v0
2463,2024-01-01,0.01,0.0,0.01,0.0,v0
2463,2024-02-01,0.0,0.04,-0.04,0.0,v0
2463,2024-03-01,0.0,0.02,-0.02,0.0,v0
2463,2024-04-01,0.03,0.04,-0.010000000000000002,0.0,v0
2463,2024-05-01,0.0,0.04,-0.04,0.0,v0
2463,2024-07-01,0.0,0.03,-0.03,0.0,v0
2463,2024-08-01,0.0,0.04,-0.04,0.0,v0
2463,2024-09-01,0.0,0.03,-0.03,0.0,v0
2463,2024-10-01,0.0,0.08,-0.08,0.0,v0
2463,2024-11-01,0.0,0.01,-0.01,0.0,v0
2463,2024-12-01,0.0,0.02,-0.02,0.0,v0
2464,2024-01-01,0.03,0.0,0.03,0.0,v0
2465,2024-01-01,1.0,0.47,0.53,0.0,v0
2465,2024-02-01,0.85,0.0,0.85,0.0,v0
2465,2024-03-01,1.5,0.04,1.46,0.0,v0
2465,2024-04-01,1.4,0.61,0.7899999999999999,0.0,v0
2465,2024-05-01,1.3,0.03,1.27,0.0,v0
2465,2024-06-01,0.22,0.0,0.22,0.0,v0
2465,2024-07-01,0.39,0.0,0.39,0.0,v0
2465,2024-08-01,0.03,0.0,0.03,0.0,v0
2465,2024-09-01,0.04,0.0,0.04,0.0,v0
2466,2024-01-01,0.02,0.0,0.02,0.0,v0
2467,2024-01-01,0.02,0.0,0.02,0.0,v0
2468,2024-01-01,0.46,0.0,0.46,0.0,v0
2469,2024-01-01,0.0,0.02,-0.02,0.0,v0
2470,2024-01-01,0.09,0.0,0.09,0.0,v0
2471,2024-01-01,0.12,0.06,0.06,0.0,v0
2472,2024-01-01,0.17,0.0,0.17,0.0,v0
2472,2024-02-01,0.33,0.0,0.33,0.0,v0
2472,2024-03-01,0.36,0.0,0.36,0.0,v0
2472,2024-04-01,0.3,0.0,0.3,0.0,v0
2472,2024-05-01,0.21,0.0,0.21,0.0,v0
2472,2024-06-01,0.2,0.0,0.2,0.0,v0
2472,2024-07-01,0.42,0.0,0.42,0.0,v0
2472,2024-09-01,0.38,0.0,0.38,0.0,v0
2472,2024-10-01,0.28,0.0,0.28,0.0,v0
2472,2024-11-01,0.29,0.0,0.29,0.0,v0
2473,2024-01-01,0.0,0.02,-0.02,0.0,v0
2474,2024-01-01,0.0,0.04,-0.04,0.0,v0
2474,2024-02-01,0.0,0.01,-0.01,0.0,v0
2475,2024-01-01,0.0,0.09,-0.09,0.0,v0
2475,2024-02-01,0.0,0.09,-0.09,0.0,v0
2475,2024-03-01,0.04,0.0,0.04,0.0,v0
2475,2024-05-01,0.0,0.1,-0.1,0.0,v0
2475,2024-06-01,0.0,0.06,-0.06,0.0,v0
2476,2024-01-01,0.0,0.02,-0.02,0.0,v0
2477,2024-01-01,0.06,0.0,0.06,0.0,v0
2477,2024-02-01,0.01,0.0,0.01,0.0,v0
2477,2024-03-01,0.01,0.0,0.01,0.0,v0
2477,2024-04-01,0.04,0.0,0.04,0.0,v0
2477,2024-05-01,0.02,0.0,0.02,0.0,v0
2477,2024-07-01,0.18,0.0,0.18,0.0,v0
2477,2024-08-01,0.04,0.0,0.04,0.0,v0
2477,2024-09-01,0.18,0.0,0.18,0.0,v0
2477,2024-10-01,0.02,0.0,0.02,0.0,v0
2477,2024-11-01,2.3,0.0,2.3,0.0,v0
2478,2024-01-01,0.01,0.0,0.01,0.0,v0
2479,2024-01-01,0.03,0.0,0.03,0.0,v0
2479,2024-02-01,0.0,0.11,-0.11,0.0,v0
2479,2024-03-01,0.03,0.0,0.03,0.0,v0
2479,2024-04-01,0.03,0.0,0.03,0.0,v0
2479,2024-05-01,0.03,0.0,0.03,0.0,v0
2479,2024-06-01,0.04,0.0,0.04,0.0,v0
2480,2024-01-01,0.0,0.01,-0.01,0.0,v0
2480,2024-02-01,0.01,0.0,0.01,0.0,v0
2480,2024-03-01,0.0,0.01,-0.01,0.0,v0
2480,2024-04-01,0.0,0.01,-0.01,0.0,v0
2481,2024-01-01,0.0,0.05,-0.05,0.0,v0
2482,2024-01-01,1.6,0.0,1.6,0.0,v0
2483,2024-01-01,0.0,0.02,-0.02,0.0,v0
2483,2024-02-01,0.05,0.0,0.05,0.0,v0
2483,2024-03-01,0.0,0.1,-0.1,0.0,v0
2483,2024-04-01,0.0,0.12,-0.12,0.0,v0
2483,2024-05-01,0.0,0.03,-0.03,0.0,v0
2483,2024-06-01,0.0,0.07,-0.07,0.0,v0
2483,2024-07-01,0.0,0.01,-0.01,0.0,v0
2483,2024-08-01,0.0,0.02,-0.02,0.0,v0
2483,2024-09-01,0.0,0.02,-0.02,0.0,v0
2483,2024-10-01,0.0,0.03,-0.03,0.0,v0
2484,2024-01-01,0.26,0.0,0.26,0.0,v0
2485,2024-01-01,0.0,0.02,-0.02,0.0,v0
2486,2024-01-01,0.02,0.0,0.02,0.0,v0
2487,2024-01-01,0.02,0.0,0.02,0.0,v0
2488,2024-01-01,0.09,0.0,0.09,0.0,v0
2488,2024-02-01,0.02,0.0,0.02,0.0,v0
2488,2024-03-01,0.19,0.0,0.19,0.0,v0
2488,2024-04-01,0.09,0.0,0.09,0.0,v0
2489,2024-01-01,29.0,1.8,27.2,0.0,v0
2489,2024-02-01,23.0,0.16,22.84,0.0,v0
2489,2024-03-01,13.0,0.12,12.88,0.0,v0
2490,2024-01-01,0.17,0.0,0.17,0.0,v0
2490,2024-02-01,0.64,0.0,0.64,0.0,v0
2490,2024-03-01,0.32,0.0,0.32,0.0,v0
2490,2024-06-01,0.09,0.0,0.09,0.0,v0
2490,2024-07-01,0.11,0.0,0.11,0.0,v0
2490,2024-08-01,0.09,0.0,0.09,0.0,v0
2490,2024-10-01,0.1,0.0,0.1,0.0,v0
2490,2024-11-01,0.06,0.0,0.06,0.0,v0
2490,2024-12-01,0.16,0.15,0.010000000000000009,0.0,v0
2491,2024-01-01,0.0,0.05,-0.05,0.0,v0
2491,2024-02-01,0.0,0.05,-0.05,0.0,v0
2492,2024-01-01,0.0,0.01,-0.01,0.0,v0
2493,2024-01-01,0.0,0.12,-0.12,0.0,v0
2493,2024-02-01,0.0,0.35,-0.35,0.0,v0
2493,2024-03-01,0.0,0.48,-0.48,0.0,v0
2493,2024-04-01,0.0,0.39,-0.39,0.0,v0
2494,2024-01-01,0.0,0.02,-0.02,0.0,v0
2494,2024-02-01,0.0,0.04,-0.04,0.0,v0
2495,2024-01-01,0.43,0.0,0.43,0.0,v0
2495,2024-02-01,0.36,0.0,0.36,0.0,v0
2496,2024-01-01,0.41,0.0,0.41,0.0,v0
2496,2024-02-01,0.13,0.0,0.13,0.0,v0
2496,2024-03-01,0.44,0.0,0.44,0.0,v0
2496,2024-04-01,0.08,0.0,0.08,0.0,v0
2496,2024-05-01,0.62,0.0,0.62,0.0,v0
2497,2024-01-01,0.0,0.02,-0.02,0.0,v0
2498,2024-01-01,0.0,0.04,-0.04,0.0,v0
2498,2024-02-01,0.0,0.01,-0.01,0.0,v0
2498,2024-04-01,0.0,0.03,-0.03,0.0,v0
2498,2024-05-01,0.0,0.05,-0.05,0.0,v0
2498,2024-06-01,0.0,0.02,-0.02,0.0,v0
2498,2024-07-01,0.0,0.02,-0.02,0.0,v0
2499,2024-01-01,0.01,0.0,0.01,0.0,v0
2500,2024-01-01,0.81,0.0,0.81,0.0,v0
2501,2024-01-01,0.04,0.0,0.04,0.0,v0
2502,2024-01-01,0.06,0.0,0.06,0.0,v0
2503,2024-01-01,0.02,0.04,-0.02,0.0,v0
2504,2024-02-01,0.21,0.0,0.21,0.0,v0
2504,2024-03-01,0.2,0.0,0.2,0.0,v0
2504,2024-04-01,0.12,0.0,0.12,0.0,v0
2504,2024-05-01,0.05,0.0,0.05,0.0,v0
2504,2024-06-01,0.1,0.0,0.1,0.0,v0
2504,2024-07-01,0.13,0.0,0.13,0.0,v0
2504,2024-08-01,0.14,0.0,0.14,0.0,v0
2504,2024-09-01,0.11,0.0,0.11,0.0,v0
2504,2024-10-01,0.1,0.0,0.1,0.0,v0
2504,2024-11-01,0.08,0.0,0.08,0.0,v0
2504,2024-12-01,0.16,0.0,0.16,0.0,v0
2505,2024-01-01,0.4,0.0,0.4,0.0,v0
2505,2024-02-01,0.16,0.0,0.16,0.0,v0
2505,2024-03-01,0.09,0.0,0.09,0.0,v0
2505,2024-04-01,0.09,0.0,0.09,0.0,v0
2505,2024-05-01,0.09,0.0,0.09,0.0,v0
2505,2024-06-01,0.05,0.0,0.05,0.0,v0
2505,2024-07-01,0.05,0.0,0.05,0.0,v0
2505,2024-08-01,0.08,0.0,0.08,0.0,v0
2505,2024-09-01,0.07,0.0,0.07,0.0,v0
2505,2024-10-01,0.05,0.0,0.05,0.0,v0
2505,2024-11-01,0.06,0.0,0.06,0.0,v0
2505,2024-12-01,0.04,0.0,0.04,0.0,v0
2506,2024-01-01,0.01,0.0,0.01,0.0,v0
2507,2024-01-01,0.11,0.0,0.11,0.0,v0
2508,2024-01-01,0.0,0.02,-0.02,0.0,v0
2508,2024-09-01,0.0,0.02,-0.02,0.0,v0
2508,2024-11-01,0.0,0.01,-0.01,0.0,v0
2508,2024-12-01,0.0,0.01,-0.01,0.0,v0
2509,2024-01-01,0.01,0.0,0.01,0.0,v0
2509,2024-02-01,0.17,0.0,0.17,0.0,v0
2509,2024-03-01,0.42,0.0,0.42,0.0,v0
2510,2024-01-01,0.0,0.04,-0.04,0.0,v0
2510,2024-02-01,1.4,0.54,0.8599999999999999,0.0,v0
2510,2024-03-01,1.8,0.54,1.26,0.0,v0
2510,2024-04-01,3.5,0.48,3.02,0.0,v0
2510,2024-05-01,4.4,0.51,3.8900000000000006,0.0,v0
2510,2024-06-01,0.0,0.14,-0.14,0.0,v0
2510,2024-07-01,0.0,0.17,-0.17,0.0,v0
2510,2024-08-01,0.0,0.25,-0.25,0.0,v0
2510,2024-09-01,0.0,0.12,-0.12,0.0,v0
2510,2024-10-01,0.0,0.21,-0.21,0.0,v0
2511,2024-01-01,0.01,0.0,0.01,0.0,v0
2511,2024-02-01,0.0,0.24,-0.24,0.0,v0
2511,2024-04-01,0.31,0.0,0.31,0.0,v0
2511,2024-05-01,0.37,0.0,0.37,0.0,v0
2511,2024-06-01,0.63,0.0,0.63,0.0,v0
2511,2024-07-01,0.65,0.0,0.65,0.0,v0
2511,2024-08-01,0.61,0.0,0.61,0.0,v0
2511,2024-09-01,0.8,0.0,0.8,0.0,v0
2511,2024-10-01,0.63,0.0,0.63,0.0,v0
2511,2024-11-01,1.0,0.0,1.0,0.0,v0
2511,2024-12-01,0.62,0.0,0.62,0.0,v0
2512,2024-01-01,0.0,0.06,-0.06,0.0,v0
2513,2024-01-01,0.0,0.13,-0.13,0.0,v0
2514,2024-01-01,0.01,0.0,0.01,0.0,v0
2514,2024-03-01,0.08,0.0,0.08,0.0,v0
2514,2024-04-01,0.05,0.11,-0.06,0.0,v0
2514,2024-05-01,0.0,0.32,-0.32,0.0,v0
2515,2024-01-01,0.0,0.01,-0.01,0.0,v0
2515,2024-04-01,0.0,0.03,-0.03,0.0,v0
2515,2024-05-01,0.0,0.01,-0.01,0.0,v0
2516,2024-01-01,0.01,0.0,0.01,0.0,v0
2517,2024-01-01,0.0,0.08,-0.08,0.0,v0
2518,2024-01-01,0.0,0.02,-0.02,0.0,v0
2518,2024-02-01,0.0,0.55,-0.55,0.0,v0
2518,2024-03-01,0.0,0.01,-0.01,0.0,v0
2518,2024-04-01,0.0,0.03,-0.03,0.0,v0
2518,2024-05-01,0.0,0.46,-0.46,0.0,v0
2518,2024-06-01,0.0,0.01,-0.01,0.0,v0
2518,2024-07-01,0.0,0.01,-0.01,0.0,v0
2518,2024-08-01,0.0,0.01,-0.01,0.0,v0
2518,2024-09-01,0.0,0.01,-0.01,0.0,v0
2519,2024-01-01,0.0,0.01,-0.01,0.0,v0
2520,2024-01-01,0.0,0.08,-0.08,0.0,v0
2520,2024-02-01,0.0,0.07,-0.07,0.0,v0
2521,2024-01-01,0.0,0.05,-0.05,0.0,v0
2522,2024-01-01,0.0,0.15,-0.15,0.0,v0
2522,2024-02-01,0.0,0.15,-0.15,0.0,v0
2522,2024-03-01,0.0,0.3,-0.3,0.0,v0
2522,2024-05-01,0.0,0.09,-0.09,0.0,v0
2522,2024-06-01,0.0,0.13,-0.13,0.0,v0
2522,2024-07-01,0.0,0.26,-0.26,0.0,v0
2522,2024-08-01,0.0,0.12,-0.12,0.0,v0
2523,2024-01-01,3.8,0.0,3.8,0.0,v0
2523,2024-02-01,0.0,7.3,-7.3,0.0,v0
2523,2024-03-01,0.0,0.78,-0.78,0.0,v0
2523,2024-04-01,11.0,0.0,11.0,0.0,v0
2523,2024-05-01,5.9,6.7,-0.7999999999999998,0.0,v0
2523,2024-06-01,0.0,0.16,-0.16,0.0,v0
2523,2024-08-01,0.0,0.32,-0.32,0.0,v0
2523,2024-09-01,0.0,0.21,-0.21,0.0,v0
2523,2024-10-01,0.0,0.22,-0.22,0.0,v0
2523,2024-11-01,0.0,0.28,-0.28,0.0,v0
2523,2024-12-01,0.0,0.33,-0.33,0.0,v0
2524,2024-01-01,2.7,4.8,-2.0999999999999996,0.0,v0
2524,2024-02-01,0.27,0.0,0.27,0.0,v0
2525,2024-01-01,0.0,0.02,-0.02,0.0,v0
2525,2024-04-01,0.0,0.92,-0.92,0.0,v0
2525,2024-06-01,0.0,0.05,-0.05,0.0,v0
2525,2024-07-01,0.0,0.01,-0.01,0.0,v0
2525,2024-08-01,0.0,0.3,-0.3,0.0,v0
2525,2024-09-01,0.0,0.37,-0.37,0.0,v0
2525,2024-10-01,0.0,0.37,-0.37,0.0,v0
2525,2024-11-01,0.0,0.32,-0.32,0.0,v0
2525,2024-12-01,0.0,0.47,-0.47,0.0,v0
2526,2024-01-01,0.0,0.21,-0.21,0.0,v0
2527,2024-02-01,0.03,0.13,-0.1,0.0,v0
2527,2024-03-01,0.04,1.7,-1.66,0.0,v0
2527,2024-04-01,0.0,1.5,-1.5,0.0,v0
2528,2024-02-01,0.0,0.56,-0.56,0.0,v0
2528,2024-03-01,0.0,0.23,-0.23,0.0,v0
2528,2024-04-01,0.0,0.23,-0.23,0.0,v0
2528,2024-05-01,0.0,0.3,-0.3,0.0,v0
2529,2024-02-01,0.01,0.0,0.01,0.0,v0
2530,2024-02-01,7.6,0.0,7.6,0.0,v0
2530,2024-03-01,9.0,0.0,9.0,0.0,v0
2530,2024-04-01,0.41,0.0,0.41,0.0,v0
2531,2024-02-01,0.34,0.02,0.32,0.0,v0
2531,2024-03-01,1.0,0.0,1.0,0.0,v0
2531,2024-04-01,12.0,0.0,12.0,0.0,v0
2532,2024-02-01,0.02,0.0,0.02,0.0,v0
2532,2024-03-01,0.48,0.0,0.48,0.0,v0
2532,2024-04-01,0.58,0.0,0.58,0.0,v0
2532,2024-05-01,0.6,0.0,0.6,0.0,v0
2532,2024-06-01,0.62,0.0,0.62,0.0,v0
2533,2024-02-01,0.04,0.0,0.04,0.0,v0
2533,2024-03-01,0.04,0.0,0.04,0.0,v0
2534,2024-02-01,0.18,0.03,0.15,0.0,v0
2534,2024-03-01,0.11,0.06,0.05,0.0,v0
2534,2024-04-01,0.1,0.11,-0.009999999999999995,0.0,v0
2535,2024-02-01,0.28,0.0,0.28,0.0,v0
2536,2024-02-01,0.0,0.03,-0.03,0.0,v0
2536,2024-03-01,0.0,0.06,-0.06,0.0,v0
2536,2024-04-01,0.0,0.34,-0.34,0.0,v0
2536,2024-05-01,0.04,0.0,0.04,0.0,v0
2536,2024-07-01,0.01,0.0,0.01,0.0,v0
2536,2024-08-01,0.0,0.21,-0.21,0.0,v0
2536,2024-09-01,0.0,0.19,-0.19,0.0,v0
2536,2024-10-01,0.0,0.45,-0.45,0.0,v0
2536,2024-11-01,0.18,0.32,-0.14,0.0,v0
2536,2024-12-01,0.04,0.6,-0.5599999999999999,0.0,v0
2537,2024-02-01,0.0,0.02,-0.02,0.0,v0
2538,2024-02-01,0.42,0.0,0.42,0.0,v0
2539,2024-02-01,0.18,0.0,0.18,0.0,v0
2539,2024-03-01,0.08,0.0,0.08,0.0,v0
2539,2024-04-01,0.08,0.0,0.08,0.0,v0
2540,2024-02-01,0.0,0.04,-0.04,0.0,v0
2540,2024-03-01,0.0,0.01,-0.01,0.0,v0
2540,2024-04-01,0.06,0.0,0.06,0.0,v0
2540,2024-05-01,0.08,0.0,0.08,0.0,v0
2540,2024-06-01,0.1,0.0,0.1,0.0,v0
2540,2024-07-01,0.46,0.0,0.46,0.0,v0
2540,2024-08-01,0.3,0.0,0.3,0.0,v0
2540,2024-10-01,0.22,0.0,0.22,0.0,v0
2540,2024-11-01,0.02,0.0,0.02,0.0,v0
2540,2024-12-01,0.27,0.0,0.27,0.0,v0
2541,2024-02-01,0.03,0.0,0.03,0.0,v0
2541,2024-04-01,0.02,0.0,0.02,0.0,v0
2541,2024-05-01,0.01,0.0,0.01,0.0,v0
2541,2024-06-01,0.04,0.0,0.04,0.0,v0
2542,2024-02-01,0.02,0.0,0.02,0.0,v0
2542,2024-03-01,0.02,0.0,0.02,0.0,v0
2542,2024-04-01,0.02,0.0,0.02,0.0,v0
2543,2024-02-01,0.24,0.01,0.22999999999999998,0.0,v0
2543,2024-03-01,0.19,0.03,0.16,0.0,v0
2544,2024-02-01,0.1,0.08,0.020000000000000004,0.0,v0
2544,2024-03-01,0.0,0.08,-0.08,0.0,v0
2544,2024-04-01,0.08,0.08,0.0,0.0,v0
2544,2024-05-01,0.25,0.0,0.25,0.0,v0
2544,2024-07-01,0.16,0.0,0.16,0.0,v0
2544,2024-08-01,0.07,0.01,0.060000000000000005,0.0,v0
2544,2024-09-01,0.1,0.03,0.07,0.0,v0
2544,2024-10-01,0.08,0.1,-0.020000000000000004,0.0,v0
2545,2024-02-01,0.0,0.02,-0.02,0.0,v0
2545,2024-06-01,0.0,0.02,-0.02,0.0,v0
2545,2024-08-01,0.0,0.01,-0.01,0.0,v0
2545,2024-09-01,0.0,0.01,-0.01,0.0,v0
2545,2024-11-01,0.0,0.03,-0.03,0.0,v0
2546,2024-02-01,0.0,0.28,-0.28,0.0,v0
2547,2024-02-01,0.0,0.02,-0.02,0.0,v0
2548,2024-02-01,0.18,0.16,0.01999999999999999,0.0,v0
2548,2024-03-01,0.2,0.07,0.13,0.0,v0
2548,2024-04-01,0.4,0.26,0.14,0.0,v0
2548,2024-05-01,0.37,0.34,0.02999999999999997,0.0,v0
2548,2024-07-01,0.08,0.18,-0.09999999999999999,0.0,v0
2548,2024-08-01,0.21,0.29,-0.07999999999999999,0.0,v0
2548,2024-09-01,0.21,0.27,-0.060000000000000026,0.0,v0
2548,2024-10-01,0.09,0.07,0.01999999999999999,0.0,v0
2548,2024-11-01,0.16,0.12,0.04000000000000001,0.0,v0
2548,2024-12-01,0.13,0.02,0.11,0.0,v0
2549,2024-02-01,15.0,0.46,14.54,0.0,v0
2550,2024-02-01,0.0,0.09,-0.09,0.0,v0
2550,2024-03-01,0.0,0.01,-0.01,0.0,v0
2550,2024-04-01,0.0,0.01,-0.01,0.0,v0
2550,2024-06-01,0.0,0.57,-0.57,0.0,v0
2550,2024-07-01,0.0,0.09,-0.09,0.0,v0
2550,2024-08-01,0.0,0.01,-0.01,0.0,v0
2550,2024-09-01,0.0,0.01,-0.01,0.0,v0
2550,2024-10-01,0.01,0.0,0.01,0.0,v0
2551,2024-02-01,0.0,0.08,-0.08,0.0,v0
2552,2024-02-01,0.02,0.0,0.02,0.0,v0
2552,2024-03-01,0.02,0.0,0.02,0.0,v0
2552,2024-04-01,0.05,0.0,0.05,0.0,v0
2552,2024-05-01,0.0,0.05,-0.05,0.0,v0
2553,2024-02-01,0.0,1.2,-1.2,0.0,v0
2553,2024-03-01,0.0,1.5,-1.5,0.0,v0
2553,2024-04-01,0.0,0.49,-0.49,0.0,v0
2554,2024-02-01,0.0,0.01,-0.01,0.0,v0
2554,2024-03-01,0.0,0.02,-0.02,0.0,v0
2554,2024-04-01,0.0,0.06,-0.06,0.0,v0
2554,2024-05-01,0.0,0.04,-0.04,0.0,v0
2554,2024-06-01,0.01,0.0,0.01,0.0,v0
2554,2024-07-01,0.02,0.0,0.02,0.0,v0
2554,2024-08-01,0.0,0.04,-0.04,0.0,v0
2555,2024-02-01,0.0,0.01,-0.01,0.0,v0
2555,2024-03-01,0.0,0.01,-0.01,0.0,v0
2555,2024-04-01,0.0,0.02,-0.02,0.0,v0
2555,2024-05-01,0.05,0.0,0.05,0.0,v0
2556,2024-02-01,0.06,0.0,0.06,0.0,v0
2556,2024-03-01,0.13,0.0,0.13,0.0,v0
2556,2024-04-01,0.06,0.0,0.06,0.0,v0
2557,2024-02-01,0.37,0.0,0.37,0.0,v0
2558,2024-02-01,0.0,0.01,-0.01,0.0,v0
2558,2024-04-01,0.0,0.02,-0.02,0.0,v0
2558,2024-05-01,0.0,0.01,-0.01,0.0,v0
2558,2024-06-01,0.0,0.02,-0.02,0.0,v0
2558,2024-07-01,0.0,0.03,-0.03,0.0,v0
2558,2024-08-01,0.0,0.02,-0.02,0.0,v0
2559,2024-02-01,0.0,2.1,-2.1,0.0,v0
2560,2024-02-01,0.0,0.36,-0.36,0.0,v0
2560,2024-04-01,0.06,0.0,0.06,0.0,v0
2560,2024-05-01,0.03,0.0,0.03,0.0,v0
2560,2024-06-01,0.05,0.0,0.05,0.0,v0
2560,2024-07-01,0.03,0.0,0.03,0.0,v0
2560,2024-08-01,0.0,0.23,-0.23,0.0,v0
2560,2024-09-01,0.03,0.0,0.03,0.0,v0
2560,2024-10-01,0.0,0.1,-0.1,0.0,v0
2560,2024-11-01,0.0,0.32,-0.32,0.0,v0
2560,2024-12-01,0.0,0.01,-0.01,0.0,v0
2561,2024-02-01,0.0,0.04,-0.04,0.0,v0
2562,2024-02-01,0.18,0.0,0.18,0.0,v0
2563,2024-03-01,0.0,2.1,-2.1,0.0,v0
2563,2024-04-01,0.12,2.8,-2.6799999999999997,0.0,v0
2563,2024-05-01,0.06,1.9,-1.8399999999999999,0.0,v0
2563,2024-06-01,0.12,1.8,-1.6800000000000002,0.0,v0
2563,2024-07-01,0.26,0.01,0.25,0.0,v0
2563,2024-08-01,0.14,0.12,0.020000000000000018,0.0,v0
2563,2024-09-01,0.22,0.1,0.12,0.0,v0
2563,2024-10-01,0.18,0.16,0.01999999999999999,0.0,v0
2564,2024-02-01,0.0,0.57,-0.57,0.0,v0
2565,2024-02-01,0.0,0.01,-0.01,0.0,v0
2565,2024-03-01,0.0,0.01,-0.01,0.0,v0
2565,2024-04-01,0.0,0.02,-0.02,0.0,v0
2566,2024-02-01,0.0,0.01,-0.01,0.0,v0
2566,2024-03-01,0.0,0.27,-0.27,0.0,v0
2566,2024-04-01,0.0,1.0,-1.0,0.0,v0
2566,2024-05-01,0.02,0.0,0.02,0.0,v0
2566,2024-06-01,0.06,0.0,0.06,0.0,v0
2566,2024-07-01,0.01,0.0,0.01,0.0,v0
2566,2024-09-01,0.1,0.0,0.1,0.0,v0
2566,2024-10-01,0.48,0.0,0.48,0.0,v0
2566,2024-11-01,0.3,0.0,0.3,0.0,v0
2566,2024-12-01,0.24,0.0,0.24,0.0,v0
2567,2024-02-01,0.0,0.01,-0.01,0.0,v0
2568,2024-02-01,0.0,0.01,-0.01,0.0,v0
2569,2024-02-01,0.08,0.0,0.08,0.0,v0
2570,2024-02-01,0.0,0.05,-0.05,0.0,v0
2571,2024-02-01,0.01,0.0,0.01,0.0,v0
2572,2024-02-01,0.17,0.0,0.17,0.0,v0
2572,2024-03-01,0.07,0.0,0.07,0.0,v0
2572,2024-04-01,0.45,0.0,0.45,0.0,v0
2572,2024-05-01,0.0,2.5,-2.5,0.0,v0
2572,2024-06-01,0.0,0.13,-0.13,0.0,v0
2572,2024-07-01,0.0,0.67,-0.67,0.0,v0
2573,2024-02-01,0.0,0.01,-0.01,0.0,v0
2573,2024-03-01,0.03,0.03,0.0,0.0,v0
2573,2024-04-01,0.45,0.04,0.41000000000000003,0.0,v0
2574,2024-02-01,0.03,0.03,0.0,0.0,v0
2574,2024-03-01,0.11,0.0,0.11,0.0,v0
2574,2024-04-01,0.0,0.07,-0.07,0.0,v0
2574,2024-05-01,0.47,0.06,0.41,0.0,v0
2574,2024-06-01,0.32,0.0,0.32,0.0,v0
2574,2024-07-01,0.31,0.07,0.24,0.0,v0
2574,2024-08-01,0.28,0.06,0.22000000000000003,0.0,v0
2574,2024-09-01,0.0,0.08,-0.08,0.0,v0
2574,2024-10-01,0.0,0.15,-0.15,0.0,v0
2574,2024-11-01,0.0,0.04,-0.04,0.0,v0
2574,2024-12-01,0.0,0.09,-0.09,0.0,v0
2575,2024-02-01,0.07,0.0,0.07,0.0,v0
2575,2024-03-01,0.07,0.0,0.07,0.0,v0
2575,2024-04-01,0.03,0.0,0.03,0.0,v0
2576,2024-02-01,0.0,0.03,-0.03,0.0,v0
2576,2024-03-01,0.0,0.02,-0.02,0.0,v0
2576,2024-04-01,0.0,0.04,-0.04,0.0,v0
2577,2024-02-01,0.0,0.01,-0.01,0.0,v0
2577,2024-03-01,0.0,0.01,-0.01,0.0,v0
2578,2024-02-01,0.01,0.01,0.0,0.0,v0
2578,2024-03-01,0.01,0.0,0.01,0.0,v0
2578,2024-04-01,0.03,0.0,0.03,0.0,v0
2578,2024-05-01,0.03,0.01,0.019999999999999997,0.0,v0
2579,2024-02-01,0.04,0.02,0.02,0.0,v0
2580,2024-02-01,0.0,0.14,-0.14,0.0,v0
2581,2024-02-01,0.0,0.01,-0.01,0.0,v0
2581,2024-08-01,0.0,0.01,-0.01,0.0,v0
2582,2024-02-01,0.0,0.03,-0.03,0.0,v0
2582,2024-03-01,0.0,0.08,-0.08,0.0,v0
2582,2024-04-01,0.0,0.26,-0.26,0.0,v0
2583,2024-02-01,0.0,0.05,-0.05,0.0,v0
2584,2024-02-01,0.06,0.0,0.06,0.0,v0
2584,2024-03-01,0.14,0.0,0.14,0.0,v0
2584,2024-04-01,0.02,0.0,0.02,0.0,v0
2584,2024-05-01,0.14,0.0,0.14,0.0,v0
2584,2024-06-01,0.16,0.0,0.16,0.0,v0
2584,2024-07-01,0.23,0.0,0.23,0.0,v0
2584,2024-08-01,0.0,0.01,-0.01,0.0,v0
2584,2024-09-01,0.0,0.02,-0.02,0.0,v0
2584,2024-10-01,0.43,0.0,0.43,0.0,v0
2584,2024-11-01,0.11,0.0,0.11,0.0,v0
2584,2024-12-01,0.39,0.0,0.39,0.0,v0
2585,2024-02-01,0.0,0.01,-0.01,0.0,v0
2585,2024-03-01,0.0,0.01,-0.01,0.0,v0
2585,2024-04-01,0.0,0.02,-0.02,0.0,v0
2586,2024-02-01,0.0,0.43,-0.43,0.0,v0
2586,2024-03-01,0.0,0.67,-0.67,0.0,v0
2586,2024-04-01,0.0,0.81,-0.81,0.0,v0
2587,2024-02-01,0.66,6.5,-5.84,0.0,v0
2587,2024-03-01,0.81,7.8,-6.99,0.0,v0
2587,2024-04-01,0.1,3.4,-3.3,0.0,v0
2588,2024-02-01,0.0,0.12,-0.12,0.0,v0
2589,2024-02-01,0.0,0.08,-0.08,0.0,v0
2590,2024-02-01,0.0,0.68,-0.68,0.0,v0
2590,2024-03-01,0.0,0.25,-0.25,0.0,v0
2591,2024-02-01,0.0,0.07,-0.07,0.0,v0
2591,2024-03-01,0.0,0.38,-0.38,0.0,v0
2591,2024-04-01,0.0,0.49,-0.49,0.0,v0
2591,2024-05-01,0.0,0.13,-0.13,0.0,v0
2591,2024-06-01,0.0,0.21,-0.21,0.0,v0
2591,2024-07-01,0.0,0.12,-0.12,0.0,v0
2591,2024-08-01,0.0,0.6,-0.6,0.0,v0
2591,2024-09-01,0.0,0.17,-0.17,0.0,v0
2591,2024-10-01,0.0,0.28,-0.28,0.0,v0
2591,2024-11-01,0.0,0.25,-0.25,0.0,v0
2591,2024-12-01,0.0,0.06,-0.06,0.0,v0
2592,2024-02-01,0.17,0.0,0.17,0.0,v0
2592,2024-05-01,0.36,0.0,0.36,0.0,v0
2592,2024-06-01,0.46,0.0,0.46,0.0,v0
2592,2024-07-01,0.96,0.0,0.96,0.0,v0
2592,2024-08-01,0.21,0.0,0.21,0.0,v0
2592,2024-09-01,0.14,0.0,0.14,0.0,v0
2592,2024-11-01,0.58,0.0,0.58,0.0,v0
2593,2024-02-01,0.0,0.11,-0.11,0.0,v0
2593,2024-03-01,0.38,0.0,0.38,0.0,v0
2593,2024-04-01,0.77,0.0,0.77,0.0,v0
2593,2024-05-01,0.37,0.0,0.37,0.0,v0
2594,2024-02-01,0.0,3.5,-3.5,0.0,v0
2594,2024-09-01,0.0,4.1,-4.1,0.0,v0
2595,2024-02-01,11.0,0.0,11.0,0.0,v0
2596,2024-02-01,0.0,4.4,-4.4,0.0,v0
2597,2024-02-01,6.4,0.0,6.4,0.0,v0
2598,2024-02-01,0.0,0.18,-0.18,0.0,v0
2598,2024-03-01,0.0,0.09,-0.09,0.0,v0
2598,2024-05-01,0.0,0.08,-0.08,0.0,v0
2598,2024-06-01,0.0,0.08,-0.08,0.0,v0
2598,2024-07-01,0.0,0.23,-0.23,0.0,v0
2598,2024-09-01,0.0,0.04,-0.04,0.0,v0
2598,2024-10-01,0.0,0.23,-0.23,0.0,v0
2598,2024-11-01,0.0,0.12,-0.12,0.0,v0
2599,2024-04-01,0.0,0.05,-0.05,0.0,v0
2599,2024-05-01,0.0,0.04,-0.04,0.0,v0
2599,2024-06-01,0.0,0.02,-0.02,0.0,v0
2599,2024-07-01,0.0,0.03,-0.03,0.0,v0
2599,2024-08-01,0.0,0.03,-0.03,0.0,v0
2599,2024-09-01,0.0,0.03,-0.03,0.0,v0
2599,2024-10-01,0.0,0.01,-0.01,0.0,v0
2599,2024-11-01,0.0,0.02,-0.02,0.0,v0
2599,2024-12-01,0.0,0.01,-0.01,0.0,v0
2600,2024-03-01,0.0,0.02,-0.02,0.0,v0
2600,2024-05-01,0.0,0.26,-0.26,0.0,v0
2600,2024-06-01,0.0,0.19,-0.19,0.0,v0
2600,2024-07-01,0.0,0.08,-0.08,0.0,v0
2601,2024-03-01,0.0,0.07,-0.07,0.0,v0
2601,2024-04-01,0.0,0.02,-0.02,0.0,v0
2601,2024-05-01,0.0,0.05,-0.05,0.0,v0
2601,2024-07-01,0.0,0.03,-0.03,0.0,v0
2602,2024-03-01,0.01,1.0,-0.99,0.0,v0
2603,2024-03-01,0.0,0.02,-0.02,0.0,v0
2603,2024-04-01,0.0,0.02,-0.02,0.0,v0
2603,2024-05-01,0.03,0.0,0.03,0.0,v0
2603,2024-06-01,0.04,0.0,0.04,0.0,v0
2603,2024-07-01,0.14,0.0,0.14,0.0,v0
2604,2024-03-01,0.16,0.0,0.16,0.0,v0
2605,2024-03-01,0.0,0.06,-0.06,0.0,v0
2605,2024-04-01,0.0,0.07,-0.07,0.0,v0
2606,2024-03-01,0.0,0.08,-0.08,0.0,v0
2606,2024-04-01,0.0,0.09,-0.09,0.0,v0
2606,2024-07-01,0.0,0.22,-0.22,0.0,v0
2607,2024-03-01,0.0,0.01,-0.01,0.0,v0
2608,2024-03-01,0.01,0.0,0.01,0.0,v0
2608,2024-04-01,0.02,0.0,0.02,0.0,v0
2608,2024-05-01,0.03,0.0,0.03,0.0,v0
2609,2024-03-01,0.02,0.0,0.02,0.0,v0
2610,2024-03-01,0.0,0.05,-0.05,0.0,v0
2610,2024-04-01,0.0,0.05,-0.05,0.0,v0
2610,2024-05-01,0.0,0.02,-0.02,0.0,v0
2610,2024-06-01,0.0,0.08,-0.08,0.0,v0
2610,2024-07-01,0.0,0.05,-0.05,0.0,v0
2610,2024-09-01,0.0,0.05,-0.05,0.0,v0
2610,2024-10-01,0.0,0.05,-0.05,0.0,v0
2610,2024-11-01,0.0,0.05,-0.05,0.0,v0
2610,2024-12-01,0.0,0.08,-0.08,0.0,v0
2611,2024-03-01,0.17,0.0,0.17,0.0,v0
2611,2024-04-01,0.22,0.0,0.22,0.0,v0
2612,2024-03-01,0.0,0.26,-0.26,0.0,v0
2613,2024-03-01,0.13,0.0,0.13,0.0,v0
2613,2024-04-01,0.11,0.0,0.11,0.0,v0
2613,2024-05-01,0.1,0.0,0.1,0.0,v0
2613,2024-06-01,0.16,0.0,0.16,0.0,v0
2613,2024-07-01,0.13,0.0,0.13,0.0,v0
2613,2024-09-01,0.16,0.0,0.16,0.0,v0
2613,2024-10-01,0.17,0.0,0.17,0.0,v0
2613,2024-11-01,0.16,0.0,0.16,0.0,v0
2613,2024-12-01,0.22,0.0,0.22,0.0,v0
2614,2024-03-01,0.02,0.0,0.02,0.0,v0
2614,2024-04-01,0.07,0.0,0.07,0.0,v0
2614,2024-05-01,0.22,0.0,0.22,0.0,v0
2615,2024-03-01,0.0,0.17,-0.17,0.0,v0
2615,2024-04-01,0.0,0.11,-0.11,0.0,v0
2615,2024-05-01,0.0,0.25,-0.25,0.0,v0
2615,2024-06-01,0.0,0.09,-0.09,0.0,v0
2615,2024-07-01,0.0,0.23,-0.23,0.0,v0
2615,2024-08-01,0.0,0.12,-0.12,0.0,v0
2615,2024-09-01,0.0,0.1,-0.1,0.0,v0
2615,2024-11-01,0.0,0.15,-0.15,0.0,v0
2615,2024-12-01,0.0,0.14,-0.14,0.0,v0
2616,2024-03-01,0.04,0.0,0.04,0.0,v0
2617,2024-03-01,0.0,0.15,-0.15,0.0,v0
2617,2024-04-01,0.0,0.02,-0.02,0.0,v0
2617,2024-05-01,0.0,0.05,-0.05,0.0,v0
2618,2024-03-01,0.0,1.0,-1.0,0.0,v0
2618,2024-04-01,0.0,0.92,-0.92,0.0,v0
2618,2024-05-01,0.0,0.56,-0.56,0.0,v0
2618,2024-06-01,0.0,0.79,-0.79,0.0,v0
2618,2024-07-01,0.13,1.7,-1.5699999999999998,0.0,v0
2618,2024-08-01,0.42,2.4,-1.98,0.0,v0
2618,2024-09-01,0.41,0.56,-0.15000000000000008,0.0,v0
2618,2024-10-01,0.31,0.35,-0.03999999999999998,0.0,v0
2618,2024-11-01,0.03,0.0,0.03,0.0,v0
2619,2024-03-01,0.0,0.03,-0.03,0.0,v0
2620,2024-03-01,0.0,0.11,-0.11,0.0,v0
2620,2024-04-01,0.07,0.0,0.07,0.0,v0
2621,2024-03-01,0.05,0.0,0.05,0.0,v0
2621,2024-04-01,0.02,0.0,0.02,0.0,v0
2621,2024-05-01,0.05,0.0,0.05,0.0,v0
2621,2024-06-01,0.89,0.0,0.89,0.0,v0
2621,2024-07-01,1.6,0.0,1.6,0.0,v0
2621,2024-08-01,0.95,0.26,0.69,0.0,v0
2621,2024-09-01,1.1,0.2,0.9000000000000001,0.0,v0
2621,2024-10-01,1.6,0.0,1.6,0.0,v0
2622,2024-03-01,0.01,0.0,0.01,0.0,v0
2622,2024-04-01,0.01,0.0,0.01,0.0,v0
2623,2024-03-01,0.0,0.04,-0.04,0.0,v0
2623,2024-04-01,0.0,0.01,-0.01,0.0,v0
2623,2024-05-01,0.0,0.01,-0.01,0.0,v0
2623,2024-06-01,0.0,0.03,-0.03,0.0,v0
2623,2024-07-01,0.0,0.03,-0.03,0.0,v0
2623,2024-08-01,0.0,0.04,-0.04,0.0,v0
2623,2024-09-01,0.0,0.06,-0.06,0.0,v0
2623,2024-10-01,0.0,0.05,-0.05,0.0,v0
2623,2024-11-01,0.0,0.04,-0.04,0.0,v0
2624,2024-03-01,0.04,0.0,0.04,0.0,v0
2625,2024-03-01,0.0,0.04,-0.04,0.0,v0
2626,2024-03-01,0.05,0.0,0.05,0.0,v0
2627,2024-03-01,0.03,0.0,0.03,0.0,v0
2627,2024-04-01,0.03,0.05,-0.020000000000000004,0.0,v0
2627,2024-05-01,0.03,0.0,0.03,0.0,v0
2627,2024-07-01,0.02,0.0,0.02,0.0,v0
2627,2024-08-01,0.01,0.0,0.01,0.0,v0
2628,2024-03-01,0.0,0.01,-0.01,0.0,v0
2628,2024-04-01,0.0,0.01,-0.01,0.0,v0
2629,2024-03-01,0.04,0.0,0.04,0.0,v0
2629,2024-04-01,0.05,0.0,0.05,0.0,v0
2629,2024-05-01,0.04,0.0,0.04,0.0,v0
2629,2024-06-01,0.01,0.0,0.01,0.0,v0
2629,2024-07-01,0.02,0.0,0.02,0.0,v0
2629,2024-08-01,0.02,0.0,0.02,0.0,v0
2629,2024-09-01,0.03,0.0,0.03,0.0,v0
2629,2024-10-01,0.05,0.0,0.05,0.0,v0
2630,2024-03-01,0.2,0.0,0.2,0.0,v0
2630,2024-04-01,0.23,0.0,0.23,0.0,v0
2630,2024-05-01,0.08,0.0,0.08,0.0,v0
2630,2024-06-01,0.03,0.0,0.03,0.0,v0
2630,2024-07-01,0.28,0.0,0.28,0.0,v0
2630,2024-08-01,0.03,0.0,0.03,0.0,v0
2630,2024-09-01,0.12,0.0,0.12,0.0,v0
2630,2024-10-01,0.04,0.0,0.04,0.0,v0
2630,2024-11-01,0.15,0.0,0.15,0.0,v0
2631,2024-03-01,0.0,0.03,-0.03,0.0,v0
2632,2024-03-01,0.0,0.02,-0.02,0.0,v0
2632,2024-04-01,0.0,0.03,-0.03,0.0,v0
2632,2024-05-01,0.0,0.03,-0.03,0.0,v0
2633,2024-03-01,1.1,0.0,1.1,0.0,v0
2633,2024-04-01,2.6,0.0,2.6,0.0,v0
2633,2024-06-01,1.5,0.0,1.5,0.0,v0
2633,2024-07-01,1.8,0.0,1.8,0.0,v0
2633,2024-08-01,1.1,0.0,1.1,0.0,v0
2633,2024-09-01,0.78,0.0,0.78,0.0,v0
2633,2024-10-01,2.5,0.0,2.5,0.0,v0
2633,2024-11-01,1.4,0.0,1.4,0.0,v0
2633,2024-12-01,1.1,0.0,1.1,0.0,v0
2634,2024-03-01,0.0,0.04,-0.04,0.0,v0
2634,2024-04-01,0.02,0.0,0.02,0.0,v0
2634,2024-05-01,0.03,0.0,0.03,0.0,v0
2634,2024-06-01,0.0,0.05,-0.05,0.0,v0
2634,2024-07-01,0.03,0.0,0.03,0.0,v0
2635,2024-03-01,0.09,0.04,0.049999999999999996,0.0,v0
2635,2024-04-01,0.05,0.0,0.05,0.0,v0
2635,2024-05-01,0.11,0.0,0.11,0.0,v0
2635,2024-06-01,0.0,0.01,-0.01,0.0,v0
2636,2024-03-01,0.09,0.0,0.09,0.0,v0
2636,2024-04-01,0.05,0.0,0.05,0.0,v0
2637,2024-03-01,0.0,0.08,-0.08,0.0,v0
2638,2024-03-01,0.18,0.0,0.18,0.0,v0
2638,2024-04-01,0.24,0.0,0.24,0.0,v0
2638,2024-05-01,0.18,0.0,0.18,0.0,v0
2638,2024-06-01,0.33,0.0,0.33,0.0,v0
2639,2024-03-01,0.03,0.0,0.03,0.0,v0
2639,2024-04-01,0.45,0.0,0.45,0.0,v0
2639,2024-05-01,0.29,0.0,0.29,0.0,v0
2639,2024-06-01,0.13,0.0,0.13,0.0,v0
2639,2024-07-01,0.22,0.0,0.22,0.0,v0
2640,2024-03-01,0.0,1.1,-1.1,0.0,v0
2640,2024-04-01,0.0,0.42,-0.42,0.0,v0
2640,2024-06-01,0.0,0.73,-0.73,0.0,v0
2640,2024-07-01,0.0,0.51,-0.51,0.0,v0
2640,2024-08-01,0.0,0.81,-0.81,0.0,v0
2640,2024-09-01,0.0,0.16,-0.16,0.0,v0
2640,2024-10-01,0.0,0.22,-0.22,0.0,v0
2640,2024-12-01,0.0,0.04,-0.04,0.0,v0
2641,2024-03-01,0.0,0.03,-0.03,0.0,v0
2641,2024-04-01,0.0,0.03,-0.03,0.0,v0
2641,2024-05-01,0.02,0.0,0.02,0.0,v0
2641,2024-06-01,0.37,0.33,0.03999999999999998,0.0,v0
2642,2024-03-01,0.0,0.01,-0.01,0.0,v0
2642,2024-04-01,0.04,0.0,0.04,0.0,v0
2642,2024-05-01,0.0,0.07,-0.07,0.0,v0
2642,2024-06-01,0.0,0.11,-0.11,0.0,v0
2643,2024-03-01,1.1,0.0,1.1,0.0,v0
2643,2024-04-01,0.11,0.0,0.11,0.0,v0
2643,2024-05-01,0.54,0.0,0.54,0.0,v0
2644,2024-03-01,0.4,0.0,0.4,0.0,v0
2644,2024-04-01,0.28,0.0,0.28,0.0,v0
2644,2024-05-01,0.37,0.0,0.37,0.0,v0
2644,2024-07-01,0.18,3.9,-3.7199999999999998,0.0,v0
2644,2024-08-01,0.21,2.5,-2.29,0.0,v0
2644,2024-09-01,0.07,4.0,-3.93,0.0,v0
2644,2024-10-01,0.0,4.0,-4.0,0.0,v0
2645,2024-03-01,0.0,0.01,-0.01,0.0,v0
2645,2024-04-01,0.04,0.0,0.04,0.0,v0
2645,2024-05-01,0.0,0.01,-0.01,0.0,v0
2646,2024-03-01,0.39,0.0,0.39,0.0,v0
2646,2024-04-01,0.1,0.0,0.1,0.0,v0
2647,2024-03-01,0.07,0.01,0.060000000000000005,0.0,v0
2647,2024-04-01,0.1,0.42,-0.31999999999999995,0.0,v0
2647,2024-05-01,0.01,0.08,-0.07,0.0,v0
2647,2024-06-01,0.11,0.24,-0.13,0.0,v0
2647,2024-07-01,0.0,0.09,-0.09,0.0,v0
2647,2024-08-01,0.0,0.02,-0.02,0.0,v0
2647,2024-09-01,0.0,0.05,-0.05,0.0,v0
2648,2024-03-01,0.0,0.26,-0.26,0.0,v0
2648,2024-04-01,0.0,0.28,-0.28,0.0,v0
2648,2024-05-01,0.0,0.13,-0.13,0.0,v0
2648,2024-06-01,0.0,0.29,-0.29,0.0,v0
2648,2024-07-01,0.0,0.16,-0.16,0.0,v0
2648,2024-08-01,0.0,0.17,-0.17,0.0,v0
2648,2024-09-01,0.0,0.3,-0.3,0.0,v0
2648,2024-10-01,0.0,0.11,-0.11,0.0,v0
2648,2024-11-01,0.0,0.24,-0.24,0.0,v0
2648,2024-12-01,0.0,0.07,-0.07,0.0,v0
2649,2024-03-01,0.0,0.23,-0.23,0.0,v0
2649,2024-04-01,0.58,0.04,0.5399999999999999,0.0,v0
2649,2024-05-01,0.13,0.0,0.13,0.0,v0
2650,2024-03-01,0.05,0.0,0.05,0.0,v0
2650,2024-04-01,0.0,0.01,-0.01,0.0,v0
2650,2024-05-01,0.02,0.04,-0.02,0.0,v0
2651,2024-03-01,0.05,0.03,0.020000000000000004,0.0,v0
2651,2024-05-01,0.1,0.1,0.0,0.0,v0
2652,2024-03-01,0.16,0.0,0.16,0.0,v0
2652,2024-04-01,0.34,0.11,0.23000000000000004,0.0,v0
2652,2024-05-01,0.3,0.28,0.019999999999999962,0.0,v0
2652,2024-06-01,0.27,0.11,0.16000000000000003,0.0,v0
2653,2024-03-01,0.0,2.8,-2.8,0.0,v0
2653,2024-04-01,0.0,0.67,-0.67,0.0,v0
2653,2024-05-01,0.0,0.88,-0.88,0.0,v0
2653,2024-06-01,0.0,0.99,-0.99,0.0,v0
2653,2024-07-01,0.0,1.1,-1.1,0.0,v0
2653,2024-08-01,0.0,0.73,-0.73,0.0,v0
2653,2024-09-01,0.0,0.29,-0.29,0.0,v0
2654,2024-03-01,0.0,0.23,-0.23,0.0,v0
2654,2024-04-01,0.0,0.22,-0.22,0.0,v0
2654,2024-05-01,0.03,0.0,0.03,0.0,v0
2654,2024-06-01,0.0,0.11,-0.11,0.0,v0
2654,2024-07-01,0.0,0.09,-0.09,0.0,v0
2654,2024-08-01,0.0,0.09,-0.09,0.0,v0
2654,2024-09-01,0.0,0.09,-0.09,0.0,v0
2654,2024-10-01,0.02,0.0,0.02,0.0,v0
2654,2024-11-01,0.04,0.0,0.04,0.0,v0
2655,2024-03-01,0.12,0.02,0.09999999999999999,0.0,v0
2655,2024-04-01,0.09,0.05,0.039999999999999994,0.0,v0
2655,2024-05-01,0.21,0.03,0.18,0.0,v0
2655,2024-06-01,0.14,0.08,0.06000000000000001,0.0,v0
2656,2024-03-01,0.0,0.02,-0.02,0.0,v0
2657,2024-03-01,0.0,0.03,-0.03,0.0,v0
2657,2024-04-01,0.0,0.05,-0.05,0.0,v0
2657,2024-05-01,0.0,0.21,-0.21,0.0,v0
2657,2024-06-01,0.0,0.21,-0.21,0.0,v0
2657,2024-07-01,0.0,0.41,-0.41,0.0,v0
2657,2024-08-01,0.0,0.4,-0.4,0.0,v0
2657,2024-09-01,0.0,0.2,-0.2,0.0,v0
2657,2024-10-01,0.0,0.1,-0.1,0.0,v0
2657,2024-11-01,0.0,0.23,-0.23,0.0,v0
2657,2024-12-01,0.0,0.1,-0.1,0.0,v0
2658,2024-03-01,0.0,0.06,-0.06,0.0,v0
2658,2024-04-01,0.0,0.02,-0.02,0.0,v0
2658,2024-05-01,0.0,0.06,-0.06,0.0,v0
2658,2024-06-01,0.0,0.08,-0.08,0.0,v0
2658,2024-08-01,0.0,0.02,-0.02,0.0,v0
2658,2024-09-01,0.0,0.04,-0.04,0.0,v0
2659,2024-03-01,0.0,0.05,-0.05,0.0,v0
2660,2024-03-01,0.0,0.01,-0.01,0.0,v0
2660,2024-04-01,0.0,0.03,-0.03,0.0,v0
2660,2024-05-01,0.0,0.01,-0.01,0.0,v0
2660,2024-06-01,0.0,0.01,-0.01,0.0,v0
2661,2024-03-01,0.0,0.04,-0.04,0.0,v0
2661,2024-04-01,0.0,0.04,-0.04,0.0,v0
2661,2024-05-01,0.0,0.04,-0.04,0.0,v0
2661,2024-06-01,0.0,0.05,-0.05,0.0,v0
2661,2024-07-01,0.0,0.07,-0.07,0.0,v0
2661,2024-08-01,0.0,0.01,-0.01,0.0,v0
2661,2024-09-01,0.0,0.02,-0.02,0.0,v0
2662,2024-03-01,0.0,0.08,-0.08,0.0,v0
2662,2024-04-01,0.0,0.32,-0.32,0.0,v0
2663,2024-03-01,0.0,0.19,-0.19,0.0,v0
2664,2024-03-01,0.0,0.02,-0.02,0.0,v0
2665,2024-03-01,0.0,0.06,-0.06,0.0,v0
2665,2024-04-01,0.0,0.08,-0.08,0.0,v0
2665,2024-05-01,0.0,0.02,-0.02,0.0,v0
2665,2024-06-01,0.0,0.04,-0.04,0.0,v0
2665,2024-07-01,0.0,0.03,-0.03,0.0,v0
2665,2024-09-01,0.0,0.08,-0.08,0.0,v0
2665,2024-10-01,0.0,0.02,-0.02,0.0,v0
2665,2024-11-01,0.0,0.01,-0.01,0.0,v0
2665,2024-12-01,0.0,0.02,-0.02,0.0,v0
2666,2024-03-01,0.01,0.0,0.01,0.0,v0
2667,2024-03-01,0.0,0.13,-0.13,0.0,v0
2667,2024-04-01,0.0,0.06,-0.06,0.0,v0
2667,2024-05-01,0.0,0.08,-0.08,0.0,v0
2667,2024-06-01,0.0,0.12,-0.12,0.0,v0
2667,2024-08-01,0.0,0.08,-0.08,0.0,v0
2667,2024-09-01,0.0,0.14,-0.14,0.0,v0
2668,2024-04-01,0.0,0.01,-0.01,0.0,v0
2668,2024-05-01,0.0,0.02,-0.02,0.0,v0
2668,2024-06-01,0.0,0.03,-0.03,0.0,v0
2668,2024-07-01,0.0,0.03,-0.03,0.0,v0
2668,2024-08-01,0.0,0.02,-0.02,0.0,v0
2668,2024-09-01,0.0,0.03,-0.03,0.0,v0
2668,2024-10-01,0.0,0.01,-0.01,0.0,v0
2668,2024-11-01,0.0,0.03,-0.03,0.0,v0
2668,2024-12-01,0.0,0.08,-0.08,0.0,v0
2669,2024-03-01,6.4,0.0,6.4,0.0,v0
2669,2024-06-01,0.13,0.0,0.13,0.0,v0
2669,2024-08-01,7.2,0.0,7.2,0.0,v0
2670,2024-03-01,0.03,0.0,0.03,0.0,v0
2671,2024-03-01,0.11,0.11,0.0,0.0,v0
2671,2024-04-01,0.07,0.08,-0.009999999999999995,0.0,v0
2672,2024-03-01,0.0,0.04,-0.04,0.0,v0
2673,2024-03-01,0.0,0.01,-0.01,0.0,v0
2673,2024-06-01,0.02,0.0,0.02,0.0,v0
2673,2024-10-01,0.0,0.01,-0.01,0.0,v0
2673,2024-11-01,0.0,0.02,-0.02,0.0,v0
2674,2024-03-01,0.24,0.0,0.24,0.0,v0
2674,2024-04-01,0.13,0.0,0.13,0.0,v0
2674,2024-05-01,0.21,0.0,0.21,0.0,v0
2674,2024-06-01,0.29,0.0,0.29,0.0,v0
2674,2024-07-01,0.36,0.0,0.36,0.0,v0
2674,2024-08-01,0.27,0.0,0.27,0.0,v0
2674,2024-09-01,0.39,0.0,0.39,0.0,v0
2674,2024-10-01,0.29,0.0,0.29,0.0,v0
2674,2024-11-01,0.12,0.0,0.12,0.0,v0
2674,2024-12-01,0.1,0.0,0.1,0.0,v0
2675,2024-03-01,0.0,0.2,-0.2,0.0,v0
2675,2024-04-01,0.0,0.17,-0.17,0.0,v0
2676,2024-03-01,0.0,0.41,-0.41,0.0,v0
2677,2024-03-01,0.64,0.0,0.64,0.0,v0
2678,2024-03-01,0.0,0.01,-0.01,0.0,v0
2679,2024-03-01,0.03,0.0,0.03,0.0,v0
2679,2024-04-01,0.03,0.0,0.03,0.0,v0
2679,2024-05-01,0.09,0.0,0.09,0.0,v0
2679,2024-07-01,0.03,0.0,0.03,0.0,v0
2679,2024-08-01,0.06,0.0,0.06,0.0,v0
2679,2024-09-01,0.03,0.0,0.03,0.0,v0
2679,2024-10-01,0.11,0.0,0.11,0.0,v0
2679,2024-12-01,0.06,0.0,0.06,0.0,v0
2680,2024-03-01,0.4,0.0,0.4,0.0,v0
2680,2024-04-01,0.0,0.6,-0.6,0.0,v0
2680,2024-05-01,0.0,0.04,-0.04,0.0,v0
2681,2024-03-01,0.0,0.05,-0.05,0.0,v0
2681,2024-04-01,0.0,0.02,-0.02,0.0,v0
2681,2024-05-01,0.0,0.09,-0.09,0.0,v0
2681,2024-06-01,0.0,0.04,-0.04,0.0,v0
2681,2024-08-01,0.0,0.06,-0.06,0.0,v0
2681,2024-09-01,0.0,0.05,-0.05,0.0,v0
2681,2024-10-01,0.0,0.06,-0.06,0.0,v0
2682,2024-03-01,0.0,0.05,-0.05,0.0,v0
2682,2024-04-01,0.0,0.07,-0.07,0.0,v0
2682,2024-05-01,0.0,0.16,-0.16,0.0,v0
2682,2024-06-01,0.0,0.03,-0.03,0.0,v0
2682,2024-07-01,0.0,0.03,-0.03,0.0,v0
2683,2024-03-01,0.0,0.04,-0.04,0.0,v0
2684,2024-04-01,0.0,0.81,-0.81,0.0,v0
2685,2024-04-01,0.02,0.0,0.02,0.0,v0
2685,2024-06-01,0.03,0.0,0.03,0.0,v0
2686,2024-04-01,3.5,0.0,3.5,0.0,v0
2687,2024-04-01,0.0,0.51,-0.51,0.0,v0
2688,2024-04-01,0.11,0.08,0.03,0.0,v0
2688,2024-05-01,0.13,0.21,-0.07999999999999999,0.0,v0
2689,2024-04-01,0.01,0.0,0.01,0.0,v0
2690,2024-04-01,0.03,0.08,-0.05,0.0,v0
2691,2024-04-01,0.0,0.03,-0.03,0.0,v0
2692,2024-04-01,0.0,0.2,-0.2,0.0,v0
2692,2024-05-01,0.0,0.12,-0.12,0.0,v0
2692,2024-06-01,0.0,0.13,-0.13,0.0,v0
2692,2024-07-01,0.0,0.21,-0.21,0.0,v0
2692,2024-08-01,0.0,0.2,-0.2,0.0,v0
2692,2024-09-01,0.0,0.32,-0.32,0.0,v0
2692,2024-10-01,0.0,0.19,-0.19,0.0,v0
2692,2024-11-01,0.0,0.29,-0.29,0.0,v0
2692,2024-12-01,0.0,0.11,-0.11,0.0,v0
2693,2024-04-01,0.02,0.0,0.02,0.0,v0
2694,2024-04-01,0.04,0.0,0.04,0.0,v0
2695,2024-04-01,0.0,0.49,-0.49,0.0,v0
2695,2024-05-01,0.01,0.91,-0.9,0.0,v0
2696,2024-04-01,1.2,0.0,1.2,0.0,v0
2696,2024-05-01,0.78,0.0,0.78,0.0,v0
2696,2024-06-01,0.0,0.1,-0.1,0.0,v0
2696,2024-08-01,0.0,0.23,-0.23,0.0,v0
2696,2024-09-01,0.45,0.0,0.45,0.0,v0
2697,2024-04-01,0.02,0.0,0.02,0.0,v0
2698,2024-04-01,0.01,0.0,0.01,0.0,v0
2699,2024-04-01,0.03,0.0,0.03,0.0,v0
2700,2024-04-01,0.0,0.01,-0.01,0.0,v0
2700,2024-05-01,0.0,0.02,-0.02,0.0,v0
2700,2024-06-01,0.0,0.04,-0.04,0.0,v0
2701,2024-04-01,0.3,0.0,0.3,0.0,v0
2702,2024-04-01,0.04,0.0,0.04,0.0,v0
2702,2024-06-01,0.49,0.0,0.49,0.0,v0
2703,2024-04-01,0.05,0.0,0.05,0.0,v0
2704,2024-04-01,0.1,0.0,0.1,0.0,v0
2704,2024-05-01,0.05,0.0,0.05,0.0,v0
2704,2024-06-01,0.34,0.0,0.34,0.0,v0
2705,2024-04-01,0.0,0.01,-0.01,0.0,v0
2706,2024-04-01,0.0,0.01,-0.01,0.0,v0
2706,2024-05-01,0.0,0.09,-0.09,0.0,v0
2706,2024-06-01,0.0,0.02,-0.02,0.0,v0
2707,2024-04-01,0.02,0.0,0.02,0.0,v0
2708,2024-04-01,0.06,0.0,0.06,0.0,v0
2709,2024-04-01,0.02,0.08,-0.06,0.0,v0
2709,2024-05-01,0.1,0.01,0.09000000000000001,0.0,v0
2709,2024-06-01,0.0,0.01,-0.01,0.0,v0
2710,2024-04-01,0.0,0.04,-0.04,0.0,v0
2710,2024-05-01,0.0,0.02,-0.02,0.0,v0
2710,2024-06-01,0.01,0.0,0.01,0.0,v0
2711,2024-04-01,0.0,0.01,-0.01,0.0,v0
2712,2024-04-01,0.01,0.01,0.0,0.0,v0
2713,2024-04-01,0.01,0.0,0.01,0.0,v0
2713,2024-06-01,0.03,0.0,0.03,0.0,v0
2713,2024-07-01,0.02,0.0,0.02,0.0,v0
2713,2024-08-01,0.01,0.0,0.01,0.0,v0
2713,2024-09-01,0.02,0.06,-0.039999999999999994,0.0,v0
2713,2024-10-01,0.03,0.12,-0.09,0.0,v0
2713,2024-11-01,0.01,0.18,-0.16999999999999998,0.0,v0
2713,2024-12-01,0.01,0.0,0.01,0.0,v0
2714,2024-04-01,0.0,0.01,-0.01,0.0,v0
2715,2024-04-01,0.28,0.02,0.26,0.0,v0
2715,2024-05-01,0.15,0.01,0.13999999999999999,0.0,v0
2715,2024-06-01,0.0,0.01,-0.01,0.0,v0
2716,2024-04-01,0.0,0.1,-0.1,0.0,v0
2716,2024-07-01,0.0,0.17,-0.17,0.0,v0
2716,2024-08-01,0.0,0.1,-0.1,0.0,v0
2716,2024-10-01,0.0,0.1,-0.1,0.0,v0
2716,2024-11-01,0.0,0.22,-0.22,0.0,v0
2717,2024-04-01,0.0,0.05,-0.05,0.0,v0
2717,2024-05-01,0.0,0.03,-0.03,0.0,v0
2718,2024-04-01,0.0,0.4,-0.4,0.0,v0
2719,2024-04-01,0.0,0.06,-0.06,0.0,v0
2719,2024-05-01,0.08,0.01,0.07,0.0,v0
2719,2024-06-01,0.0,0.02,-0.02,0.0,v0
2719,2024-07-01,0.0,0.07,-0.07,0.0,v0
2719,2024-08-01,0.0,0.03,-0.03,0.0,v0
2719,2024-09-01,0.0,0.04,-0.04,0.0,v0
2719,2024-10-01,0.2,0.0,0.2,0.0,v0
2719,2024-11-01,0.19,0.0,0.19,0.0,v0
2719,2024-12-01,0.03,0.02,0.009999999999999998,0.0,v0
2720,2024-04-01,0.02,0.0,0.02,0.0,v0
2720,2024-05-01,0.11,0.0,0.11,0.0,v0
2720,2024-06-01,0.04,0.0,0.04,0.0,v0
2721,2024-04-01,0.05,0.0,0.05,0.0,v0
2721,2024-05-01,0.0,0.03,-0.03,0.0,v0
2722,2024-04-01,0.0,0.02,-0.02,0.0,v0
2723,2024-04-01,0.0,0.02,-0.02,0.0,v0
2723,2024-05-01,0.0,0.27,-0.27,0.0,v0
2723,2024-06-01,0.0,0.19,-0.19,0.0,v0
2724,2024-04-01,0.04,0.0,0.04,0.0,v0
2724,2024-05-01,0.03,0.0,0.03,0.0,v0
2724,2024-06-01,0.09,0.0,0.09,0.0,v0
2724,2024-07-01,0.02,0.0,0.02,0.0,v0
2724,2024-08-01,0.03,0.0,0.03,0.0,v0
2724,2024-09-01,0.04,0.0,0.04,0.0,v0
2724,2024-10-01,0.12,0.0,0.12,0.0,v0
2724,2024-11-01,0.06,0.0,0.06,0.0,v0
2724,2024-12-01,0.07,0.0,0.07,0.0,v0
2725,2024-04-01,0.0,0.01,-0.01,0.0,v0
2726,2024-04-01,0.25,0.03,0.22,0.0,v0
2726,2024-05-01,0.21,0.05,0.15999999999999998,0.0,v0
2726,2024-06-01,0.35,0.01,0.33999999999999997,0.0,v0
2726,2024-07-01,0.1,0.04,0.060000000000000005,0.0,v0
2727,2024-05-01,1.1,0.0,1.1,0.0,v0
2727,2024-06-01,0.63,0.0,0.63,0.0,v0
2727,2024-07-01,0.85,0.0,0.85,0.0,v0
2727,2024-08-01,0.48,0.0,0.48,0.0,v0
2727,2024-09-01,0.47,0.0,0.47,0.0,v0
2728,2024-04-01,0.07,0.0,0.07,0.0,v0
2729,2024-04-01,0.0,0.03,-0.03,0.0,v0
2729,2024-05-01,0.0,0.17,-0.17,0.0,v0
2729,2024-06-01,0.0,0.2,-0.2,0.0,v0
2729,2024-07-01,0.0,0.21,-0.21,0.0,v0
2730,2024-04-01,0.0,0.2,-0.2,0.0,v0
2731,2024-04-01,22.0,0.05,21.95,0.0,v0
2732,2024-04-01,0.03,0.0,0.03,0.0,v0
2732,2024-05-01,0.35,0.0,0.35,0.0,v0
2732,2024-06-01,40.0,0.04,39.96,0.0,v0
2732,2024-07-01,31.0,1.8,29.2,0.0,v0
2732,2024-08-01,15.0,0.12,14.88,0.0,v0
2732,2024-09-01,26.0,0.1,25.9,0.0,v0
2732,2024-10-01,28.0,0.0,28.0,0.0,v0
2733,2024-04-01,0.0,0.13,-0.13,0.0,v0
2733,2024-05-01,0.0,0.01,-0.01,0.0,v0
2733,2024-07-01,0.0,0.17,-0.17,0.0,v0
2733,2024-08-01,0.0,0.14,-0.14,0.0,v0
2733,2024-09-01,0.0,0.14,-0.14,0.0,v0
2733,2024-10-01,0.01,0.0,0.01,0.0,v0
2734,2024-04-01,0.04,0.0,0.04,0.0,v0
2734,2024-05-01,0.01,0.0,0.01,0.0,v0
2734,2024-06-01,0.05,0.0,0.05,0.0,v0
2734,2024-07-01,0.11,0.0,0.11,0.0,v0
2734,2024-08-01,0.01,0.0,0.01,0.0,v0
2734,2024-09-01,0.02,0.0,0.02,0.0,v0
2734,2024-10-01,0.07,0.0,0.07,0.0,v0
2734,2024-11-01,0.05,0.0,0.05,0.0,v0
2734,2024-12-01,0.04,0.0,0.04,0.0,v0
2735,2024-04-01,0.24,0.0,0.24,0.0,v0
2736,2024-04-01,0.0,0.01,-0.01,0.0,v0
2736,2024-05-01,0.0,0.01,-0.01,0.0,v0
2737,2024-04-01,0.0,0.05,-0.05,0.0,v0
2738,2024-04-01,0.0,0.11,-0.11,0.0,v0
2739,2024-04-01,0.55,0.0,0.55,0.0,v0
2739,2024-05-01,0.34,0.0,0.34,0.0,v0
2740,2024-04-01,0.0,0.03,-0.03,0.0,v0
2740,2024-08-01,0.0,0.02,-0.02,0.0,v0
2740,2024-09-01,0.0,0.01,-0.01,0.0,v0
2740,2024-11-01,0.0,0.01,-0.01,0.0,v0
2741,2024-04-01,0.0,0.14,-0.14,0.0,v0
2741,2024-05-01,0.0,0.06,-0.06,0.0,v0
2742,2024-04-01,0.0,0.55,-0.55,0.0,v0
2742,2024-05-01,0.0,0.5,-0.5,0.0,v0
2743,2024-04-01,0.0,0.06,-0.06,0.0,v0
2744,2024-04-01,0.01,0.0,0.01,0.0,v0
2745,2024-04-01,0.0,0.01,-0.01,0.0,v0
2745,2024-05-01,0.0,0.01,-0.01,0.0,v0
2746,2024-04-01,0.0,0.64,-0.64,0.0,v0
2746,2024-05-01,0.0,0.42,-0.42,0.0,v0
2747,2024-04-01,0.21,0.0,0.21,0.0,v0
2748,2024-04-01,3.0,0.0,3.0,0.0,v0
2748,2024-05-01,0.0,0.26,-0.26,0.0,v0
2749,2024-04-01,0.01,0.0,0.01,0.0,v0
2749,2024-06-01,0.0,1.2,-1.2,0.0,v0
2749,2024-07-01,1.7,0.0,1.7,0.0,v0
2749,2024-08-01,0.0,0.15,-0.15,0.0,v0
2750,2024-04-01,0.03,0.02,0.009999999999999998,0.0,v0
2750,2024-05-01,0.0,0.13,-0.13,0.0,v0
2750,2024-06-01,0.0,0.05,-0.05,0.0,v0
2750,2024-07-01,0.0,0.11,-0.11,0.0,v0
2750,2024-08-01,0.0,0.11,-0.11,0.0,v0
2751,2024-04-01,0.0,0.03,-0.03,0.0,v0
2751,2024-05-01,0.0,0.05,-0.05,0.0,v0
2752,2024-04-01,0.14,0.0,0.14,0.0,v0
2752,2024-05-01,0.09,0.04,0.049999999999999996,0.0,v0
2752,2024-06-01,0.13,0.0,0.13,0.0,v0
2752,2024-07-01,0.1,0.0,0.1,0.0,v0
2752,2024-08-01,0.13,0.0,0.13,0.0,v0
2752,2024-09-01,0.15,0.03,0.12,0.0,v0
2752,2024-10-01,0.02,0.01,0.01,0.0,v0
2752,2024-11-01,0.11,0.0,0.11,0.0,v0
2752,2024-12-01,0.09,0.02,0.06999999999999999,0.0,v0
2753,2024-05-01,0.03,0.66,-0.63,0.0,v0
2753,2024-06-01,2.3,0.59,1.71,0.0,v0
2753,2024-07-01,0.0,0.5,-0.5,0.0,v0
2753,2024-08-01,0.0,0.46,-0.46,0.0,v0
2753,2024-09-01,0.0,0.39,-0.39,0.0,v0
2753,2024-10-01,0.0,0.3,-0.3,0.0,v0
2753,2024-11-01,2.8,0.7,2.0999999999999996,0.0,v0
2753,2024-12-01,3.1,0.5,2.6,0.0,v0
2754,2024-05-01,0.0,0.06,-0.06,0.0,v0
2754,2024-06-01,0.0,0.12,-0.12,0.0,v0
2754,2024-07-01,0.0,0.06,-0.06,0.0,v0
2754,2024-08-01,0.0,0.01,-0.01,0.0,v0
2754,2024-09-01,0.0,0.03,-0.03,0.0,v0
2754,2024-10-01,0.0,0.04,-0.04,0.0,v0
2754,2024-11-01,0.0,0.07,-0.07,0.0,v0
2754,2024-12-01,0.0,0.01,-0.01,0.0,v0
2755,2024-04-01,0.0,0.09,-0.09,0.0,v0
2756,2024-04-01,0.0,0.03,-0.03,0.0,v0
2756,2024-05-01,0.04,0.0,0.04,0.0,v0
2757,2024-04-01,0.02,0.0,0.02,0.0,v0
2757,2024-05-01,0.1,0.0,0.1,0.0,v0
2757,2024-06-01,0.02,0.0,0.02,0.0,v0
2757,2024-07-01,0.16,0.0,0.16,0.0,v0
2757,2024-08-01,0.0,0.02,-0.02,0.0,v0
2757,2024-09-01,0.04,0.0,0.04,0.0,v0
2757,2024-10-01,0.0,0.04,-0.04,0.0,v0
2757,2024-12-01,0.0,0.03,-0.03,0.0,v0
2758,2024-04-01,0.0,0.01,-0.01,0.0,v0
2759,2024-04-01,0.0,0.36,-0.36,0.0,v0
2759,2024-05-01,0.0,0.07,-0.07,0.0,v0
2759,2024-06-01,0.14,0.18,-0.03999999999999998,0.0,v0
2759,2024-07-01,0.0,0.03,-0.03,0.0,v0
2760,2024-04-01,0.0,0.01,-0.01,0.0,v0
2761,2024-04-01,0.0,0.02,-0.02,0.0,v0
2762,2024-04-01,0.0,0.01,-0.01,0.0,v0
2763,2024-04-01,0.0,0.01,-0.01,0.0,v0
2764,2024-04-01,0.0,0.02,-0.02,0.0,v0
2765,2024-04-01,0.0,0.62,-0.62,0.0,v0
2765,2024-08-01,0.0,0.16,-0.16,0.0,v0
2765,2024-10-01,0.0,0.08,-0.08,0.0,v0
2765,2024-11-01,0.0,0.01,-0.01,0.0,v0
2765,2024-12-01,0.0,0.01,-0.01,0.0,v0
2766,2024-04-01,0.1,0.0,0.1,0.0,v0
2766,2024-05-01,0.07,0.0,0.07,0.0,v0
2767,2024-04-01,1.5,1.3,0.19999999999999996,0.0,v0
2768,2024-04-01,0.0,0.05,-0.05,0.0,v0
2769,2024-04-01,0.0,0.44,-0.44,0.0,v0
2769,2024-05-01,0.0,0.32,-0.32,0.0,v0
2769,2024-06-01,0.0,0.45,-0.45,0.0,v0
2770,2024-04-01,0.0,0.12,-0.12,0.0,v0
2771,2024-04-01,0.0,0.03,-0.03,0.0,v0
2771,2024-05-01,0.0,0.01,-0.01,0.0,v0
2772,2024-05-01,0.28,0.0,0.28,0.0,v0
2773,2024-05-01,0.0,0.07,-0.07,0.0,v0
2773,2024-06-01,0.0,0.08,-0.08,0.0,v0
2773,2024-07-01,0.0,0.08,-0.08,0.0,v0
2774,2024-05-01,0.13,0.0,0.13,0.0,v0
2774,2024-06-01,0.4,0.11,0.29000000000000004,0.0,v0
2774,2024-07-01,0.09,0.0,0.09,0.0,v0
2775,2024-05-01,0.0,0.03,-0.03,0.0,v0
2776,2024-05-01,0.0,0.02,-0.02,0.0,v0
2776,2024-06-01,0.0,0.02,-0.02,0.0,v0
2776,2024-07-01,0.0,0.02,-0.02,0.0,v0
2776,2024-08-01,0.0,0.02,-0.02,0.0,v0
2776,2024-09-01,0.0,0.02,-0.02,0.0,v0
2776,2024-10-01,0.0,0.04,-0.04,0.0,v0
2777,2024-05-01,0.03,1.5,-1.47,0.0,v0
2778,2024-05-01,0.05,0.0,0.05,0.0,v0
2778,2024-06-01,0.05,0.0,0.05,0.0,v0
2778,2024-07-01,0.16,0.75,-0.59,0.0,v0
2778,2024-08-01,0.0,0.42,-0.42,0.0,v0
2778,2024-09-01,0.0,0.34,-0.34,0.0,v0
2778,2024-10-01,0.07,0.9,-0.8300000000000001,0.0,v0
2778,2024-11-01,0.0,0.34,-0.34,0.0,v0
2778,2024-12-01,0.0,0.07,-0.07,0.0,v0
2779,2024-05-01,0.0,0.36,-0.36,0.0,v0
2780,2024-05-01,0.0,0.04,-0.04,0.0,v0
2780,2024-06-01,0.0,0.05,-0.05,0.0,v0
2781,2024-05-01,0.0,0.03,-0.03,0.0,v0
2781,2024-06-01,0.01,0.0,0.01,0.0,v0
2781,2024-07-01,0.0,0.01,-0.01,0.0,v0
2782,2024-05-01,0.0,0.05,-0.05,0.0,v0
2783,2024-05-01,0.09,0.09,0.0,0.0,v0
2783,2024-06-01,0.07,0.05,0.020000000000000004,0.0,v0
2783,2024-07-01,0.08,0.1,-0.020000000000000004,0.0,v0
2783,2024-08-01,0.0,0.02,-0.02,0.0,v0
2783,2024-09-01,0.01,0.29,-0.27999999999999997,0.0,v0
2783,2024-11-01,0.13,0.05,0.08,0.0,v0
2783,2024-12-01,0.0,0.31,-0.31,0.0,v0
2784,2024-05-01,0.01,0.0,0.01,0.0,v0
2785,2024-06-01,0.0,0.05,-0.05,0.0,v0
2785,2024-07-01,0.0,0.05,-0.05,0.0,v0
2785,2024-08-01,0.0,0.04,-0.04,0.0,v0
2785,2024-09-01,0.0,0.06,-0.06,0.0,v0
2785,2024-10-01,0.0,0.01,-0.01,0.0,v0
2785,2024-11-01,0.0,0.05,-0.05,0.0,v0
2785,2024-12-01,0.0,0.05,-0.05,0.0,v0
2786,2024-05-01,0.21,0.01,0.19999999999999998,0.0,v0
2786,2024-06-01,0.07,0.01,0.060000000000000005,0.0,v0
2786,2024-07-01,0.04,0.01,0.03,0.0,v0
2786,2024-08-01,0.1,0.0,0.1,0.0,v0
2786,2024-09-01,0.39,0.01,0.38,0.0,v0
2786,2024-11-01,0.35,0.01,0.33999999999999997,0.0,v0
2786,2024-12-01,0.12,0.08,0.039999999999999994,0.0,v0
2787,2024-05-01,0.09,0.0,0.09,0.0,v0
2787,2024-06-01,0.0,0.01,-0.01,0.0,v0
2787,2024-07-01,0.03,0.0,0.03,0.0,v0
2787,2024-08-01,0.04,0.0,0.04,0.0,v0
2788,2024-05-01,0.01,0.0,0.01,0.0,v0
2788,2024-08-01,0.01,0.0,0.01,0.0,v0
2788,2024-09-01,0.02,0.0,0.02,0.0,v0
2788,2024-10-01,0.02,0.0,0.02,0.0,v0
2788,2024-11-01,0.01,0.0,0.01,0.0,v0
2788,2024-12-01,0.04,0.0,0.04,0.0,v0
2789,2024-05-01,0.01,0.0,0.01,0.0,v0
2790,2024-05-01,0.01,0.0,0.01,0.0,v0
2790,2024-06-01,0.01,0.0,0.01,0.0,v0
2790,2024-07-01,0.0,0.02,-0.02,0.0,v0
2790,2024-08-01,0.04,0.02,0.02,0.0,v0
2790,2024-09-01,0.03,0.0,0.03,0.0,v0
2790,2024-10-01,0.02,0.0,0.02,0.0,v0
2791,2024-05-01,0.0,0.01,-0.01,0.0,v0
2792,2024-05-01,0.0,0.03,-0.03,0.0,v0
2793,2024-05-01,0.01,0.0,0.01,0.0,v0
2794,2024-05-01,0.27,0.37,-0.09999999999999998,0.0,v0
2795,2024-05-01,0.0,0.01,-0.01,0.0,v0
2795,2024-10-01,0.0,0.01,-0.01,0.0,v0
2795,2024-12-01,0.0,0.01,-0.01,0.0,v0
2796,2024-05-01,0.0,0.01,-0.01,0.0,v0
2797,2024-05-01,1.0,0.0,1.0,0.0,v0
2798,2024-05-01,0.02,0.0,0.02,0.0,v0
2798,2024-06-01,0.01,0.0,0.01,0.0,v0
2798,2024-07-01,0.02,0.0,0.02,0.0,v0
2798,2024-08-01,0.02,0.0,0.02,0.0,v0
2798,2024-09-01,0.01,0.0,0.01,0.0,v0
2798,2024-10-01,0.03,0.0,0.03,0.0,v0
2799,2024-05-01,0.23,0.02,0.21000000000000002,0.0,v0
2799,2024-06-01,0.16,0.03,0.13,0.0,v0
2799,2024-07-01,0.22,0.0,0.22,0.0,v0
2799,2024-08-01,0.21,0.01,0.19999999999999998,0.0,v0
2799,2024-09-01,0.28,0.0,0.28,0.0,v0
2799,2024-10-01,0.17,0.04,0.13,0.0,v0
2800,2024-05-01,0.0,0.05,-0.05,0.0,v0
2801,2024-05-01,0.01,0.0,0.01,0.0,v0
2801,2024-06-01,0.01,0.0,0.01,0.0,v0
2801,2024-08-01,0.01,0.0,0.01,0.0,v0
2801,2024-09-01,0.0,0.05,-0.05,0.0,v0
2801,2024-10-01,0.0,0.05,-0.05,0.0,v0
2801,2024-11-01,0.06,0.08,-0.020000000000000004,0.0,v0
2801,2024-12-01,0.02,0.0,0.02,0.0,v0
2802,2024-05-01,0.0,0.04,-0.04,0.0,v0
2802,2024-06-01,0.0,0.08,-0.08,0.0,v0
2803,2024-05-01,0.14,0.22,-0.07999999999999999,0.0,v0
2803,2024-06-01,0.0,0.23,-0.23,0.0,v0
2803,2024-07-01,0.07,0.23,-0.16,0.0,v0
2804,2024-06-01,0.0,0.03,-0.03,0.0,v0
2804,2024-07-01,0.0,0.01,-0.01,0.0,v0
2804,2024-08-01,0.0,0.01,-0.01,0.0,v0
2804,2024-09-01,0.0,0.03,-0.03,0.0,v0
2804,2024-10-01,0.0,0.02,-0.02,0.0,v0
2804,2024-11-01,0.0,0.01,-0.01,0.0,v0
2804,2024-12-01,0.0,0.02,-0.02,0.0,v0
2805,2024-05-01,0.0,0.02,-0.02,0.0,v0
2805,2024-06-01,0.0,0.17,-0.17,0.0,v0
2806,2024-05-01,0.04,0.03,0.010000000000000002,0.0,v0
2806,2024-07-01,0.04,0.0,0.04,0.0,v0
2806,2024-08-01,0.02,0.03,-0.009999999999999998,0.0,v0
2806,2024-09-01,0.03,0.11,-0.08,0.0,v0
2806,2024-10-01,0.08,0.03,0.05,0.0,v0
2806,2024-11-01,0.03,0.06,-0.03,0.0,v0
2806,2024-12-01,0.01,0.06,-0.049999999999999996,0.0,v0
2807,2024-05-01,15.0,0.05,14.95,0.0,v0
2808,2024-05-01,0.02,0.0,0.02,0.0,v0
2808,2024-06-01,0.02,0.0,0.02,0.0,v0
2808,2024-07-01,0.04,0.0,0.04,0.0,v0
2808,2024-08-01,0.02,0.0,0.02,0.0,v0
2808,2024-10-01,0.04,0.0,0.04,0.0,v0
2808,2024-11-01,0.03,0.0,0.03,0.0,v0
2808,2024-12-01,0.02,0.0,0.02,0.0,v0
2809,2024-05-01,0.0,0.01,-0.01,0.0,v0
2810,2024-05-01,0.0,0.13,-0.13,0.0,v0
2810,2024-06-01,0.0,0.41,-0.41,0.0,v0
2811,2024-05-01,0.0,0.01,-0.01,0.0,v0
2812,2024-05-01,0.0,1.6,-1.6,0.0,v0
2813,2024-05-01,0.02,0.0,0.02,0.0,v0
2814,2024-05-01,0.0,0.01,-0.01,0.0,v0
2814,2024-07-01,0.06,0.0,0.06,0.0,v0
2814,2024-08-01,0.08,0.0,0.08,0.0,v0
2814,2024-09-01,0.44,0.0,0.44,0.0,v0
2815,2024-05-01,0.0,0.04,-0.04,0.0,v0
2816,2024-05-01,0.03,0.0,0.03,0.0,v0
2816,2024-06-01,0.03,0.0,0.03,0.0,v0
2816,2024-07-01,0.01,0.0,0.01,0.0,v0
2816,2024-08-01,0.2,0.0,0.2,0.0,v0
2816,2024-09-01,0.15,0.0,0.15,0.0,v0
2816,2024-10-01,0.04,0.0,0.04,0.0,v0
2817,2024-05-01,0.0,0.42,-0.42,0.0,v0
2818,2024-05-01,0.0,0.01,-0.01,0.0,v0
2819,2024-05-01,0.0,0.08,-0.08,0.0,v0
2819,2024-06-01,0.0,0.03,-0.03,0.0,v0
2819,2024-07-01,0.0,0.03,-0.03,0.0,v0
2819,2024-08-01,0.0,0.02,-0.02,0.0,v0
2820,2024-05-01,0.03,0.0,0.03,0.0,v0
2820,2024-06-01,0.55,0.0,0.55,0.0,v0
2820,2024-07-01,0.04,0.0,0.04,0.0,v0
2820,2024-08-01,0.03,0.0,0.03,0.0,v0
2821,2024-05-01,0.05,0.0,0.05,0.0,v0
2821,2024-06-01,0.24,0.0,0.24,0.0,v0
2821,2024-07-01,0.0,0.06,-0.06,0.0,v0
2821,2024-08-01,0.02,0.0,0.02,0.0,v0
2822,2024-05-01,0.0,0.01,-0.01,0.0,v0
2823,2024-05-01,0.06,0.04,0.019999999999999997,0.0,v0
2823,2024-06-01,0.13,0.0,0.13,0.0,v0
2823,2024-07-01,0.0,0.04,-0.04,0.0,v0
2823,2024-08-01,0.0,0.67,-0.67,0.0,v0
2823,2024-09-01,0.0,0.14,-0.14,0.0,v0
2824,2024-05-01,0.0,0.01,-0.01,0.0,v0
2825,2024-05-01,0.0,0.55,-0.55,0.0,v0
2826,2024-05-01,0.06,0.0,0.06,0.0,v0
2826,2024-07-01,0.0,0.01,-0.01,0.0,v0
2826,2024-08-01,0.01,0.09,-0.08,0.0,v0
2826,2024-09-01,0.0,0.01,-0.01,0.0,v0
2826,2024-10-01,0.01,0.08,-0.07,0.0,v0
2826,2024-11-01,0.0,0.05,-0.05,0.0,v0
2826,2024-12-01,0.0,0.03,-0.03,0.0,v0
2827,2024-05-01,0.0,0.02,-0.02,0.0,v0
2828,2024-05-01,0.0,0.01,-0.01,0.0,v0
2829,2024-05-01,0.01,0.17,-0.16,0.0,v0
2829,2024-06-01,0.0,0.12,-0.12,0.0,v0
2829,2024-07-01,0.06,0.14,-0.08000000000000002,0.0,v0
2830,2024-05-01,0.0,0.01,-0.01,0.0,v0
2831,2024-05-01,0.0,0.01,-0.01,0.0,v0
2831,2024-06-01,0.01,0.01,0.0,0.0,v0
2831,2024-07-01,0.01,0.0,0.01,0.0,v0
2832,2024-05-01,0.01,0.0,0.01,0.0,v0
2832,2024-06-01,0.01,0.0,0.01,0.0,v0
2832,2024-07-01,0.02,0.0,0.02,0.0,v0
2832,2024-08-01,0.05,0.0,0.05,0.0,v0
2832,2024-09-01,0.22,0.0,0.22,0.0,v0
2832,2024-10-01,0.19,0.0,0.19,0.0,v0
2832,2024-11-01,0.33,0.0,0.33,0.0,v0
2833,2024-05-01,0.0,0.06,-0.06,0.0,v0
2833,2024-06-01,0.0,0.05,-0.05,0.0,v0
2833,2024-08-01,0.0,0.02,-0.02,0.0,v0
2833,2024-09-01,0.0,0.02,-0.02,0.0,v0
2833,2024-10-01,0.0,0.1,-0.1,0.0,v0
2833,2024-11-01,0.0,0.14,-0.14,0.0,v0
2833,2024-12-01,0.0,0.04,-0.04,0.0,v0
2834,2024-05-01,0.13,0.0,0.13,0.0,v0
2834,2024-06-01,0.02,0.0,0.02,0.0,v0
2834,2024-07-01,0.09,0.0,0.09,0.0,v0
2834,2024-08-01,0.07,0.0,0.07,0.0,v0
2834,2024-09-01,0.02,0.0,0.02,0.0,v0
2834,2024-10-01,0.09,0.0,0.09,0.0,v0
2834,2024-11-01,0.02,0.0,0.02,0.0,v0
2834,2024-12-01,0.07,0.0,0.07,0.0,v0
2835,2024-05-01,0.18,0.01,0.16999999999999998,0.0,v0
2835,2024-06-01,0.02,0.05,-0.030000000000000002,0.0,v0
2835,2024-08-01,0.0,0.47,-0.47,0.0,v0
2835,2024-09-01,0.13,0.12,0.010000000000000009,0.0,v0
2835,2024-10-01,0.18,1.7,-1.52,0.0,v0
2835,2024-11-01,0.0,0.08,-0.08,0.0,v0
2835,2024-12-01,0.0,0.05,-0.05,0.0,v0
2836,2024-05-01,0.0,0.03,-0.03,0.0,v0
2837,2024-05-01,0.0,0.07,-0.07,0.0,v0
2838,2024-05-01,0.0,0.02,-0.02,0.0,v0
2838,2024-06-01,0.0,0.05,-0.05,0.0,v0
2838,2024-07-01,0.04,0.0,0.04,0.0,v0
2838,2024-08-01,0.0,0.01,-0.01,0.0,v0
2838,2024-10-01,0.0,0.01,-0.01,0.0,v0
2838,2024-11-01,0.01,0.0,0.01,0.0,v0
2838,2024-12-01,0.0,0.01,-0.01,0.0,v0
2839,2024-05-01,0.01,0.0,0.01,0.0,v0
2840,2024-05-01,0.0,0.21,-0.21,0.0,v0
2840,2024-06-01,0.0,0.08,-0.08,0.0,v0
2840,2024-07-01,0.0,0.21,-0.21,0.0,v0
2840,2024-08-01,0.0,0.13,-0.13,0.0,v0
2840,2024-09-01,0.0,0.11,-0.11,0.0,v0
2840,2024-10-01,0.0,0.24,-0.24,0.0,v0
2840,2024-12-01,0.0,0.12,-0.12,0.0,v0
2841,2024-05-01,0.0,0.34,-0.34,0.0,v0
2841,2024-06-01,0.0,0.26,-0.26,0.0,v0
2841,2024-07-01,0.0,0.55,-0.55,0.0,v0
2841,2024-08-01,0.0,0.49,-0.49,0.0,v0
2841,2024-09-01,0.0,0.3,-0.3,0.0,v0
2841,2024-10-01,0.0,0.18,-0.18,0.0,v0
2841,2024-11-01,0.0,0.16,-0.16,0.0,v0
2842,2024-05-01,0.0,0.06,-0.06,0.0,v0
2842,2024-07-01,0.0,0.02,-0.02,0.0,v0
2842,2024-08-01,0.0,0.05,-0.05,0.0,v0
2842,2024-09-01,0.0,0.03,-0.03,0.0,v0
2842,2024-10-01,0.0,0.04,-0.04,0.0,v0
2842,2024-12-01,0.0,0.02,-0.02,0.0,v0
2843,2024-05-01,0.0,0.55,-0.55,0.0,v0
2843,2024-06-01,0.0,0.44,-0.44,0.0,v0
2843,2024-07-01,0.0,0.44,-0.44,0.0,v0
2843,2024-08-01,0.0,0.59,-0.59,0.0,v0
2844,2024-05-01,0.0,0.11,-0.11,0.0,v0
2845,2024-05-01,0.0,0.07,-0.07,0.0,v0
2846,2024-05-01,0.18,0.0,0.18,0.0,v0
2847,2024-05-01,0.0,0.03,-0.03,0.0,v0
2847,2024-06-01,0.0,0.18,-0.18,0.0,v0
2847,2024-07-01,0.0,0.03,-0.03,0.0,v0
2847,2024-08-01,0.0,0.05,-0.05,0.0,v0
2847,2024-09-01,0.0,0.08,-0.08,0.0,v0
2847,2024-10-01,0.0,0.04,-0.04,0.0,v0
2847,2024-11-01,0.0,0.09,-0.09,0.0,v0
2848,2024-05-01,0.0,0.23,-0.23,0.0,v0
2848,2024-06-01,0.45,0.45,0.0,0.0,v0
2848,2024-07-01,0.0,0.44,-0.44,0.0,v0
2849,2024-05-01,0.01,0.0,0.01,0.0,v0
2849,2024-06-01,0.01,0.0,0.01,0.0,v0
2850,2024-05-01,0.0,0.13,-0.13,0.0,v0
2851,2024-05-01,0.01,0.0,0.01,0.0,v0
2851,2024-07-01,0.02,0.0,0.02,0.0,v0
2852,2024-05-01,0.13,0.07,0.06,0.0,v0
2853,2024-05-01,0.0,0.16,-0.16,0.0,v0
2854,2024-05-01,0.0,0.44,-0.44,0.0,v0
2855,2024-05-01,7.3,0.0,7.3,0.0,v0
2855,2024-06-01,0.56,0.0,0.56,0.0,v0
2855,2024-07-01,2.9,0.76,2.1399999999999997,0.0,v0
2856,2024-06-01,0.0,0.35,-0.35,0.0,v0
2856,2024-07-01,0.0,0.44,-0.44,0.0,v0
2856,2024-08-01,0.0,0.49,-0.49,0.0,v0
2856,2024-09-01,0.0,0.42,-0.42,0.0,v0
2856,2024-10-01,0.0,0.43,-0.43,0.0,v0
2856,2024-11-01,0.0,0.29,-0.29,0.0,v0
2856,2024-12-01,0.0,0.18,-0.18,0.0,v0
2857,2024-05-01,0.49,0.0,0.49,0.0,v0
2857,2024-06-01,0.94,0.0,0.94,0.0,v0
2857,2024-07-01,1.9,0.0,1.9,0.0,v0
2858,2024-05-01,3.9,0.0,3.9,0.0,v0
2858,2024-06-01,2.5,0.0,2.5,0.0,v0
2858,2024-07-01,3.1,0.0,3.1,0.0,v0
2858,2024-08-01,2.0,0.0,2.0,0.0,v0
2859,2024-05-01,0.0,0.99,-0.99,0.0,v0
2860,2024-05-01,0.39,0.0,0.39,0.0,v0
2861,2024-05-01,0.0,0.01,-0.01,0.0,v0
2861,2024-06-01,0.0,0.02,-0.02,0.0,v0
2861,2024-07-01,0.01,0.0,0.01,0.0,v0
2862,2024-05-01,0.0,3.1,-3.1,0.0,v0
2862,2024-06-01,0.0,1.3,-1.3,0.0,v0
2863,2024-06-01,0.0,0.04,-0.04,0.0,v0
2864,2024-06-01,0.0,0.01,-0.01,0.0,v0
2864,2024-07-01,0.0,0.01,-0.01,0.0,v0
2864,2024-09-01,0.0,0.01,-0.01,0.0,v0
2864,2024-10-01,0.0,0.02,-0.02,0.0,v0
2864,2024-11-01,0.0,0.02,-0.02,0.0,v0
2865,2024-06-01,0.0,0.07,-0.07,0.0,v0
2866,2024-06-01,0.0,1.1,-1.1,0.0,v0
2867,2024-06-01,0.02,0.0,0.02,0.0,v0
2868,2024-06-01,0.03,0.01,0.019999999999999997,0.0,v0
2868,2024-07-01,0.04,0.01,0.03,0.0,v0
2868,2024-08-01,0.01,0.03,-0.019999999999999997,0.0,v0
2868,2024-10-01,0.08,0.0,0.08,0.0,v0
2868,2024-12-01,0.03,0.0,0.03,0.0,v0
2869,2024-06-01,0.0,0.54,-0.54,0.0,v0
2869,2024-07-01,0.0,0.4,-0.4,0.0,v0
2869,2024-08-01,0.0,0.54,-0.54,0.0,v0
2869,2024-10-01,0.0,2.6,-2.6,0.0,v0
2869,2024-12-01,0.0,0.15,-0.15,0.0,v0
2870,2024-06-01,0.11,0.18,-0.06999999999999999,0.0,v0
2870,2024-07-01,0.23,0.08,0.15000000000000002,0.0,v0
2870,2024-08-01,0.05,0.0,0.05,0.0,v0
2871,2024-06-01,0.01,0.0,0.01,0.0,v0
2871,2024-07-01,0.01,0.0,0.01,0.0,v0
2871,2024-08-01,0.01,0.0,0.01,0.0,v0
2871,2024-09-01,0.15,0.12,0.03,0.0,v0
2871,2024-11-01,0.18,0.04,0.13999999999999999,0.0,v0
2871,2024-12-01,0.18,0.12,0.06,0.0,v0
2872,2024-06-01,0.01,0.0,0.01,0.0,v0
2873,2024-06-01,0.0,0.04,-0.04,0.0,v0
2873,2024-07-01,0.0,0.05,-0.05,0.0,v0
2873,2024-08-01,0.0,0.05,-0.05,0.0,v0
2873,2024-11-01,0.0,0.01,-0.01,0.0,v0
2873,2024-12-01,0.0,0.01,-0.01,0.0,v0
2874,2024-06-01,0.02,0.0,0.02,0.0,v0
2874,2024-07-01,0.02,0.0,0.02,0.0,v0
2875,2024-06-01,6.8,0.0,6.8,0.0,v0
2876,2024-06-01,0.08,0.0,0.08,0.0,v0
2876,2024-07-01,0.14,0.0,0.14,0.0,v0
2876,2024-08-01,0.08,0.0,0.08,0.0,v0
2876,2024-09-01,0.0,0.01,-0.01,0.0,v0
2877,2024-06-01,0.17,0.0,0.17,0.0,v0
2877,2024-07-01,0.12,0.0,0.12,0.0,v0
2878,2024-06-01,0.0,0.89,-0.89,0.0,v0
2878,2024-07-01,0.0,1.3,-1.3,0.0,v0
2878,2024-08-01,1.8,0.0,1.8,0.0,v0
2878,2024-09-01,0.0,0.01,-0.01,0.0,v0
2878,2024-11-01,0.0,0.01,-0.01,0.0,v0
2879,2024-06-01,0.65,0.0,0.65,0.0,v0
2879,2024-07-01,0.1,0.12,-0.01999999999999999,0.0,v0
2879,2024-08-01,0.2,0.02,0.18000000000000002,0.0,v0
2879,2024-09-01,0.0,0.8,-0.8,0.0,v0
2880,2024-06-01,0.0,0.02,-0.02,0.0,v0
2881,2024-06-01,0.0,0.01,-0.01,0.0,v0
2882,2024-06-01,0.01,0.0,0.01,0.0,v0
2882,2024-07-01,0.08,0.0,0.08,0.0,v0
2883,2024-06-01,0.06,0.0,0.06,0.0,v0
2883,2024-07-01,0.01,0.0,0.01,0.0,v0
2884,2024-06-01,0.07,0.0,0.07,0.0,v0
2884,2024-07-01,0.03,0.0,0.03,0.0,v0
2885,2024-06-01,0.15,0.23,-0.08000000000000002,0.0,v0
2886,2024-06-01,0.0,0.01,-0.01,0.0,v0
2887,2024-06-01,0.0,0.07,-0.07,0.0,v0
2888,2024-06-01,0.01,0.0,0.01,0.0,v0
2889,2024-06-01,0.0,0.11,-0.11,0.0,v0
2889,2024-07-01,0.0,0.1,-0.1,0.0,v0
2889,2024-09-01,0.0,0.1,-0.1,0.0,v0
2889,2024-10-01,0.0,0.15,-0.15,0.0,v0
2890,2024-06-01,0.0,0.33,-0.33,0.0,v0
2890,2024-07-01,0.0,0.03,-0.03,0.0,v0
2890,2024-08-01,0.0,0.37,-0.37,0.0,v0
2890,2024-09-01,0.0,0.14,-0.14,0.0,v0
2890,2024-10-01,0.0,0.17,-0.17,0.0,v0
2891,2024-06-01,0.04,0.0,0.04,0.0,v0
2891,2024-07-01,0.01,0.0,0.01,0.0,v0
2891,2024-08-01,0.03,0.0,0.03,0.0,v0
2891,2024-09-01,0.18,0.0,0.18,0.0,v0
2891,2024-10-01,0.02,0.0,0.02,0.0,v0
2891,2024-11-01,0.07,0.0,0.07,0.0,v0
2891,2024-12-01,0.02,0.0,0.02,0.0,v0
2892,2024-06-01,0.02,0.0,0.02,0.0,v0
2892,2024-07-01,0.02,0.0,0.02,0.0,v0
2892,2024-08-01,0.01,0.0,0.01,0.0,v0
2892,2024-09-01,0.01,0.0,0.01,0.0,v0
2893,2024-06-01,0.03,0.0,0.03,0.0,v0
2894,2024-06-01,0.03,0.0,0.03,0.0,v0
2894,2024-07-01,0.03,0.0,0.03,0.0,v0
2895,2024-06-01,0.34,0.22,0.12000000000000002,0.0,v0
2896,2024-06-01,0.0,0.05,-0.05,0.0,v0
2897,2024-07-01,0.0,0.14,-0.14,0.0,v0
2897,2024-08-01,0.0,0.03,-0.03,0.0,v0
2897,2024-09-01,0.0,0.12,-0.12,0.0,v0
2897,2024-10-01,0.0,0.01,-0.01,0.0,v0
2898,2024-06-01,0.22,0.0,0.22,0.0,v0
2898,2024-07-01,0.0,0.16,-0.16,0.0,v0
2898,2024-08-01,0.0,0.22,-0.22,0.0,v0
2899,2024-06-01,0.0,0.13,-0.13,0.0,v0
2900,2024-06-01,0.02,0.0,0.02,0.0,v0
2900,2024-07-01,0.05,0.0,0.05,0.0,v0
2901,2024-06-01,0.07,0.0,0.07,0.0,v0
2901,2024-07-01,0.07,0.0,0.07,0.0,v0
2901,2024-08-01,0.01,0.0,0.01,0.0,v0
2901,2024-09-01,0.01,0.0,0.01,0.0,v0
2901,2024-10-01,0.02,0.0,0.02,0.0,v0
2902,2024-06-01,0.0,0.02,-0.02,0.0,v0
2903,2024-06-01,0.0,0.25,-0.25,0.0,v0
2904,2024-06-01,0.01,0.0,0.01,0.0,v0
2905,2024-06-01,0.25,0.0,0.25,0.0,v0
2906,2024-06-01,0.0,0.19,-0.19,0.0,v0
2906,2024-07-01,0.0,0.13,-0.13,0.0,v0
2906,2024-08-01,0.0,0.26,-0.26,0.0,v0
2906,2024-10-01,0.0,0.19,-0.19,0.0,v0
2906,2024-11-01,0.0,0.1,-0.1,0.0,v0
2906,2024-12-01,0.0,0.12,-0.12,0.0,v0
2907,2024-06-01,0.0,0.01,-0.01,0.0,v0
2907,2024-07-01,0.01,0.0,0.01,0.0,v0
2907,2024-08-01,0.01,0.0,0.01,0.0,v0
2908,2024-06-01,0.19,0.0,0.19,0.0,v0
2909,2024-06-01,0.0,0.02,-0.02,0.0,v0
2909,2024-07-01,0.05,0.0,0.05,0.0,v0
2909,2024-08-01,0.0,0.01,-0.01,0.0,v0
2909,2024-09-01,0.0,0.01,-0.01,0.0,v0
2909,2024-10-01,0.0,0.01,-0.01,0.0,v0
2909,2024-11-01,0.0,0.01,-0.01,0.0,v0
2909,2024-12-01,0.04,0.27,-0.23,0.0,v0
2910,2024-06-01,0.03,0.0,0.03,0.0,v0
2910,2024-07-01,0.02,0.0,0.02,0.0,v0
2910,2024-08-01,0.06,0.01,0.049999999999999996,0.0,v0
2910,2024-09-01,0.03,0.0,0.03,0.0,v0
2910,2024-10-01,0.06,0.07,-0.010000000000000009,0.0,v0
2910,2024-11-01,0.02,0.0,0.02,0.0,v0
2910,2024-12-01,0.02,0.0,0.02,0.0,v0
2911,2024-06-01,0.0,0.02,-0.02,0.0,v0
2911,2024-07-01,0.0,0.03,-0.03,0.0,v0
2911,2024-08-01,0.0,0.03,-0.03,0.0,v0
2912,2024-06-01,0.1,0.0,0.1,0.0,v0
2913,2024-06-01,0.01,0.0,0.01,0.0,v0
2914,2024-06-01,0.19,0.0,0.19,0.0,v0
2914,2024-07-01,0.23,0.0,0.23,0.0,v0
2914,2024-08-01,0.05,0.0,0.05,0.0,v0
2914,2024-09-01,0.25,0.0,0.25,0.0,v0
2915,2024-06-01,0.0,0.04,-0.04,0.0,v0
2915,2024-07-01,0.0,0.05,-0.05,0.0,v0
2915,2024-08-01,0.0,0.06,-0.06,0.0,v0
2915,2024-09-01,0.0,0.05,-0.05,0.0,v0
2915,2024-10-01,0.0,0.02,-0.02,0.0,v0
2916,2024-06-01,0.07,0.0,0.07,0.0,v0
2916,2024-07-01,0.0,0.15,-0.15,0.0,v0
2916,2024-08-01,0.0,0.16,-0.16,0.0,v0
2916,2024-09-01,0.0,0.14,-0.14,0.0,v0
2916,2024-10-01,0.0,0.07,-0.07,0.0,v0
2916,2024-12-01,0.15,0.0,0.15,0.0,v0
2917,2024-06-01,0.0,0.02,-0.02,0.0,v0
2917,2024-07-01,0.0,0.01,-0.01,0.0,v0
2917,2024-08-01,0.0,0.01,-0.01,0.0,v0
2917,2024-09-01,0.0,0.01,-0.01,0.0,v0
2918,2024-06-01,0.0,0.05,-0.05,0.0,v0
2918,2024-07-01,0.0,0.06,-0.06,0.0,v0
2918,2024-08-01,0.0,0.03,-0.03,0.0,v0
2919,2024-06-01,0.0,0.2,-0.2,0.0,v0
2919,2024-07-01,0.0,0.3,-0.3,0.0,v0
2919,2024-08-01,0.0,0.35,-0.35,0.0,v0
2919,2024-09-01,0.03,0.08,-0.05,0.0,v0
2919,2024-10-01,0.13,0.28,-0.15000000000000002,0.0,v0
2919,2024-12-01,0.24,0.12,0.12,0.0,v0
2920,2024-06-01,0.0,0.01,-0.01,0.0,v0
2921,2024-06-01,0.0,0.09,-0.09,0.0,v0
2922,2024-06-01,0.84,3.3,-2.46,0.0,v0
2922,2024-07-01,2.0,2.3,-0.2999999999999998,0.0,v0
2922,2024-08-01,1.5,5.6,-4.1,0.0,v0
2922,2024-09-01,0.73,1.3,-0.5700000000000001,0.0,v0
2922,2024-10-01,2.1,5.0,-2.9,0.0,v0
2922,2024-11-01,2.6,0.0,2.6,0.0,v0
2922,2024-12-01,1.8,0.04,1.76,0.0,v0
2923,2024-06-01,0.0,0.02,-0.02,0.0,v0
2924,2024-06-01,0.0,0.04,-0.04,0.0,v0
2924,2024-09-01,0.0,0.02,-0.02,0.0,v0
2925,2024-07-01,0.06,0.17,-0.11000000000000001,0.0,v0
2925,2024-08-01,0.12,0.1,0.01999999999999999,0.0,v0
2925,2024-09-01,0.07,0.13,-0.06,0.0,v0
2925,2024-10-01,0.11,0.09,0.020000000000000004,0.0,v0
2925,2024-11-01,0.0,0.04,-0.04,0.0,v0
2925,2024-12-01,0.0,0.09,-0.09,0.0,v0
2926,2024-06-01,0.0,0.05,-0.05,0.0,v0
2926,2024-07-01,0.0,0.14,-0.14,0.0,v0
2926,2024-08-01,0.0,0.01,-0.01,0.0,v0
2926,2024-09-01,0.0,0.07,-0.07,0.0,v0
2927,2024-06-01,0.81,0.0,0.81,0.0,v0
2927,2024-07-01,0.41,0.0,0.41,0.0,v0
2927,2024-08-01,0.89,0.0,0.89,0.0,v0
2928,2024-06-01,0.0,0.08,-0.08,0.0,v0
2928,2024-07-01,0.0,0.16,-0.16,0.0,v0
2928,2024-08-01,0.0,0.1,-0.1,0.0,v0
2928,2024-09-01,0.0,0.3,-0.3,0.0,v0
2928,2024-10-01,0.0,0.89,-0.89,0.0,v0
2928,2024-11-01,0.0,0.66,-0.66,0.0,v0
2928,2024-12-01,0.0,0.45,-0.45,0.0,v0
2929,2024-06-01,0.0,0.14,-0.14,0.0,v0
2929,2024-07-01,0.0,0.18,-0.18,0.0,v0
2929,2024-08-01,0.0,0.69,-0.69,0.0,v0
2930,2024-06-01,0.0,2.7,-2.7,0.0,v0
2931,2024-06-01,0.0,0.29,-0.29,0.0,v0
2931,2024-07-01,0.0,0.13,-0.13,0.0,v0
2931,2024-08-01,0.0,0.06,-0.06,0.0,v0
2931,2024-09-01,0.22,0.0,0.22,0.0,v0
2931,2024-10-01,0.29,0.0,0.29,0.0,v0
2932,2024-07-01,0.0,0.05,-0.05,0.0,v0
2933,2024-07-01,0.0,0.04,-0.04,0.0,v0
2933,2024-08-01,0.0,0.02,-0.02,0.0,v0
2933,2024-09-01,0.0,0.02,-0.02,0.0,v0
2933,2024-10-01,0.0,0.01,-0.01,0.0,v0
2933,2024-11-01,0.0,0.04,-0.04,0.0,v0
2934,2024-08-01,0.0,0.3,-0.3,0.0,v0
2934,2024-09-01,0.0,0.11,-0.11,0.0,v0
2934,2024-10-01,0.02,0.21,-0.19,0.0,v0
2934,2024-11-01,0.0,0.3,-0.3,0.0,v0
2935,2024-07-01,0.0,0.15,-0.15,0.0,v0
2935,2024-08-01,0.0,0.2,-0.2,0.0,v0
2935,2024-09-01,0.0,0.13,-0.13,0.0,v0
2935,2024-10-01,0.0,0.17,-0.17,0.0,v0
2935,2024-11-01,0.0,0.11,-0.11,0.0,v0
2936,2024-07-01,0.0,0.05,-0.05,0.0,v0
2936,2024-08-01,0.0,0.04,-0.04,0.0,v0
2936,2024-10-01,0.0,0.05,-0.05,0.0,v0
2937,2024-07-01,0.06,0.0,0.06,0.0,v0
2937,2024-12-01,0.06,0.0,0.06,0.0,v0
2938,2024-07-01,0.03,0.0,0.03,0.0,v0
2938,2024-08-01,0.09,0.0,0.09,0.0,v0
2938,2024-09-01,0.03,0.0,0.03,0.0,v0
2938,2024-11-01,0.49,0.0,0.49,0.0,v0
2939,2024-07-01,0.0,0.03,-0.03,0.0,v0
2939,2024-08-01,0.08,0.02,0.06,0.0,v0
2940,2024-07-01,0.0,0.03,-0.03,0.0,v0
2940,2024-10-01,0.0,0.03,-0.03,0.0,v0
2941,2024-07-01,0.01,0.01,0.0,0.0,v0
2941,2024-08-01,0.31,0.01,0.3,0.0,v0
2941,2024-09-01,0.01,0.0,0.01,0.0,v0
2941,2024-10-01,0.11,0.04,0.07,0.0,v0
2941,2024-11-01,0.01,0.0,0.01,0.0,v0
2942,2024-07-01,0.0,0.03,-0.03,0.0,v0
2943,2024-07-01,0.02,0.0,0.02,0.0,v0
2943,2024-08-01,0.02,0.01,0.01,0.0,v0
2943,2024-09-01,0.01,0.02,-0.01,0.0,v0
2943,2024-10-01,0.01,0.0,0.01,0.0,v0
2944,2024-07-01,0.25,0.01,0.24,0.0,v0
2944,2024-08-01,0.16,0.0,0.16,0.0,v0
2944,2024-09-01,0.42,0.0,0.42,0.0,v0
2944,2024-10-01,0.3,0.0,0.3,0.0,v0
2944,2024-11-01,0.24,0.0,0.24,0.0,v0
2944,2024-12-01,0.31,0.01,0.3,0.0,v0
2945,2024-07-01,0.08,0.01,0.07,0.0,v0
2945,2024-08-01,0.01,0.0,0.01,0.0,v0
2945,2024-09-01,0.0,0.09,-0.09,0.0,v0
2945,2024-10-01,0.0,0.29,-0.29,0.0,v0
2945,2024-11-01,0.01,0.18,-0.16999999999999998,0.0,v0
2945,2024-12-01,0.0,0.46,-0.46,0.0,v0
2946,2024-07-01,0.0,0.02,-0.02,0.0,v0
2947,2024-07-01,0.0,0.06,-0.06,0.0,v0
2948,2024-07-01,0.0,0.01,-0.01,0.0,v0
2949,2024-07-01,0.15,0.0,0.15,0.0,v0
2949,2024-08-01,0.11,0.0,0.11,0.0,v0
2949,2024-09-01,0.05,0.0,0.05,0.0,v0
2950,2024-07-01,0.0,0.03,-0.03,0.0,v0
2951,2024-07-01,0.0,0.03,-0.03,0.0,v0
2951,2024-08-01,0.0,0.09,-0.09,0.0,v0
2952,2024-07-01,0.0,0.01,-0.01,0.0,v0
2953,2024-07-01,0.17,0.0,0.17,0.0,v0
2954,2024-07-01,0.02,0.0,0.02,0.0,v0
2954,2024-08-01,0.03,0.0,0.03,0.0,v0
2954,2024-09-01,0.04,0.0,0.04,0.0,v0
2955,2024-07-01,0.91,0.81,0.09999999999999998,0.0,v0
2955,2024-08-01,0.13,0.0,0.13,0.0,v0
2955,2024-09-01,0.06,0.4,-0.34,0.0,v0
2955,2024-10-01,0.0,0.17,-0.17,0.0,v0
2955,2024-11-01,0.03,0.0,0.03,0.0,v0
2955,2024-12-01,1.0,0.35,0.65,0.0,v0
2956,2024-07-01,4.2,0.76,3.4400000000000004,0.0,v0
2956,2024-08-01,4.6,0.67,3.9299999999999997,0.0,v0
2957,2024-08-01,9.4,0.0,9.4,0.0,v0
2957,2024-09-01,5.7,0.0,5.7,0.0,v0
2957,2024-10-01,7.8,0.0,7.8,0.0,v0
2957,2024-11-01,7.2,0.0,7.2,0.0,v0
2957,2024-12-01,8.3,0.0,8.3,0.0,v0
2958,2024-07-01,0.03,0.0,0.03,0.0,v0
2958,2024-08-01,0.05,0.0,0.05,0.0,v0
2959,2024-07-01,0.0,0.03,-0.03,0.0,v0
2960,2024-07-01,0.14,0.0,0.14,0.0,v0
2960,2024-08-01,0.07,0.0,0.07,0.0,v0
2960,2024-09-01,0.05,0.0,0.05,0.0,v0
2960,2024-10-01,0.14,0.0,0.14,0.0,v0
2960,2024-11-01,0.04,0.0,0.04,0.0,v0
2960,2024-12-01,0.03,0.0,0.03,0.0,v0
2961,2024-07-01,0.01,0.0,0.01,0.0,v0
2962,2024-07-01,0.0,0.02,-0.02,0.0,v0
2962,2024-08-01,0.01,0.0,0.01,0.0,v0
2963,2024-07-01,0.01,0.0,0.01,0.0,v0
2964,2024-07-01,0.0,0.16,-0.16,0.0,v0
2965,2024-07-01,0.0,0.03,-0.03,0.0,v0
2965,2024-08-01,0.0,0.04,-0.04,0.0,v0
2965,2024-09-01,0.0,0.05,-0.05,0.0,v0
2965,2024-10-01,0.0,0.05,-0.05,0.0,v0
2965,2024-11-01,0.01,0.0,0.01,0.0,v0
2965,2024-12-01,0.05,0.0,0.05,0.0,v0
2966,2024-07-01,0.0,0.17,-0.17,0.0,v0
2966,2024-08-01,0.0,0.14,-0.14,0.0,v0
2966,2024-09-01,0.0,0.12,-0.12,0.0,v0
2967,2024-07-01,0.0,0.01,-0.01,0.0,v0
2968,2024-07-01,0.0,0.03,-0.03,0.0,v0
2969,2024-07-01,0.0,0.3,-0.3,0.0,v0
2969,2024-08-01,0.0,0.03,-0.03,0.0,v0
2969,2024-09-01,0.0,0.02,-0.02,0.0,v0
2969,2024-10-01,0.0,0.02,-0.02,0.0,v0
2970,2024-07-01,0.01,0.0,0.01,0.0,v0
2970,2024-08-01,0.01,0.0,0.01,0.0,v0
2970,2024-09-01,0.01,0.0,0.01,0.0,v0
2971,2024-07-01,0.19,0.0,0.19,0.0,v0
2971,2024-08-01,0.09,0.0,0.09,0.0,v0
2972,2024-07-01,0.02,0.0,0.02,0.0,v0
2972,2024-08-01,0.02,0.0,0.02,0.0,v0
2972,2024-10-01,0.02,0.0,0.02,0.0,v0
2972,2024-11-01,0.01,0.0,0.01,0.0,v0
2973,2024-07-01,0.01,0.0,0.01,0.0,v0
2974,2024-07-01,0.0,0.01,-0.01,0.0,v0
2974,2024-08-01,0.0,0.01,-0.01,0.0,v0
2974,2024-09-01,0.0,0.01,-0.01,0.0,v0
2974,2024-10-01,0.07,0.0,0.07,0.0,v0
2974,2024-11-01,0.0,0.01,-0.01,0.0,v0
2974,2024-12-01,0.03,0.0,0.03,0.0,v0
2975,2024-07-01,0.03,0.0,0.03,0.0,v0
2976,2024-07-01,0.0,0.04,-0.04,0.0,v0
2976,2024-09-01,0.0,0.02,-0.02,0.0,v0
2977,2024-07-01,0.06,0.07,-0.010000000000000009,0.0,v0
2977,2024-08-01,0.0,0.09,-0.09,0.0,v0
2977,2024-09-01,0.0,0.07,-0.07,0.0,v0
2978,2024-07-01,0.0,0.04,-0.04,0.0,v0
2979,2024-07-01,0.0,0.02,-0.02,0.0,v0
2980,2024-07-01,0.0,0.19,-0.19,0.0,v0
2980,2024-08-01,0.0,0.17,-0.17,0.0,v0
2980,2024-09-01,0.0,0.12,-0.12,0.0,v0
2980,2024-10-01,0.0,0.11,-0.11,0.0,v0
2980,2024-12-01,0.0,0.25,-0.25,0.0,v0
2981,2024-07-01,0.0,0.04,-0.04,0.0,v0
2982,2024-07-01,0.0,3.4,-3.4,0.0,v0
2982,2024-08-01,0.0,1.4,-1.4,0.0,v0
2982,2024-09-01,0.0,1.5,-1.5,0.0,v0
2982,2024-10-01,0.0,1.2,-1.2,0.0,v0
2982,2024-11-01,0.0,1.1,-1.1,0.0,v0
2983,2024-07-01,0.0,0.05,-0.05,0.0,v0
2983,2024-08-01,0.0,0.07,-0.07,0.0,v0
2983,2024-09-01,0.0,0.05,-0.05,0.0,v0
2984,2024-07-01,0.0,0.01,-0.01,0.0,v0
2985,2024-07-01,0.03,0.0,0.03,0.0,v0
2985,2024-08-01,0.03,0.0,0.03,0.0,v0
2985,2024-09-01,0.05,0.0,0.05,0.0,v0
2985,2024-10-01,0.09,0.0,0.09,0.0,v0
2985,2024-11-01,0.05,0.0,0.05,0.0,v0
2985,2024-12-01,0.09,0.0,0.09,0.0,v0
2986,2024-07-01,1.3,0.0,1.3,0.0,v0
2986,2024-08-01,0.53,0.0,0.53,0.0,v0
2986,2024-09-01,0.56,0.0,0.56,0.0,v0
2986,2024-10-01,0.49,0.0,0.49,0.0,v0
2987,2024-07-01,0.0,0.04,-0.04,0.0,v0
2987,2024-08-01,0.0,0.04,-0.04,0.0,v0
2987,2024-09-01,0.0,0.03,-0.03,0.0,v0
2987,2024-11-01,0.0,0.03,-0.03,0.0,v0
2987,2024-12-01,0.0,0.03,-0.03,0.0,v0
2988,2024-07-01,0.0,0.01,-0.01,0.0,v0
2989,2024-07-01,0.0,0.01,-0.01,0.0,v0
2990,2024-07-01,0.04,0.0,0.04,0.0,v0
2990,2024-08-01,0.0,0.12,-0.12,0.0,v0
2990,2024-09-01,0.02,0.0,0.02,0.0,v0
2990,2024-10-01,0.05,0.0,0.05,0.0,v0
2991,2024-07-01,0.14,0.0,0.14,0.0,v0
2991,2024-08-01,0.05,0.0,0.05,0.0,v0
2991,2024-09-01,0.13,0.0,0.13,0.0,v0
2991,2024-10-01,0.4,0.0,0.4,0.0,v0
2991,2024-11-01,0.33,0.0,0.33,0.0,v0
2992,2024-07-01,0.0,0.06,-0.06,0.0,v0
2993,2024-07-01,0.2,0.0,0.2,0.0,v0
2994,2024-07-01,0.03,0.0,0.03,0.0,v0
2995,2024-07-01,0.0,0.14,-0.14,0.0,v0
2996,2024-07-01,0.0,0.01,-0.01,0.0,v0
2996,2024-12-01,0.0,0.02,-0.02,0.0,v0
2997,2024-07-01,0.23,0.37,-0.13999999999999999,0.0,v0
2997,2024-08-01,0.12,0.13,-0.010000000000000009,0.0,v0
2997,2024-09-01,0.0,0.03,-0.03,0.0,v0
2997,2024-10-01,0.25,0.1,0.15,0.0,v0
2997,2024-11-01,0.23,0.23,0.0,0.0,v0
2998,2024-07-01,0.03,0.0,0.03,0.0,v0
2998,2024-08-01,0.02,0.0,0.02,0.0,v0
2998,2024-09-01,0.04,0.0,0.04,0.0,v0
2998,2024-10-01,0.01,0.0,0.01,0.0,v0
2998,2024-11-01,0.27,0.16,0.11000000000000001,0.0,v0
2998,2024-12-01,0.02,0.0,0.02,0.0,v0
2999,2024-07-01,2.0,0.01,1.99,0.0,v0
3000,2024-07-01,0.48,0.0,0.48,0.0,v0
3000,2024-08-01,0.04,0.0,0.04,0.0,v0
3000,2024-09-01,0.77,0.0,0.77,0.0,v0
3000,2024-10-01,0.68,0.0,0.68,0.0,v0
3000,2024-11-01,0.06,3.5,-3.44,0.0,v0
3000,2024-12-01,0.06,3.6,-3.54,0.0,v0
3001,2024-07-01,0.0,0.01,-0.01,0.0,v0
3002,2024-07-01,0.06,0.01,0.049999999999999996,0.0,v0
3003,2024-07-01,0.0,1.7,-1.7,0.0,v0
3003,2024-08-01,0.0,0.77,-0.77,0.0,v0
3003,2024-09-01,0.0,0.59,-0.59,0.0,v0
3003,2024-10-01,0.0,0.19,-0.19,0.0,v0
3003,2024-11-01,0.0,0.09,-0.09,0.0,v0
3003,2024-12-01,0.0,0.25,-0.25,0.0,v0
3004,2024-08-01,0.0,0.03,-0.03,0.0,v0
3004,2024-09-01,0.0,0.02,-0.02,0.0,v0
3004,2024-10-01,0.0,0.06,-0.06,0.0,v0
3004,2024-11-01,0.0,0.03,-0.03,0.0,v0
3004,2024-12-01,0.0,0.12,-0.12,0.0,v0
3005,2024-07-01,0.0,0.01,-0.01,0.0,v0
3006,2024-07-01,0.0,0.45,-0.45,0.0,v0
3006,2024-09-01,0.08,0.08,0.0,0.0,v0
3006,2024-10-01,0.0,0.04,-0.04,0.0,v0
3006,2024-11-01,0.0,0.08,-0.08,0.0,v0
3006,2024-12-01,0.0,0.13,-0.13,0.0,v0
3007,2024-07-01,0.05,0.0,0.05,0.0,v0
3008,2024-07-01,0.43,0.27,0.15999999999999998,0.0,v0
3008,2024-08-01,0.05,0.17,-0.12000000000000001,0.0,v0
3008,2024-09-01,0.51,0.0,0.51,0.0,v0
3008,2024-10-01,0.01,0.25,-0.24,0.0,v0
3008,2024-11-01,0.0,0.28,-0.28,0.0,v0
3008,2024-12-01,0.0,0.11,-0.11,0.0,v0
3009,2024-07-01,0.0,7.1,-7.1,0.0,v0
3009,2024-08-01,0.17,0.0,0.17,0.0,v0
3010,2024-07-01,0.06,0.08,-0.020000000000000004,0.0,v0
3010,2024-08-01,0.0,0.04,-0.04,0.0,v0
3010,2024-09-01,0.12,0.04,0.07999999999999999,0.0,v0
3010,2024-10-01,0.0,0.07,-0.07,0.0,v0
3010,2024-11-01,0.03,0.04,-0.010000000000000002,0.0,v0
3011,2024-07-01,0.19,0.0,0.19,0.0,v0
3011,2024-08-01,0.15,0.17,-0.020000000000000018,0.0,v0
3011,2024-09-01,0.84,0.32,0.52,0.0,v0
3011,2024-10-01,0.47,0.6,-0.13,0.0,v0
3011,2024-11-01,0.86,0.39,0.47,0.0,v0
3011,2024-12-01,0.46,0.36,0.10000000000000003,0.0,v0
3012,2024-07-01,0.6,0.46,0.13999999999999996,0.0,v0
3013,2024-07-01,0.01,0.0,0.01,0.0,v0
3013,2024-08-01,0.0,0.05,-0.05,0.0,v0
3013,2024-09-01,0.7,1.4,-0.7,0.0,v0
3013,2024-10-01,0.0,0.01,-0.01,0.0,v0
3013,2024-11-01,0.01,0.33,-0.32,0.0,v0
3013,2024-12-01,0.01,0.0,0.01,0.0,v0
3014,2024-07-01,0.02,0.0,0.02,0.0,v0
3014,2024-08-01,0.08,0.0,0.08,0.0,v0
3015,2024-07-01,0.0,0.09,-0.09,0.0,v0
3016,2024-07-01,0.02,0.0,0.02,0.0,v0
3016,2024-08-01,0.11,0.0,0.11,0.0,v0
3017,2024-07-01,0.0,0.03,-0.03,0.0,v0
3017,2024-08-01,0.0,0.03,-0.03,0.0,v0
3018,2024-07-01,0.33,0.0,0.33,0.0,v0
3018,2024-08-01,0.41,0.0,0.41,0.0,v0
3018,2024-09-01,0.48,0.0,0.48,0.0,v0
3018,2024-10-01,0.4,0.0,0.4,0.0,v0
3018,2024-11-01,0.5,0.0,0.5,0.0,v0
3018,2024-12-01,0.14,0.0,0.14,0.0,v0
3019,2024-07-01,0.0,0.09,-0.09,0.0,v0
3020,2024-07-01,0.0,0.01,-0.01,0.0,v0
3021,2024-07-01,0.0,0.01,-0.01,0.0,v0
3022,2024-07-01,0.09,0.03,0.06,0.0,v0
3022,2024-08-01,0.0,0.05,-0.05,0.0,v0
3022,2024-09-01,0.05,0.01,0.04,0.0,v0
3022,2024-11-01,0.0,0.01,-0.01,0.0,v0
3022,2024-12-01,0.07,0.05,0.020000000000000004,0.0,v0
3023,2024-07-01,0.0,0.01,-0.01,0.0,v0
3024,2024-07-01,0.0,0.03,-0.03,0.0,v0
3025,2024-08-01,0.0,0.23,-0.23,0.0,v0
3025,2024-09-01,0.0,0.15,-0.15,0.0,v0
3025,2024-10-01,0.0,0.13,-0.13,0.0,v0
3025,2024-11-01,0.0,0.14,-0.14,0.0,v0
3025,2024-12-01,0.0,0.11,-0.11,0.0,v0
3026,2024-07-01,0.0,0.02,-0.02,0.0,v0
3026,2024-08-01,0.0,0.02,-0.02,0.0,v0
3026,2024-09-01,0.0,0.01,-0.01,0.0,v0
3026,2024-11-01,0.0,0.01,-0.01,0.0,v0
3026,2024-12-01,0.0,0.01,-0.01,0.0,v0
3027,2024-07-01,0.02,0.0,0.02,0.0,v0
3028,2024-07-01,0.0,0.06,-0.06,0.0,v0
3029,2024-07-01,0.0,0.42,-0.42,0.0,v0
3029,2024-08-01,0.0,0.43,-0.43,0.0,v0
3029,2024-09-01,0.0,0.4,-0.4,0.0,v0
3029,2024-10-01,0.0,0.24,-0.24,0.0,v0
3029,2024-11-01,0.0,0.48,-0.48,0.0,v0
3029,2024-12-01,0.0,0.4,-0.4,0.0,v0
3030,2024-07-01,0.03,0.0,0.03,0.0,v0
3031,2024-07-01,0.02,0.05,-0.030000000000000002,0.0,v0
3032,2024-07-01,0.0,0.02,-0.02,0.0,v0
3032,2024-08-01,0.0,0.01,-0.01,0.0,v0
3032,2024-12-01,0.0,0.01,-0.01,0.0,v0
3033,2024-07-01,0.0,0.14,-0.14,0.0,v0
3033,2024-08-01,0.0,0.33,-0.33,0.0,v0
3033,2024-09-01,0.04,0.0,0.04,0.0,v0
3033,2024-10-01,0.0,0.26,-0.26,0.0,v0
3033,2024-12-01,0.0,0.11,-0.11,0.0,v0
3034,2024-07-01,0.0,0.04,-0.04,0.0,v0
3035,2024-07-01,0.0,0.05,-0.05,0.0,v0
3036,2024-07-01,0.0,0.88,-0.88,0.0,v0
3037,2024-07-01,0.26,0.0,0.26,0.0,v0
3037,2024-08-01,0.11,0.0,0.11,0.0,v0
3037,2024-10-01,0.04,0.0,0.04,0.0,v0
3037,2024-11-01,0.1,0.0,0.1,0.0,v0
3038,2024-07-01,0.14,0.0,0.14,0.0,v0
3039,2024-07-01,0.0,0.12,-0.12,0.0,v0
3039,2024-08-01,0.0,0.13,-0.13,0.0,v0
3039,2024-10-01,0.0,0.13,-0.13,0.0,v0
3039,2024-12-01,0.0,0.07,-0.07,0.0,v0
3040,2024-08-01,0.0,0.08,-0.08,0.0,v0
3041,2024-08-01,0.0,0.15,-0.15,0.0,v0
3041,2024-09-01,0.0,0.07,-0.07,0.0,v0
3041,2024-10-01,0.0,0.09,-0.09,0.0,v0
3041,2024-11-01,0.0,0.15,-0.15,0.0,v0
3042,2024-08-01,0.0,2.6,-2.6,0.0,v0
3043,2024-08-01,0.0,0.19,-0.19,0.0,v0
3043,2024-10-01,0.0,0.11,-0.11,0.0,v0
3043,2024-11-01,0.0,0.11,-0.11,0.0,v0
3044,2024-09-01,0.16,0.03,0.13,0.0,v0
3044,2024-10-01,0.07,0.01,0.060000000000000005,0.0,v0
3044,2024-11-01,0.11,0.03,0.08,0.0,v0
3044,2024-12-01,0.15,0.02,0.13,0.0,v0
3045,2024-08-01,0.0,0.08,-0.08,0.0,v0
3045,2024-09-01,0.0,0.06,-0.06,0.0,v0
3045,2024-10-01,0.0,0.04,-0.04,0.0,v0
3045,2024-11-01,0.0,0.08,-0.08,0.0,v0
3046,2024-08-01,0.0,0.17,-0.17,0.0,v0
3047,2024-08-01,0.0,0.01,-0.01,0.0,v0
3047,2024-11-01,0.0,0.03,-0.03,0.0,v0
3047,2024-12-01,0.0,0.05,-0.05,0.0,v0
3048,2024-08-01,0.41,0.02,0.38999999999999996,0.0,v0
3048,2024-09-01,0.6,0.0,0.6,0.0,v0
3048,2024-10-01,0.49,0.0,0.49,0.0,v0
3048,2024-11-01,0.24,0.04,0.19999999999999998,0.0,v0
3048,2024-12-01,1.1,0.03,1.07,0.0,v0
3049,2024-08-01,0.1,0.0,0.1,0.0,v0
3049,2024-09-01,5.1,0.55,4.55,0.0,v0
3049,2024-10-01,6.5,0.43,6.07,0.0,v0
3049,2024-11-01,5.8,0.39,5.41,0.0,v0
3050,2024-08-01,0.01,0.0,0.01,0.0,v0
3050,2024-09-01,0.02,0.0,0.02,0.0,v0
3050,2024-10-01,0.02,0.0,0.02,0.0,v0
3050,2024-11-01,0.04,0.0,0.04,0.0,v0
3050,2024-12-01,0.0,0.03,-0.03,0.0,v0
3051,2024-08-01,0.04,0.69,-0.6499999999999999,0.0,v0
3051,2024-09-01,0.0,0.38,-0.38,0.0,v0
3051,2024-10-01,0.0,0.42,-0.42,0.0,v0
3051,2024-11-01,0.0,0.3,-0.3,0.0,v0
3051,2024-12-01,0.17,0.31,-0.13999999999999999,0.0,v0
3052,2024-08-01,0.0,0.14,-0.14,0.0,v0
3053,2024-08-01,0.4,0.0,0.4,0.0,v0
3054,2024-08-01,0.03,0.0,0.03,0.0,v0
3054,2024-10-01,0.07,0.0,0.07,0.0,v0
3054,2024-11-01,0.02,0.0,0.02,0.0,v0
3054,2024-12-01,0.47,0.0,0.47,0.0,v0
3055,2024-08-01,0.01,0.0,0.01,0.0,v0
3056,2024-08-01,0.0,0.03,-0.03,0.0,v0
3056,2024-09-01,0.0,0.12,-0.12,0.0,v0
3056,2024-10-01,0.0,0.02,-0.02,0.0,v0
3056,2024-11-01,0.0,0.06,-0.06,0.0,v0
3056,2024-12-01,0.0,0.02,-0.02,0.0,v0
3057,2024-08-01,0.01,0.0,0.01,0.0,v0
3058,2024-08-01,0.05,0.0,0.05,0.0,v0
3059,2024-08-01,0.0,0.03,-0.03,0.0,v0
3059,2024-09-01,12.0,0.0,12.0,0.0,v0
3059,2024-10-01,18.0,0.03,17.97,0.0,v0
3059,2024-11-01,10.0,0.34,9.66,0.0,v0
3060,2024-08-01,0.04,0.0,0.04,0.0,v0
3061,2024-08-01,0.0,0.02,-0.02,0.0,v0
3061,2024-09-01,0.0,0.02,-0.02,0.0,v0
3062,2024-08-01,0.05,0.0,0.05,0.0,v0
3063,2024-08-01,0.25,0.01,0.24,0.0,v0
3063,2024-09-01,0.39,0.02,0.37,0.0,v0
3063,2024-10-01,0.14,0.0,0.14,0.0,v0
3063,2024-11-01,0.2,0.02,0.18000000000000002,0.0,v0
3063,2024-12-01,0.2,0.01,0.19,0.0,v0
3064,2024-08-01,0.06,0.0,0.06,0.0,v0
3064,2024-09-01,0.31,0.0,0.31,0.0,v0
3064,2024-10-01,0.01,0.0,0.01,0.0,v0
3064,2024-11-01,0.19,0.0,0.19,0.0,v0
3064,2024-12-01,0.02,0.0,0.02,0.0,v0
3065,2024-08-01,0.01,0.0,0.01,0.0,v0
3066,2024-08-01,0.0,0.02,-0.02,0.0,v0
3066,2024-09-01,0.0,0.01,-0.01,0.0,v0
3066,2024-11-01,0.0,0.01,-0.01,0.0,v0
3066,2024-12-01,0.0,0.02,-0.02,0.0,v0
3067,2024-08-01,0.3,0.02,0.27999999999999997,0.0,v0
3067,2024-09-01,0.11,0.02,0.09,0.0,v0
3068,2024-08-01,0.06,0.0,0.06,0.0,v0
3069,2024-08-01,0.01,0.0,0.01,0.0,v0
3069,2024-09-01,0.19,0.0,0.19,0.0,v0
3069,2024-10-01,0.0,0.06,-0.06,0.0,v0
3070,2024-08-01,0.2,0.0,0.2,0.0,v0
3070,2024-09-01,0.01,0.0,0.01,0.0,v0
3070,2024-10-01,0.0,0.18,-0.18,0.0,v0
3071,2024-08-01,0.0,0.07,-0.07,0.0,v0
3071,2024-09-01,0.0,0.02,-0.02,0.0,v0
3071,2024-10-01,0.0,0.01,-0.01,0.0,v0
3071,2024-11-01,0.0,0.01,-0.01,0.0,v0
3071,2024-12-01,0.01,0.01,0.0,0.0,v0
3072,2024-08-01,0.07,0.02,0.05,0.0,v0
3072,2024-09-01,0.0,0.05,-0.05,0.0,v0
3072,2024-10-01,0.01,0.0,0.01,0.0,v0
3072,2024-11-01,0.0,0.01,-0.01,0.0,v0
3073,2024-08-01,0.03,0.0,0.03,0.0,v0
3074,2024-08-01,0.09,0.0,0.09,0.0,v0
3075,2024-08-01,0.16,0.24,-0.07999999999999999,0.0,v0
3075,2024-09-01,0.01,0.15,-0.13999999999999999,0.0,v0
3075,2024-10-01,0.05,0.15,-0.09999999999999999,0.0,v0
3075,2024-11-01,0.1,0.16,-0.06,0.0,v0
3075,2024-12-01,0.15,0.24,-0.09,0.0,v0
3076,2024-08-01,0.0,0.01,-0.01,0.0,v0
3076,2024-09-01,0.0,0.07,-0.07,0.0,v0
3076,2024-10-01,0.2,0.0,0.2,0.0,v0
3076,2024-11-01,0.2,0.0,0.2,0.0,v0
3077,2024-08-01,0.0,0.47,-0.47,0.0,v0
3078,2024-08-01,0.0,0.01,-0.01,0.0,v0
3079,2024-08-01,0.0,0.01,-0.01,0.0,v0
3080,2024-08-01,0.0,0.06,-0.06,0.0,v0
3081,2024-08-01,0.55,0.0,0.55,0.0,v0
3082,2024-08-01,0.0,0.01,-0.01,0.0,v0
3083,2024-08-01,0.14,0.0,0.14,0.0,v0
3084,2024-08-01,0.0,0.3,-0.3,0.0,v0
3085,2024-08-01,0.0,1.4,-1.4,0.0,v0
3086,2024-08-01,0.0,0.04,-0.04,0.0,v0
3086,2024-09-01,0.0,0.04,-0.04,0.0,v0
3086,2024-10-01,0.0,0.21,-0.21,0.0,v0
3086,2024-11-01,0.0,0.02,-0.02,0.0,v0
3087,2024-08-01,0.07,0.35,-0.27999999999999997,0.0,v0
3088,2024-08-01,0.0,0.04,-0.04,0.0,v0
3088,2024-09-01,0.0,0.02,-0.02,0.0,v0
3089,2024-08-01,0.04,0.0,0.04,0.0,v0
3089,2024-09-01,0.04,0.0,0.04,0.0,v0
3089,2024-10-01,0.0,0.05,-0.05,0.0,v0
3089,2024-11-01,0.0,0.02,-0.02,0.0,v0
3090,2024-08-01,0.0,0.02,-0.02,0.0,v0
3091,2024-08-01,0.0,0.01,-0.01,0.0,v0
3092,2024-08-01,0.0,0.1,-0.1,0.0,v0
3093,2024-08-01,0.15,0.0,0.15,0.0,v0
3093,2024-09-01,0.18,0.0,0.18,0.0,v0
3093,2024-10-01,0.06,0.0,0.06,0.0,v0
3093,2024-11-01,0.11,0.0,0.11,0.0,v0
3093,2024-12-01,0.0,0.13,-0.13,0.0,v0
3094,2024-08-01,0.0,0.01,-0.01,0.0,v0
3095,2024-08-01,0.0,0.02,-0.02,0.0,v0
3095,2024-09-01,0.0,0.16,-0.16,0.0,v0
3095,2024-10-01,0.0,0.12,-0.12,0.0,v0
3095,2024-11-01,0.0,0.04,-0.04,0.0,v0
3096,2024-08-01,0.0,0.01,-0.01,0.0,v0
3096,2024-09-01,0.0,0.06,-0.06,0.0,v0
3097,2024-08-01,0.0,0.09,-0.09,0.0,v0
3097,2024-09-01,0.3,0.0,0.3,0.0,v0
3097,2024-10-01,0.21,0.0,0.21,0.0,v0
3098,2024-08-01,0.01,0.0,0.01,0.0,v0
3099,2024-08-01,0.15,0.0,0.15,0.0,v0
3099,2024-09-01,0.12,0.0,0.12,0.0,v0
3099,2024-10-01,0.0,0.03,-0.03,0.0,v0
3099,2024-12-01,0.0,0.03,-0.03,0.0,v0
3100,2024-08-01,0.01,0.0,0.01,0.0,v0
3101,2024-08-01,0.0,0.04,-0.04,0.0,v0
3101,2024-09-01,0.0,0.01,-0.01,0.0,v0
3101,2024-11-01,0.0,0.02,-0.02,0.0,v0
3102,2024-08-01,0.0,0.05,-0.05,0.0,v0
3103,2024-08-01,0.02,0.02,0.0,0.0,v0
3103,2024-09-01,0.21,0.0,0.21,0.0,v0
3103,2024-10-01,0.17,0.0,0.17,0.0,v0
3103,2024-11-01,0.1,0.02,0.08,0.0,v0
3104,2024-08-01,0.17,0.0,0.17,0.0,v0
3104,2024-09-01,0.04,0.0,0.04,0.0,v0
3104,2024-10-01,0.18,0.0,0.18,0.0,v0
3105,2024-08-01,0.0,2.7,-2.7,0.0,v0
3106,2024-08-01,0.0,0.04,-0.04,0.0,v0
3106,2024-09-01,0.0,0.12,-0.12,0.0,v0
3106,2024-10-01,0.0,0.26,-0.26,0.0,v0
3107,2024-08-01,0.0,0.76,-0.76,0.0,v0
3108,2024-08-01,0.0,0.01,-0.01,0.0,v0
3109,2024-08-01,0.0,3.6,-3.6,0.0,v0
3110,2024-09-01,0.0,0.18,-0.18,0.0,v0
3110,2024-10-01,0.0,0.08,-0.08,0.0,v0
3110,2024-11-01,0.0,0.03,-0.03,0.0,v0
3111,2024-09-01,0.0,2.7,-2.7,0.0,v0
3111,2024-10-01,0.01,2.9,-2.89,0.0,v0
3111,2024-11-01,0.0,2.5,-2.5,0.0,v0
3111,2024-12-01,0.0,0.16,-0.16,0.0,v0
3112,2024-09-01,0.0,0.08,-0.08,0.0,v0
3112,2024-10-01,0.0,0.08,-0.08,0.0,v0
3113,2024-09-01,0.09,0.0,0.09,0.0,v0
3113,2024-10-01,0.09,0.0,0.09,0.0,v0
3113,2024-11-01,0.13,0.0,0.13,0.0,v0
3113,2024-12-01,0.15,0.0,0.15,0.0,v0
3114,2024-09-01,0.0,0.05,-0.05,0.0,v0
3114,2024-10-01,0.0,0.01,-0.01,0.0,v0
3114,2024-11-01,0.0,0.02,-0.02,0.0,v0
3115,2024-09-01,0.02,0.0,0.02,0.0,v0
3115,2024-10-01,0.03,0.0,0.03,0.0,v0
3115,2024-11-01,0.01,0.0,0.01,0.0,v0
3115,2024-12-01,0.02,0.0,0.02,0.0,v0
3116,2024-09-01,0.1,0.0,0.1,0.0,v0
3116,2024-10-01,0.05,0.0,0.05,0.0,v0
3116,2024-11-01,0.06,0.0,0.06,0.0,v0
3116,2024-12-01,0.22,0.0,0.22,0.0,v0
3117,2024-09-01,0.01,0.0,0.01,0.0,v0
3118,2024-09-01,0.0,0.01,-0.01,0.0,v0
3118,2024-10-01,0.0,0.03,-0.03,0.0,v0
3118,2024-11-01,0.0,0.07,-0.07,0.0,v0
3118,2024-12-01,0.0,0.03,-0.03,0.0,v0
3119,2024-09-01,0.0,0.04,-0.04,0.0,v0
3120,2024-09-01,0.04,0.0,0.04,0.0,v0
3120,2024-10-01,0.37,0.0,0.37,0.0,v0
3120,2024-11-01,0.0,0.01,-0.01,0.0,v0
3120,2024-12-01,0.0,0.02,-0.02,0.0,v0
3121,2024-09-01,1.3,0.06,1.24,0.0,v0
3122,2024-09-01,0.57,0.0,0.57,0.0,v0
3122,2024-10-01,0.88,0.0,0.88,0.0,v0
3122,2024-11-01,0.99,0.08,0.91,0.0,v0
3122,2024-12-01,1.0,0.03,0.97,0.0,v0
3123,2024-09-01,0.0,0.01,-0.01,0.0,v0
3124,2024-09-01,0.03,0.0,0.03,0.0,v0
3124,2024-10-01,3.3,0.0,3.3,0.0,v0
3124,2024-11-01,5.1,0.6,4.5,0.0,v0
3124,2024-12-01,13.0,0.22,12.78,0.0,v0
3125,2024-09-01,0.04,0.0,0.04,0.0,v0
3126,2024-09-01,0.5,0.0,0.5,0.0,v0
3126,2024-10-01,0.0,0.01,-0.01,0.0,v0
3126,2024-11-01,0.49,0.0,0.49,0.0,v0
3126,2024-12-01,0.43,0.0,0.43,0.0,v0
3127,2024-09-01,0.0,0.03,-0.03,0.0,v0
3127,2024-10-01,0.36,0.0,0.36,0.0,v0
3128,2024-09-01,0.0,0.03,-0.03,0.0,v0
3129,2024-09-01,0.0,0.95,-0.95,0.0,v0
3130,2024-09-01,0.0,0.19,-0.19,0.0,v0
3131,2024-09-01,0.04,0.0,0.04,0.0,v0
3132,2024-09-01,0.0,0.1,-0.1,0.0,v0
3133,2024-09-01,0.0,0.23,-0.23,0.0,v0
3133,2024-10-01,0.0,0.23,-0.23,0.0,v0
3134,2024-09-01,0.05,0.0,0.05,0.0,v0
3134,2024-10-01,0.15,0.01,0.13999999999999999,0.0,v0
3134,2024-11-01,0.0,0.33,-0.33,0.0,v0
3134,2024-12-01,0.14,0.01,0.13,0.0,v0
3135,2024-09-01,0.0,0.03,-0.03,0.0,v0
3136,2024-09-01,0.0,0.04,-0.04,0.0,v0
3137,2024-09-01,0.0,0.04,-0.04,0.0,v0
3137,2024-10-01,0.0,0.03,-0.03,0.0,v0
3137,2024-11-01,0.0,0.02,-0.02,0.0,v0
3137,2024-12-01,0.0,0.02,-0.02,0.0,v0
3138,2024-09-01,0.0,0.03,-0.03,0.0,v0
3139,2024-09-01,0.0,0.01,-0.01,0.0,v0
3139,2024-10-01,0.0,0.01,-0.01,0.0,v0
3139,2024-11-01,0.0,0.05,-0.05,0.0,v0
3139,2024-12-01,0.03,0.02,0.009999999999999998,0.0,v0
3140,2024-09-01,0.22,0.0,0.22,0.0,v0
3141,2024-09-01,0.04,0.0,0.04,0.0,v0
3141,2024-10-01,0.03,0.0,0.03,0.0,v0
3142,2024-09-01,0.0,0.26,-0.26,0.0,v0
3142,2024-10-01,0.0,0.03,-0.03,0.0,v0
3143,2024-09-01,0.0,0.05,-0.05,0.0,v0
3144,2024-09-01,0.03,0.0,0.03,0.0,v0
3145,2024-09-01,0.0,0.13,-0.13,0.0,v0
3145,2024-10-01,0.0,0.06,-0.06,0.0,v0
3145,2024-11-01,0.0,0.15,-0.15,0.0,v0
3145,2024-12-01,0.0,0.15,-0.15,0.0,v0
3146,2024-09-01,0.03,0.0,0.03,0.0,v0
3147,2024-09-01,0.02,0.0,0.02,0.0,v0
3148,2024-09-01,0.05,0.0,0.05,0.0,v0
3148,2024-10-01,0.0,0.01,-0.01,0.0,v0
3148,2024-11-01,0.0,0.06,-0.06,0.0,v0
3148,2024-12-01,0.03,0.0,0.03,0.0,v0
3149,2024-09-01,0.05,0.04,0.010000000000000002,0.0,v0
3149,2024-10-01,0.42,0.0,0.42,0.0,v0
3149,2024-11-01,0.26,0.0,0.26,0.0,v0
3149,2024-12-01,0.06,0.0,0.06,0.0,v0
3150,2024-09-01,0.03,0.0,0.03,0.0,v0
3151,2024-09-01,0.0,0.02,-0.02,0.0,v0
3152,2024-09-01,0.25,0.0,0.25,0.0,v0
3152,2024-10-01,0.24,0.0,0.24,0.0,v0
3152,2024-11-01,0.04,0.0,0.04,0.0,v0
3152,2024-12-01,0.17,0.0,0.17,0.0,v0
3153,2024-09-01,0.0,0.04,-0.04,0.0,v0
3154,2024-09-01,0.03,0.0,0.03,0.0,v0
3155,2024-09-01,0.01,0.0,0.01,0.0,v0
3155,2024-10-01,0.0,0.07,-0.07,0.0,v0
3155,2024-11-01,0.0,0.06,-0.06,0.0,v0
3156,2024-09-01,0.0,0.01,-0.01,0.0,v0
3157,2024-09-01,0.05,0.0,0.05,0.0,v0
3157,2024-11-01,0.79,1.4,-0.6099999999999999,0.0,v0
3158,2024-09-01,0.38,2.4,-2.02,0.0,v0
3158,2024-10-01,0.24,0.82,-0.58,0.0,v0
3159,2024-09-01,0.04,0.01,0.03,0.0,v0
3159,2024-10-01,0.07,0.09,-0.01999999999999999,0.0,v0
3159,2024-11-01,0.03,0.0,0.03,0.0,v0
3160,2024-09-01,0.0,0.01,-0.01,0.0,v0
3160,2024-10-01,0.0,0.01,-0.01,0.0,v0
3160,2024-11-01,0.0,0.01,-0.01,0.0,v0
3161,2024-09-01,0.0,0.01,-0.01,0.0,v0
3161,2024-10-01,0.0,0.11,-0.11,0.0,v0
3162,2024-09-01,0.1,0.0,0.1,0.0,v0
3163,2024-09-01,0.0,0.15,-0.15,0.0,v0
3164,2024-09-01,0.01,0.0,0.01,0.0,v0
3165,2024-09-01,0.01,0.0,0.01,0.0,v0
3165,2024-10-01,0.01,0.0,0.01,0.0,v0
3165,2024-12-01,0.06,0.0,0.06,0.0,v0
3166,2024-09-01,0.27,0.0,0.27,0.0,v0
3166,2024-10-01,0.02,0.0,0.02,0.0,v0
3166,2024-12-01,0.07,0.0,0.07,0.0,v0
3167,2024-09-01,0.02,0.0,0.02,0.0,v0
3168,2024-09-01,0.0,0.02,-0.02,0.0,v0
3169,2024-09-01,0.01,0.59,-0.58,0.0,v0
3169,2024-10-01,0.0,0.23,-0.23,0.0,v0
3169,2024-11-01,0.0,0.15,-0.15,0.0,v0
3170,2024-09-01,0.0,0.03,-0.03,0.0,v0
3170,2024-11-01,0.0,0.04,-0.04,0.0,v0
3171,2024-09-01,0.0,0.01,-0.01,0.0,v0
3172,2024-09-01,0.02,0.0,0.02,0.0,v0
3172,2024-10-01,0.04,0.01,0.03,0.0,v0
3172,2024-11-01,0.03,0.0,0.03,0.0,v0
3172,2024-12-01,0.07,0.0,0.07,0.0,v0
3173,2024-09-01,0.04,0.0,0.04,0.0,v0
3173,2024-10-01,0.08,0.02,0.06,0.0,v0
3173,2024-11-01,0.0,0.01,-0.01,0.0,v0
3173,2024-12-01,0.03,0.0,0.03,0.0,v0
3174,2024-09-01,0.03,0.6,-0.57,0.0,v0
3175,2024-09-01,0.0,0.11,-0.11,0.0,v0
3176,2024-09-01,0.0,0.02,-0.02,0.0,v0
3177,2024-09-01,0.01,0.0,0.01,0.0,v0
3178,2024-09-01,0.57,0.0,0.57,0.0,v0
3178,2024-10-01,2.6,6.1,-3.4999999999999996,0.0,v0
3178,2024-11-01,2.4,0.0,2.4,0.0,v0
3178,2024-12-01,1.3,0.0,1.3,0.0,v0
3179,2024-09-01,0.0,0.02,-0.02,0.0,v0
3180,2024-09-01,0.0,0.2,-0.2,0.0,v0
3180,2024-10-01,0.0,0.37,-0.37,0.0,v0
3180,2024-11-01,0.0,0.06,-0.06,0.0,v0
3181,2024-09-01,0.0,0.04,-0.04,0.0,v0
3181,2024-10-01,0.0,0.07,-0.07,0.0,v0
3182,2024-10-01,0.0,0.2,-0.2,0.0,v0
3183,2024-10-01,0.0,0.01,-0.01,0.0,v0
3184,2024-10-01,0.02,0.17,-0.15000000000000002,0.0,v0
3184,2024-11-01,0.0,0.07,-0.07,0.0,v0
3184,2024-12-01,0.02,0.0,0.02,0.0,v0
3185,2024-10-01,0.0,0.02,-0.02,0.0,v0
3186,2024-10-01,0.02,0.03,-0.009999999999999998,0.0,v0
3187,2024-10-01,0.85,0.0,0.85,0.0,v0
3187,2024-11-01,0.08,0.44,-0.36,0.0,v0
3187,2024-12-01,0.0,0.17,-0.17,0.0,v0
3188,2024-10-01,0.0,0.01,-0.01,0.0,v0
3189,2024-10-01,0.0,0.01,-0.01,0.0,v0
3189,2024-12-01,0.0,0.03,-0.03,0.0,v0
3190,2024-10-01,0.0,0.15,-0.15,0.0,v0
3190,2024-11-01,0.0,0.13,-0.13,0.0,v0
3191,2024-10-01,0.0,0.01,-0.01,0.0,v0
3191,2024-11-01,0.0,0.02,-0.02,0.0,v0
3191,2024-12-01,0.0,0.15,-0.15,0.0,v0
3192,2024-10-01,0.0,0.03,-0.03,0.0,v0
3193,2024-10-01,0.01,0.0,0.01,0.0,v0
3194,2024-10-01,0.06,0.0,0.06,0.0,v0
3194,2024-11-01,0.02,0.0,0.02,0.0,v0
3194,2024-12-01,0.07,0.0,0.07,0.0,v0
3195,2024-10-01,0.15,0.0,0.15,0.0,v0
3196,2024-10-01,0.04,0.0,0.04,0.0,v0
3196,2024-11-01,0.05,0.0,0.05,0.0,v0
3196,2024-12-01,0.01,0.0,0.01,0.0,v0
3197,2024-10-01,0.0,0.01,-0.01,0.0,v0
3197,2024-11-01,0.0,0.03,-0.03,0.0,v0
3197,2024-12-01,0.0,0.03,-0.03,0.0,v0
3198,2024-10-01,0.0,0.25,-0.25,0.0,v0
3199,2024-10-01,0.0,0.05,-0.05,0.0,v0
3199,2024-11-01,0.12,0.1,0.01999999999999999,0.0,v0
3199,2024-12-01,0.26,0.0,0.26,0.0,v0
3200,2024-10-01,0.01,0.0,0.01,0.0,v0
3200,2024-11-01,0.0,0.01,-0.01,0.0,v0
3201,2024-10-01,0.0,0.07,-0.07,0.0,v0
3201,2024-11-01,0.0,0.01,-0.01,0.0,v0
3201,2024-12-01,0.0,0.12,-0.12,0.0,v0
3202,2024-10-01,0.0,0.06,-0.06,0.0,v0
3203,2024-10-01,0.0,0.03,-0.03,0.0,v0
3204,2024-10-01,0.38,0.0,0.38,0.0,v0
3205,2024-10-01,0.02,0.0,0.02,0.0,v0
3205,2024-11-01,0.01,0.0,0.01,0.0,v0
3205,2024-12-01,0.06,0.0,0.06,0.0,v0
3206,2024-10-01,0.0,0.01,-0.01,0.0,v0
3207,2024-10-01,0.24,0.01,0.22999999999999998,0.0,v0
3208,2024-10-01,0.02,0.0,0.02,0.0,v0
3208,2024-11-01,0.08,0.0,0.08,0.0,v0
3209,2024-10-01,0.02,0.0,0.02,0.0,v0
3209,2024-11-01,0.17,0.0,0.17,0.0,v0
3209,2024-12-01,0.13,0.13,0.0,0.0,v0
3210,2024-10-01,0.07,0.0,0.07,0.0,v0
3211,2024-10-01,0.11,0.0,0.11,0.0,v0
3212,2024-10-01,0.05,0.0,0.05,0.0,v0
3212,2024-11-01,0.05,0.0,0.05,0.0,v0
3212,2024-12-01,0.04,0.0,0.04,0.0,v0
3213,2024-10-01,0.24,0.19,0.04999999999999999,0.0,v0
3213,2024-11-01,0.36,0.14,0.21999999999999997,0.0,v0
3213,2024-12-01,0.23,0.08,0.15000000000000002,0.0,v0
3214,2024-10-01,0.01,0.02,-0.01,0.0,v0
3214,2024-11-01,0.0,0.02,-0.02,0.0,v0
3214,2024-12-01,0.0,0.03,-0.03,0.0,v0
3215,2024-10-01,0.03,0.0,0.03,0.0,v0
3215,2024-11-01,0.02,0.07,-0.05,0.0,v0
3215,2024-12-01,0.0,0.16,-0.16,0.0,v0
3216,2024-10-01,0.03,0.0,0.03,0.0,v0
3217,2024-10-01,0.0,0.12,-0.12,0.0,v0
3218,2024-10-01,0.0,0.12,-0.12,0.0,v0
3218,2024-11-01,0.0,0.06,-0.06,0.0,v0
3218,2024-12-01,0.0,0.08,-0.08,0.0,v0
3219,2024-10-01,0.0,0.24,-0.24,0.0,v0
3220,2024-10-01,0.0,0.19,-0.19,0.0,v0
3220,2024-11-01,0.25,0.0,0.25,0.0,v0
3220,2024-12-01,1.8,0.0,1.8,0.0,v0
3221,2024-10-01,0.24,0.0,0.24,0.0,v0
3221,2024-11-01,0.15,0.0,0.15,0.0,v0
3222,2024-10-01,0.03,0.0,0.03,0.0,v0
3223,2024-10-01,0.03,0.0,0.03,0.0,v0
3224,2024-10-01,0.06,0.0,0.06,0.0,v0
3224,2024-11-01,0.02,0.0,0.02,0.0,v0
3224,2024-12-01,0.02,0.0,0.02,0.0,v0
3225,2024-10-01,0.01,0.02,-0.01,0.0,v0
3226,2024-10-01,0.0,0.02,-0.02,0.0,v0
3227,2024-10-01,0.0,0.01,-0.01,0.0,v0
3228,2024-10-01,0.0,0.11,-0.11,0.0,v0
3229,2024-10-01,0.0,0.1,-0.1,0.0,v0
3230,2024-10-01,0.03,0.0,0.03,0.0,v0
3230,2024-11-01,1.5,1.0,0.5,0.0,v0
3230,2024-12-01,0.49,0.01,0.48,0.0,v0
3231,2024-10-01,0.61,0.0,0.61,0.0,v0
3231,2024-11-01,0.0,0.22,-0.22,0.0,v0
3231,2024-12-01,0.05,0.02,0.030000000000000002,0.0,v0
3232,2024-10-01,0.0,0.09,-0.09,0.0,v0
3232,2024-11-01,0.0,0.08,-0.08,0.0,v0
3232,2024-12-01,0.0,0.16,-0.16,0.0,v0
3233,2024-10-01,0.0,0.05,-0.05,0.0,v0
3233,2024-11-01,0.0,0.09,-0.09,0.0,v0
3233,2024-12-01,0.0,0.09,-0.09,0.0,v0
3234,2024-10-01,0.02,0.01,0.01,0.0,v0
3234,2024-11-01,0.0,0.03,-0.03,0.0,v0
3234,2024-12-01,0.09,0.0,0.09,0.0,v0
3235,2024-10-01,0.01,0.0,0.01,0.0,v0
3235,2024-11-01,0.15,0.01,0.13999999999999999,0.0,v0
3235,2024-12-01,0.28,0.0,0.28,0.0,v0
3236,2024-10-01,0.05,0.0,0.05,0.0,v0
3237,2024-10-01,0.01,0.0,0.01,0.0,v0
3238,2024-10-01,0.0,0.02,-0.02,0.0,v0
3239,2024-10-01,0.0,0.03,-0.03,0.0,v0
3240,2024-10-01,0.0,0.05,-0.05,0.0,v0
3240,2024-11-01,0.0,0.05,-0.05,0.0,v0
3240,2024-12-01,0.0,0.07,-0.07,0.0,v0
3241,2024-10-01,0.0,0.01,-0.01,0.0,v0
3242,2024-10-01,0.0,0.06,-0.06,0.0,v0
3242,2024-11-01,0.0,0.08,-0.08,0.0,v0
3242,2024-12-01,0.02,0.09,-0.06999999999999999,0.0,v0
3243,2024-10-01,0.0,0.09,-0.09,0.0,v0
3244,2024-10-01,0.0,0.02,-0.02,0.0,v0
3244,2024-11-01,0.0,0.01,-0.01,0.0,v0
3244,2024-12-01,0.0,0.01,-0.01,0.0,v0
3245,2024-10-01,0.01,0.0,0.01,0.0,v0
3246,2024-10-01,0.0,0.51,-0.51,0.0,v0
3247,2024-10-01,0.0,0.11,-0.11,0.0,v0
3247,2024-11-01,0.0,0.13,-0.13,0.0,v0
3248,2024-10-01,0.39,0.0,0.39,0.0,v0
3248,2024-11-01,0.41,0.0,0.41,0.0,v0
3249,2024-10-01,7.6,0.0,7.6,0.0,v0
3249,2024-11-01,10.0,5.6,4.4,0.0,v0
3250,2024-10-01,0.0,0.15,-0.15,0.0,v0
3250,2024-11-01,0.0,0.26,-0.26,0.0,v0
3250,2024-12-01,0.0,0.04,-0.04,0.0,v0
3251,2024-10-01,0.16,0.22,-0.06,0.0,v0
3251,2024-11-01,0.07,0.56,-0.49000000000000005,0.0,v0
3251,2024-12-01,0.13,0.36,-0.22999999999999998,0.0,v0
3252,2024-10-01,0.03,0.0,0.03,0.0,v0
3252,2024-11-01,0.01,0.0,0.01,0.0,v0
3253,2024-10-01,0.0,1.1,-1.1,0.0,v0
3254,2024-10-01,0.0,0.07,-0.07,0.0,v0
3254,2024-11-01,0.0,0.11,-0.11,0.0,v0
3254,2024-12-01,0.0,0.05,-0.05,0.0,v0
3255,2024-10-01,0.0,0.02,-0.02,0.0,v0
3256,2024-11-01,0.02,0.0,0.02,0.0,v0
3257,2024-11-01,0.0,0.63,-0.63,0.0,v0
3257,2024-12-01,0.01,0.02,-0.01,0.0,v0
3258,2024-11-01,0.0,0.07,-0.07,0.0,v0
3259,2024-11-01,0.0,0.09,-0.09,0.0,v0
3259,2024-12-01,0.14,0.0,0.14,0.0,v0
3260,2024-11-01,0.01,0.0,0.01,0.0,v0
3261,2024-11-01,0.1,0.0,0.1,0.0,v0
3261,2024-12-01,0.1,0.0,0.1,0.0,v0
3262,2024-11-01,0.02,0.0,0.02,0.0,v0
3263,2024-11-01,0.0,0.68,-0.68,0.0,v0
3263,2024-12-01,0.0,0.74,-0.74,0.0,v0
3264,2024-11-01,1.1,0.0,1.1,0.0,v0
3264,2024-12-01,0.6,0.0,0.6,0.0,v0
3265,2024-11-01,0.01,0.0,0.01,0.0,v0
3265,2024-12-01,0.0,0.04,-0.04,0.0,v0
3266,2024-11-01,0.11,0.28,-0.17000000000000004,0.0,v0
3266,2024-12-01,0.12,0.94,-0.82,0.0,v0
3267,2024-11-01,0.0,0.02,-0.02,0.0,v0
3268,2024-11-01,0.24,0.2,0.03999999999999998,0.0,v0
3268,2024-12-01,0.33,0.29,0.040000000000000036,0.0,v0
3269,2024-11-01,0.0,0.14,-0.14,0.0,v0
3269,2024-12-01,0.7,0.0,0.7,0.0,v0
3270,2024-11-01,0.01,0.0,0.01,0.0,v0
3271,2024-11-01,1.1,0.44,0.6600000000000001,0.0,v0
3272,2024-11-01,0.24,0.0,0.24,0.0,v0
3273,2024-11-01,0.2,0.0,0.2,0.0,v0
3273,2024-12-01,0.19,0.03,0.16,0.0,v0
3274,2024-11-01,0.0,0.1,-0.1,0.0,v0
3274,2024-12-01,0.0,0.1,-0.1,0.0,v0
3275,2024-11-01,0.0,0.02,-0.02,0.0,v0
3276,2024-11-01,0.0,0.21,-0.21,0.0,v0
3277,2024-11-01,0.02,0.0,0.02,0.0,v0
3278,2024-11-01,0.0,0.05,-0.05,0.0,v0
3278,2024-12-01,16.0,0.93,15.07,0.0,v0
3279,2024-11-01,0.0,0.05,-0.05,0.0,v0
3279,2024-12-01,0.01,0.09,-0.08,0.0,v0
3280,2024-11-01,0.01,0.0,0.01,0.0,v0
3280,2024-12-01,1.1,0.0,1.1,0.0,v0
3281,2024-11-01,0.0,0.01,-0.01,0.0,v0
3282,2024-11-01,0.08,0.0,0.08,0.0,v0
3282,2024-12-01,0.07,0.0,0.07,0.0,v0
3283,2024-11-01,0.0,0.01,-0.01,0.0,v0
3283,2024-12-01,0.44,0.0,0.44,0.0,v0
3284,2024-11-01,0.04,0.0,0.04,0.0,v0
3284,2024-12-01,0.19,0.0,0.19,0.0,v0
3285,2024-11-01,0.0,0.01,-0.01,0.0,v0
3286,2024-11-01,0.05,0.0,0.05,0.0,v0
3287,2024-11-01,0.03,0.0,0.03,0.0,v0
3288,2024-11-01,0.0,0.04,-0.04,0.0,v0
3288,2024-12-01,0.0,0.03,-0.03,0.0,v0
3289,2024-11-01,0.66,0.01,0.65,0.0,v0
3289,2024-12-01,0.48,0.01,0.47,0.0,v0
3290,2024-11-01,0.81,0.0,0.81,0.0,v0
3290,2024-12-01,0.54,0.0,0.54,0.0,v0
3291,2024-11-01,0.0,0.05,-0.05,0.0,v0
3292,2024-11-01,0.0,0.03,-0.03,0.0,v0
3293,2024-11-01,0.01,0.0,0.01,0.0,v0
3293,2024-12-01,0.04,0.0,0.04,0.0,v0
3294,2024-11-01,0.0,0.01,-0.01,0.0,v0
3295,2024-11-01,0.0,0.08,-0.08,0.0,v0
3296,2024-11-01,0.0,0.03,-0.03,0.0,v0
3297,2024-11-01,0.0,0.36,-0.36,0.0,v0
3297,2024-12-01,0.15,0.0,0.15,0.0,v0
3298,2024-11-01,0.09,0.0,0.09,0.0,v0
3299,2024-11-01,0.0,0.66,-0.66,0.0,v0
3300,2024-11-01,0.0,0.03,-0.03,0.0,v0
3300,2024-12-01,0.0,0.05,-0.05,0.0,v0
3301,2024-11-01,0.01,0.0,0.01,0.0,v0
3301,2024-12-01,0.03,0.0,0.03,0.0,v0
3302,2024-11-01,0.04,0.0,0.04,0.0,v0
3303,2024-11-01,0.09,0.0,0.09,0.0,v0
3303,2024-12-01,0.05,0.0,0.05,0.0,v0
3304,2024-11-01,0.0,0.24,-0.24,0.0,v0
3304,2024-12-01,0.65,1.1,-0.45000000000000007,0.0,v0
3305,2024-11-01,0.0,0.13,-0.13,0.0,v0
3306,2024-11-01,0.0,0.01,-0.01,0.0,v0
3307,2024-11-01,0.05,0.0,0.05,0.0,v0
3307,2024-12-01,0.01,0.0,0.01,0.0,v0
3308,2024-11-01,0.0,0.02,-0.02,0.0,v0
3308,2024-12-01,0.0,0.02,-0.02,0.0,v0
3309,2024-11-01,0.01,0.0,0.01,0.0,v0
3310,2024-11-01,0.05,0.0,0.05,0.0,v0
3311,2024-11-01,0.0,0.28,-0.28,0.0,v0
3312,2024-11-01,0.01,0.68,-0.67,0.0,v0
3312,2024-12-01,0.22,0.65,-0.43000000000000005,0.0,v0
3313,2024-11-01,0.01,0.14,-0.13,0.0,v0
3313,2024-12-01,0.01,0.04,-0.03,0.0,v0
3314,2024-11-01,0.0,0.1,-0.1,0.0,v0
3314,2024-12-01,0.0,0.01,-0.01,0.0,v0
3315,2024-11-01,0.0,0.1,-0.1,0.0,v0
3315,2024-12-01,0.0,0.12,-0.12,0.0,v0
3316,2024-11-01,0.02,0.0,0.02,0.0,v0
3317,2024-11-01,0.0,0.02,-0.02,0.0,v0
3317,2024-12-01,0.04,0.0,0.04,0.0,v0
3318,2024-11-01,0.0,0.03,-0.03,0.0,v0
3319,2024-11-01,0.0,0.1,-0.1,0.0,v0
3319,2024-12-01,0.0,0.01,-0.01,0.0,v0
3320,2024-11-01,0.0,0.15,-0.15,0.0,v0
3320,2024-12-01,0.02,0.25,-0.23,0.0,v0
3321,2024-11-01,0.0,0.35,-0.35,0.0,v0
3321,2024-12-01,0.0,0.28,-0.28,0.0,v0
3322,2024-11-01,0.0,0.15,-0.15,0.0,v0
3322,2024-12-01,0.0,0.27,-0.27,0.0,v0
3323,2024-11-01,0.0,0.04,-0.04,0.0,v0
3323,2024-12-01,0.0,0.1,-0.1,0.0,v0
3324,2024-11-01,0.0,0.24,-0.24,0.0,v0
3324,2024-12-01,0.01,0.0,0.01,0.0,v0
3325,2024-11-01,0.0,0.01,-0.01,0.0,v0
3326,2024-11-01,0.03,0.0,0.03,0.0,v0
3327,2024-11-01,0.0,0.03,-0.03,0.0,v0
3327,2024-12-01,0.0,0.02,-0.02,0.0,v0
3328,2024-11-01,0.0,0.01,-0.01,0.0,v0
3329,2024-11-01,0.0,0.1,-0.1,0.0,v0
3329,2024-12-01,0.0,0.02,-0.02,0.0,v0
3330,2024-11-01,0.02,0.0,0.02,0.0,v0
3331,2024-11-01,0.0,0.02,-0.02,0.0,v0
3331,2024-12-01,0.0,0.11,-0.11,0.0,v0
3332,2024-11-01,0.0,0.05,-0.05,0.0,v0
3332,2024-12-01,0.0,0.1,-0.1,0.0,v0
3333,2024-11-01,0.0,0.8,-0.8,0.0,v0
3333,2024-12-01,1.5,2.9,-1.4,0.0,v0
3334,2024-11-01,0.0,0.05,-0.05,0.0,v0
3334,2024-12-01,0.0,0.04,-0.04,0.0,v0
3335,2024-11-01,0.0,0.37,-0.37,0.0,v0
3335,2024-12-01,0.0,0.71,-0.71,0.0,v0
3336,2024-11-01,0.0,2.4,-2.4,0.0,v0
3336,2024-12-01,0.0,2.6,-2.6,0.0,v0
3337,2024-11-01,0.0,0.01,-0.01,0.0,v0
3338,2024-11-01,0.0,0.04,-0.04,0.0,v0
3339,2024-11-01,0.0,0.17,-0.17,0.0,v0
3340,2024-12-01,0.01,0.0,0.01,0.0,v0
3341,2024-12-01,0.0,0.31,-0.31,0.0,v0
3342,2024-12-01,0.0,0.02,-0.02,0.0,v0
3343,2024-12-01,0.0,0.03,-0.03,0.0,v0
3344,2024-12-01,0.0,0.03,-0.03,0.0,v0
3345,2024-12-01,0.0,0.99,-0.99,0.0,v0
3346,2024-12-01,0.0,0.09,-0.09,0.0,v0
3347,2024-12-01,0.02,0.0,0.02,0.0,v0
3348,2024-12-01,0.0,0.02,-0.02,0.0,v0
3349,2024-12-01,0.0,0.08,-0.08,0.0,v0
3350,2024-12-01,0.05,0.0,0.05,0.0,v0
3351,2024-12-01,0.0,0.02,-0.02,0.0,v0
3352,2024-12-01,0.04,0.0,0.04,0.0,v0
3353,2024-12-01,0.24,0.0,0.24,0.0,v0
3354,2024-12-01,1.2,0.0,1.2,0.0,v0
3355,2024-12-01,5.1,0.31,4.79,0.0,v0
3356,2024-12-01,0.02,0.0,0.02,0.0,v0
3357,2024-12-01,0.02,0.0,0.02,0.0,v0
3358,2024-12-01,0.01,0.0,0.01,0.0,v0
3359,2024-12-01,0.77,0.23,0.54,0.0,v0
3360,2024-12-01,0.08,0.0,0.08,0.0,v0
3361,2024-12-01,0.02,0.15,-0.13,0.0,v0
3362,2024-12-01,0.06,0.0,0.06,0.0,v0
3363,2024-12-01,0.0,0.12,-0.12,0.0,v0
3364,2024-12-01,0.0,0.12,-0.12,0.0,v0
3365,2024-12-01,0.0,0.02,-0.02,0.0,v0
3366,2024-12-01,0.43,0.0,0.43,0.0,v0
3367,2024-12-01,0.09,0.0,0.09,0.0,v0
3368,2024-12-01,0.01,0.0,0.01,0.0,v0
3369,2024-12-01,0.0,0.15,-0.15,0.0,v0
3370,2024-12-01,0.0,0.2,-0.2,0.0,v0
3371,2024-12-01,0.04,0.0,0.04,0.0,v0
3372,2024-12-01,0.03,0.0,0.03,0.0,v0
3373,2024-12-01,0.02,0.0,0.02,0.0,v0
3374,2024-12-01,0.0,0.02,-0.02,0.0,v0
3375,2024-12-01,0.0,0.02,-0.02,0.0,v0
3376,2024-12-01,0.26,0.0,0.26,0.0,v0
3377,2024-12-01,0.0,0.06,-0.06,0.0,v0
3378,2024-12-01,0.32,0.0,0.32,0.0,v0
3379,2024-12-01,0.0,0.03,-0.03,0.0,v0
3380,2024-12-01,0.01,0.06,-0.049999999999999996,0.0,v0
3381,2024-12-01,0.34,0.0,0.34,0.0,v0
3382,2024-12-01,0.23,0.09,0.14,0.0,v0
3383,2024-12-01,0.07,0.0,0.07,0.0,v0
3384,2024-12-01,0.05,0.0,0.05,0.0,v0
3385,2024-12-01,0.0,0.19,-0.19,0.0,v0
3386,2024-12-01,0.03,0.0,0.03,0.0,v0
3387,2024-12-01,0.0,0.02,-0.02,0.0,v0
3388,2024-12-01,0.0,0.07,-0.07,0.0,v0
3389,2024-12-01,0.0,0.02,-0.02,0.0,v0
3390,2024-12-01,0.02,0.0,0.02,0.0,v0
3391,2024-12-01,0.2,0.0,0.2,0.0,v0
3392,2024-12-01,0.0,0.05,-0.05,0.0,v0
3393,2024-12-01,0.0,0.04,-0.04,0.0,v0
3394,2024-12-01,0.05,0.0,0.05,0.0,v0
3395,2024-12-01,0.0,0.53,-0.53,0.0,v0
3396,2024-12-01,0.01,0.0,0.01,0.0,v0
3397,2024-12-01,0.0,0.04,-0.04,0.0,v0
3398,2024-12-01,0.01,0.0,0.01,0.0,v0
3399,2024-12-01,1.4,0.02,1.38,0.0,v0
3400,2024-12-01,0.01,0.0,0.01,0.0,v0
3401,2024-12-01,0.11,0.0,0.11,0.0,v0
3402,2024-12-01,0.04,0.0,0.04,0.0,v0
3403,2024-12-01,0.09,0.0,0.09,0.0,v0
3404,2024-12-01,0.03,0.0,0.03,0.0,v0
3405,2024-12-01,0.0,0.03,-0.03,0.0,v0
3406,2024-12-01,0.0,0.03,-0.03,0.0,v0
3407,2024-12-01,0.0,0.09,-0.09,0.0,v0
3408,2024-12-01,0.0,0.33,-0.33,0.0,v0
3409,2024-12-01,0.0,2.8,-2.8,0.0,v0
3410,2024-12-01,0.0,0.08,-0.08,0.0,v0
3411,2024-12-01,0.0,0.08,-0.08,0.0,v0
