company_id,trade_month,fix_month,trade_date_bd,fix_date_bd,notional_usd,pnl_krw,actual_maturity_days,forward_price_30d,forward_price_adjusted,maturity_adjustment,status
1,2023-04-30,,2023-04-28,,4238.922505071116,0.0,,,,,open
2,2022-01-31,,2022-01-28,,24.504725408908428,0.0,,,,,open
3,2022-05-31,,2022-05-31,,2.742159456806416,0.0,,,,,open
4,2024-12-31,,2024-12-31,,8.064866222272194,0.0,,,,,open
5,2024-07-31,,2024-07-31,,5807.09462192444,0.0,,,,,open
6,2022-08-31,,2022-08-31,,16.58856536614197,0.0,,,,,open
7,2022-05-31,,2022-05-31,,10.968637827225663,0.0,,,,,open
8,2022-03-31,,2022-03-31,,5.454093731548858,0.0,,,,,open
9,2022-05-31,,2022-05-31,,5.484318913612832,0.0,,,,,open
10,2024-12-31,,2024-12-31,,13.44144370378699,0.0,,,,,open
11,2022-10-31,,2022-10-31,,5.5562463744935,0.0,,,,,open
12,2024-12-31,,2024-12-31,,103.05106839570024,0.0,,,,,open
13,2024-12-31,,2024-12-31,,16.129732444544388,0.0,,,,,open
14,2023-02-28,,2023-02-28,,2.7348096329354403,0.0,,,,,open
15,2024-03-31,,2024-03-29,,5.475588860977352,0.0,,,,,open
16,2022-02-28,,2022-02-28,,8.214763881887567,0.0,,,,,open
17,2022-02-28,,2022-02-28,,19.16778239107099,0.0,,,,,open
18,2022-01-31,,2022-01-28,,10.890989070625968,0.0,,,,,open
19,2024-08-31,,2024-08-30,,2.6943576284128357,0.0,,,,,open
20,2022-06-30,,2022-06-30,,253.17266661191596,0.0,,,,,open
21,2022-08-31,,2022-08-31,,13.823804471784975,0.0,,,,,open
22,2022-01-31,,2022-01-28,,68.06868169141231,0.0,,,,,open
23,2024-11-30,,2024-11-29,,2.70470632711295,0.0,,,,,open
24,2024-10-31,,2024-10-31,,21.709990190452096,0.0,,,,,open
25,2022-02-28,,2022-02-28,,10.953018509183423,0.0,,,,,open
26,2024-08-31,,2024-08-30,,8.083072885238508,0.0,,,,,open
27,2022-01-31,,2022-01-28,,381.1846174719089,0.0,,,,,open
28,2023-03-31,,2023-03-31,,5.455668586065999,0.0,,,,,open
29,2022-01-31,,2022-01-28,,204.2060450742369,0.0,,,,,open
30,2024-12-31,,2024-12-31,,89.60962469191325,0.0,,,,,open
31,2023-04-30,,2023-04-28,,2.7406826541408074,0.0,,,,,open
32,2024-11-30,,2024-11-29,,18.932944289790647,0.0,,,,,open
33,2024-05-31,,2024-05-31,,2.726178251644123,0.0,,,,,open
34,2024-06-30,,2024-06-28,,5.439578988286008,0.0,,,,,open
35,2023-04-30,,2023-04-28,,237.52583002553664,0.0,,,,,open
36,2022-01-31,,2022-01-28,,2.722747267656492,0.0,,,,,open
37,2024-09-30,,2024-09-30,,2.7018155314443613,0.0,,,,,open
38,2022-01-31,,2022-01-28,,2.722747267656492,0.0,,,,,open
39,2022-09-30,,2022-09-30,,5.530035542102655,0.0,,,,,open
40,2022-01-31,,2022-01-28,,2.722747267656492,0.0,,,,,open
41,2022-02-28,,2022-02-28,,13.691273136479278,0.0,,,,,open
42,2022-09-30,,2022-09-30,,115.20907379380532,0.0,,,,,open
43,2022-11-30,,2022-11-30,,2.7646148593489817,0.0,,,,,open
44,2022-08-31,,2022-08-31,,2.764760894356995,0.0,,,,,open
45,2022-06-30,,2022-06-30,,234.76010904014024,0.0,,,,,open
46,2022-08-31,,2022-08-31,,1105.904357742798,0.0,,,,,open
47,2022-04-30,,2022-04-29,,158.2658414457745,0.0,,,,,open
48,2022-01-31,,2022-01-28,,24.504725408908428,0.0,,,,,open
49,2022-09-30,,2022-09-30,,2.7650177710513275,0.0,,,,,open
50,2022-01-31,,2022-01-28,,49.91703324036902,0.0,,,,,open
51,2022-01-31,,2022-01-28,,45.3791211276082,0.0,,,,,open
52,2023-05-31,,2023-05-31,,10.940616809988587,0.0,,,,,open
53,2022-01-31,,2022-01-28,,16.33648360593895,0.0,,,,,open
54,2022-07-31,,2022-07-29,,45.99891130902021,0.0,,,,,open
55,2022-08-31,,2022-08-31,,64.51108753499655,0.0,,,,,open
56,2022-04-30,,2022-04-29,,5.426257420997983,0.0,,,,,open
57,2022-01-31,,2022-01-28,,217.81978141251938,0.0,,,,,open
58,2022-04-30,,2022-04-29,,10.852514841995966,0.0,,,,,open
59,2023-09-30,,2023-09-27,,77.62989714210849,0.0,,,,,open
60,2022-10-31,,2022-10-31,,13.89061593623375,0.0,,,,,open
61,2024-12-31,,2024-12-31,,2.6882887407573977,0.0,,,,,open
62,2024-12-31,,2024-12-31,,161.29732444544388,0.0,,,,,open
63,2022-04-30,,2022-04-29,,108.52514841995965,0.0,,,,,open
64,2022-03-31,,2022-03-31,,63.631093534736685,0.0,,,,,open
65,2022-02-28,,2022-02-28,,59.32885025807687,0.0,,,,,open
66,2022-10-31,,2022-10-31,,11.112492748987,0.0,,,,,open
67,2022-01-31,,2022-01-28,,127.06153915730296,0.0,,,,,open
68,2022-07-31,,2022-07-29,,436.989657435692,0.0,,,,,open
69,2023-07-31,,2023-07-31,,123.13611770927743,0.0,,,,,open
70,2022-10-31,,2022-10-31,,74.08328499324666,0.0,,,,,open
71,2022-10-31,,2022-10-31,,83.3436956174025,0.0,,,,,open
72,2022-12-31,,2022-12-30,,5.505552592707856,0.0,,,,,open
73,2022-02-28,,2022-02-28,,2.7382546272958557,0.0,,,,,open
74,2022-11-30,,2022-11-30,,281.06917736714644,0.0,,,,,open
75,2024-12-31,,2024-12-31,,2365.69409186651,0.0,,,,,open
76,2024-12-31,,2024-12-31,,407.72379234820534,0.0,,,,,open
77,2024-12-31,,2024-12-31,,49.28529358055229,0.0,,,,,open
78,2022-11-30,,2022-11-30,,11.058459437395927,0.0,,,,,open
79,2023-04-30,,2023-04-28,,21.92546123312646,0.0,,,,,open
80,2022-04-30,,2022-04-29,,76.87198013080476,0.0,,,,,open
81,2022-01-31,,2022-01-28,,58.992857465890665,0.0,,,,,open
82,2022-02-28,,2022-02-28,,8.214763881887567,0.0,,,,,open
83,2022-02-28,,2022-02-28,,278.3892204417453,0.0,,,,,open
84,2022-05-31,,2022-05-31,,2.742159456806416,0.0,,,,,open
85,2022-01-31,,2022-01-28,,145.21318760834623,0.0,,,,,open
86,2022-08-31,,2022-08-31,,55.2952178871399,0.0,,,,,open
87,2023-03-31,,2023-03-31,,2.7278342930329993,0.0,,,,,open
88,2022-10-31,,2022-10-31,,2.77812318724675,0.0,,,,,open
89,2023-02-28,,2023-02-28,,19.14366743054808,0.0,,,,,open
90,2024-10-31,,2024-10-31,,2.713748773806512,0.0,,,,,open
91,2024-12-31,,2024-12-31,,107.53154963029591,0.0,,,,,open
92,2024-08-31,,2024-08-30,,242.4921865571552,0.0,,,,,open
93,2022-03-31,,2022-03-31,,104.53679652135312,0.0,,,,,open
94,2022-03-31,,2022-03-31,,3963.3081115921705,0.0,,,,,open
95,2022-03-31,,2022-03-31,,90.90156219248098,0.0,,,,,open
96,2024-12-31,,2024-12-31,,10.75315496302959,0.0,,,,,open
97,2022-03-31,,2022-03-31,,2.727046865774429,0.0,,,,,open
98,2022-01-31,,2022-01-28,,1306.9186884751161,0.0,,,,,open
99,2022-04-30,,2022-04-29,,13.565643552494956,0.0,,,,,open
100,2022-09-30,,2022-09-30,,327.1937695744071,0.0,,,,,open
101,2022-10-31,,2022-10-31,,106.49472217779208,0.0,,,,,open
102,2022-01-31,,2022-01-28,,8.168241802969476,0.0,,,,,open
103,2024-05-31,,2024-05-31,,13.630891258220615,0.0,,,,,open
104,2022-01-31,,2022-01-28,,104.37197859349887,0.0,,,,,open
105,2022-02-28,,2022-02-28,,10.953018509183423,0.0,,,,,open
106,2022-04-30,,2022-04-29,,940.551286306317,0.0,,,,,open
107,2023-09-30,,2023-09-27,,356.18423394614484,0.0,,,,,open
108,2024-12-31,,2024-12-31,,18.818021185301784,0.0,,,,,open
109,2024-01-31,,2024-01-31,,24.664483056728464,0.0,,,,,open
110,2022-02-28,,2022-02-28,,13.691273136479278,0.0,,,,,open
111,2024-12-31,,2024-12-31,,1577.1293945776733,0.0,,,,,open
112,2022-01-31,,2022-01-28,,5.445494535312984,0.0,,,,,open
113,2022-01-31,,2022-01-28,,2.722747267656492,0.0,,,,,open
114,2022-04-30,,2022-04-29,,18.99190097349294,0.0,,,,,open
115,2022-01-31,,2022-01-28,,13.613736338282461,0.0,,,,,open
116,2022-02-28,,2022-02-28,,45.637577121597594,0.0,,,,,open
117,2022-06-30,,2022-06-30,,55.237672715327115,0.0,,,,,open
118,2022-09-30,,2022-09-30,,2.7650177710513275,0.0,,,,,open
119,2022-02-28,,2022-02-28,,5.476509254591711,0.0,,,,,open
120,2022-05-31,,2022-05-31,,370.1915266688662,0.0,,,,,open
121,2024-09-30,,2024-09-30,,5.4036310628887225,0.0,,,,,open
122,2024-12-31,,2024-12-31,,13.44144370378699,0.0,,,,,open
123,2024-11-30,,2024-11-29,,2.70470632711295,0.0,,,,,open
124,2022-08-31,,2022-08-31,,8.294282683070985,0.0,,,,,open
125,2022-05-31,,2022-05-31,,5.484318913612832,0.0,,,,,open
126,2024-12-31,,2024-12-31,,2.6882887407573977,0.0,,,,,open
127,2024-11-30,,2024-11-29,,21.6376506169036,0.0,,,,,open
128,2024-12-31,,2024-12-31,,58.246256049743614,0.0,,,,,open
129,2023-04-30,,2023-04-28,,730.8487077708819,0.0,,,,,open
130,2024-04-30,,2024-04-30,,2.732326985587178,0.0,,,,,open
131,2024-11-30,,2024-11-29,,10.8188253084518,0.0,,,,,open
132,2024-09-30,,2024-09-30,,2.7018155314443613,0.0,,,,,open
133,2023-11-30,,2023-11-30,,2.731771095779645,0.0,,,,,open
134,2022-05-31,,2022-05-31,,8.226478370419247,0.0,,,,,open
135,2022-05-31,,2022-05-31,,2.742159456806416,0.0,,,,,open
136,2022-05-31,,2022-05-31,,159.95930164704095,0.0,,,,,open
137,2024-11-30,,2024-11-29,,374.15104191729137,0.0,,,,,open
138,2022-09-30,,2022-09-30,,55.30035542102655,0.0,,,,,open
139,2022-07-31,,2022-07-29,,128.79695166525659,0.0,,,,,open
140,2022-03-31,,2022-03-31,,2.727046865774429,0.0,,,,,open
141,2022-05-31,,2022-05-31,,287.9267429646737,0.0,,,,,open
142,2024-07-31,,2024-07-31,,13.442348661862129,0.0,,,,,open
143,2022-06-30,,2022-06-30,,78.25336968004675,0.0,,,,,open
144,2022-02-28,,2022-02-28,,232.75164332014774,0.0,,,,,open
145,2022-07-31,,2022-07-29,,64.39847583262829,0.0,,,,,open
146,2022-02-28,,2022-02-28,,8.214763881887567,0.0,,,,,open
147,2022-02-28,,2022-02-28,,2.7382546272958557,0.0,,,,,open
148,2022-02-28,,2022-02-28,,10.953018509183423,0.0,,,,,open
149,2022-03-31,,2022-03-31,,24.543421791969863,0.0,,,,,open
150,2024-06-30,,2024-06-28,,5.439578988286008,0.0,,,,,open
151,2024-09-30,,2024-09-30,,67.54538828610903,0.0,,,,,open
152,2022-02-28,,2022-02-28,,141.47648907695253,0.0,,,,,open
153,2022-07-31,,2022-07-29,,229.99455654510103,0.0,,,,,open
154,2022-04-30,,2022-04-29,,5.426257420997983,0.0,,,,,open
155,2024-12-31,,2024-12-31,,219.54358049518748,0.0,,,,,open
156,2022-03-31,,2022-03-31,,59.086015425112635,0.0,,,,,open
157,2022-03-31,,2022-03-31,,172.71296816571385,0.0,,,,,open
158,2022-01-31,,2022-01-28,,367.5708811336264,0.0,,,,,open
159,2022-02-28,,2022-02-28,,2.7382546272958557,0.0,,,,,open
160,2022-10-31,,2022-10-31,,69.45307968116875,0.0,,,,,open
161,2024-12-31,,2024-12-31,,10.75315496302959,0.0,,,,,open
162,2022-05-31,,2022-05-31,,242.2240853512334,0.0,,,,,open
163,2022-11-30,,2022-11-30,,2.7646148593489817,0.0,,,,,open
164,2022-11-30,,2022-11-30,,5.529229718697963,0.0,,,,,open
165,2022-05-31,,2022-05-31,,2.742159456806416,0.0,,,,,open
166,2022-05-31,,2022-05-31,,2.742159456806416,0.0,,,,,open
167,2024-12-31,,2024-12-31,,201.62165555680482,0.0,,,,,open
168,2024-12-31,,2024-12-31,,18.818021185301784,0.0,,,,,open
169,2024-12-31,,2024-12-31,,16.129732444544388,0.0,,,,,open
170,2024-12-31,,2024-12-31,,10.75315496302959,0.0,,,,,open
171,2024-12-31,,2024-12-31,,10.75315496302959,0.0,,,,,open
172,2024-12-31,,2024-12-31,,58.246256049743614,0.0,,,,,open
173,2022-04-30,,2022-04-29,,58.784455394144814,0.0,,,,,open
174,2022-01-31,,2022-01-28,,2.722747267656492,0.0,,,,,open
175,2022-01-31,,2022-01-28,,10.890989070625968,0.0,,,,,open
176,2022-01-31,,2022-01-28,,19.059230873595446,0.0,,,,,open
177,2022-11-30,,2022-11-30,,59.89998861922793,0.0,,,,,open
179,2022-05-31,,2022-05-31,,2.742159456806416,0.0,,,,,open
180,2022-02-28,,2022-02-28,,10.953018509183423,0.0,,,,,open
181,2024-01-31,,2024-01-31,,10.961992469657096,0.0,,,,,open
182,2022-02-28,,2022-02-28,,2.7382546272958557,0.0,,,,,open
183,2022-02-28,,2022-02-28,,2.7382546272958557,0.0,,,,,open
184,2022-08-31,,2022-08-31,,5.52952178871399,0.0,,,,,open
185,2022-02-28,,2022-02-28,,73.02012339455615,0.0,,,,,open
186,2022-08-31,,2022-08-31,,5.52952178871399,0.0,,,,,open
187,2022-02-28,,2022-02-28,,45.637577121597594,0.0,,,,,open
188,2022-01-31,,2022-01-28,,10.890989070625968,0.0,,,,,open
189,2023-12-31,,2023-12-29,,10.936317679310601,0.0,,,,,open
190,2022-02-28,,2022-02-28,,95.83891195535494,0.0,,,,,open
191,2023-05-31,,2023-05-31,,77.49603573741916,0.0,,,,,open
192,2022-05-31,,2022-05-31,,73.12425218150443,0.0,,,,,open
193,2022-04-30,,2022-04-29,,8.139386131496973,0.0,,,,,open
194,2022-01-31,,2022-01-28,,117.98571493178133,0.0,,,,,open
195,2022-01-31,,2022-01-28,,21.781978141251937,0.0,,,,,open
196,2023-11-30,,2023-11-30,,8.195313287338934,0.0,,,,,open
197,2024-12-31,,2024-12-31,,62.72673728433928,0.0,,,,,open
198,2024-10-31,,2024-10-31,,10.854995095226048,0.0,,,,,open
199,2024-12-31,,2024-12-31,,80.64866222272194,0.0,,,,,open
200,2022-01-31,,2022-01-28,,2.722747267656492,0.0,,,,,open
201,2022-01-31,,2022-01-28,,45.3791211276082,0.0,,,,,open
202,2022-04-30,,2022-04-29,,171.83148499826945,0.0,,,,,open
203,2024-11-30,,2024-11-29,,99.17256532747483,0.0,,,,,open
204,2022-01-31,,2022-01-28,,2.722747267656492,0.0,,,,,open
205,2024-08-31,,2024-08-30,,5.388715256825671,0.0,,,,,open
206,2024-12-31,,2024-12-31,,5.376577481514795,0.0,,,,,open
207,2022-12-31,,2022-12-30,,5.505552592707856,0.0,,,,,open
208,2022-05-31,,2022-05-31,,19.19511619764491,0.0,,,,,open
209,2022-09-30,,2022-09-30,,82.95053313153983,0.0,,,,,open
210,2022-07-31,,2022-07-29,,27967.338075884287,0.0,,,,,open
211,2022-05-31,,2022-05-31,,196.52142773779315,0.0,,,,,open
212,2022-04-30,,2022-04-29,,45.21881184164985,0.0,,,,,open
213,2023-09-30,,2023-09-27,,5.479757445325305,0.0,,,,,open
214,2022-06-30,,2022-06-30,,78.25336968004675,0.0,,,,,open
215,2024-12-31,,2024-12-31,,2.6882887407573977,0.0,,,,,open
216,2022-01-31,,2022-01-28,,72.60659380417312,0.0,,,,,open
217,2023-01-31,,2023-01-31,,13.758879640880496,0.0,,,,,open
218,2022-04-30,,2022-04-29,,226.09405920824926,0.0,,,,,open
219,2022-11-30,,2022-11-30,,5.529229718697963,0.0,,,,,open
220,2024-01-31,,2024-01-31,,2.740498117414274,0.0,,,,,open
221,2023-06-30,,2023-06-30,,16.497460724093653,0.0,,,,,open
222,2024-12-31,,2024-12-31,,8.064866222272194,0.0,,,,,open
223,2024-08-31,,2024-08-30,,242.4921865571552,0.0,,,,,open
224,2022-03-31,,2022-03-31,,5.454093731548858,0.0,,,,,open
225,2022-02-28,,2022-02-28,,10.953018509183423,0.0,,,,,open
226,2022-12-31,,2022-12-30,,2.752776296353928,0.0,,,,,open
227,2024-03-31,,2024-03-29,,2.737794430488676,0.0,,,,,open
228,2024-12-31,,2024-12-31,,2.6882887407573977,0.0,,,,,open
229,2022-07-31,,2022-07-29,,87.3979314871384,0.0,,,,,open
230,2022-01-31,,2022-01-28,,54.454945353129844,0.0,,,,,open
231,2022-07-31,,2022-07-29,,19.31954274978849,0.0,,,,,open
232,2024-12-31,,2024-12-31,,8.064866222272194,0.0,,,,,open
233,2022-01-31,,2022-01-28,,13.613736338282461,0.0,,,,,open
234,2022-01-31,,2022-01-28,,158.8269239466287,0.0,,,,,open
235,2022-04-30,,2022-04-29,,67.82821776247478,0.0,,,,,open
236,2023-08-31,,2023-08-31,,10.94842412701406,0.0,,,,,open
237,2022-01-31,,2022-01-28,,2.722747267656492,0.0,,,,,open
238,2022-08-31,,2022-08-31,,105.98250095035148,0.0,,,,,open
239,2022-01-31,,2022-01-28,,63.53076957865148,0.0,,,,,open
240,2022-11-30,,2022-11-30,,46.07691432248303,0.0,,,,,open
241,2022-02-28,,2022-02-28,,10.953018509183423,0.0,,,,,open
242,2023-02-28,,2023-02-28,,104.83436926252521,0.0,,,,,open
243,2024-09-30,,2024-09-30,,10.807262125777445,0.0,,,,,open
244,2024-08-31,,2024-08-30,,67.3589407103209,0.0,,,,,open
245,2022-03-31,,2022-03-31,,136.35234328872147,0.0,,,,,open
246,2024-09-30,,2024-09-30,,2.7018155314443613,0.0,,,,,open
247,2024-11-30,,2024-11-29,,45.07843878521583,0.0,,,,,open
248,2023-07-31,,2023-07-31,,2.736358171317276,0.0,,,,,open
249,2022-02-28,,2022-02-28,,8.214763881887567,0.0,,,,,open
250,2022-09-30,,2022-09-30,,8.295053313153984,0.0,,,,,open
251,2022-02-28,,2022-02-28,,5.476509254591711,0.0,,,,,open
252,2022-02-28,,2022-02-28,,2.7382546272958557,0.0,,,,,open
253,2024-12-31,,2024-12-31,,18.818021185301784,0.0,,,,,open
254,2022-10-31,,2022-10-31,,2.77812318724675,0.0,,,,,open
255,2022-02-28,,2022-02-28,,21.906037018366845,0.0,,,,,open
256,2022-01-31,,2022-01-28,,104.37197859349887,0.0,,,,,open
257,2022-07-31,,2022-07-29,,5.519869357082425,0.0,,,,,open
258,2022-02-28,,2022-02-28,,19.16778239107099,0.0,,,,,open
259,2022-01-31,,2022-01-28,,45.3791211276082,0.0,,,,,open
260,2022-03-31,,2022-03-31,,10.908187463097716,0.0,,,,,open
261,2022-03-31,,2022-03-31,,63.631093534736685,0.0,,,,,open
262,2022-03-31,,2022-03-31,,13.635234328872146,0.0,,,,,open
263,2022-09-30,,2022-09-30,,59.908718372778765,0.0,,,,,open
264,2022-12-31,,2022-12-30,,50.46756543315535,0.0,,,,,open
265,2022-09-30,,2022-09-30,,170.50942921483187,0.0,,,,,open
266,2022-03-31,,2022-03-31,,21.816374926195433,0.0,,,,,open
267,2022-02-28,,2022-02-28,,8.214763881887567,0.0,,,,,open
268,2022-05-31,,2022-05-31,,196.52142773779315,0.0,,,,,open
269,2022-01-31,,2022-01-28,,776.8905537046525,0.0,,,,,open
270,2023-01-31,,2023-01-31,,321.0405249538783,0.0,,,,,open
271,2022-05-31,,2022-05-31,,210.23222502182523,0.0,,,,,open
272,2022-01-31,,2022-01-28,,90.7582422552164,0.0,,,,,open
273,2022-01-31,,2022-01-28,,104.37197859349887,0.0,,,,,open
274,2023-01-31,,2023-01-31,,1834.517285450733,0.0,,,,,open
275,2024-12-31,,2024-12-31,,2.6882887407573977,0.0,,,,,open
276,2023-11-30,,2023-11-30,,10.92708438311858,0.0,,,,,open
277,2022-06-30,,2022-06-30,,5.523767271532712,0.0,,,,,open
278,2022-06-30,,2022-06-30,,2.761883635766356,0.0,,,,,open
279,2022-09-30,,2022-09-30,,8.295053313153984,0.0,,,,,open
280,2022-02-28,,2022-02-28,,100.4026696675147,0.0,,,,,open
281,2022-03-31,,2022-03-31,,8.181140597323289,0.0,,,,,open
282,2023-03-31,,2023-03-31,,16.367005758197998,0.0,,,,,open
283,2022-04-30,,2022-04-29,,13.565643552494956,0.0,,,,,open
284,2022-03-31,,2022-03-31,,21.816374926195433,0.0,,,,,open
285,2022-06-30,,2022-06-30,,69.0470908941589,0.0,,,,,open
286,2022-01-31,,2022-01-28,,8.168241802969476,0.0,,,,,open
287,2022-01-31,,2022-01-28,,10.890989070625968,0.0,,,,,open
288,2022-05-31,,2022-05-31,,16.452956740838495,0.0,,,,,open
290,2024-05-31,,2024-05-31,,336.2286510361085,0.0,,,,,open
291,2024-02-29,,2024-02-29,,2.7457976239763098,0.0,,,,,open
292,2024-12-31,,2024-12-31,,80.64866222272194,0.0,,,,,open
293,2022-03-31,,2022-03-31,,2.727046865774429,0.0,,,,,open
294,2023-02-28,,2023-02-28,,8.204428898806322,0.0,,,,,open
295,2024-07-31,,2024-07-31,,2.688469732372426,0.0,,,,,open
296,2024-10-31,,2024-10-31,,67.8437193451628,0.0,,,,,open
297,2024-12-31,,2024-12-31,,134.41443703786987,0.0,,,,,open
298,2022-01-31,,2022-01-28,,21.781978141251937,0.0,,,,,open
299,2022-01-31,,2022-01-28,,2.722747267656492,0.0,,,,,open
300,2022-01-31,,2022-01-28,,10.890989070625968,0.0,,,,,open
301,2022-01-31,,2022-01-28,,5.445494535312984,0.0,,,,,open
302,2022-02-28,,2022-02-28,,16.429527763775134,0.0,,,,,open
303,2022-08-31,,2022-08-31,,64.51108753499655,0.0,,,,,open
304,2022-10-31,,2022-10-31,,208.35923904350625,0.0,,,,,open
305,2022-01-31,,2022-01-28,,108.90989070625969,0.0,,,,,open
306,2022-12-31,,2022-12-30,,348.6849975381642,0.0,,,,,open
307,2024-12-31,,2024-12-31,,5.376577481514795,0.0,,,,,open
308,2022-04-30,,2022-04-29,,167.30960381410446,0.0,,,,,open
309,2022-01-31,,2022-01-28,,2.722747267656492,0.0,,,,,open
310,2022-04-30,,2022-04-29,,117.56891078828963,0.0,,,,,open
311,2022-11-30,,2022-11-30,,73.72306291597285,0.0,,,,,open
312,2022-01-31,,2022-01-28,,353.957144795344,0.0,,,,,open
313,2023-08-31,,2023-08-31,,191.59742222274605,0.0,,,,,open
314,2023-04-30,,2023-04-28,,210.11900348412857,0.0,,,,,open
315,2022-06-30,,2022-06-30,,253.17266661191596,0.0,,,,,open
316,2023-04-30,,2023-04-28,,730.8487077708819,0.0,,,,,open
317,2022-01-31,,2022-01-28,,10.890989070625968,0.0,,,,,open
318,2022-08-31,,2022-08-31,,22.11808715485596,0.0,,,,,open
319,2022-01-31,,2022-01-28,,258.66099042736676,0.0,,,,,open
320,2022-11-30,,2022-11-30,,73.72306291597285,0.0,,,,,open
321,2022-07-31,,2022-07-29,,257.59390333051317,0.0,,,,,open
322,2022-11-30,,2022-11-30,,2.7646148593489817,0.0,,,,,open
323,2022-04-30,,2022-04-29,,13.565643552494956,0.0,,,,,open
324,2022-02-28,,2022-02-28,,5.476509254591711,0.0,,,,,open
325,2022-02-28,,2022-02-28,,63.89260797023663,0.0,,,,,open
326,2022-01-31,,2022-01-28,,99.83406648073804,0.0,,,,,open
327,2022-03-31,,2022-03-31,,163.62281194646576,0.0,,,,,open
328,2023-06-30,,2023-06-30,,8.248730362046826,0.0,,,,,open
329,2022-12-31,,2022-12-30,,24.774986667185352,0.0,,,,,open
330,2022-05-31,,2022-05-31,,8.226478370419247,0.0,,,,,open
331,2022-11-30,,2022-11-30,,221.16918874791853,0.0,,,,,open
332,2022-09-30,,2022-09-30,,87.55889608329204,0.0,,,,,open
333,2023-10-31,,2023-10-31,,2.7501404005802685,0.0,,,,,open
334,2022-09-30,,2022-09-30,,221.2014216841062,0.0,,,,,open
335,2024-10-31,,2024-10-31,,5.427497547613024,0.0,,,,,open
336,2022-05-31,,2022-05-31,,132.53770707897678,0.0,,,,,open
337,2022-03-31,,2022-03-31,,13.635234328872146,0.0,,,,,open
338,2024-05-31,,2024-05-31,,145.39617342101988,0.0,,,,,open
339,2022-02-28,,2022-02-28,,5.476509254591711,0.0,,,,,open
340,2022-05-31,,2022-05-31,,137.1079728403208,0.0,,,,,open
341,2023-08-31,,2023-08-31,,305.64350687914254,0.0,,,,,open
342,2023-10-31,,2023-10-31,,8.250421201740807,0.0,,,,,open
343,2022-07-31,,2022-07-29,,133.3968427961586,0.0,,,,,open
344,2022-01-31,,2022-01-28,,49.91703324036902,0.0,,,,,open
345,2024-12-31,,2024-12-31,,1577.1293945776733,0.0,,,,,open
346,2022-01-31,,2022-01-28,,24.504725408908428,0.0,,,,,open
347,2022-09-30,,2022-09-30,,13.825088855256638,0.0,,,,,open
348,2024-05-31,,2024-05-31,,19.08324776150886,0.0,,,,,open
349,2024-11-30,,2024-11-29,,8.11411898133885,0.0,,,,,open
350,2024-01-31,,2024-01-31,,13.70249058707137,0.0,,,,,open
351,2023-07-31,,2023-07-31,,10.945432685269104,0.0,,,,,open
352,2022-02-28,,2022-02-28,,50.20133483375735,0.0,,,,,open
353,2022-07-31,,2022-07-29,,24.839412106870913,0.0,,,,,open
354,2022-01-31,,2022-01-28,,8.168241802969476,0.0,,,,,open
355,2022-01-31,,2022-01-28,,5.445494535312984,0.0,,,,,open
356,2022-01-31,,2022-01-28,,5.445494535312984,0.0,,,,,open
357,2022-03-31,,2022-03-31,,236.34406170045054,0.0,,,,,open
358,2024-11-30,,2024-11-29,,18.932944289790647,0.0,,,,,open
359,2022-10-31,,2022-10-31,,13.89061593623375,0.0,,,,,open
360,2024-04-30,,2024-04-30,,5.464653971174356,0.0,,,,,open
361,2022-01-31,,2022-01-28,,8.168241802969476,0.0,,,,,open
362,2022-01-31,,2022-01-28,,8.168241802969476,0.0,,,,,open
363,2022-03-31,,2022-03-31,,118.17203085022527,0.0,,,,,open
364,2022-01-31,,2022-01-28,,5.445494535312984,0.0,,,,,open
365,2022-01-31,,2022-01-28,,24.504725408908428,0.0,,,,,open
366,2023-07-31,,2023-07-31,,2.736358171317276,0.0,,,,,open
367,2022-11-30,,2022-11-30,,8.293844578046945,0.0,,,,,open
368,2022-07-31,,2022-07-29,,22.0794774283297,0.0,,,,,open
369,2022-03-31,,2022-03-31,,45.45078109624049,0.0,,,,,open
370,2022-09-30,,2022-09-30,,8.295053313153984,0.0,,,,,open
371,2022-01-31,,2022-01-28,,45.3791211276082,0.0,,,,,open
372,2022-11-30,,2022-11-30,,5.529229718697963,0.0,,,,,open
373,2024-12-31,,2024-12-31,,62.72673728433928,0.0,,,,,open
374,2022-02-28,,2022-02-28,,1153.7179496339872,0.0,,,,,open
375,2022-01-31,,2022-01-28,,2.722747267656492,0.0,,,,,open
377,2023-02-28,,2023-02-28,,154.97254586634162,0.0,,,,,open
378,2024-12-31,,2024-12-31,,2.6882887407573977,0.0,,,,,open
379,2024-12-31,,2024-12-31,,24.194598666816578,0.0,,,,,open
380,2023-06-30,,2023-06-30,,142.061467346362,0.0,,,,,open
381,2022-01-31,,2022-01-28,,13.613736338282461,0.0,,,,,open
382,2022-07-31,,2022-07-29,,13.799673392706062,0.0,,,,,open
383,2022-04-30,,2022-04-29,,24.41815839449092,0.0,,,,,open
384,2022-09-30,,2022-09-30,,55.30035542102655,0.0,,,,,open
385,2022-02-28,,2022-02-28,,13.691273136479278,0.0,,,,,open
386,2023-03-31,,2023-03-31,,13.639171465164997,0.0,,,,,open
387,2022-03-31,,2022-03-31,,24.543421791969863,0.0,,,,,open
388,2022-05-31,,2022-05-31,,196.52142773779315,0.0,,,,,open
389,2022-03-31,,2022-03-31,,77.26632786360884,0.0,,,,,open
390,2022-03-31,,2022-03-31,,16.362281194646577,0.0,,,,,open
391,2022-07-31,,2022-07-29,,59.79858470172627,0.0,,,,,open
392,2022-07-31,,2022-07-29,,8.279804035623638,0.0,,,,,open
393,2022-01-31,,2022-01-28,,19.059230873595446,0.0,,,,,open
394,2022-01-31,,2022-01-28,,21.781978141251937,0.0,,,,,open
395,2023-11-30,,2023-11-30,,5.46354219155929,0.0,,,,,open
396,2024-12-31,,2024-12-31,,8.064866222272194,0.0,,,,,open
397,2022-11-30,,2022-11-30,,11.058459437395927,0.0,,,,,open
398,2022-08-31,,2022-08-31,,862.6053990393824,0.0,,,,,open
399,2022-05-31,,2022-05-31,,2.742159456806416,0.0,,,,,open
400,2022-11-30,,2022-11-30,,11.058459437395927,0.0,,,,,open
401,2022-01-31,,2022-01-28,,2.722747267656492,0.0,,,,,open
402,2023-08-31,,2023-08-31,,2.737106031753515,0.0,,,,,open
403,2024-12-31,,2024-12-31,,421.16523605199234,0.0,,,,,open
404,2022-01-31,,2022-01-28,,10.890989070625968,0.0,,,,,open
405,2024-12-31,,2024-12-31,,16.129732444544388,0.0,,,,,open
406,2022-03-31,,2022-03-31,,59.086015425112635,0.0,,,,,open
407,2022-02-28,,2022-02-28,,54.76509254591711,0.0,,,,,open
408,2022-10-31,,2022-10-31,,55.562463744935,0.0,,,,,open
409,2022-06-30,,2022-06-30,,115.07848482359816,0.0,,,,,open
410,2022-04-30,,2022-04-29,,18.99190097349294,0.0,,,,,open
411,2022-03-31,,2022-03-31,,2.727046865774429,0.0,,,,,open
412,2022-01-31,,2022-01-28,,8.168241802969476,0.0,,,,,open
413,2022-01-31,,2022-01-28,,5.445494535312984,0.0,,,,,open
414,2022-01-31,,2022-01-28,,2.722747267656492,0.0,,,,,open
415,2022-03-31,,2022-03-31,,5.454093731548858,0.0,,,,,open
416,2024-12-31,,2024-12-31,,13.44144370378699,0.0,,,,,open
417,2022-04-30,,2022-04-29,,21.70502968399193,0.0,,,,,open
418,2022-01-31,,2022-01-28,,63.53076957865148,0.0,,,,,open
419,2022-07-31,,2022-07-29,,11.03973871416485,0.0,,,,,open
420,2022-09-30,,2022-09-30,,11.06007108420531,0.0,,,,,open
421,2022-04-30,,2022-04-29,,10.852514841995966,0.0,,,,,open
422,2023-06-30,,2023-06-30,,73.32204766263845,0.0,,,,,open
423,2024-12-31,,2024-12-31,,2.6882887407573977,0.0,,,,,open
424,2022-06-30,,2022-06-30,,2.761883635766356,0.0,,,,,open
425,2024-07-31,,2024-07-31,,76.1733090838854,0.0,,,,,open
426,2024-11-30,,2024-11-29,,5.4094126542259,0.0,,,,,open
427,2022-11-30,,2022-11-30,,8.293844578046945,0.0,,,,,open
428,2022-01-31,,2022-01-28,,58.992857465890665,0.0,,,,,open
429,2023-05-31,,2023-05-31,,1385.8114625985545,0.0,,,,,open
430,2023-12-31,,2023-12-29,,2.7340794198276503,0.0,,,,,open
431,2022-01-31,,2022-01-28,,49.91703324036902,0.0,,,,,open
432,2022-06-30,,2022-06-30,,115.07848482359816,0.0,,,,,open
433,2024-12-31,,2024-12-31,,10.75315496302959,0.0,,,,,open
434,2022-10-31,,2022-10-31,,8.33436956174025,0.0,,,,,open
435,2022-02-28,,2022-02-28,,95.83891195535494,0.0,,,,,open
436,2024-12-31,,2024-12-31,,49.28529358055229,0.0,,,,,open
437,2023-11-30,,2023-11-30,,5.46354219155929,0.0,,,,,open
438,2023-08-31,,2023-08-31,,118.60792804265232,0.0,,,,,open
439,2024-12-31,,2024-12-31,,116.49251209948723,0.0,,,,,open
440,2024-12-31,,2024-12-31,,10.75315496302959,0.0,,,,,open
441,2023-12-31,,2023-12-29,,2.7340794198276503,0.0,,,,,open
442,2022-01-31,,2022-01-28,,2.722747267656492,0.0,,,,,open
443,2022-07-31,,2022-07-29,,986.2166584653933,0.0,,,,,open
444,2022-11-30,,2022-11-30,,2388.62723847752,0.0,,,,,open
445,2022-03-31,,2022-03-31,,68.17617164436074,0.0,,,,,open
446,2022-02-28,,2022-02-28,,19.16778239107099,0.0,,,,,open
447,2022-07-31,,2022-07-29,,809.5808390387557,0.0,,,,,open
448,2022-01-31,,2022-01-28,,45.3791211276082,0.0,,,,,open
449,2022-01-31,,2022-01-28,,2.722747267656492,0.0,,,,,open
450,2022-10-31,,2022-10-31,,11.112492748987,0.0,,,,,open
451,2024-11-30,,2024-11-29,,13.52353163556475,0.0,,,,,open
452,2022-06-30,,2022-06-30,,2.761883635766356,0.0,,,,,open
453,2022-02-28,,2022-02-28,,8.214763881887567,0.0,,,,,open
454,2022-10-31,,2022-10-31,,189.83841779519457,0.0,,,,,open
455,2024-11-30,,2024-11-29,,8.11411898133885,0.0,,,,,open
456,2024-12-31,,2024-12-31,,282.27031777952675,0.0,,,,,open
457,2024-12-31,,2024-12-31,,201.62165555680482,0.0,,,,,open
459,2024-12-31,,2024-12-31,,8.064866222272194,0.0,,,,,open
460,2024-11-30,,2024-11-29,,2.70470632711295,0.0,,,,,open
461,2023-12-31,,2023-12-29,,8.202238259482952,0.0,,,,,open
462,2022-04-30,,2022-04-29,,253.22534631323919,0.0,,,,,open
463,2022-03-31,,2022-03-31,,59.086015425112635,0.0,,,,,open
464,2022-01-31,,2022-01-28,,154.28901183386787,0.0,,,,,open
465,2022-01-31,,2022-01-28,,54.454945353129844,0.0,,,,,open
466,2022-01-31,,2022-01-28,,213.28186929975854,0.0,,,,,open
467,2022-03-31,,2022-03-31,,2.727046865774429,0.0,,,,,open
468,2024-12-31,,2024-12-31,,24.194598666816578,0.0,,,,,open
469,2023-02-28,,2023-02-28,,164.08857797612643,0.0,,,,,open
470,2022-04-30,,2022-04-29,,21.70502968399193,0.0,,,,,open
471,2024-12-31,,2024-12-31,,62.72673728433928,0.0,,,,,open
472,2023-01-31,,2023-01-31,,73.38069141802931,0.0,,,,,open
473,2024-02-29,,2024-02-29,,123.56089307893394,0.0,,,,,open
474,2024-10-31,,2024-10-31,,8.141246321419535,0.0,,,,,open
475,2024-07-31,,2024-07-31,,1864.0056811115485,0.0,,,,,open
476,2024-12-31,,2024-12-31,,201.62165555680482,0.0,,,,,open
477,2024-12-31,,2024-12-31,,10251.341064754877,0.0,,,,,open
478,2024-01-31,,2024-01-31,,50.242465485928356,0.0,,,,,open
479,2022-06-30,,2022-06-30,,8.285650907299068,0.0,,,,,open
480,2024-01-31,,2024-01-31,,1534.6789457519935,0.0,,,,,open
481,2022-01-31,,2022-01-28,,19.059230873595446,0.0,,,,,open
482,2023-04-30,,2023-04-28,,63.94926192995217,0.0,,,,,open
483,2022-01-31,,2022-01-28,,3122.083533579444,0.0,,,,,open
484,2022-01-31,,2022-01-28,,943.8857194542506,0.0,,,,,open
485,2022-04-30,,2022-04-29,,10129.013852529568,0.0,,,,,open
486,2022-07-31,,2022-07-29,,1898.8350588363542,0.0,,,,,open
487,2024-12-31,,2024-12-31,,224.02406172978314,0.0,,,,,open
488,2022-02-28,,2022-02-28,,3724.0262931223638,0.0,,,,,open
489,2022-08-31,,2022-08-31,,1769.4469723884768,0.0,,,,,open
490,2024-07-31,,2024-07-31,,18.81928812660698,0.0,,,,,open
491,2022-04-30,,2022-04-29,,2.7131287104989914,0.0,,,,,open
492,2022-01-31,,2022-01-28,,13.613736338282461,0.0,,,,,open
493,2022-06-30,,2022-06-30,,64.44395150121497,0.0,,,,,open
494,2022-04-30,,2022-04-29,,5.426257420997983,0.0,,,,,open
495,2024-11-30,,2024-11-29,,329.0726031320756,0.0,,,,,open
496,2023-09-30,,2023-09-27,,164.39272335975915,0.0,,,,,open
497,2023-09-30,,2023-09-27,,8.219636167987957,0.0,,,,,open
498,2024-07-31,,2024-07-31,,5.376939464744852,0.0,,,,,open
499,2022-08-31,,2022-08-31,,1548.2661008399173,0.0,,,,,open
500,2022-06-30,,2022-06-30,,13.809418178831779,0.0,,,,,open
501,2022-12-31,,2022-12-30,,82.58328889061784,0.0,,,,,open
502,2024-12-31,,2024-12-31,,103.05106839570024,0.0,,,,,open
503,2024-11-30,,2024-11-29,,8.11411898133885,0.0,,,,,open
504,2024-11-30,,2024-11-29,,1557.910844417059,0.0,,,,,open
505,2024-08-31,,2024-08-30,,1652.5393454265393,0.0,,,,,open
506,2023-05-31,,2023-05-31,,5.470308404994293,0.0,,,,,open
507,2023-10-31,,2023-10-31,,806.7078508368788,0.0,,,,,open
508,2024-01-31,,2024-01-31,,24.664483056728464,0.0,,,,,open
509,2022-05-31,,2022-05-31,,19.19511619764491,0.0,,,,,open
510,2024-06-30,,2024-06-28,,99.72561478524348,0.0,,,,,open
511,2022-03-31,,2022-03-31,,2.727046865774429,0.0,,,,,open
512,2022-05-31,,2022-05-31,,219.37275654451327,0.0,,,,,open
513,2024-12-31,,2024-12-31,,3369.3218884159387,0.0,,,,,open
514,2024-12-31,,2024-12-31,,16.129732444544388,0.0,,,,,open
515,2022-01-31,,2022-01-28,,16.33648360593895,0.0,,,,,open
516,2023-03-31,,2023-03-31,,13.639171465164997,0.0,,,,,open
517,2022-01-31,,2022-01-28,,10.890989070625968,0.0,,,,,open
518,2022-06-30,,2022-06-30,,179.52243632481313,0.0,,,,,open
519,2022-01-31,,2022-01-28,,140.67527549558542,0.0,,,,,open
520,2024-10-31,,2024-10-31,,90.45829246021707,0.0,,,,,open
521,2024-05-31,,2024-05-31,,24.535604264797104,0.0,,,,,open
522,2022-05-31,,2022-05-31,,16.452956740838495,0.0,,,,,open
523,2024-05-31,,2024-05-31,,90.87260838813742,0.0,,,,,open
524,2024-12-31,,2024-12-31,,1003.6277965494285,0.0,,,,,open
525,2022-10-31,,2022-10-31,,25.00310868522075,0.0,,,,,open
526,2022-02-28,,2022-02-28,,73.02012339455615,0.0,,,,,open
527,2022-03-31,,2022-03-31,,86.35648408285692,0.0,,,,,open
528,2022-03-31,,2022-03-31,,2.727046865774429,0.0,,,,,open
529,2022-02-28,,2022-02-28,,2.7382546272958557,0.0,,,,,open
530,2022-04-30,,2022-04-29,,18.99190097349294,0.0,,,,,open
531,2022-09-30,,2022-09-30,,165.90106626307966,0.0,,,,,open
532,2022-04-30,,2022-04-29,,271.3128710498991,0.0,,,,,open
533,2023-03-31,,2023-03-31,,177.30922904714495,0.0,,,,,open
534,2024-12-31,,2024-12-31,,71.68769975353061,0.0,,,,,open
535,2022-03-31,,2022-03-31,,81.81140597323288,0.0,,,,,open
536,2024-09-30,,2024-09-30,,5.4036310628887225,0.0,,,,,open
537,2022-03-31,,2022-03-31,,24.543421791969863,0.0,,,,,open
538,2022-02-28,,2022-02-28,,95.83891195535494,0.0,,,,,open
539,2023-01-31,,2023-01-31,,22.014207425408795,0.0,,,,,open
540,2024-12-31,,2024-12-31,,10.75315496302959,0.0,,,,,open
542,2022-11-30,,2022-11-30,,22.116918874791853,0.0,,,,,open
543,2022-03-31,,2022-03-31,,13.635234328872146,0.0,,,,,open
544,2023-12-31,,2023-12-29,,2.7340794198276503,0.0,,,,,open
545,2022-04-30,,2022-04-29,,5.426257420997983,0.0,,,,,open
546,2022-12-31,,2022-12-30,,13.76388148176964,0.0,,,,,open
547,2024-11-30,,2024-11-29,,8.11411898133885,0.0,,,,,open
548,2024-12-31,,2024-12-31,,16.129732444544388,0.0,,,,,open
549,2022-02-28,,2022-02-28,,5.476509254591711,0.0,,,,,open
550,2022-02-28,,2022-02-28,,109.53018509183423,0.0,,,,,open
551,2023-02-28,,2023-02-28,,8.204428898806322,0.0,,,,,open
552,2022-04-30,,2022-04-29,,5426.257420997983,0.0,,,,,open
553,2022-04-30,,2022-04-29,,8.139386131496973,0.0,,,,,open
554,2024-08-31,,2024-08-30,,5.388715256825671,0.0,,,,,open
555,2022-03-31,,2022-03-31,,199.98343682345813,0.0,,,,,open
556,2022-06-30,,2022-06-30,,2.761883635766356,0.0,,,,,open
557,2022-04-30,,2022-04-29,,2.7131287104989914,0.0,,,,,open
558,2024-01-31,,2024-01-31,,5.480996234828548,0.0,,,,,open
559,2022-02-28,,2022-02-28,,2.7382546272958557,0.0,,,,,open
560,2022-06-30,,2022-06-30,,2.761883635766356,0.0,,,,,open
561,2022-07-31,,2022-07-29,,2.7599346785412124,0.0,,,,,open
562,2024-12-31,,2024-12-31,,201.62165555680482,0.0,,,,,open
563,2022-05-31,,2022-05-31,,1681.8578001746018,0.0,,,,,open
564,2022-03-31,,2022-03-31,,231.79898359082648,0.0,,,,,open
565,2022-02-28,,2022-02-28,,8.214763881887567,0.0,,,,,open
566,2022-02-28,,2022-02-28,,2.7382546272958557,0.0,,,,,open
567,2024-01-31,,2024-01-31,,109.61992469657096,0.0,,,,,open
568,2022-02-28,,2022-02-28,,2.7382546272958557,0.0,,,,,open
569,2022-02-28,,2022-02-28,,232.75164332014774,0.0,,,,,open
570,2022-03-31,,2022-03-31,,2.727046865774429,0.0,,,,,open
571,2022-02-28,,2022-02-28,,292.0804935782246,0.0,,,,,open
572,2022-03-31,,2022-03-31,,77.26632786360884,0.0,,,,,open
573,2022-02-28,,2022-02-28,,5.476509254591711,0.0,,,,,open
574,2022-07-31,,2022-07-29,,114.99727827255052,0.0,,,,,open
575,2022-05-31,,2022-05-31,,2.742159456806416,0.0,,,,,open
576,2022-02-28,,2022-02-28,,21.906037018366845,0.0,,,,,open
577,2022-02-28,,2022-02-28,,24.6442916456627,0.0,,,,,open
578,2023-02-28,,2023-02-28,,2.7348096329354403,0.0,,,,,open
579,2022-02-28,,2022-02-28,,10.953018509183423,0.0,,,,,open
580,2022-02-28,,2022-02-28,,5.476509254591711,0.0,,,,,open
581,2022-02-28,,2022-02-28,,10.953018509183423,0.0,,,,,open
582,2022-02-28,,2022-02-28,,8.214763881887567,0.0,,,,,open
583,2022-11-30,,2022-11-30,,156.6615086964423,0.0,,,,,open
584,2022-03-31,,2022-03-31,,1018.097496555787,0.0,,,,,open
585,2022-02-28,,2022-02-28,,5.476509254591711,0.0,,,,,open
586,2022-09-30,,2022-09-30,,96.77562198679647,0.0,,,,,open
587,2022-02-28,,2022-02-28,,16.429527763775134,0.0,,,,,open
588,2024-12-31,,2024-12-31,,10.75315496302959,0.0,,,,,open
589,2022-02-28,,2022-02-28,,13.691273136479278,0.0,,,,,open
590,2022-02-28,,2022-02-28,,5.476509254591711,0.0,,,,,open
591,2024-07-31,,2024-07-31,,237.48149302623094,0.0,,,,,open
592,2024-10-31,,2024-10-31,,10.854995095226048,0.0,,,,,open
593,2024-11-30,,2024-11-29,,2.70470632711295,0.0,,,,,open
594,2024-12-31,,2024-12-31,,2.6882887407573977,0.0,,,,,open
595,2022-08-31,,2022-08-31,,16.58856536614197,0.0,,,,,open
596,2024-08-31,,2024-08-30,,8.083072885238508,0.0,,,,,open
597,2024-12-31,,2024-12-31,,44.80481234595663,0.0,,,,,open
598,2022-03-31,,2022-03-31,,2.727046865774429,0.0,,,,,open
599,2022-05-31,,2022-05-31,,16.452956740838495,0.0,,,,,open
600,2022-02-28,,2022-02-28,,8.214763881887567,0.0,,,,,open
601,2022-12-31,,2022-12-30,,91.75920987846428,0.0,,,,,open
602,2022-06-30,,2022-06-30,,2.761883635766356,0.0,,,,,open
603,2022-05-31,,2022-05-31,,123.39717555628872,0.0,,,,,open
604,2024-11-30,,2024-11-29,,216.376506169036,0.0,,,,,open
605,2024-12-31,,2024-12-31,,931.9400967958978,0.0,,,,,open
606,2022-10-31,,2022-10-31,,185.20821248311665,0.0,,,,,open
607,2024-12-31,,2024-12-31,,16.129732444544388,0.0,,,,,open
608,2022-04-30,,2022-04-29,,2.7131287104989914,0.0,,,,,open
609,2024-10-31,,2024-10-31,,122.11869482129303,0.0,,,,,open
610,2022-10-31,,2022-10-31,,4370.913814601553,0.0,,,,,open
611,2022-02-28,,2022-02-28,,50.20133483375735,0.0,,,,,open
612,2024-09-30,,2024-09-30,,2.7018155314443613,0.0,,,,,open
613,2022-02-28,,2022-02-28,,91.27515424319519,0.0,,,,,open
614,2022-02-28,,2022-02-28,,949.2616041292299,0.0,,,,,open
615,2022-10-31,,2022-10-31,,16.6687391234805,0.0,,,,,open
616,2022-03-31,,2022-03-31,,104.53679652135312,0.0,,,,,open
617,2022-02-28,,2022-02-28,,19.16778239107099,0.0,,,,,open
618,2022-03-31,,2022-03-31,,19.089328060421003,0.0,,,,,open
619,2022-11-30,,2022-11-30,,82.93844578046945,0.0,,,,,open
620,2023-04-30,,2023-04-28,,59.38145750638416,0.0,,,,,open
621,2022-06-30,,2022-06-30,,2.761883635766356,0.0,,,,,open
622,2024-09-30,,2024-09-30,,2.7018155314443613,0.0,,,,,open
623,2024-12-31,,2024-12-31,,1362.0662953170815,0.0,,,,,open
624,2022-03-31,,2022-03-31,,90.90156219248098,0.0,,,,,open
625,2022-05-31,,2022-05-31,,191.95116197644913,0.0,,,,,open
626,2022-04-30,,2022-04-29,,85.91574249913472,0.0,,,,,open
627,2023-06-30,,2023-06-30,,19.247037511442596,0.0,,,,,open
628,2023-09-30,,2023-09-27,,5.479757445325305,0.0,,,,,open
629,2022-04-30,,2022-04-29,,10.852514841995966,0.0,,,,,open
630,2022-08-31,,2022-08-31,,13.823804471784975,0.0,,,,,open
631,2022-03-31,,2022-03-31,,16.362281194646577,0.0,,,,,open
632,2022-03-31,,2022-03-31,,19.089328060421003,0.0,,,,,open
633,2022-07-31,,2022-07-29,,2.7599346785412124,0.0,,,,,open
634,2022-06-30,,2022-06-30,,359.04487264962626,0.0,,,,,open
635,2022-04-30,,2022-04-29,,85.91574249913472,0.0,,,,,open
636,2022-03-31,,2022-03-31,,59.086015425112635,0.0,,,,,open
637,2022-03-31,,2022-03-31,,209.07359304270625,0.0,,,,,open
638,2023-11-30,,2023-11-30,,50.08247008929349,0.0,,,,,open
639,2022-08-31,,2022-08-31,,16.58856536614197,0.0,,,,,open
640,2022-05-31,,2022-05-31,,233.08355382854535,0.0,,,,,open
641,2022-04-30,,2022-04-29,,8.139386131496973,0.0,,,,,open
642,2024-11-30,,2024-11-29,,2.70470632711295,0.0,,,,,open
643,2023-03-31,,2023-03-31,,2.7278342930329993,0.0,,,,,open
644,2022-06-30,,2022-06-30,,50.63453332238319,0.0,,,,,open
645,2022-09-30,,2022-09-30,,207.37633282884957,0.0,,,,,open
646,2022-10-31,,2022-10-31,,87.97390092948042,0.0,,,,,open
647,2022-11-30,,2022-11-30,,16.58768915609389,0.0,,,,,open
648,2024-12-31,,2024-12-31,,13.44144370378699,0.0,,,,,open
649,2022-07-31,,2022-07-29,,13.799673392706062,0.0,,,,,open
650,2024-11-30,,2024-11-29,,153.26669186973382,0.0,,,,,open
651,2022-03-31,,2022-03-31,,5.454093731548858,0.0,,,,,open
652,2022-07-31,,2022-07-29,,183.99564523608083,0.0,,,,,open
653,2022-08-31,,2022-08-31,,5.52952178871399,0.0,,,,,open
654,2022-03-31,,2022-03-31,,8.181140597323289,0.0,,,,,open
655,2022-03-31,,2022-03-31,,2.727046865774429,0.0,,,,,open
656,2022-05-31,,2022-05-31,,2.742159456806416,0.0,,,,,open
657,2022-06-30,,2022-06-30,,19.333185450364493,0.0,,,,,open
658,2023-01-31,,2023-01-31,,11.007103712704398,0.0,,,,,open
659,2022-03-31,,2022-03-31,,727.2124975398478,0.0,,,,,open
660,2022-03-31,,2022-03-31,,10.908187463097716,0.0,,,,,open
661,2022-03-31,,2022-03-31,,2.727046865774429,0.0,,,,,open
662,2024-11-30,,2024-11-29,,2.70470632711295,0.0,,,,,open
663,2022-04-30,,2022-04-29,,298.44415815488907,0.0,,,,,open
664,2022-03-31,,2022-03-31,,2.727046865774429,0.0,,,,,open
665,2022-11-30,,2022-11-30,,19.352304015442872,0.0,,,,,open
666,2023-10-31,,2023-10-31,,8.250421201740807,0.0,,,,,open
667,2024-03-31,,2024-03-29,,319.40935022367887,0.0,,,,,open
668,2022-03-31,,2022-03-31,,19.089328060421003,0.0,,,,,open
669,2022-03-31,,2022-03-31,,227.25390548120245,0.0,,,,,open
670,2022-05-31,,2022-05-31,,8.226478370419247,0.0,,,,,open
671,2022-05-31,,2022-05-31,,45.702657613440266,0.0,,,,,open
672,2022-03-31,,2022-03-31,,2.727046865774429,0.0,,,,,open
673,2024-10-31,,2024-10-31,,16.28249264283907,0.0,,,,,open
674,2022-09-30,,2022-09-30,,1400.9423373326727,0.0,,,,,open
675,2022-06-30,,2022-06-30,,1031.1032240194395,0.0,,,,,open
676,2022-03-31,,2022-03-31,,16.362281194646577,0.0,,,,,open
677,2022-09-30,,2022-09-30,,2.7650177710513275,0.0,,,,,open
678,2022-04-30,,2022-04-29,,352.70673236486886,0.0,,,,,open
679,2022-07-31,,2022-07-29,,1177.5721295109174,0.0,,,,,open
680,2022-08-31,,2022-08-31,,22.11808715485596,0.0,,,,,open
681,2022-03-31,,2022-03-31,,5.454093731548858,0.0,,,,,open
682,2022-03-31,,2022-03-31,,2.727046865774429,0.0,,,,,open
683,2022-07-31,,2022-07-29,,11.03973871416485,0.0,,,,,open
684,2024-11-30,,2024-11-29,,171.29806738382015,0.0,,,,,open
685,2022-04-30,,2022-04-29,,2.7131287104989914,0.0,,,,,open
686,2022-03-31,,2022-03-31,,2.727046865774429,0.0,,,,,open
687,2022-11-30,,2022-11-30,,2.7646148593489817,0.0,,,,,open
688,2022-03-31,,2022-03-31,,109.08187463097717,0.0,,,,,open
689,2022-08-31,,2022-08-31,,8.294282683070985,0.0,,,,,open
690,2022-04-30,,2022-04-29,,8.139386131496973,0.0,,,,,open
691,2023-02-28,,2023-02-28,,127.62444953698721,0.0,,,,,open
692,2022-03-31,,2022-03-31,,21.816374926195433,0.0,,,,,open
693,2022-03-31,,2022-03-31,,295.4300771255632,0.0,,,,,open
694,2024-02-29,,2024-02-29,,1171.5403195632257,0.0,,,,,open
695,2022-06-30,,2022-06-30,,11.047534543065424,0.0,,,,,open
696,2022-03-31,,2022-03-31,,2.727046865774429,0.0,,,,,open
697,2022-04-30,,2022-04-29,,2.7131287104989914,0.0,,,,,open
698,2022-03-31,,2022-03-31,,45.45078109624049,0.0,,,,,open
699,2022-05-31,,2022-05-31,,73.12425218150443,0.0,,,,,open
700,2022-05-31,,2022-05-31,,5.484318913612832,0.0,,,,,open
701,2022-06-30,,2022-06-30,,11.047534543065424,0.0,,,,,open
702,2024-08-31,,2024-08-30,,10.777430513651343,0.0,,,,,open
703,2023-03-31,,2023-03-31,,2.7278342930329993,0.0,,,,,open
704,2022-03-31,,2022-03-31,,5.454093731548858,0.0,,,,,open
705,2022-05-31,,2022-05-31,,8.226478370419247,0.0,,,,,open
706,2022-03-31,,2022-03-31,,68.17617164436074,0.0,,,,,open
707,2022-03-31,,2022-03-31,,16.362281194646577,0.0,,,,,open
708,2022-03-31,,2022-03-31,,2.727046865774429,0.0,,,,,open
709,2022-04-30,,2022-04-29,,140.17831670911454,0.0,,,,,open
710,2022-04-30,,2022-04-29,,5.426257420997983,0.0,,,,,open
711,2022-03-31,,2022-03-31,,887.1992469986143,0.0,,,,,open
712,2022-07-31,,2022-07-29,,2.7599346785412124,0.0,,,,,open
713,2023-10-31,,2023-10-31,,2.7501404005802685,0.0,,,,,open
714,2024-04-30,,2024-04-30,,31330.68276806631,0.0,,,,,open
715,2023-11-30,,2023-11-30,,232.2005431412698,0.0,,,,,open
716,2022-03-31,,2022-03-31,,8.181140597323289,0.0,,,,,open
717,2022-03-31,,2022-03-31,,2.727046865774429,0.0,,,,,open
718,2022-07-31,,2022-07-29,,11.03973871416485,0.0,,,,,open
719,2022-03-31,,2022-03-31,,2.727046865774429,0.0,,,,,open
720,2022-03-31,,2022-03-31,,2.727046865774429,0.0,,,,,open
721,2022-03-31,,2022-03-31,,2.727046865774429,0.0,,,,,open
722,2024-11-30,,2024-11-29,,135.23531635564748,0.0,,,,,open
723,2022-03-31,,2022-03-31,,45.45078109624049,0.0,,,,,open
724,2022-03-31,,2022-03-31,,5.454093731548858,0.0,,,,,open
725,2022-03-31,,2022-03-31,,2.727046865774429,0.0,,,,,open
726,2022-05-31,,2022-05-31,,2.742159456806416,0.0,,,,,open
727,2022-03-31,,2022-03-31,,163.62281194646576,0.0,,,,,open
728,2022-06-30,,2022-06-30,,11.047534543065424,0.0,,,,,open
729,2022-03-31,,2022-03-31,,799.9337472938325,0.0,,,,,open
730,2022-03-31,,2022-03-31,,19.089328060421003,0.0,,,,,open
731,2022-04-30,,2022-04-29,,5.426257420997983,0.0,,,,,open
732,2023-09-30,,2023-09-27,,2.7398787226626524,0.0,,,,,open
733,2023-09-30,,2023-09-27,,77.62989714210849,0.0,,,,,open
734,2023-06-30,,2023-06-30,,142.061467346362,0.0,,,,,open
735,2024-12-31,,2024-12-31,,80.64866222272194,0.0,,,,,open
736,2022-03-31,,2022-03-31,,86.35648408285692,0.0,,,,,open
737,2024-12-31,,2024-12-31,,16.129732444544388,0.0,,,,,open
738,2022-06-30,,2022-06-30,,883.8027634452338,0.0,,,,,open
739,2022-05-31,,2022-05-31,,73.12425218150443,0.0,,,,,open
740,2022-03-31,,2022-03-31,,19.089328060421003,0.0,,,,,open
741,2023-11-30,,2023-11-30,,21.85416876623716,0.0,,,,,open
742,2023-08-31,,2023-08-31,,437.9369650805624,0.0,,,,,open
743,2023-07-31,,2023-07-31,,8.209074513951828,0.0,,,,,open
744,2023-05-31,,2023-05-31,,6783.182422192925,0.0,,,,,open
745,2022-03-31,,2022-03-31,,2.727046865774429,0.0,,,,,open
746,2022-11-30,,2022-11-30,,73.72306291597285,0.0,,,,,open
747,2022-08-31,,2022-08-31,,50.687283063211574,0.0,,,,,open
748,2022-03-31,,2022-03-31,,10.908187463097716,0.0,,,,,open
749,2022-04-30,,2022-04-29,,5.426257420997983,0.0,,,,,open
750,2024-12-31,,2024-12-31,,156.8168432108482,0.0,,,,,open
751,2024-11-30,,2024-11-29,,261.4549449542518,0.0,,,,,open
752,2022-05-31,,2022-05-31,,5.484318913612832,0.0,,,,,open
753,2022-06-30,,2022-06-30,,22.09506908613085,0.0,,,,,open
754,2022-04-30,,2022-04-29,,2.7131287104989914,0.0,,,,,open
755,2022-04-30,,2022-04-29,,8.139386131496973,0.0,,,,,open
756,2022-12-31,,2022-12-30,,2.752776296353928,0.0,,,,,open
757,2022-04-30,,2022-04-29,,8.139386131496973,0.0,,,,,open
758,2023-09-30,,2023-09-27,,2.7398787226626524,0.0,,,,,open
760,2022-08-31,,2022-08-31,,11.05904357742798,0.0,,,,,open
761,2022-04-30,,2022-04-29,,24.41815839449092,0.0,,,,,open
762,2022-04-30,,2022-04-29,,8.139386131496973,0.0,,,,,open
763,2022-04-30,,2022-04-29,,2.7131287104989914,0.0,,,,,open
764,2022-04-30,,2022-04-29,,2.7131287104989914,0.0,,,,,open
765,2022-04-30,,2022-04-29,,67.82821776247478,0.0,,,,,open
766,2022-04-30,,2022-04-29,,2.7131287104989914,0.0,,,,,open
767,2024-12-31,,2024-12-31,,860.2523970423673,0.0,,,,,open
768,2024-02-29,,2024-02-29,,2.7457976239763098,0.0,,,,,open
769,2022-08-31,,2022-08-31,,5.52952178871399,0.0,,,,,open
770,2022-07-31,,2022-07-29,,16.559608071247276,0.0,,,,,open
771,2022-09-30,,2022-09-30,,82.95053313153983,0.0,,,,,open
772,2022-04-30,,2022-04-29,,8.139386131496973,0.0,,,,,open
773,2022-04-30,,2022-04-29,,5.426257420997983,0.0,,,,,open
774,2022-06-30,,2022-06-30,,2.761883635766356,0.0,,,,,open
775,2022-09-30,,2022-09-30,,22.12014216841062,0.0,,,,,open
776,2022-04-30,,2022-04-29,,2.7131287104989914,0.0,,,,,open
777,2022-04-30,,2022-04-29,,2.7131287104989914,0.0,,,,,open
778,2022-07-31,,2022-07-29,,13.799673392706062,0.0,,,,,open
779,2023-01-31,,2023-01-31,,59.62181177714882,0.0,,,,,open
780,2024-12-31,,2024-12-31,,2.6882887407573977,0.0,,,,,open
781,2024-05-31,,2024-05-31,,2.726178251644123,0.0,,,,,open
782,2022-05-31,,2022-05-31,,59.41345489747235,0.0,,,,,open
783,2024-10-31,,2024-10-31,,2.713748773806512,0.0,,,,,open
784,2022-06-30,,2022-06-30,,2.761883635766356,0.0,,,,,open
785,2022-06-30,,2022-06-30,,8.285650907299068,0.0,,,,,open
786,2022-04-30,,2022-04-29,,85.91574249913472,0.0,,,,,open
787,2022-04-30,,2022-04-29,,67.82821776247478,0.0,,,,,open
788,2022-08-31,,2022-08-31,,810.9965290113852,0.0,,,,,open
789,2022-07-31,,2022-07-29,,5.519869357082425,0.0,,,,,open
790,2022-05-31,,2022-05-31,,10954.012976789363,0.0,,,,,open
791,2022-05-31,,2022-05-31,,2.742159456806416,0.0,,,,,open
792,2022-12-31,,2022-12-30,,22.022210370831424,0.0,,,,,open
793,2022-11-30,,2022-11-30,,258.03072020590497,0.0,,,,,open
794,2023-01-31,,2023-01-31,,2.7517759281760994,0.0,,,,,open
795,2022-09-30,,2022-09-30,,2.7650177710513275,0.0,,,,,open
796,2022-04-30,,2022-04-29,,8.139386131496973,0.0,,,,,open
797,2022-05-31,,2022-05-31,,24.679435111257742,0.0,,,,,open
798,2022-04-30,,2022-04-29,,1085.2514841995965,0.0,,,,,open
799,2024-12-31,,2024-12-31,,13.44144370378699,0.0,,,,,open
800,2022-10-31,,2022-10-31,,138.9061593623375,0.0,,,,,open
801,2024-09-30,,2024-09-30,,2.7018155314443613,0.0,,,,,open
802,2022-04-30,,2022-04-29,,16.278772262993947,0.0,,,,,open
803,2022-04-30,,2022-04-29,,2.7131287104989914,0.0,,,,,open
804,2024-12-31,,2024-12-31,,2.6882887407573977,0.0,,,,,open
805,2024-10-31,,2024-10-31,,113.07286557527134,0.0,,,,,open
806,2022-05-31,,2022-05-31,,338.19966633945796,0.0,,,,,open
807,2022-04-30,,2022-04-29,,5.426257420997983,0.0,,,,,open
808,2024-12-31,,2024-12-31,,16.129732444544388,0.0,,,,,open
809,2022-05-31,,2022-05-31,,10.968637827225663,0.0,,,,,open
810,2022-05-31,,2022-05-31,,91.40531522688053,0.0,,,,,open
811,2022-04-30,,2022-04-29,,45.21881184164985,0.0,,,,,open
812,2022-09-30,,2022-09-30,,64.51708132453098,0.0,,,,,open
813,2024-12-31,,2024-12-31,,5.376577481514795,0.0,,,,,open
814,2022-05-31,,2022-05-31,,16.452956740838495,0.0,,,,,open
815,2022-04-30,,2022-04-29,,131.13455434078458,0.0,,,,,open
816,2022-04-30,,2022-04-29,,63.306336578309796,0.0,,,,,open
817,2022-05-31,,2022-05-31,,8.226478370419247,0.0,,,,,open
818,2022-06-30,,2022-06-30,,2.761883635766356,0.0,,,,,open
819,2022-05-31,,2022-05-31,,13.710797284032079,0.0,,,,,open
820,2023-01-31,,2023-01-31,,2.7517759281760994,0.0,,,,,open
821,2022-04-30,,2022-04-29,,131.13455434078458,0.0,,,,,open
822,2024-10-31,,2024-10-31,,45.22914623010853,0.0,,,,,open
823,2023-02-28,,2023-02-28,,54.69619265870881,0.0,,,,,open
824,2022-04-30,,2022-04-29,,49.74069302581484,0.0,,,,,open
825,2022-04-30,,2022-04-29,,429.57871249567364,0.0,,,,,open
826,2022-04-30,,2022-04-29,,72.35009894663976,0.0,,,,,open
827,2022-11-30,,2022-11-30,,11.058459437395927,0.0,,,,,open
828,2022-07-31,,2022-07-29,,45.99891130902021,0.0,,,,,open
829,2024-06-30,,2024-06-28,,2.719789494143004,0.0,,,,,open
830,2024-05-31,,2024-05-31,,5.452356503288246,0.0,,,,,open
831,2023-08-31,,2023-08-31,,2.737106031753515,0.0,,,,,open
832,2022-04-30,,2022-04-29,,2.7131287104989914,0.0,,,,,open
833,2023-11-30,,2023-11-30,,19.122397670457513,0.0,,,,,open
834,2023-01-31,,2023-01-31,,8.255327784528298,0.0,,,,,open
835,2022-04-30,,2022-04-29,,2.7131287104989914,0.0,,,,,open
836,2022-04-30,,2022-04-29,,8.139386131496973,0.0,,,,,open
837,2024-06-30,,2024-06-28,,86.12666731452846,0.0,,,,,open
838,2022-11-30,,2022-11-30,,124.40766867070417,0.0,,,,,open
839,2022-07-31,,2022-07-29,,11.03973871416485,0.0,,,,,open
840,2022-04-30,,2022-04-29,,94.9595048674647,0.0,,,,,open
841,2022-05-31,,2022-05-31,,24.679435111257742,0.0,,,,,open
842,2022-09-30,,2022-09-30,,216.593058732354,0.0,,,,,open
843,2022-11-30,,2022-11-30,,2.7646148593489817,0.0,,,,,open
844,2022-04-30,,2022-04-29,,3617.504947331988,0.0,,,,,open
845,2022-11-30,,2022-11-30,,110.58459437395926,0.0,,,,,open
846,2024-02-29,,2024-02-29,,2123.4168292083464,0.0,,,,,open
847,2024-05-31,,2024-05-31,,8.178534754932368,0.0,,,,,open
848,2022-05-31,,2022-05-31,,2.742159456806416,0.0,,,,,open
849,2022-04-30,,2022-04-29,,18.99190097349294,0.0,,,,,open
850,2024-11-30,,2024-11-29,,3245.64759253554,0.0,,,,,open
851,2024-11-30,,2024-11-29,,5.4094126542259,0.0,,,,,open
852,2022-05-31,,2022-05-31,,59.41345489747235,0.0,,,,,open
853,2022-10-31,,2022-10-31,,2.77812318724675,0.0,,,,,open
854,2024-12-31,,2024-12-31,,62.72673728433928,0.0,,,,,open
855,2022-06-30,,2022-06-30,,299.2040605413552,0.0,,,,,open
856,2023-10-31,,2023-10-31,,16.500842403481613,0.0,,,,,open
857,2022-05-31,,2022-05-31,,383.90232395289826,0.0,,,,,open
858,2022-05-31,,2022-05-31,,2.742159456806416,0.0,,,,,open
859,2022-05-31,,2022-05-31,,114.25664403360067,0.0,,,,,open
860,2022-07-31,,2022-07-29,,13.799673392706062,0.0,,,,,open
861,2022-05-31,,2022-05-31,,452.4563103730586,0.0,,,,,open
862,2022-05-31,,2022-05-31,,155.3890358856969,0.0,,,,,open
863,2022-09-30,,2022-09-30,,6414.84122883908,0.0,,,,,open
864,2024-09-30,,2024-09-30,,2.7018155314443613,0.0,,,,,open
865,2022-10-31,,2022-10-31,,449.12991527155793,0.0,,,,,open
866,2022-05-31,,2022-05-31,,5.484318913612832,0.0,,,,,open
867,2024-01-31,,2024-01-31,,59.377459210642606,0.0,,,,,open
868,2023-09-30,,2023-09-27,,2.7398787226626524,0.0,,,,,open
869,2024-06-30,,2024-06-28,,2.719789494143004,0.0,,,,,open
870,2022-05-31,,2022-05-31,,2.742159456806416,0.0,,,,,open
871,2023-02-28,,2023-02-28,,95.71833715274042,0.0,,,,,open
872,2022-07-31,,2022-07-29,,8.279804035623638,0.0,,,,,open
873,2023-07-31,,2023-07-31,,5.472716342634552,0.0,,,,,open
874,2022-05-31,,2022-05-31,,2.742159456806416,0.0,,,,,open
875,2022-08-31,,2022-08-31,,8.294282683070985,0.0,,,,,open
876,2022-06-30,,2022-06-30,,8.285650907299068,0.0,,,,,open
877,2024-10-31,,2024-10-31,,72.36663396817366,0.0,,,,,open
878,2023-12-31,,2023-12-29,,16.404476518965904,0.0,,,,,open
879,2023-02-28,,2023-02-28,,2.7348096329354403,0.0,,,,,open
880,2022-12-31,,2022-12-30,,2.752776296353928,0.0,,,,,open
881,2023-03-31,,2023-03-31,,10.911337172131997,0.0,,,,,open
882,2022-05-31,,2022-05-31,,13.710797284032079,0.0,,,,,open
883,2022-09-30,,2022-09-30,,3834.157975857841,0.0,,,,,open
884,2024-12-31,,2024-12-31,,161.29732444544388,0.0,,,,,open
885,2022-05-31,,2022-05-31,,10.968637827225663,0.0,,,,,open
886,2022-05-31,,2022-05-31,,2.742159456806416,0.0,,,,,open
887,2022-11-30,,2022-11-30,,5.529229718697963,0.0,,,,,open
888,2022-05-31,,2022-05-31,,950.6152783595576,0.0,,,,,open
889,2022-08-31,,2022-08-31,,24.882848049212956,0.0,,,,,open
890,2022-05-31,,2022-05-31,,10.968637827225663,0.0,,,,,open
891,2022-06-30,,2022-06-30,,2.761883635766356,0.0,,,,,open
892,2022-10-31,,2022-10-31,,208.35923904350625,0.0,,,,,open
893,2022-06-30,,2022-06-30,,2.761883635766356,0.0,,,,,open
895,2022-05-31,,2022-05-31,,2.742159456806416,0.0,,,,,open
896,2022-05-31,,2022-05-31,,178.24036469241705,0.0,,,,,open
897,2022-05-31,,2022-05-31,,5.484318913612832,0.0,,,,,open
898,2024-09-30,,2024-09-30,,2.7018155314443613,0.0,,,,,open
899,2024-07-31,,2024-07-31,,7886.177881625782,0.0,,,,,open
900,2023-02-28,,2023-02-28,,2.7348096329354403,0.0,,,,,open
901,2022-05-31,,2022-05-31,,219.37275654451327,0.0,,,,,open
902,2022-12-31,,2022-12-30,,59.643486421001775,0.0,,,,,open
903,2022-05-31,,2022-05-31,,5.484318913612832,0.0,,,,,open
904,2022-10-31,,2022-10-31,,11.112492748987,0.0,,,,,open
905,2022-09-30,,2022-09-30,,11.06007108420531,0.0,,,,,open
906,2022-05-31,,2022-05-31,,16.452956740838495,0.0,,,,,open
907,2022-05-31,,2022-05-31,,187.38089621510508,0.0,,,,,open
908,2023-12-31,,2023-12-29,,2.7340794198276503,0.0,,,,,open
909,2022-05-31,,2022-05-31,,8.226478370419247,0.0,,,,,open
910,2022-05-31,,2022-05-31,,16.452956740838495,0.0,,,,,open
911,2022-05-31,,2022-05-31,,21.937275654451327,0.0,,,,,open
912,2022-05-31,,2022-05-31,,8.226478370419247,0.0,,,,,open
913,2022-07-31,,2022-07-29,,413.9902017811819,0.0,,,,,open
914,2024-09-30,,2024-09-30,,2.7018155314443613,0.0,,,,,open
915,2022-05-31,,2022-05-31,,242.2240853512334,0.0,,,,,open
916,2022-05-31,,2022-05-31,,45.702657613440266,0.0,,,,,open
917,2022-11-30,,2022-11-30,,884.6767549916741,0.0,,,,,open
918,2022-07-31,,2022-07-29,,174.7958629742768,0.0,,,,,open
919,2022-07-31,,2022-07-29,,5.519869357082425,0.0,,,,,open
920,2023-07-31,,2023-07-31,,68.4089542829319,0.0,,,,,open
921,2022-05-31,,2022-05-31,,5.484318913612832,0.0,,,,,open
922,2022-05-31,,2022-05-31,,24.679435111257742,0.0,,,,,open
923,2022-05-31,,2022-05-31,,16.452956740838495,0.0,,,,,open
924,2024-11-30,,2024-11-29,,2.70470632711295,0.0,,,,,open
925,2022-05-31,,2022-05-31,,2.742159456806416,0.0,,,,,open
926,2024-10-31,,2024-10-31,,5.427497547613024,0.0,,,,,open
927,2022-05-31,,2022-05-31,,13.710797284032079,0.0,,,,,open
928,2022-05-31,,2022-05-31,,8.226478370419247,0.0,,,,,open
929,2022-05-31,,2022-05-31,,150.81877012435288,0.0,,,,,open
930,2022-05-31,,2022-05-31,,2.742159456806416,0.0,,,,,open
931,2022-10-31,,2022-10-31,,13.89061593623375,0.0,,,,,open
932,2022-05-31,,2022-05-31,,16.452956740838495,0.0,,,,,open
933,2022-11-30,,2022-11-30,,11.058459437395927,0.0,,,,,open
934,2022-05-31,,2022-05-31,,95.97558098822456,0.0,,,,,open
935,2022-10-31,,2022-10-31,,64.82287436909084,0.0,,,,,open
936,2022-08-31,,2022-08-31,,138.23804471784976,0.0,,,,,open
937,2022-07-31,,2022-07-29,,2.7599346785412124,0.0,,,,,open
938,2022-05-31,,2022-05-31,,2.742159456806416,0.0,,,,,open
939,2022-11-30,,2022-11-30,,5.529229718697963,0.0,,,,,open
940,2022-08-31,,2022-08-31,,46.07934823928325,0.0,,,,,open
941,2024-12-31,,2024-12-31,,8.064866222272194,0.0,,,,,open
942,2024-09-30,,2024-09-30,,10.807262125777445,0.0,,,,,open
943,2022-07-31,,2022-07-29,,2.7599346785412124,0.0,,,,,open
944,2022-05-31,,2022-05-31,,2.742159456806416,0.0,,,,,open
945,2022-05-31,,2022-05-31,,2.742159456806416,0.0,,,,,open
946,2022-05-31,,2022-05-31,,5.484318913612832,0.0,,,,,open
947,2022-07-31,,2022-07-29,,64.39847583262829,0.0,,,,,open
948,2022-05-31,,2022-05-31,,91.40531522688053,0.0,,,,,open
949,2022-07-31,,2022-07-29,,285.1932501159253,0.0,,,,,open
950,2022-10-31,,2022-10-31,,287.0727293488308,0.0,,,,,open
951,2024-05-31,,2024-05-31,,19.08324776150886,0.0,,,,,open
952,2022-05-31,,2022-05-31,,191.95116197644913,0.0,,,,,open
953,2022-11-30,,2022-11-30,,11.058459437395927,0.0,,,,,open
954,2022-05-31,,2022-05-31,,59.41345489747235,0.0,,,,,open
955,2022-07-31,,2022-07-29,,59.79858470172627,0.0,,,,,open
956,2022-05-31,,2022-05-31,,2924.970087260177,0.0,,,,,open
957,2024-06-30,,2024-06-28,,2.719789494143004,0.0,,,,,open
958,2024-04-30,,2024-04-30,,19.126288899110246,0.0,,,,,open
959,2022-06-30,,2022-06-30,,16.571301814598137,0.0,,,,,open
960,2024-06-30,,2024-06-28,,2.719789494143004,0.0,,,,,open
961,2022-07-31,,2022-07-29,,11.03973871416485,0.0,,,,,open
962,2022-06-30,,2022-06-30,,8.285650907299068,0.0,,,,,open
963,2023-01-31,,2023-01-31,,5.503551856352199,0.0,,,,,open
964,2022-08-31,,2022-08-31,,239.6126108442729,0.0,,,,,open
965,2024-05-31,,2024-05-31,,77.24171712991681,0.0,,,,,open
966,2022-07-31,,2022-07-29,,2.7599346785412124,0.0,,,,,open
967,2022-09-30,,2022-09-30,,87.55889608329204,0.0,,,,,open
968,2022-06-30,,2022-06-30,,46.03139392943926,0.0,,,,,open
969,2023-08-31,,2023-08-31,,13.685530158767575,0.0,,,,,open
970,2022-07-31,,2022-07-29,,2.7599346785412124,0.0,,,,,open
971,2022-08-31,,2022-08-31,,1386.06679503764,0.0,,,,,open
972,2022-06-30,,2022-06-30,,161.10987875303744,0.0,,,,,open
973,2022-06-30,,2022-06-30,,179.52243632481313,0.0,,,,,open
974,2022-06-30,,2022-06-30,,2.761883635766356,0.0,,,,,open
975,2024-10-31,,2024-10-31,,5.427497547613024,0.0,,,,,open
976,2022-06-30,,2022-06-30,,13.809418178831779,0.0,,,,,open
977,2023-01-31,,2023-01-31,,5.503551856352199,0.0,,,,,open
978,2022-12-31,,2022-12-30,,1827.8434607790082,0.0,,,,,open
979,2022-06-30,,2022-06-30,,5.523767271532712,0.0,,,,,open
980,2022-09-30,,2022-09-30,,2.7650177710513275,0.0,,,,,open
981,2022-06-30,,2022-06-30,,19.333185450364493,0.0,,,,,open
982,2022-07-31,,2022-07-29,,8.279804035623638,0.0,,,,,open
983,2024-12-31,,2024-12-31,,5.376577481514795,0.0,,,,,open
984,2024-03-31,,2024-03-29,,68.4448607622169,0.0,,,,,open
985,2023-02-28,,2023-02-28,,95.71833715274042,0.0,,,,,open
986,2024-09-30,,2024-09-30,,81.05446594333084,0.0,,,,,open
987,2023-01-31,,2023-01-31,,307.28164531299774,0.0,,,,,open
988,2022-11-30,,2022-11-30,,2.7646148593489817,0.0,,,,,open
989,2022-10-31,,2022-10-31,,9038.160769176093,0.0,,,,,open
990,2024-08-31,,2024-08-30,,5.388715256825671,0.0,,,,,open
991,2022-06-30,,2022-06-30,,1178.4036845936453,0.0,,,,,open
992,2022-06-30,,2022-06-30,,193.3318545036449,0.0,,,,,open
993,2022-06-30,,2022-06-30,,13.809418178831779,0.0,,,,,open
994,2022-07-31,,2022-07-29,,19.31954274978849,0.0,,,,,open
995,2022-06-30,,2022-06-30,,13.809418178831779,0.0,,,,,open
996,2022-06-30,,2022-06-30,,82.85650907299068,0.0,,,,,open
997,2022-07-31,,2022-07-29,,19.31954274978849,0.0,,,,,open
998,2022-06-30,,2022-06-30,,128.88790300242994,0.0,,,,,open
999,2022-06-30,,2022-06-30,,2.761883635766356,0.0,,,,,open
1000,2022-07-31,,2022-07-29,,2.7599346785412124,0.0,,,,,open
1001,2022-08-31,,2022-08-31,,5.52952178871399,0.0,,,,,open
1002,2022-06-30,,2022-06-30,,24.8569527218972,0.0,,,,,open
1003,2022-06-30,,2022-06-30,,11.047534543065424,0.0,,,,,open
1004,2022-09-30,,2022-09-30,,55.30035542102655,0.0,,,,,open
1005,2022-09-30,,2022-09-30,,11.06007108420531,0.0,,,,,open
1006,2023-09-30,,2023-09-27,,8.219636167987957,0.0,,,,,open
1007,2022-07-31,,2022-07-29,,8.279804035623638,0.0,,,,,open
1008,2022-06-30,,2022-06-30,,2.761883635766356,0.0,,,,,open
1009,2024-11-30,,2024-11-29,,8.11411898133885,0.0,,,,,open
1010,2022-06-30,,2022-06-30,,2.761883635766356,0.0,,,,,open
1011,2022-06-30,,2022-06-30,,8.285650907299068,0.0,,,,,open
1012,2022-06-30,,2022-06-30,,243.9663878260281,0.0,,,,,open
1013,2022-06-30,,2022-06-30,,736.5023028710282,0.0,,,,,open
1014,2022-06-30,,2022-06-30,,2.761883635766356,0.0,,,,,open
1015,2023-09-30,,2023-09-27,,5.479757445325305,0.0,,,,,open
1016,2022-06-30,,2022-06-30,,11.047534543065424,0.0,,,,,open
1017,2022-10-31,,2022-10-31,,16.6687391234805,0.0,,,,,open
1018,2022-07-31,,2022-07-29,,45.99891130902021,0.0,,,,,open
1019,2022-10-31,,2022-10-31,,46.30205312077916,0.0,,,,,open
1020,2022-06-30,,2022-06-30,,230.15696964719632,0.0,,,,,open
1021,2022-07-31,,2022-07-29,,11.03973871416485,0.0,,,,,open
1022,2022-06-30,,2022-06-30,,8.285650907299068,0.0,,,,,open
1023,2022-12-31,,2022-12-30,,11.011105185415712,0.0,,,,,open
1024,2022-08-31,,2022-08-31,,207.35706707677463,0.0,,,,,open
1025,2022-06-30,,2022-06-30,,8.285650907299068,0.0,,,,,open
1026,2022-07-31,,2022-07-29,,2.7599346785412124,0.0,,,,,open
1027,2024-08-31,,2024-08-30,,2.6943576284128357,0.0,,,,,open
1028,2022-07-31,,2022-07-29,,73.59825809443234,0.0,,,,,open
1029,2024-08-31,,2024-08-30,,2.6943576284128357,0.0,,,,,open
1030,2022-10-31,,2022-10-31,,16.6687391234805,0.0,,,,,open
1031,2022-06-30,,2022-06-30,,24.8569527218972,0.0,,,,,open
1032,2024-12-31,,2024-12-31,,353.9580175330574,0.0,,,,,open
1033,2022-06-30,,2022-06-30,,16.571301814598137,0.0,,,,,open
1034,2023-11-30,,2023-11-30,,21.85416876623716,0.0,,,,,open
1035,2023-03-31,,2023-03-31,,290.96899125685326,0.0,,,,,open
1036,2022-07-31,,2022-07-29,,11.03973871416485,0.0,,,,,open
1037,2023-05-31,,2023-05-31,,2.7351542024971467,0.0,,,,,open
1038,2024-12-31,,2024-12-31,,62.72673728433928,0.0,,,,,open
1039,2024-12-31,,2024-12-31,,10.75315496302959,0.0,,,,,open
1040,2022-06-30,,2022-06-30,,133.49104239537388,0.0,,,,,open
1041,2024-12-31,,2024-12-31,,98.57058716110458,0.0,,,,,open
1042,2022-07-31,,2022-07-29,,13.799673392706062,0.0,,,,,open
1043,2024-05-31,,2024-05-31,,358.94680313314285,0.0,,,,,open
1044,2022-08-31,,2022-08-31,,8.294282683070985,0.0,,,,,open
1045,2023-11-30,,2023-11-30,,8.195313287338934,0.0,,,,,open
1046,2022-09-30,,2022-09-30,,262.6766882498761,0.0,,,,,open
1047,2022-07-31,,2022-07-29,,5.519869357082425,0.0,,,,,open
1048,2022-09-30,,2022-09-30,,2.7650177710513275,0.0,,,,,open
1049,2022-12-31,,2022-12-30,,13.76388148176964,0.0,,,,,open
1050,2022-08-31,,2022-08-31,,13.823804471784975,0.0,,,,,open
1051,2022-10-31,,2022-10-31,,259.29149747636336,0.0,,,,,open
1052,2022-07-31,,2022-07-29,,266.7936855923172,0.0,,,,,open
1053,2022-07-31,,2022-07-29,,124.19706053435456,0.0,,,,,open
1054,2022-09-30,,2022-09-30,,101.38398493854868,0.0,,,,,open
1055,2022-07-31,,2022-07-29,,5.519869357082425,0.0,,,,,open
1056,2022-07-31,,2022-07-29,,2.7599346785412124,0.0,,,,,open
1057,2022-08-31,,2022-08-31,,11.05904357742798,0.0,,,,,open
1058,2022-07-31,,2022-07-29,,2.7599346785412124,0.0,,,,,open
1059,2022-12-31,,2022-12-30,,880.888414833257,0.0,,,,,open
1060,2023-02-28,,2023-02-28,,8.204428898806322,0.0,,,,,open
1061,2022-07-31,,2022-07-29,,64.39847583262829,0.0,,,,,open
1062,2022-07-31,,2022-07-29,,45.99891130902021,0.0,,,,,open
1063,2024-12-31,,2024-12-31,,16.129732444544388,0.0,,,,,open
1064,2024-12-31,,2024-12-31,,188.18021185301785,0.0,,,,,open
1065,2022-07-31,,2022-07-29,,2.7599346785412124,0.0,,,,,open
1066,2022-08-31,,2022-08-31,,2.764760894356995,0.0,,,,,open
1067,2024-09-30,,2024-09-30,,2.7018155314443613,0.0,,,,,open
1068,2022-07-31,,2022-07-29,,2.7599346785412124,0.0,,,,,open
1069,2023-03-31,,2023-03-31,,68.19585732582499,0.0,,,,,open
1070,2022-07-31,,2022-07-29,,5.519869357082425,0.0,,,,,open
1071,2022-07-31,,2022-07-29,,114.99727827255052,0.0,,,,,open
1072,2022-07-31,,2022-07-29,,2.7599346785412124,0.0,,,,,open
1073,2023-01-31,,2023-01-31,,11.007103712704398,0.0,,,,,open
1074,2022-07-31,,2022-07-29,,13.799673392706062,0.0,,,,,open
1075,2022-07-31,,2022-07-29,,13.799673392706062,0.0,,,,,open
1076,2022-08-31,,2022-08-31,,50.687283063211574,0.0,,,,,open
1077,2023-03-31,,2023-03-31,,350.07206760590157,0.0,,,,,open
1078,2023-10-31,,2023-10-31,,8.250421201740807,0.0,,,,,open
1079,2022-07-31,,2022-07-29,,2.7599346785412124,0.0,,,,,open
1080,2022-07-31,,2022-07-29,,64.39847583262829,0.0,,,,,open
1081,2022-07-31,,2022-07-29,,124.19706053435456,0.0,,,,,open
1082,2022-07-31,,2022-07-29,,22.0794774283297,0.0,,,,,open
1083,2022-08-31,,2022-08-31,,8.294282683070985,0.0,,,,,open
1084,2022-07-31,,2022-07-29,,73.59825809443234,0.0,,,,,open
1085,2022-10-31,,2022-10-31,,5.5562463744935,0.0,,,,,open
1086,2022-08-31,,2022-08-31,,5.52952178871399,0.0,,,,,open
1087,2022-08-31,,2022-08-31,,271.86815461177116,0.0,,,,,open
1088,2022-07-31,,2022-07-29,,96.59771374894244,0.0,,,,,open
1089,2022-08-31,,2022-08-31,,1253.3582721085045,0.0,,,,,open
1090,2022-08-31,,2022-08-31,,22.11808715485596,0.0,,,,,open
1091,2023-01-31,,2023-01-31,,229.31466068134162,0.0,,,,,open
1092,2022-07-31,,2022-07-29,,13.799673392706062,0.0,,,,,open
1093,2022-07-31,,2022-07-29,,64.39847583262829,0.0,,,,,open
1094,2022-09-30,,2022-09-30,,11.06007108420531,0.0,,,,,open
1095,2022-07-31,,2022-07-29,,5.519869357082425,0.0,,,,,open
1096,2022-07-31,,2022-07-29,,8.279804035623638,0.0,,,,,open
1097,2022-07-31,,2022-07-29,,2.7599346785412124,0.0,,,,,open
1098,2022-09-30,,2022-09-30,,244.24323644286727,0.0,,,,,open
1099,2022-08-31,,2022-08-31,,248.82848049212956,0.0,,,,,open
1100,2022-07-31,,2022-07-29,,8.279804035623638,0.0,,,,,open
1101,2022-11-30,,2022-11-30,,5.529229718697963,0.0,,,,,open
1102,2022-07-31,,2022-07-29,,8.279804035623638,0.0,,,,,open
1103,2023-09-30,,2023-09-27,,730.634326043374,0.0,,,,,open
1104,2022-12-31,,2022-12-30,,445.0321679105517,0.0,,,,,open
1105,2022-07-31,,2022-07-29,,8.279804035623638,0.0,,,,,open
1106,2022-07-31,,2022-07-29,,19.31954274978849,0.0,,,,,open
1107,2022-09-30,,2022-09-30,,87.55889608329204,0.0,,,,,open
1108,2023-10-31,,2023-10-31,,73.33707734880717,0.0,,,,,open
1109,2022-07-31,,2022-07-29,,45.99891130902021,0.0,,,,,open
1110,2023-03-31,,2023-03-31,,77.28863830260165,0.0,,,,,open
1111,2022-09-30,,2022-09-30,,5.530035542102655,0.0,,,,,open
1112,2022-11-30,,2022-11-30,,11.058459437395927,0.0,,,,,open
1113,2023-08-31,,2023-08-31,,5.47421206350703,0.0,,,,,open
1114,2022-11-30,,2022-11-30,,69.11537148372454,0.0,,,,,open
1115,2022-07-31,,2022-07-29,,2.7599346785412124,0.0,,,,,open
1116,2024-10-31,,2024-10-31,,58.79789009914109,0.0,,,,,open
1117,2022-08-31,,2022-08-31,,13.823804471784975,0.0,,,,,open
1118,2022-07-31,,2022-07-29,,2.7599346785412124,0.0,,,,,open
1119,2024-11-30,,2024-11-29,,49.586282663737414,0.0,,,,,open
1120,2023-11-30,,2023-11-30,,19.122397670457513,0.0,,,,,open
1121,2022-08-31,,2022-08-31,,5.52952178871399,0.0,,,,,open
1122,2024-04-30,,2024-04-30,,8.196980956761534,0.0,,,,,open
1123,2023-06-30,,2023-06-30,,8.248730362046826,0.0,,,,,open
1124,2022-10-31,,2022-10-31,,963.0827049122066,0.0,,,,,open
1125,2024-01-31,,2024-01-31,,21.92398493931419,0.0,,,,,open
1126,2022-11-30,,2022-11-30,,46.07691432248303,0.0,,,,,open
1127,2022-08-31,,2022-08-31,,1253.3582721085045,0.0,,,,,open
1128,2022-07-31,,2022-07-29,,2.7599346785412124,0.0,,,,,open
1129,2022-07-31,,2022-07-29,,11.03973871416485,0.0,,,,,open
1130,2022-07-31,,2022-07-29,,3532.716388532752,0.0,,,,,open
1131,2022-07-31,,2022-07-29,,8831.79097133188,0.0,,,,,open
1132,2023-07-31,,2023-07-31,,8.209074513951828,0.0,,,,,open
1133,2022-07-31,,2022-07-29,,5.519869357082425,0.0,,,,,open
1134,2023-10-31,,2023-10-31,,45.83567334300448,0.0,,,,,open
1135,2023-06-30,,2023-06-30,,19.247037511442596,0.0,,,,,open
1136,2023-01-31,,2023-01-31,,50.44922534989515,0.0,,,,,open
1137,2022-08-31,,2022-08-31,,290.2998939074845,0.0,,,,,open
1138,2024-03-31,,2024-03-29,,24.640149874398084,0.0,,,,,open
1139,2022-08-31,,2022-08-31,,73.7269571828532,0.0,,,,,open
1140,2022-08-31,,2022-08-31,,8.294282683070985,0.0,,,,,open
1141,2022-12-31,,2022-12-30,,13.76388148176964,0.0,,,,,open
1142,2022-09-30,,2022-09-30,,119.81743674555753,0.0,,,,,open
1143,2022-08-31,,2022-08-31,,50.687283063211574,0.0,,,,,open
1144,2023-08-31,,2023-08-31,,8.211318095260545,0.0,,,,,open
1145,2022-08-31,,2022-08-31,,1282.8490549816456,0.0,,,,,open
1146,2022-08-31,,2022-08-31,,2.764760894356995,0.0,,,,,open
1147,2022-10-31,,2022-10-31,,2.77812318724675,0.0,,,,,open
1148,2022-08-31,,2022-08-31,,2.764760894356995,0.0,,,,,open
1149,2023-12-31,,2023-12-29,,91.13598066092169,0.0,,,,,open
1150,2024-05-31,,2024-05-31,,24.535604264797104,0.0,,,,,open
1151,2022-08-31,,2022-08-31,,5.52952178871399,0.0,,,,,open
1152,2022-11-30,,2022-11-30,,170.4845829931872,0.0,,,,,open
1153,2023-02-28,,2023-02-28,,5.469619265870881,0.0,,,,,open
1154,2022-08-31,,2022-08-31,,8.294282683070985,0.0,,,,,open
1155,2022-08-31,,2022-08-31,,24.882848049212956,0.0,,,,,open
1156,2024-12-31,,2024-12-31,,134.41443703786987,0.0,,,,,open
1157,2022-09-30,,2022-09-30,,221.2014216841062,0.0,,,,,open
1158,2022-11-30,,2022-11-30,,5.529229718697963,0.0,,,,,open
1159,2024-08-31,,2024-08-30,,107.77430513651343,0.0,,,,,open
1160,2022-08-31,,2022-08-31,,2.764760894356995,0.0,,,,,open
1161,2022-08-31,,2022-08-31,,16.58856536614197,0.0,,,,,open
1162,2022-10-31,,2022-10-31,,8.33436956174025,0.0,,,,,open
1163,2022-12-31,,2022-12-30,,169.7545382751589,0.0,,,,,open
1164,2022-08-31,,2022-08-31,,20621.42992404404,0.0,,,,,open
1165,2023-06-30,,2023-06-30,,953.1866196143,0.0,,,,,open
1166,2023-01-31,,2023-01-31,,123.82991676792447,0.0,,,,,open
1167,2024-10-31,,2024-10-31,,13.56874386903256,0.0,,,,,open
1168,2022-09-30,,2022-09-30,,202.76796987709736,0.0,,,,,open
1169,2022-08-31,,2022-08-31,,64.51108753499655,0.0,,,,,open
1170,2022-09-30,,2022-09-30,,2.7650177710513275,0.0,,,,,open
1171,2022-11-30,,2022-11-30,,285.67686879939475,0.0,,,,,open
1172,2023-09-30,,2023-09-27,,16.439272335975915,0.0,,,,,open
1174,2024-01-31,,2024-01-31,,54.80996234828548,0.0,,,,,open
1175,2023-06-30,,2023-06-30,,45.826279789149034,0.0,,,,,open
1176,2022-08-31,,2022-08-31,,13.823804471784975,0.0,,,,,open
1177,2022-08-31,,2022-08-31,,8.294282683070985,0.0,,,,,open
1178,2022-08-31,,2022-08-31,,11.05904357742798,0.0,,,,,open
1179,2022-08-31,,2022-08-31,,142.84597954177806,0.0,,,,,open
1180,2022-08-31,,2022-08-31,,152.06184918963473,0.0,,,,,open
1181,2022-11-30,,2022-11-30,,11.058459437395927,0.0,,,,,open
1182,2024-05-31,,2024-05-31,,268.0741947450054,0.0,,,,,open
1183,2022-08-31,,2022-08-31,,2.764760894356995,0.0,,,,,open
1184,2022-08-31,,2022-08-31,,69.11902235892488,0.0,,,,,open
1185,2023-04-30,,2023-04-28,,2.7406826541408074,0.0,,,,,open
1186,2022-08-31,,2022-08-31,,64.51108753499655,0.0,,,,,open
1187,2022-08-31,,2022-08-31,,2.764760894356995,0.0,,,,,open
1188,2024-07-31,,2024-07-31,,8.065409197117276,0.0,,,,,open
1189,2022-08-31,,2022-08-31,,69.11902235892488,0.0,,,,,open
1190,2023-08-31,,2023-08-31,,16.42263619052109,0.0,,,,,open
1191,2022-08-31,,2022-08-31,,2.764760894356995,0.0,,,,,open
1192,2022-10-31,,2022-10-31,,60.192669057012914,0.0,,,,,open
1193,2022-12-31,,2022-12-30,,2.752776296353928,0.0,,,,,open
1194,2024-11-30,,2024-11-29,,72.12550205634533,0.0,,,,,open
1195,2022-11-30,,2022-11-30,,11.058459437395927,0.0,,,,,open
1196,2022-10-31,,2022-10-31,,2.77812318724675,0.0,,,,,open
1197,2022-08-31,,2022-08-31,,115.19837059820813,0.0,,,,,open
1198,2024-12-31,,2024-12-31,,16.129732444544388,0.0,,,,,open
1199,2022-08-31,,2022-08-31,,1843.17392957133,0.0,,,,,open
1200,2022-10-31,,2022-10-31,,388.937246214545,0.0,,,,,open
1201,2023-02-28,,2023-02-28,,364.64128439139205,0.0,,,,,open
1202,2024-03-31,,2024-03-29,,3431.369019545807,0.0,,,,,open
1203,2022-08-31,,2022-08-31,,101.37456612642315,0.0,,,,,open
1204,2022-10-31,,2022-10-31,,5.5562463744935,0.0,,,,,open
1205,2022-09-30,,2022-09-30,,11.06007108420531,0.0,,,,,open
1206,2023-06-30,,2023-06-30,,16.497460724093653,0.0,,,,,open
1207,2022-09-30,,2022-09-30,,5.530035542102655,0.0,,,,,open
1209,2022-12-31,,2022-12-30,,11.011105185415712,0.0,,,,,open
1210,2022-09-30,,2022-09-30,,22.12014216841062,0.0,,,,,open
1211,2022-09-30,,2022-09-30,,69.12544427628319,0.0,,,,,open
1212,2022-09-30,,2022-09-30,,82.95053313153983,0.0,,,,,open
1213,2022-09-30,,2022-09-30,,22.12014216841062,0.0,,,,,open
1214,2024-05-31,,2024-05-31,,2.726178251644123,0.0,,,,,open
1215,2022-11-30,,2022-11-30,,400.8691546056023,0.0,,,,,open
1216,2022-09-30,,2022-09-30,,2.7650177710513275,0.0,,,,,open
1217,2023-11-30,,2023-11-30,,8.195313287338934,0.0,,,,,open
1218,2023-01-31,,2023-01-31,,339.3856978083856,0.0,,,,,open
1219,2022-12-31,,2022-12-30,,178.93045926300533,0.0,,,,,open
1220,2024-11-30,,2024-11-29,,387.67457355285615,0.0,,,,,open
1221,2024-07-31,,2024-07-31,,2.688469732372426,0.0,,,,,open
1222,2024-03-31,,2024-03-29,,5.475588860977352,0.0,,,,,open
1223,2022-10-31,,2022-10-31,,5.5562463744935,0.0,,,,,open
1224,2023-01-31,,2023-01-31,,82.55327784528298,0.0,,,,,open
1225,2022-12-31,,2022-12-30,,2.752776296353928,0.0,,,,,open
1226,2022-09-30,,2022-09-30,,55.30035542102655,0.0,,,,,open
1227,2022-09-30,,2022-09-30,,294.9352289121416,0.0,,,,,open
1228,2022-09-30,,2022-09-30,,2.7650177710513275,0.0,,,,,open
1229,2024-04-30,,2024-04-30,,168.49349744454264,0.0,,,,,open
1230,2022-11-30,,2022-11-30,,24.881533734140834,0.0,,,,,open
1231,2023-05-31,,2023-05-31,,209.69515552478126,0.0,,,,,open
1232,2024-08-31,,2024-08-30,,13.47178814206418,0.0,,,,,open
1233,2022-10-31,,2022-10-31,,46.30205312077916,0.0,,,,,open
1234,2022-09-30,,2022-09-30,,884.8056867364248,0.0,,,,,open
1235,2022-10-31,,2022-10-31,,8.33436956174025,0.0,,,,,open
1236,2023-02-28,,2023-02-28,,802.2108256610625,0.0,,,,,open
1237,2023-02-28,,2023-02-28,,16.408857797612644,0.0,,,,,open
1238,2022-09-30,,2022-09-30,,8.295053313153984,0.0,,,,,open
1239,2022-11-30,,2022-11-30,,11.058459437395927,0.0,,,,,open
1240,2022-09-30,,2022-09-30,,59.908718372778765,0.0,,,,,open
1241,2023-09-30,,2023-09-27,,123.29454251981936,0.0,,,,,open
1242,2022-10-31,,2022-10-31,,2.77812318724675,0.0,,,,,open
1243,2022-10-31,,2022-10-31,,8.33436956174025,0.0,,,,,open
1244,2022-09-30,,2022-09-30,,13.825088855256638,0.0,,,,,open
1245,2023-02-28,,2023-02-28,,2.7348096329354403,0.0,,,,,open
1246,2022-09-30,,2022-09-30,,281.110140056885,0.0,,,,,open
1247,2022-09-30,,2022-09-30,,5.530035542102655,0.0,,,,,open
1248,2022-09-30,,2022-09-30,,8.295053313153984,0.0,,,,,open
1249,2022-09-30,,2022-09-30,,2.7650177710513275,0.0,,,,,open
1250,2023-05-31,,2023-05-31,,10.940616809988587,0.0,,,,,open
1251,2022-09-30,,2022-09-30,,2.7650177710513275,0.0,,,,,open
1252,2022-09-30,,2022-09-30,,2.7650177710513275,0.0,,,,,open
1253,2022-12-31,,2022-12-30,,105.5230913602339,0.0,,,,,open
1254,2022-11-30,,2022-11-30,,5.529229718697963,0.0,,,,,open
1255,2023-06-30,,2023-06-30,,5.499153574697885,0.0,,,,,open
1256,2022-09-30,,2022-09-30,,2.7650177710513275,0.0,,,,,open
1257,2022-09-30,,2022-09-30,,101.38398493854868,0.0,,,,,open
1258,2023-03-31,,2023-03-31,,8.183502879098999,0.0,,,,,open
1259,2022-11-30,,2022-11-30,,8.293844578046945,0.0,,,,,open
1260,2022-09-30,,2022-09-30,,5.530035542102655,0.0,,,,,open
1261,2023-01-31,,2023-01-31,,11.007103712704398,0.0,,,,,open
1262,2022-09-30,,2022-09-30,,1179.7409156485664,0.0,,,,,open
1263,2023-02-28,,2023-02-28,,68.37024082338601,0.0,,,,,open
1264,2022-10-31,,2022-10-31,,2.77812318724675,0.0,,,,,open
1265,2023-10-31,,2023-10-31,,206.26053004352016,0.0,,,,,open
1266,2022-11-30,,2022-11-30,,22.116918874791853,0.0,,,,,open
1267,2022-09-30,,2022-09-30,,16.590106626307968,0.0,,,,,open
1268,2022-12-31,,2022-12-30,,8.258328889061785,0.0,,,,,open
1269,2022-10-31,,2022-10-31,,5.5562463744935,0.0,,,,,open
1270,2022-10-31,,2022-10-31,,50.93225843285708,0.0,,,,,open
1271,2023-03-31,,2023-03-31,,16.367005758197998,0.0,,,,,open
1272,2024-12-31,,2024-12-31,,2.6882887407573977,0.0,,,,,open
1273,2023-02-28,,2023-02-28,,118.50841742720242,0.0,,,,,open
1274,2022-09-30,,2022-09-30,,19.355124397359294,0.0,,,,,open
1275,2022-09-30,,2022-09-30,,8.295053313153984,0.0,,,,,open
1276,2023-01-31,,2023-01-31,,11.007103712704398,0.0,,,,,open
1277,2022-09-30,,2022-09-30,,2.7650177710513275,0.0,,,,,open
1278,2022-09-30,,2022-09-30,,2.7650177710513275,0.0,,,,,open
1279,2022-11-30,,2022-11-30,,73.72306291597285,0.0,,,,,open
1280,2022-09-30,,2022-09-30,,2.7650177710513275,0.0,,,,,open
1281,2023-01-31,,2023-01-31,,2.7517759281760994,0.0,,,,,open
1282,2022-12-31,,2022-12-30,,19.2694340744775,0.0,,,,,open
1283,2022-12-31,,2022-12-30,,105.5230913602339,0.0,,,,,open
1284,2022-09-30,,2022-09-30,,5.530035542102655,0.0,,,,,open
1285,2022-12-31,,2022-12-30,,2.752776296353928,0.0,,,,,open
1286,2022-09-30,,2022-09-30,,2.7650177710513275,0.0,,,,,open
1287,2023-06-30,,2023-06-30,,5.499153574697885,0.0,,,,,open
1288,2022-09-30,,2022-09-30,,2.7650177710513275,0.0,,,,,open
1289,2022-11-30,,2022-11-30,,11.058459437395927,0.0,,,,,open
1290,2024-11-30,,2024-11-29,,18.932944289790647,0.0,,,,,open
1291,2022-09-30,,2022-09-30,,8.295053313153984,0.0,,,,,open
1292,2022-09-30,,2022-09-30,,8.295053313153984,0.0,,,,,open
1293,2022-09-30,,2022-09-30,,101.38398493854868,0.0,,,,,open
1294,2022-09-30,,2022-09-30,,22.12014216841062,0.0,,,,,open
1295,2023-04-30,,2023-04-28,,10.96273061656323,0.0,,,,,open
1296,2024-10-31,,2024-10-31,,131.16452406731474,0.0,,,,,open
1297,2023-02-28,,2023-02-28,,446.68557337945526,0.0,,,,,open
1298,2024-02-29,,2024-02-29,,155.5951986919909,0.0,,,,,open
1299,2022-09-30,,2022-09-30,,5.530035542102655,0.0,,,,,open
1300,2023-02-28,,2023-02-28,,13.674048164677203,0.0,,,,,open
1301,2022-09-30,,2022-09-30,,8110.718795083894,0.0,,,,,open
1302,2024-02-29,,2024-02-29,,2.7457976239763098,0.0,,,,,open
1303,2024-07-31,,2024-07-31,,5.376939464744852,0.0,,,,,open
1304,2024-02-29,,2024-02-29,,878.6552396724192,0.0,,,,,open
1305,2022-12-31,,2022-12-30,,19.2694340744775,0.0,,,,,open
1306,2023-04-30,,2023-04-28,,24.666143887267264,0.0,,,,,open
1307,2023-05-31,,2023-05-31,,8.205462607491441,0.0,,,,,open
1308,2023-03-31,,2023-03-31,,1091.1337172131998,0.0,,,,,open
1309,2022-11-30,,2022-11-30,,276.4614859348982,0.0,,,,,open
1310,2022-11-30,,2022-11-30,,46.07691432248303,0.0,,,,,open
1311,2023-09-30,,2023-09-27,,16.439272335975915,0.0,,,,,open
1312,2022-11-30,,2022-11-30,,2.7646148593489817,0.0,,,,,open
1313,2022-10-31,,2022-10-31,,180.57800717103876,0.0,,,,,open
1314,2023-07-31,,2023-07-31,,54.72716342634553,0.0,,,,,open
1315,2022-11-30,,2022-11-30,,13.823074296744908,0.0,,,,,open
1316,2022-11-30,,2022-11-30,,59.89998861922793,0.0,,,,,open
1317,2022-11-30,,2022-11-30,,13.823074296744908,0.0,,,,,open
1318,2022-10-31,,2022-10-31,,2.77812318724675,0.0,,,,,open
1319,2024-10-31,,2024-10-31,,5.427497547613024,0.0,,,,,open
1320,2023-10-31,,2023-10-31,,151.25772203191477,0.0,,,,,open
1321,2022-10-31,,2022-10-31,,13.89061593623375,0.0,,,,,open
1322,2022-11-30,,2022-11-30,,810.9536920757013,0.0,,,,,open
1323,2022-10-31,,2022-10-31,,2.77812318724675,0.0,,,,,open
1324,2024-01-31,,2024-01-31,,19.18348682189992,0.0,,,,,open
1325,2022-10-31,,2022-10-31,,2.77812318724675,0.0,,,,,open
1326,2023-07-31,,2023-07-31,,2.736358171317276,0.0,,,,,open
1327,2024-12-31,,2024-12-31,,5.376577481514795,0.0,,,,,open
1328,2022-10-31,,2022-10-31,,2.77812318724675,0.0,,,,,open
1329,2022-10-31,,2022-10-31,,50.93225843285708,0.0,,,,,open
1330,2022-10-31,,2022-10-31,,2.77812318724675,0.0,,,,,open
1331,2022-10-31,,2022-10-31,,2.77812318724675,0.0,,,,,open
1332,2022-10-31,,2022-10-31,,92.60410624155833,0.0,,,,,open
1333,2023-01-31,,2023-01-31,,5.503551856352199,0.0,,,,,open
1334,2022-10-31,,2022-10-31,,888.99941991896,0.0,,,,,open
1335,2023-03-31,,2023-03-31,,21.822674344263994,0.0,,,,,open
1336,2023-03-31,,2023-03-31,,5.455668586065999,0.0,,,,,open
1337,2022-12-31,,2022-12-30,,13.76388148176964,0.0,,,,,open
1338,2023-02-28,,2023-02-28,,273.48096329354405,0.0,,,,,open
1339,2022-11-30,,2022-11-30,,5.529229718697963,0.0,,,,,open
1340,2022-11-30,,2022-11-30,,87.54613721271775,0.0,,,,,open
1342,2023-03-31,,2023-03-31,,195.49479100069829,0.0,,,,,open
1343,2024-12-31,,2024-12-31,,49.28529358055229,0.0,,,,,open
1344,2023-07-31,,2023-07-31,,10.945432685269104,0.0,,,,,open
1345,2022-10-31,,2022-10-31,,22.224985497974,0.0,,,,,open
1346,2022-11-30,,2022-11-30,,5.529229718697963,0.0,,,,,open
1347,2022-10-31,,2022-10-31,,8.33436956174025,0.0,,,,,open
1348,2023-05-31,,2023-05-31,,2479.873143597413,0.0,,,,,open
1349,2023-07-31,,2023-07-31,,155.06029637464565,0.0,,,,,open
1350,2022-10-31,,2022-10-31,,64.82287436909084,0.0,,,,,open
1351,2022-11-30,,2022-11-30,,5.529229718697963,0.0,,,,,open
1352,2022-11-30,,2022-11-30,,105.97690294171096,0.0,,,,,open
1353,2022-10-31,,2022-10-31,,8.33436956174025,0.0,,,,,open
1354,2023-07-31,,2023-07-31,,13.681790856586382,0.0,,,,,open
1355,2022-10-31,,2022-10-31,,2.77812318724675,0.0,,,,,open
1356,2022-11-30,,2022-11-30,,5.529229718697963,0.0,,,,,open
1357,2022-10-31,,2022-10-31,,2.77812318724675,0.0,,,,,open
1358,2022-10-31,,2022-10-31,,5.5562463744935,0.0,,,,,open
1359,2023-10-31,,2023-10-31,,5.500280801160537,0.0,,,,,open
1360,2022-10-31,,2022-10-31,,2.77812318724675,0.0,,,,,open
1361,2024-12-31,,2024-12-31,,80.64866222272194,0.0,,,,,open
1362,2022-10-31,,2022-10-31,,16.6687391234805,0.0,,,,,open
1363,2022-10-31,,2022-10-31,,152.79677529857125,0.0,,,,,open
1364,2022-10-31,,2022-10-31,,2.77812318724675,0.0,,,,,open
1365,2023-12-31,,2023-12-29,,16.404476518965904,0.0,,,,,open
1366,2022-10-31,,2022-10-31,,78.71349030532458,0.0,,,,,open
1367,2024-02-29,,2024-02-29,,19.22058336783417,0.0,,,,,open
1368,2023-02-28,,2023-02-28,,1239.780366930733,0.0,,,,,open
1369,2022-12-31,,2022-12-30,,16.51665777812357,0.0,,,,,open
1370,2023-10-31,,2023-10-31,,22.00112320464215,0.0,,,,,open
1371,2022-10-31,,2022-10-31,,74.08328499324666,0.0,,,,,open
1372,2023-02-28,,2023-02-28,,13.674048164677203,0.0,,,,,open
1373,2022-11-30,,2022-11-30,,73.72306291597285,0.0,,,,,open
1374,2022-11-30,,2022-11-30,,129.01536010295249,0.0,,,,,open
1375,2022-11-30,,2022-11-30,,11.058459437395927,0.0,,,,,open
1376,2022-11-30,,2022-11-30,,5.529229718697963,0.0,,,,,open
1377,2022-12-31,,2022-12-30,,24.774986667185352,0.0,,,,,open
1378,2023-01-31,,2023-01-31,,261.41871317672945,0.0,,,,,open
1379,2024-12-31,,2024-12-31,,2.6882887407573977,0.0,,,,,open
1380,2022-11-30,,2022-11-30,,11.058459437395927,0.0,,,,,open
1381,2023-01-31,,2023-01-31,,11.007103712704398,0.0,,,,,open
1382,2022-11-30,,2022-11-30,,19.352304015442872,0.0,,,,,open
1383,2023-07-31,,2023-07-31,,13.681790856586382,0.0,,,,,open
1384,2023-07-31,,2023-07-31,,86.65134209171374,0.0,,,,,open
1385,2022-12-31,,2022-12-30,,330.33315556247135,0.0,,,,,open
1386,2023-07-31,,2023-07-31,,246.27223541855486,0.0,,,,,open
1387,2023-01-31,,2023-01-31,,8071.876055983224,0.0,,,,,open
1388,2024-12-31,,2024-12-31,,2.6882887407573977,0.0,,,,,open
1389,2022-11-30,,2022-11-30,,2.7646148593489817,0.0,,,,,open
1390,2022-11-30,,2022-11-30,,24.881533734140834,0.0,,,,,open
1391,2022-11-30,,2022-11-30,,2.7646148593489817,0.0,,,,,open
1392,2023-02-28,,2023-02-28,,21.878477063483523,0.0,,,,,open
1393,2022-11-30,,2022-11-30,,13.823074296744908,0.0,,,,,open
1394,2022-11-30,,2022-11-30,,101.36921150946266,0.0,,,,,open
1395,2022-11-30,,2022-11-30,,2.7646148593489817,0.0,,,,,open
1396,2023-04-30,,2023-04-28,,141.60193713060838,0.0,,,,,open
1397,2022-11-30,,2022-11-30,,2.7646148593489817,0.0,,,,,open
1398,2022-12-31,,2022-12-30,,9352.098670813079,0.0,,,,,open
1399,2023-02-28,,2023-02-28,,751.1610458462676,0.0,,,,,open
1400,2023-11-30,,2023-11-30,,13.658855478898223,0.0,,,,,open
1401,2022-12-31,,2022-12-30,,73.40736790277141,0.0,,,,,open
1402,2023-10-31,,2023-10-31,,1100.0561602321075,0.0,,,,,open
1403,2022-11-30,,2022-11-30,,13.823074296744908,0.0,,,,,open
1404,2022-11-30,,2022-11-30,,11.058459437395927,0.0,,,,,open
1405,2023-01-31,,2023-01-31,,5.503551856352199,0.0,,,,,open
1406,2023-01-31,,2023-01-31,,188.03802175870013,0.0,,,,,open
1407,2022-11-30,,2022-11-30,,13.823074296744908,0.0,,,,,open
1408,2022-11-30,,2022-11-30,,336.3614745541261,0.0,,,,,open
1409,2022-11-30,,2022-11-30,,11.058459437395927,0.0,,,,,open
1410,2022-11-30,,2022-11-30,,16.58768915609389,0.0,,,,,open
1411,2022-11-30,,2022-11-30,,5.529229718697963,0.0,,,,,open
1412,2022-11-30,,2022-11-30,,101.36921150946266,0.0,,,,,open
1413,2023-12-31,,2023-12-29,,5.468158839655301,0.0,,,,,open
1414,2022-11-30,,2022-11-30,,2.7646148593489817,0.0,,,,,open
1415,2022-11-30,,2022-11-30,,202.73842301892532,0.0,,,,,open
1416,2023-03-31,,2023-03-31,,2.7278342930329993,0.0,,,,,open
1417,2022-11-30,,2022-11-30,,2.7646148593489817,0.0,,,,,open
1419,2022-11-30,,2022-11-30,,11.058459437395927,0.0,,,,,open
1420,2023-01-31,,2023-01-31,,19.262431497232694,0.0,,,,,open
1421,2022-11-30,,2022-11-30,,13.823074296744908,0.0,,,,,open
1422,2024-04-30,,2024-04-30,,150.2779842072948,0.0,,,,,open
1423,2022-11-30,,2022-11-30,,958.3998179076469,0.0,,,,,open
1424,2022-11-30,,2022-11-30,,207.3461144511736,0.0,,,,,open
1425,2023-01-31,,2023-01-31,,2.7517759281760994,0.0,,,,,open
1426,2023-07-31,,2023-07-31,,5.472716342634552,0.0,,,,,open
1427,2023-01-31,,2023-01-31,,2.7517759281760994,0.0,,,,,open
1428,2022-11-30,,2022-11-30,,2.7646148593489817,0.0,,,,,open
1429,2024-11-30,,2024-11-29,,2.70470632711295,0.0,,,,,open
1430,2023-01-31,,2023-01-31,,5.503551856352199,0.0,,,,,open
1431,2023-07-31,,2023-07-31,,2.736358171317276,0.0,,,,,open
1432,2024-03-31,,2024-03-29,,45.629907174811265,0.0,,,,,open
1433,2023-01-31,,2023-01-31,,201.7969013995806,0.0,,,,,open
1434,2022-11-30,,2022-11-30,,73.72306291597285,0.0,,,,,open
1435,2022-11-30,,2022-11-30,,11.058459437395927,0.0,,,,,open
1436,2022-11-30,,2022-11-30,,5.529229718697963,0.0,,,,,open
1437,2022-11-30,,2022-11-30,,8.293844578046945,0.0,,,,,open
1438,2022-11-30,,2022-11-30,,73.72306291597285,0.0,,,,,open
1439,2023-04-30,,2023-04-28,,5.481365308281615,0.0,,,,,open
1440,2022-11-30,,2022-11-30,,11.058459437395927,0.0,,,,,open
1441,2022-11-30,,2022-11-30,,22.116918874791853,0.0,,,,,open
1442,2022-11-30,,2022-11-30,,5.529229718697963,0.0,,,,,open
1443,2024-12-31,,2024-12-31,,21.50630992605918,0.0,,,,,open
1444,2022-11-30,,2022-11-30,,5.529229718697963,0.0,,,,,open
1445,2022-11-30,,2022-11-30,,5.529229718697963,0.0,,,,,open
1446,2023-01-31,,2023-01-31,,2.7517759281760994,0.0,,,,,open
1447,2024-08-31,,2024-08-30,,2.6943576284128357,0.0,,,,,open
1448,2023-04-30,,2023-04-28,,2.7406826541408074,0.0,,,,,open
1449,2024-11-30,,2024-11-29,,8.11411898133885,0.0,,,,,open
1450,2022-11-30,,2022-11-30,,87.54613721271775,0.0,,,,,open
1451,2024-03-31,,2024-03-29,,77.57084219717916,0.0,,,,,open
1452,2023-04-30,,2023-04-28,,24.666143887267264,0.0,,,,,open
1453,2022-12-31,,2022-12-30,,11.011105185415712,0.0,,,,,open
1454,2023-01-31,,2023-01-31,,5.503551856352199,0.0,,,,,open
1455,2024-12-31,,2024-12-31,,8.064866222272194,0.0,,,,,open
1456,2022-12-31,,2022-12-30,,110.11105185415713,0.0,,,,,open
1457,2022-11-30,,2022-11-30,,2.7646148593489817,0.0,,,,,open
1458,2023-01-31,,2023-01-31,,2.7517759281760994,0.0,,,,,open
1459,2023-12-31,,2023-12-29,,10.936317679310601,0.0,,,,,open
1460,2024-09-30,,2024-09-30,,2.7018155314443613,0.0,,,,,open
1461,2023-04-30,,2023-04-28,,2.7406826541408074,0.0,,,,,open
1462,2024-08-31,,2024-08-30,,58.37774861561144,0.0,,,,,open
1463,2022-12-31,,2022-12-30,,5.505552592707856,0.0,,,,,open
1464,2023-06-30,,2023-06-30,,733.2204766263845,0.0,,,,,open
1465,2023-01-31,,2023-01-31,,2.7517759281760994,0.0,,,,,open
1466,2024-11-30,,2024-11-29,,2.70470632711295,0.0,,,,,open
1467,2023-11-30,,2023-11-30,,154.80036209417986,0.0,,,,,open
1468,2022-12-31,,2022-12-30,,13.76388148176964,0.0,,,,,open
1469,2022-12-31,,2022-12-30,,2.752776296353928,0.0,,,,,open
1470,2023-01-31,,2023-01-31,,13.758879640880496,0.0,,,,,open
1471,2023-08-31,,2023-08-31,,54.7421206350703,0.0,,,,,open
1472,2023-07-31,,2023-07-31,,8.209074513951828,0.0,,,,,open
1473,2023-01-31,,2023-01-31,,13.758879640880496,0.0,,,,,open
1474,2023-02-28,,2023-02-28,,136.74048164677203,0.0,,,,,open
1475,2023-09-30,,2023-09-27,,59.36403899102414,0.0,,,,,open
1476,2022-12-31,,2022-12-30,,5.505552592707856,0.0,,,,,open
1477,2022-12-31,,2022-12-30,,2.752776296353928,0.0,,,,,open
1478,2022-12-31,,2022-12-30,,2.752776296353928,0.0,,,,,open
1479,2022-12-31,,2022-12-30,,45.87960493923214,0.0,,,,,open
1480,2023-03-31,,2023-03-31,,1927.6695670766528,0.0,,,,,open
1481,2024-12-31,,2024-12-31,,206.10213679140048,0.0,,,,,open
1482,2022-12-31,,2022-12-30,,8.258328889061785,0.0,,,,,open
1483,2023-01-31,,2023-01-31,,11.007103712704398,0.0,,,,,open
1484,2022-12-31,,2022-12-30,,100.9351308663107,0.0,,,,,open
1485,2023-02-28,,2023-02-28,,63.81222476849361,0.0,,,,,open
1486,2024-09-30,,2024-09-30,,727.6889831356814,0.0,,,,,open
1487,2024-09-30,,2024-09-30,,49.53328474314662,0.0,,,,,open
1488,2023-01-31,,2023-01-31,,8.255327784528298,0.0,,,,,open
1489,2023-03-31,,2023-03-31,,5.455668586065999,0.0,,,,,open
1490,2022-12-31,,2022-12-30,,1005.6809402679684,0.0,,,,,open
1491,2022-12-31,,2022-12-30,,13.76388148176964,0.0,,,,,open
1492,2022-12-31,,2022-12-30,,2.752776296353928,0.0,,,,,open
1493,2023-05-31,,2023-05-31,,2.7351542024971467,0.0,,,,,open
1494,2023-12-31,,2023-12-29,,21.872635358621203,0.0,,,,,open
1495,2023-05-31,,2023-05-31,,2.7351542024971467,0.0,,,,,open
1496,2023-07-31,,2023-07-31,,5.472716342634552,0.0,,,,,open
1497,2023-01-31,,2023-01-31,,733.8069141802931,0.0,,,,,open
1498,2023-05-31,,2023-05-31,,9481.867901990108,0.0,,,,,open
1499,2022-12-31,,2022-12-30,,19.2694340744775,0.0,,,,,open
1500,2024-03-31,,2024-03-29,,191.64561013420732,0.0,,,,,open
1501,2022-12-31,,2022-12-30,,55.05552592707856,0.0,,,,,open
1502,2023-01-31,,2023-01-31,,24.765983353584893,0.0,,,,,open
1503,2023-07-31,,2023-07-31,,2.736358171317276,0.0,,,,,open
1504,2023-01-31,,2023-01-31,,2.7517759281760994,0.0,,,,,open
1505,2022-12-31,,2022-12-30,,110.11105185415713,0.0,,,,,open
1506,2023-01-31,,2023-01-31,,137.58879640880497,0.0,,,,,open
1507,2023-01-31,,2023-01-31,,5.503551856352199,0.0,,,,,open
1508,2023-01-31,,2023-01-31,,8.255327784528298,0.0,,,,,open
1509,2022-12-31,,2022-12-30,,5.505552592707856,0.0,,,,,open
1510,2023-01-31,,2023-01-31,,55.03551856352198,0.0,,,,,open
1511,2023-03-31,,2023-03-31,,8.183502879098999,0.0,,,,,open
1512,2023-01-31,,2023-01-31,,16.510655569056595,0.0,,,,,open
1513,2023-03-31,,2023-03-31,,13.639171465164997,0.0,,,,,open
1514,2023-08-31,,2023-08-31,,10.94842412701406,0.0,,,,,open
1515,2023-01-31,,2023-01-31,,2.7517759281760994,0.0,,,,,open
1516,2022-12-31,,2022-12-30,,13.76388148176964,0.0,,,,,open
1517,2023-05-31,,2023-05-31,,113.96475843738112,0.0,,,,,open
1518,2023-01-31,,2023-01-31,,2.7517759281760994,0.0,,,,,open
1519,2023-01-31,,2023-01-31,,19.262431497232694,0.0,,,,,open
1520,2022-12-31,,2022-12-30,,82.58328889061784,0.0,,,,,open
1521,2023-01-31,,2023-01-31,,5.503551856352199,0.0,,,,,open
1522,2022-12-31,,2022-12-30,,2.752776296353928,0.0,,,,,open
1523,2023-01-31,,2023-01-31,,2.7517759281760994,0.0,,,,,open
1524,2023-01-31,,2023-01-31,,16.510655569056595,0.0,,,,,open
1525,2022-12-31,,2022-12-30,,77.99532839669463,0.0,,,,,open
1526,2022-12-31,,2022-12-30,,13.76388148176964,0.0,,,,,open
1527,2023-08-31,,2023-08-31,,305.64350687914254,0.0,,,,,open
1528,2023-02-28,,2023-02-28,,8.204428898806322,0.0,,,,,open
1529,2023-01-31,,2023-01-31,,45.86293213626832,0.0,,,,,open
1530,2022-12-31,,2022-12-30,,5.505552592707856,0.0,,,,,open
1531,2022-12-31,,2022-12-30,,8.258328889061785,0.0,,,,,open
1532,2023-03-31,,2023-03-31,,86.38141927937832,0.0,,,,,open
1533,2023-03-31,,2023-03-31,,218.22674344263996,0.0,,,,,open
1534,2023-03-31,,2023-03-31,,5.455668586065999,0.0,,,,,open
1535,2023-12-31,,2023-12-29,,10.936317679310601,0.0,,,,,open
1536,2022-12-31,,2022-12-30,,45.87960493923214,0.0,,,,,open
1537,2022-12-31,,2022-12-30,,2.752776296353928,0.0,,,,,open
1538,2023-04-30,,2023-04-28,,2.7406826541408074,0.0,,,,,open
1539,2022-12-31,,2022-12-30,,3215.242714141388,0.0,,,,,open
1540,2023-06-30,,2023-06-30,,5.499153574697885,0.0,,,,,open
1541,2024-10-31,,2024-10-31,,875.6362710149012,0.0,,,,,open
1542,2023-01-31,,2023-01-31,,45.86293213626832,0.0,,,,,open
1543,2023-01-31,,2023-01-31,,24.765983353584893,0.0,,,,,open
1544,2023-01-31,,2023-01-31,,55.03551856352198,0.0,,,,,open
1545,2022-12-31,,2022-12-30,,24.774986667185352,0.0,,,,,open
1546,2024-11-30,,2024-11-29,,121.71178472008275,0.0,,,,,open
1547,2023-04-30,,2023-04-28,,45.67804423568012,0.0,,,,,open
1548,2023-07-31,,2023-07-31,,5.472716342634552,0.0,,,,,open
1549,2023-02-28,,2023-02-28,,19.14366743054808,0.0,,,,,open
1550,2023-02-28,,2023-02-28,,5.469619265870881,0.0,,,,,open
1551,2023-12-31,,2023-12-29,,104.80637776005993,0.0,,,,,open
1552,2023-01-31,,2023-01-31,,119.24362355429764,0.0,,,,,open
1553,2023-05-31,,2023-05-31,,2.7351542024971467,0.0,,,,,open
1554,2023-01-31,,2023-01-31,,2.7517759281760994,0.0,,,,,open
1555,2023-01-31,,2023-01-31,,73.38069141802931,0.0,,,,,open
1556,2024-03-31,,2024-03-29,,2.737794430488676,0.0,,,,,open
1557,2023-07-31,,2023-07-31,,8.209074513951828,0.0,,,,,open
1558,2023-05-31,,2023-05-31,,2.7351542024971467,0.0,,,,,open
1559,2023-01-31,,2023-01-31,,2.7517759281760994,0.0,,,,,open
1560,2023-07-31,,2023-07-31,,72.96955123512737,0.0,,,,,open
1561,2024-03-31,,2024-03-29,,24.640149874398084,0.0,,,,,open
1562,2023-11-30,,2023-11-30,,8.195313287338934,0.0,,,,,open
1563,2023-01-31,,2023-01-31,,2.7517759281760994,0.0,,,,,open
1564,2024-12-31,,2024-12-31,,120.9729933340829,0.0,,,,,open
1565,2023-01-31,,2023-01-31,,45.86293213626832,0.0,,,,,open
1566,2023-01-31,,2023-01-31,,16.510655569056595,0.0,,,,,open
1567,2023-05-31,,2023-05-31,,2.7351542024971467,0.0,,,,,open
1568,2023-01-31,,2023-01-31,,2.7517759281760994,0.0,,,,,open
1570,2023-02-28,,2023-02-28,,5.469619265870881,0.0,,,,,open
1571,2023-01-31,,2023-01-31,,2.7517759281760994,0.0,,,,,open
1572,2024-05-31,,2024-05-31,,86.32897796873056,0.0,,,,,open
1573,2023-02-28,,2023-02-28,,5.469619265870881,0.0,,,,,open
1574,2023-06-30,,2023-06-30,,13.747883936744712,0.0,,,,,open
1575,2023-01-31,,2023-01-31,,24.765983353584893,0.0,,,,,open
1576,2023-08-31,,2023-08-31,,2.737106031753515,0.0,,,,,open
1577,2023-07-31,,2023-07-31,,95.77253599610466,0.0,,,,,open
1578,2023-01-31,,2023-01-31,,348.55828423563923,0.0,,,,,open
1579,2023-02-28,,2023-02-28,,16.408857797612644,0.0,,,,,open
1580,2023-03-31,,2023-03-31,,2.7278342930329993,0.0,,,,,open
1581,2023-01-31,,2023-01-31,,19.262431497232694,0.0,,,,,open
1582,2023-01-31,,2023-01-31,,8.255327784528298,0.0,,,,,open
1583,2023-01-31,,2023-01-31,,2.7517759281760994,0.0,,,,,open
1584,2023-01-31,,2023-01-31,,160.52026247693914,0.0,,,,,open
1585,2023-01-31,,2023-01-31,,11.007103712704398,0.0,,,,,open
1586,2023-01-31,,2023-01-31,,11.007103712704398,0.0,,,,,open
1587,2023-01-31,,2023-01-31,,238.48724710859528,0.0,,,,,open
1588,2023-01-31,,2023-01-31,,2.7517759281760994,0.0,,,,,open
1589,2024-12-31,,2024-12-31,,179.2192493838265,0.0,,,,,open
1590,2023-01-31,,2023-01-31,,2.7517759281760994,0.0,,,,,open
1591,2023-02-28,,2023-02-28,,218.78477063483524,0.0,,,,,open
1592,2023-01-31,,2023-01-31,,2.7517759281760994,0.0,,,,,open
1593,2023-03-31,,2023-03-31,,21.822674344263994,0.0,,,,,open
1594,2024-08-31,,2024-08-30,,2.6943576284128357,0.0,,,,,open
1595,2023-01-31,,2023-01-31,,2.7517759281760994,0.0,,,,,open
1596,2023-07-31,,2023-07-31,,802.6650635864011,0.0,,,,,open
1597,2024-05-31,,2024-05-31,,872.3770405261193,0.0,,,,,open
1598,2023-04-30,,2023-04-28,,5.481365308281615,0.0,,,,,open
1599,2023-01-31,,2023-01-31,,2.7517759281760994,0.0,,,,,open
1600,2023-02-28,,2023-02-28,,2.7348096329354403,0.0,,,,,open
1601,2023-03-31,,2023-03-31,,2.7278342930329993,0.0,,,,,open
1602,2023-05-31,,2023-05-31,,8.205462607491441,0.0,,,,,open
1603,2023-02-28,,2023-02-28,,164.08857797612643,0.0,,,,,open
1604,2023-04-30,,2023-04-28,,2.7406826541408074,0.0,,,,,open
1605,2023-01-31,,2023-01-31,,2.7517759281760994,0.0,,,,,open
1606,2023-12-31,,2023-12-29,,177.71516228879727,0.0,,,,,open
1607,2023-01-31,,2023-01-31,,68.79439820440248,0.0,,,,,open
1608,2023-02-28,,2023-02-28,,5.469619265870881,0.0,,,,,open
1609,2024-12-31,,2024-12-31,,10.75315496302959,0.0,,,,,open
1610,2024-07-31,,2024-07-31,,5.376939464744852,0.0,,,,,open
1611,2023-03-31,,2023-03-31,,16.367005758197998,0.0,,,,,open
1612,2023-01-31,,2023-01-31,,2.7517759281760994,0.0,,,,,open
1613,2024-01-31,,2024-01-31,,2.740498117414274,0.0,,,,,open
1614,2023-01-31,,2023-01-31,,2.7517759281760994,0.0,,,,,open
1615,2023-08-31,,2023-08-31,,10.94842412701406,0.0,,,,,open
1616,2023-03-31,,2023-03-31,,2.7278342930329993,0.0,,,,,open
1617,2024-11-30,,2024-11-29,,13.52353163556475,0.0,,,,,open
1618,2023-01-31,,2023-01-31,,252.24612674947576,0.0,,,,,open
1619,2023-01-31,,2023-01-31,,59.62181177714882,0.0,,,,,open
1620,2023-02-28,,2023-02-28,,16.408857797612644,0.0,,,,,open
1621,2023-03-31,,2023-03-31,,2.7278342930329993,0.0,,,,,open
1622,2023-01-31,,2023-01-31,,5.503551856352199,0.0,,,,,open
1623,2023-01-31,,2023-01-31,,59.62181177714882,0.0,,,,,open
1624,2023-06-30,,2023-06-30,,19.247037511442596,0.0,,,,,open
1625,2024-02-29,,2024-02-29,,13.72898811988155,0.0,,,,,open
1626,2023-01-31,,2023-01-31,,2.7517759281760994,0.0,,,,,open
1627,2023-01-31,,2023-01-31,,119.24362355429764,0.0,,,,,open
1628,2023-01-31,,2023-01-31,,2.7517759281760994,0.0,,,,,open
1630,2023-01-31,,2023-01-31,,293.52276567211726,0.0,,,,,open
1631,2023-05-31,,2023-05-31,,3500.997379196348,0.0,,,,,open
1632,2023-01-31,,2023-01-31,,68.79439820440248,0.0,,,,,open
1633,2023-03-31,,2023-03-31,,13.639171465164997,0.0,,,,,open
1634,2023-01-31,,2023-01-31,,6897.784993294756,0.0,,,,,open
1635,2023-01-31,,2023-01-31,,59.62181177714882,0.0,,,,,open
1636,2024-01-31,,2024-01-31,,2.740498117414274,0.0,,,,,open
1637,2023-02-28,,2023-02-28,,2.7348096329354403,0.0,,,,,open
1638,2024-11-30,,2024-11-29,,2.70470632711295,0.0,,,,,open
1639,2023-06-30,,2023-06-30,,1759.7291439033231,0.0,,,,,open
1640,2023-02-28,,2023-02-28,,2.7348096329354403,0.0,,,,,open
1641,2023-02-28,,2023-02-28,,86.6023050429556,0.0,,,,,open
1642,2023-09-30,,2023-09-27,,315.08605310620504,0.0,,,,,open
1643,2023-05-31,,2023-05-31,,6272.6203043934565,0.0,,,,,open
1644,2023-06-30,,2023-06-30,,100.81781553612788,0.0,,,,,open
1645,2023-07-31,,2023-07-31,,5.472716342634552,0.0,,,,,open
1646,2024-11-30,,2024-11-29,,5.4094126542259,0.0,,,,,open
1647,2023-02-28,,2023-02-28,,2.7348096329354403,0.0,,,,,open
1648,2023-02-28,,2023-02-28,,16.408857797612644,0.0,,,,,open
1649,2023-02-28,,2023-02-28,,8.204428898806322,0.0,,,,,open
1650,2023-07-31,,2023-07-31,,8.209074513951828,0.0,,,,,open
1651,2023-02-28,,2023-02-28,,19.14366743054808,0.0,,,,,open
1652,2023-04-30,,2023-04-28,,5.481365308281615,0.0,,,,,open
1653,2023-02-28,,2023-02-28,,77.48627293317081,0.0,,,,,open
1654,2024-12-31,,2024-12-31,,412.20427358280097,0.0,,,,,open
1655,2023-04-30,,2023-04-28,,5.481365308281615,0.0,,,,,open
1656,2024-08-31,,2024-08-30,,10217.004126941472,0.0,,,,,open
1657,2024-09-30,,2024-09-30,,81.05446594333084,0.0,,,,,open
1658,2024-09-30,,2024-09-30,,13.509077657221807,0.0,,,,,open
1659,2023-06-30,,2023-06-30,,2.7495767873489423,0.0,,,,,open
1660,2023-03-31,,2023-03-31,,13.639171465164997,0.0,,,,,open
1661,2023-02-28,,2023-02-28,,50.138176603816405,0.0,,,,,open
1662,2023-08-31,,2023-08-31,,802.8844359810311,0.0,,,,,open
1663,2023-02-28,,2023-02-28,,8.204428898806322,0.0,,,,,open
1664,2023-04-30,,2023-04-28,,141.60193713060838,0.0,,,,,open
1665,2023-04-30,,2023-04-28,,5.481365308281615,0.0,,,,,open
1666,2023-09-30,,2023-09-27,,8.219636167987957,0.0,,,,,open
1667,2023-02-28,,2023-02-28,,5.469619265870881,0.0,,,,,open
1668,2023-05-31,,2023-05-31,,15222.04485496412,0.0,,,,,open
1669,2023-05-31,,2023-05-31,,2.7351542024971467,0.0,,,,,open
1670,2023-02-28,,2023-02-28,,10.939238531741761,0.0,,,,,open
1671,2023-02-28,,2023-02-28,,5.469619265870881,0.0,,,,,open
1672,2023-03-31,,2023-03-31,,186.40201002392163,0.0,,,,,open
1673,2023-03-31,,2023-03-31,,5.455668586065999,0.0,,,,,open
1674,2023-05-31,,2023-05-31,,10.940616809988587,0.0,,,,,open
1675,2023-02-28,,2023-02-28,,24.613286696418964,0.0,,,,,open
1676,2023-08-31,,2023-08-31,,91.23686772511716,0.0,,,,,open
1677,2023-07-31,,2023-07-31,,54.72716342634553,0.0,,,,,open
1678,2023-02-28,,2023-02-28,,5.469619265870881,0.0,,,,,open
1679,2023-04-30,,2023-04-28,,2.7406826541408074,0.0,,,,,open
1680,2023-02-28,,2023-02-28,,86.6023050429556,0.0,,,,,open
1681,2023-02-28,,2023-02-28,,2.7348096329354403,0.0,,,,,open
1682,2023-02-28,,2023-02-28,,264.36493118375927,0.0,,,,,open
1683,2023-11-30,,2023-11-30,,947.0139798702768,0.0,,,,,open
1684,2023-02-28,,2023-02-28,,19.14366743054808,0.0,,,,,open
1685,2024-01-31,,2024-01-31,,19.18348682189992,0.0,,,,,open
1686,2023-02-28,,2023-02-28,,24.613286696418964,0.0,,,,,open
1687,2023-02-28,,2023-02-28,,19.14366743054808,0.0,,,,,open
1688,2023-02-28,,2023-02-28,,10.939238531741761,0.0,,,,,open
1689,2024-11-30,,2024-11-29,,5.4094126542259,0.0,,,,,open
1690,2024-04-30,,2024-04-30,,59.200418021055526,0.0,,,,,open
1691,2023-08-31,,2023-08-31,,45.61843386255858,0.0,,,,,open
1692,2024-11-30,,2024-11-29,,157.7745357482554,0.0,,,,,open
1693,2024-02-29,,2024-02-29,,100.6792462124647,0.0,,,,,open
1694,2023-04-30,,2023-04-28,,127.89852385990434,0.0,,,,,open
1695,2023-11-30,,2023-11-30,,19.122397670457513,0.0,,,,,open
1696,2023-07-31,,2023-07-31,,2.736358171317276,0.0,,,,,open
1697,2023-07-31,,2023-07-31,,2.736358171317276,0.0,,,,,open
1698,2023-02-28,,2023-02-28,,100.27635320763281,0.0,,,,,open
1699,2023-08-31,,2023-08-31,,50.18027724881444,0.0,,,,,open
1700,2024-12-31,,2024-12-31,,58.246256049743614,0.0,,,,,open
1701,2024-12-31,,2024-12-31,,80.64866222272194,0.0,,,,,open
1702,2023-02-28,,2023-02-28,,3208.84330264425,0.0,,,,,open
1703,2023-04-30,,2023-04-28,,19.18477857898565,0.0,,,,,open
1704,2023-03-31,,2023-03-31,,13.639171465164997,0.0,,,,,open
1705,2023-03-31,,2023-03-31,,54.55668586065999,0.0,,,,,open
1706,2023-03-31,,2023-03-31,,2.7278342930329993,0.0,,,,,open
1707,2024-12-31,,2024-12-31,,62.72673728433928,0.0,,,,,open
1708,2024-12-31,,2024-12-31,,8.064866222272194,0.0,,,,,open
1709,2023-11-30,,2023-11-30,,2.731771095779645,0.0,,,,,open
1710,2024-01-31,,2024-01-31,,8.221494352242821,0.0,,,,,open
1711,2023-07-31,,2023-07-31,,5.472716342634552,0.0,,,,,open
1712,2023-04-30,,2023-04-28,,13.703413270704036,0.0,,,,,open
1713,2023-07-31,,2023-07-31,,2480.9647419943303,0.0,,,,,open
1714,2023-06-30,,2023-06-30,,19.247037511442596,0.0,,,,,open
1715,2023-06-30,,2023-06-30,,142.061467346362,0.0,,,,,open
1716,2023-03-31,,2023-03-31,,16.367005758197998,0.0,,,,,open
1717,2024-09-30,,2024-09-30,,5.4036310628887225,0.0,,,,,open
1718,2023-03-31,,2023-03-31,,2.7278342930329993,0.0,,,,,open
1719,2023-05-31,,2023-05-31,,77.49603573741916,0.0,,,,,open
1720,2023-03-31,,2023-03-31,,13.639171465164997,0.0,,,,,open
1721,2023-04-30,,2023-04-28,,228.39022117840062,0.0,,,,,open
1722,2024-02-29,,2024-02-29,,8.23739287192893,0.0,,,,,open
1723,2023-06-30,,2023-06-30,,2.7495767873489423,0.0,,,,,open
1724,2024-12-31,,2024-12-31,,2.6882887407573977,0.0,,,,,open
1725,2023-07-31,,2023-07-31,,415.0143226497869,0.0,,,,,open
1726,2023-03-31,,2023-03-31,,2.7278342930329993,0.0,,,,,open
1727,2023-03-31,,2023-03-31,,2.7278342930329993,0.0,,,,,open
1729,2023-07-31,,2023-07-31,,68.4089542829319,0.0,,,,,open
1730,2023-03-31,,2023-03-31,,2.7278342930329993,0.0,,,,,open
1731,2023-11-30,,2023-11-30,,1456.9445844158104,0.0,,,,,open
1732,2023-03-31,,2023-03-31,,45.46390488388332,0.0,,,,,open
1733,2023-12-31,,2023-12-29,,10.936317679310601,0.0,,,,,open
1734,2023-10-31,,2023-10-31,,50.41924067730493,0.0,,,,,open
1735,2023-03-31,,2023-03-31,,21.822674344263994,0.0,,,,,open
1736,2023-03-31,,2023-03-31,,213.68035295425162,0.0,,,,,open
1737,2023-07-31,,2023-07-31,,8.209074513951828,0.0,,,,,open
1738,2023-04-30,,2023-04-28,,19.18477857898565,0.0,,,,,open
1739,2023-08-31,,2023-08-31,,77.55133756634959,0.0,,,,,open
1740,2023-03-31,,2023-03-31,,5.455668586065999,0.0,,,,,open
1741,2023-07-31,,2023-07-31,,2.736358171317276,0.0,,,,,open
1742,2023-03-31,,2023-03-31,,2.7278342930329993,0.0,,,,,open
1743,2023-08-31,,2023-08-31,,2.737106031753515,0.0,,,,,open
1744,2023-03-31,,2023-03-31,,68.19585732582499,0.0,,,,,open
1745,2023-06-30,,2023-06-30,,19.247037511442596,0.0,,,,,open
1746,2023-03-31,,2023-03-31,,5.455668586065999,0.0,,,,,open
1747,2023-05-31,,2023-05-31,,50.14449371244769,0.0,,,,,open
1748,2023-03-31,,2023-03-31,,2.7278342930329993,0.0,,,,,open
1749,2023-03-31,,2023-03-31,,8.183502879098999,0.0,,,,,open
1750,2024-12-31,,2024-12-31,,8.064866222272194,0.0,,,,,open
1751,2023-07-31,,2023-07-31,,24.627223541855486,0.0,,,,,open
1752,2023-07-31,,2023-07-31,,424.1355165541778,0.0,,,,,open
1753,2023-06-30,,2023-06-30,,1613.085048578046,0.0,,,,,open
1754,2023-03-31,,2023-03-31,,16.367005758197998,0.0,,,,,open
1755,2024-07-31,,2024-07-31,,10.753878929489703,0.0,,,,,open
1756,2023-04-30,,2023-04-28,,19.18477857898565,0.0,,,,,open
1757,2023-03-31,,2023-03-31,,10.911337172131997,0.0,,,,,open
1758,2023-04-30,,2023-04-28,,21.92546123312646,0.0,,,,,open
1759,2023-06-30,,2023-06-30,,2.7495767873489423,0.0,,,,,open
1760,2023-04-30,,2023-04-28,,2.7406826541408074,0.0,,,,,open
1761,2023-05-31,,2023-05-31,,8.205462607491441,0.0,,,,,open
1762,2023-03-31,,2023-03-31,,21.822674344263994,0.0,,,,,open
1763,2023-04-30,,2023-04-28,,2.7406826541408074,0.0,,,,,open
1764,2023-03-31,,2023-03-31,,77.28863830260165,0.0,,,,,open
1765,2023-03-31,,2023-03-31,,5.455668586065999,0.0,,,,,open
1766,2024-04-30,,2024-04-30,,8.196980956761534,0.0,,,,,open
1767,2023-03-31,,2023-03-31,,5.455668586065999,0.0,,,,,open
1768,2023-03-31,,2023-03-31,,2.7278342930329993,0.0,,,,,open
1769,2023-03-31,,2023-03-31,,10.911337172131997,0.0,,,,,open
1770,2024-03-31,,2024-03-29,,8.213383291466029,0.0,,,,,open
1771,2024-02-29,,2024-02-29,,73.2212699727016,0.0,,,,,open
1772,2023-03-31,,2023-03-31,,2.7278342930329993,0.0,,,,,open
1773,2023-05-31,,2023-05-31,,10.940616809988587,0.0,,,,,open
1774,2024-12-31,,2024-12-31,,152.33636197625253,0.0,,,,,open
1775,2023-04-30,,2023-04-28,,2.7406826541408074,0.0,,,,,open
1776,2024-12-31,,2024-12-31,,10.75315496302959,0.0,,,,,open
1777,2023-03-31,,2023-03-31,,945.6492215847732,0.0,,,,,open
1778,2023-06-30,,2023-06-30,,8.248730362046826,0.0,,,,,open
1779,2023-06-30,,2023-06-30,,50.40890776806394,0.0,,,,,open
1780,2024-12-31,,2024-12-31,,44.80481234595663,0.0,,,,,open
1781,2024-12-31,,2024-12-31,,232.98502419897446,0.0,,,,,open
1782,2023-09-30,,2023-09-27,,19.179151058638567,0.0,,,,,open
1783,2023-07-31,,2023-07-31,,2.736358171317276,0.0,,,,,open
1784,2023-07-31,,2023-07-31,,2.736358171317276,0.0,,,,,open
1785,2024-01-31,,2024-01-31,,2.740498117414274,0.0,,,,,open
1786,2023-09-30,,2023-09-27,,5.479757445325305,0.0,,,,,open
1787,2023-05-31,,2023-05-31,,150.43348113734308,0.0,,,,,open
1788,2023-04-30,,2023-04-28,,16.444095924844845,0.0,,,,,open
1789,2023-06-30,,2023-06-30,,2.7495767873489423,0.0,,,,,open
1790,2023-08-31,,2023-08-31,,5.47421206350703,0.0,,,,,open
1791,2023-04-30,,2023-04-28,,13.703413270704036,0.0,,,,,open
1792,2023-05-31,,2023-05-31,,8.205462607491441,0.0,,,,,open
1793,2024-01-31,,2024-01-31,,5.480996234828548,0.0,,,,,open
1794,2023-09-30,,2023-09-27,,100.46221983096392,0.0,,,,,open
1795,2023-04-30,,2023-04-28,,16.444095924844845,0.0,,,,,open
1796,2024-12-31,,2024-12-31,,16.129732444544388,0.0,,,,,open
1797,2023-04-30,,2023-04-28,,86.78828404779223,0.0,,,,,open
1798,2023-04-30,,2023-04-28,,2.7406826541408074,0.0,,,,,open
1799,2023-04-30,,2023-04-28,,1622.484131251358,0.0,,,,,open
1800,2023-04-30,,2023-04-28,,2.7406826541408074,0.0,,,,,open
1801,2023-06-30,,2023-06-30,,2.7495767873489423,0.0,,,,,open
1802,2024-02-29,,2024-02-29,,21.966380991810478,0.0,,,,,open
1803,2023-04-30,,2023-04-28,,10.96273061656323,0.0,,,,,open
1804,2023-04-30,,2023-04-28,,16.444095924844845,0.0,,,,,open
1805,2023-04-30,,2023-04-28,,45.67804423568012,0.0,,,,,open
1806,2024-10-31,,2024-10-31,,54.27497547613024,0.0,,,,,open
1807,2023-05-31,,2023-05-31,,16.410925214982882,0.0,,,,,open
1808,2023-04-30,,2023-04-28,,10.96273061656323,0.0,,,,,open
1809,2023-05-31,,2023-05-31,,5.470308404994293,0.0,,,,,open
1810,2023-04-30,,2023-04-28,,2.7406826541408074,0.0,,,,,open
1811,2023-11-30,,2023-11-30,,5.46354219155929,0.0,,,,,open
1812,2023-04-30,,2023-04-28,,19.18477857898565,0.0,,,,,open
1813,2023-04-30,,2023-04-28,,8.222047962422423,0.0,,,,,open
1814,2023-04-30,,2023-04-28,,5.481365308281615,0.0,,,,,open
1815,2023-04-30,,2023-04-28,,5.481365308281615,0.0,,,,,open
1816,2023-07-31,,2023-07-31,,5.472716342634552,0.0,,,,,open
1817,2023-06-30,,2023-06-30,,215.38351500900046,0.0,,,,,open
1818,2023-12-31,,2023-12-29,,12299.71194999799,0.0,,,,,open
1819,2023-05-31,,2023-05-31,,246.16387822474323,0.0,,,,,open
1820,2024-12-31,,2024-12-31,,58.246256049743614,0.0,,,,,open
1821,2023-12-31,,2023-12-29,,2.7340794198276503,0.0,,,,,open
1822,2023-04-30,,2023-04-28,,19.18477857898565,0.0,,,,,open
1823,2023-05-31,,2023-05-31,,5.470308404994293,0.0,,,,,open
1824,2023-05-31,,2023-05-31,,2.7351542024971467,0.0,,,,,open
1825,2023-06-30,,2023-06-30,,137.4788393674471,0.0,,,,,open
1826,2023-04-30,,2023-04-28,,379.127767156145,0.0,,,,,open
1827,2024-12-31,,2024-12-31,,10.75315496302959,0.0,,,,,open
1828,2023-07-31,,2023-07-31,,5.472716342634552,0.0,,,,,open
1829,2023-04-30,,2023-04-28,,2.7406826541408074,0.0,,,,,open
1830,2023-07-31,,2023-07-31,,19.154507199220934,0.0,,,,,open
1831,2023-04-30,,2023-04-28,,20463.763817584695,0.0,,,,,open
1832,2023-04-30,,2023-04-28,,2.7406826541408074,0.0,,,,,open
1833,2023-05-31,,2023-05-31,,150.43348113734308,0.0,,,,,open
1834,2023-04-30,,2023-04-28,,8.222047962422423,0.0,,,,,open
1835,2023-04-30,,2023-04-28,,8.222047962422423,0.0,,,,,open
1836,2024-11-30,,2024-11-29,,76.63334593486691,0.0,,,,,open
1837,2024-02-29,,2024-02-29,,86.95025809258316,0.0,,,,,open
1839,2024-02-29,,2024-02-29,,5.4915952479526196,0.0,,,,,open
1840,2023-04-30,,2023-04-28,,13.703413270704036,0.0,,,,,open
1841,2023-04-30,,2023-04-28,,5.481365308281615,0.0,,,,,open
1842,2023-07-31,,2023-07-31,,5.472716342634552,0.0,,,,,open
1843,2023-05-31,,2023-05-31,,2.7351542024971467,0.0,,,,,open
1844,2023-05-31,,2023-05-31,,16.410925214982882,0.0,,,,,open
1845,2023-04-30,,2023-04-28,,2.7406826541408074,0.0,,,,,open
1846,2023-09-30,,2023-09-27,,5.479757445325305,0.0,,,,,open
1847,2023-04-30,,2023-04-28,,2.7406826541408074,0.0,,,,,open
1848,2024-11-30,,2024-11-29,,13.52353163556475,0.0,,,,,open
1849,2023-04-30,,2023-04-28,,2.7406826541408074,0.0,,,,,open
1850,2023-04-30,,2023-04-28,,19.18477857898565,0.0,,,,,open
1851,2023-04-30,,2023-04-28,,77.6526752006562,0.0,,,,,open
1852,2023-05-31,,2023-05-31,,182.34361349980978,0.0,,,,,open
1853,2023-05-31,,2023-05-31,,95.73039708740014,0.0,,,,,open
1854,2024-04-30,,2024-04-30,,109.29307942348711,0.0,,,,,open
1855,2024-12-31,,2024-12-31,,1290.378595563551,0.0,,,,,open
1856,2023-04-30,,2023-04-28,,13.703413270704036,0.0,,,,,open
1857,2023-08-31,,2023-08-31,,6788.022958748717,0.0,,,,,open
1858,2024-06-30,,2024-06-28,,281.0449143947771,0.0,,,,,open
1859,2023-05-31,,2023-05-31,,123.08193911237161,0.0,,,,,open
1860,2024-12-31,,2024-12-31,,228.5045429643788,0.0,,,,,open
1861,2023-06-30,,2023-06-30,,68.73941968372355,0.0,,,,,open
1862,2023-05-31,,2023-05-31,,10.940616809988587,0.0,,,,,open
1863,2024-12-31,,2024-12-31,,5.376577481514795,0.0,,,,,open
1864,2024-10-31,,2024-10-31,,1664.432581267994,0.0,,,,,open
1865,2023-07-31,,2023-07-31,,8.209074513951828,0.0,,,,,open
1866,2023-07-31,,2023-07-31,,5.472716342634552,0.0,,,,,open
1867,2023-10-31,,2023-10-31,,96.2549140203094,0.0,,,,,open
1869,2023-08-31,,2023-08-31,,187.0355788364902,0.0,,,,,open
1870,2023-05-31,,2023-05-31,,4762.815184615031,0.0,,,,,open
1871,2023-09-30,,2023-09-27,,19.179151058638567,0.0,,,,,open
1872,2023-07-31,,2023-07-31,,19.154507199220934,0.0,,,,,open
1873,2024-02-29,,2024-02-29,,388.9879967299772,0.0,,,,,open
1874,2023-05-31,,2023-05-31,,19.146079417480028,0.0,,,,,open
1875,2023-05-31,,2023-05-31,,91.17180674990489,0.0,,,,,open
1876,2023-05-31,,2023-05-31,,10.940616809988587,0.0,,,,,open
1877,2024-10-31,,2024-10-31,,2.713748773806512,0.0,,,,,open
1878,2024-11-30,,2024-11-29,,8.11411898133885,0.0,,,,,open
1880,2023-06-30,,2023-06-30,,192.47037511442596,0.0,,,,,open
1881,2023-12-31,,2023-12-29,,5.468158839655301,0.0,,,,,open
1882,2023-05-31,,2023-05-31,,21.881233619977174,0.0,,,,,open
1883,2023-05-31,,2023-05-31,,2.7351542024971467,0.0,,,,,open
1884,2023-05-31,,2023-05-31,,10.940616809988587,0.0,,,,,open
1885,2023-10-31,,2023-10-31,,11.000561602321074,0.0,,,,,open
1886,2023-05-31,,2023-05-31,,1094.0616809988587,0.0,,,,,open
1887,2024-02-29,,2024-02-29,,64.0686112261139,0.0,,,,,open
1888,2023-12-31,,2023-12-29,,63.79518646264518,0.0,,,,,open
1889,2023-05-31,,2023-05-31,,2.7351542024971467,0.0,,,,,open
1890,2023-09-30,,2023-09-27,,114.16161344427718,0.0,,,,,open
1891,2023-06-30,,2023-06-30,,2.7495767873489423,0.0,,,,,open
1892,2023-05-31,,2023-05-31,,54.70308404994294,0.0,,,,,open
1893,2023-05-31,,2023-05-31,,10.940616809988587,0.0,,,,,open
1894,2024-12-31,,2024-12-31,,774.2271573381305,0.0,,,,,open
1895,2023-07-31,,2023-07-31,,72.96955123512737,0.0,,,,,open
1896,2023-11-30,,2023-11-30,,68.29427739449112,0.0,,,,,open
1897,2023-06-30,,2023-06-30,,5.499153574697885,0.0,,,,,open
1899,2023-06-30,,2023-06-30,,10.99830714939577,0.0,,,,,open
1900,2023-12-31,,2023-12-29,,8.202238259482952,0.0,,,,,open
1901,2023-06-30,,2023-06-30,,10.99830714939577,0.0,,,,,open
1902,2023-06-30,,2023-06-30,,5.499153574697885,0.0,,,,,open
1903,2024-02-29,,2024-02-29,,64.0686112261139,0.0,,,,,open
1904,2023-05-31,,2023-05-31,,250.72246856223848,0.0,,,,,open
1905,2023-06-30,,2023-06-30,,19.247037511442596,0.0,,,,,open
1906,2023-05-31,,2023-05-31,,10.940616809988587,0.0,,,,,open
1907,2023-05-31,,2023-05-31,,2.7351542024971467,0.0,,,,,open
1908,2023-08-31,,2023-08-31,,8.211318095260545,0.0,,,,,open
1909,2023-05-31,,2023-05-31,,2.7351542024971467,0.0,,,,,open
1910,2023-08-31,,2023-08-31,,1693.3562649781745,0.0,,,,,open
1911,2023-08-31,,2023-08-31,,16.42263619052109,0.0,,,,,open
1912,2023-06-30,,2023-06-30,,54.99153574697885,0.0,,,,,open
1913,2023-07-31,,2023-07-31,,13.681790856586382,0.0,,,,,open
1914,2024-01-31,,2024-01-31,,73.07994979771398,0.0,,,,,open
1915,2023-08-31,,2023-08-31,,2.737106031753515,0.0,,,,,open
1916,2023-05-31,,2023-05-31,,2.7351542024971467,0.0,,,,,open
1917,2023-11-30,,2023-11-30,,63.741325568191705,0.0,,,,,open
1918,2023-05-31,,2023-05-31,,13.675771012485734,0.0,,,,,open
1919,2023-12-31,,2023-12-29,,2.7340794198276503,0.0,,,,,open
1920,2023-05-31,,2023-05-31,,2.7351542024971467,0.0,,,,,open
1921,2023-08-31,,2023-08-31,,1014.5539691033028,0.0,,,,,open
1922,2023-05-31,,2023-05-31,,10.940616809988587,0.0,,,,,open
1923,2023-07-31,,2023-07-31,,10.945432685269104,0.0,,,,,open
1924,2023-05-31,,2023-05-31,,91.17180674990489,0.0,,,,,open
1925,2023-07-31,,2023-07-31,,10.945432685269104,0.0,,,,,open
1926,2023-05-31,,2023-05-31,,5.470308404994293,0.0,,,,,open
1927,2023-07-31,,2023-07-31,,228.02984760977301,0.0,,,,,open
1928,2023-05-31,,2023-05-31,,8.205462607491441,0.0,,,,,open
1929,2023-11-30,,2023-11-30,,13.658855478898223,0.0,,,,,open
1930,2023-05-31,,2023-05-31,,5.470308404994293,0.0,,,,,open
1931,2024-12-31,,2024-12-31,,5.376577481514795,0.0,,,,,open
1932,2023-05-31,,2023-05-31,,19.146079417480028,0.0,,,,,open
1933,2023-05-31,,2023-05-31,,113.96475843738112,0.0,,,,,open
1934,2023-05-31,,2023-05-31,,5.470308404994293,0.0,,,,,open
1935,2023-05-31,,2023-05-31,,59.261674387438184,0.0,,,,,open
1936,2023-07-31,,2023-07-31,,95.77253599610466,0.0,,,,,open
1937,2024-06-30,,2024-06-28,,2.719789494143004,0.0,,,,,open
1938,2024-12-31,,2024-12-31,,201.62165555680482,0.0,,,,,open
1939,2023-10-31,,2023-10-31,,13.750702002901344,0.0,,,,,open
1940,2023-05-31,,2023-05-31,,2042.2484711978695,0.0,,,,,open
1941,2024-06-30,,2024-06-28,,222.11614202167866,0.0,,,,,open
1942,2023-05-31,,2023-05-31,,8.205462607491441,0.0,,,,,open
1943,2023-08-31,,2023-08-31,,118.60792804265232,0.0,,,,,open
1944,2024-05-31,,2024-05-31,,2.726178251644123,0.0,,,,,open
1945,2024-02-29,,2024-02-29,,77.79759934599545,0.0,,,,,open
1946,2023-11-30,,2023-11-30,,59.1883737418923,0.0,,,,,open
1947,2024-01-31,,2024-01-31,,54.80996234828548,0.0,,,,,open
1948,2023-06-30,,2023-06-30,,105.40044351504278,0.0,,,,,open
1949,2024-12-31,,2024-12-31,,80.64866222272194,0.0,,,,,open
1950,2023-07-31,,2023-07-31,,118.57552075708196,0.0,,,,,open
1951,2024-11-30,,2024-11-29,,10.8188253084518,0.0,,,,,open
1952,2023-09-30,,2023-09-27,,191.79151058638567,0.0,,,,,open
1953,2023-11-30,,2023-11-30,,5.46354219155929,0.0,,,,,open
1954,2023-06-30,,2023-06-30,,2.7495767873489423,0.0,,,,,open
1955,2023-10-31,,2023-10-31,,64.16994268020626,0.0,,,,,open
1956,2023-06-30,,2023-06-30,,13.747883936744712,0.0,,,,,open
1957,2023-08-31,,2023-08-31,,24.633954285781634,0.0,,,,,open
1958,2023-06-30,,2023-06-30,,8798.645719516615,0.0,,,,,open
1959,2024-02-29,,2024-02-29,,2.7457976239763098,0.0,,,,,open
1960,2023-06-30,,2023-06-30,,2.7495767873489423,0.0,,,,,open
1961,2023-10-31,,2023-10-31,,59.58637534590582,0.0,,,,,open
1962,2024-12-31,,2024-12-31,,18.818021185301784,0.0,,,,,open
1963,2023-06-30,,2023-06-30,,1686.4070962406845,0.0,,,,,open
1964,2023-07-31,,2023-07-31,,8.209074513951828,0.0,,,,,open
1965,2023-12-31,,2023-12-29,,24.606714778448854,0.0,,,,,open
1966,2023-06-30,,2023-06-30,,1319.7968579274923,0.0,,,,,open
1967,2024-06-30,,2024-06-28,,5.439578988286008,0.0,,,,,open
1968,2023-06-30,,2023-06-30,,77.90467564155337,0.0,,,,,open
1969,2023-06-30,,2023-06-30,,155.80935128310674,0.0,,,,,open
1970,2023-07-31,,2023-07-31,,10.945432685269104,0.0,,,,,open
1971,2024-03-31,,2024-03-29,,141.45271224191492,0.0,,,,,open
1972,2024-04-30,,2024-04-30,,8.196980956761534,0.0,,,,,open
1973,2023-06-30,,2023-06-30,,137.4788393674471,0.0,,,,,open
1974,2023-08-31,,2023-08-31,,127.73161481516404,0.0,,,,,open
1975,2023-06-30,,2023-06-30,,10.99830714939577,0.0,,,,,open
1976,2023-11-30,,2023-11-30,,195.77692853087453,0.0,,,,,open
1977,2023-06-30,,2023-06-30,,2.7495767873489423,0.0,,,,,open
1978,2023-08-31,,2023-08-31,,59.30396402132616,0.0,,,,,open
1980,2023-06-30,,2023-06-30,,5.499153574697885,0.0,,,,,open
1981,2023-06-30,,2023-06-30,,2.7495767873489423,0.0,,,,,open
1982,2023-11-30,,2023-11-30,,16.390626574677867,0.0,,,,,open
1983,2024-02-29,,2024-02-29,,24.71217861578679,0.0,,,,,open
1984,2023-12-31,,2023-12-29,,50.12478936350693,0.0,,,,,open
1985,2023-07-31,,2023-07-31,,2.736358171317276,0.0,,,,,open
1986,2023-08-31,,2023-08-31,,5.47421206350703,0.0,,,,,open
1987,2023-06-30,,2023-06-30,,21.99661429879154,0.0,,,,,open
1988,2023-06-30,,2023-06-30,,8.248730362046826,0.0,,,,,open
1989,2023-06-30,,2023-06-30,,59.57416372589375,0.0,,,,,open
1990,2023-07-31,,2023-07-31,,54.72716342634553,0.0,,,,,open
1991,2023-06-30,,2023-06-30,,5.499153574697885,0.0,,,,,open
1992,2023-06-30,,2023-06-30,,2.7495767873489423,0.0,,,,,open
1993,2023-07-31,,2023-07-31,,16.418149027903656,0.0,,,,,open
1994,2024-12-31,,2024-12-31,,5.376577481514795,0.0,,,,,open
1995,2023-07-31,,2023-07-31,,10.945432685269104,0.0,,,,,open
1996,2023-06-30,,2023-06-30,,2.7495767873489423,0.0,,,,,open
1997,2024-12-31,,2024-12-31,,2.6882887407573977,0.0,,,,,open
1998,2023-08-31,,2023-08-31,,45.61843386255858,0.0,,,,,open
1999,2024-10-31,,2024-10-31,,49.75206085311939,0.0,,,,,open
2000,2023-07-31,,2023-07-31,,141.37850551805926,0.0,,,,,open
2001,2023-06-30,,2023-06-30,,879.8645719516616,0.0,,,,,open
2002,2023-07-31,,2023-07-31,,5.472716342634552,0.0,,,,,open
2003,2023-06-30,,2023-06-30,,5.499153574697885,0.0,,,,,open
2004,2023-06-30,,2023-06-30,,16.497460724093653,0.0,,,,,open
2005,2023-10-31,,2023-10-31,,87.0877793517085,0.0,,,,,open
2006,2023-10-31,,2023-10-31,,8.250421201740807,0.0,,,,,open
2007,2023-07-31,,2023-07-31,,2.736358171317276,0.0,,,,,open
2008,2023-08-31,,2023-08-31,,759.0907394729749,0.0,,,,,open
2009,2024-07-31,,2024-07-31,,2.688469732372426,0.0,,,,,open
2010,2023-07-31,,2023-07-31,,59.28776037854098,0.0,,,,,open
2011,2023-12-31,,2023-12-29,,50.12478936350693,0.0,,,,,open
2012,2023-07-31,,2023-07-31,,191.54507199220933,0.0,,,,,open
2013,2023-07-31,,2023-07-31,,8.209074513951828,0.0,,,,,open
2014,2023-08-31,,2023-08-31,,16.42263619052109,0.0,,,,,open
2015,2023-07-31,,2023-07-31,,2.736358171317276,0.0,,,,,open
2016,2024-12-31,,2024-12-31,,2.6882887407573977,0.0,,,,,open
2017,2023-07-31,,2023-07-31,,10945.432685269105,0.0,,,,,open
2018,2023-12-31,,2023-12-29,,2.7340794198276503,0.0,,,,,open
2019,2023-07-31,,2023-07-31,,7223.985572277609,0.0,,,,,open
2020,2023-07-31,,2023-07-31,,8.209074513951828,0.0,,,,,open
2021,2023-08-31,,2023-08-31,,5.47421206350703,0.0,,,,,open
2022,2023-07-31,,2023-07-31,,1525.0636208141618,0.0,,,,,open
2023,2023-07-31,,2023-07-31,,8.209074513951828,0.0,,,,,open
2024,2023-08-31,,2023-08-31,,2.737106031753515,0.0,,,,,open
2025,2024-09-30,,2024-09-30,,936.6293842340453,0.0,,,,,open
2026,2023-08-31,,2023-08-31,,21.89684825402812,0.0,,,,,open
2027,2024-01-31,,2024-01-31,,5.480996234828548,0.0,,,,,open
2028,2023-07-31,,2023-07-31,,10.945432685269104,0.0,,,,,open
2029,2023-08-31,,2023-08-31,,150.54083174644333,0.0,,,,,open
2030,2023-08-31,,2023-08-31,,269.14875978909566,0.0,,,,,open
2031,2024-02-29,,2024-02-29,,21.966380991810478,0.0,,,,,open
2032,2023-07-31,,2023-07-31,,2.736358171317276,0.0,,,,,open
2033,2023-07-31,,2023-07-31,,8.209074513951828,0.0,,,,,open
2034,2023-07-31,,2023-07-31,,8.209074513951828,0.0,,,,,open
2035,2023-07-31,,2023-07-31,,104.89372990049559,0.0,,,,,open
2036,2023-07-31,,2023-07-31,,77.53014818732282,0.0,,,,,open
2037,2023-07-31,,2023-07-31,,2.736358171317276,0.0,,,,,open
2038,2023-09-30,,2023-09-27,,13.699393613313262,0.0,,,,,open
2039,2023-12-31,,2023-12-29,,164.04476518965902,0.0,,,,,open
2040,2023-07-31,,2023-07-31,,2.736358171317276,0.0,,,,,open
2041,2023-07-31,,2023-07-31,,5.472716342634552,0.0,,,,,open
2042,2024-12-31,,2024-12-31,,425.64571728658797,0.0,,,,,open
2043,2023-08-31,,2023-08-31,,19.159742222274605,0.0,,,,,open
2044,2023-12-31,,2023-12-29,,300.7487361810416,0.0,,,,,open
2045,2023-08-31,,2023-08-31,,2.737106031753515,0.0,,,,,open
2046,2024-01-31,,2024-01-31,,8.221494352242821,0.0,,,,,open
2047,2023-10-31,,2023-10-31,,16.500842403481613,0.0,,,,,open
2048,2023-07-31,,2023-07-31,,2.736358171317276,0.0,,,,,open
2049,2023-07-31,,2023-07-31,,5.472716342634552,0.0,,,,,open
2050,2023-07-31,,2023-07-31,,2.736358171317276,0.0,,,,,open
2051,2024-04-30,,2024-04-30,,5.464653971174356,0.0,,,,,open
2052,2023-07-31,,2023-07-31,,2.736358171317276,0.0,,,,,open
2053,2024-09-30,,2024-09-30,,391.76325205943243,0.0,,,,,open
2054,2023-07-31,,2023-07-31,,109.45432685269105,0.0,,,,,open
2055,2023-07-31,,2023-07-31,,5.472716342634552,0.0,,,,,open
2056,2023-09-30,,2023-09-27,,237.45615596409655,0.0,,,,,open
2057,2023-07-31,,2023-07-31,,10.945432685269104,0.0,,,,,open
2058,2024-08-31,,2024-08-30,,85.32132489973979,0.0,,,,,open
2059,2024-05-31,,2024-05-31,,24.535604264797104,0.0,,,,,open
2060,2023-07-31,,2023-07-31,,2407.995190759203,0.0,,,,,open
2061,2023-10-31,,2023-10-31,,178.75912603771746,0.0,,,,,open
2062,2023-07-31,,2023-07-31,,5.472716342634552,0.0,,,,,open
2063,2023-07-31,,2023-07-31,,5.472716342634552,0.0,,,,,open
2064,2023-07-31,,2023-07-31,,19.154507199220934,0.0,,,,,open
2065,2024-01-31,,2024-01-31,,2.740498117414274,0.0,,,,,open
2066,2023-10-31,,2023-10-31,,16.500842403481613,0.0,,,,,open
2067,2024-04-30,,2024-04-30,,16.393961913523068,0.0,,,,,open
2068,2024-04-30,,2024-04-30,,446.2800743125724,0.0,,,,,open
2069,2024-12-31,,2024-12-31,,10.75315496302959,0.0,,,,,open
2070,2023-07-31,,2023-07-31,,118.57552075708196,0.0,,,,,open
2071,2023-07-31,,2023-07-31,,50.166566474150066,0.0,,,,,open
2072,2023-07-31,,2023-07-31,,10.945432685269104,0.0,,,,,open
2073,2023-07-31,,2023-07-31,,8.209074513951828,0.0,,,,,open
2074,2023-07-31,,2023-07-31,,2.736358171317276,0.0,,,,,open
2075,2023-08-31,,2023-08-31,,177.91189206397848,0.0,,,,,open
2076,2023-07-31,,2023-07-31,,186.98447504001388,0.0,,,,,open
2077,2023-07-31,,2023-07-31,,21.890865370538208,0.0,,,,,open
2078,2023-10-31,,2023-10-31,,50.41924067730493,0.0,,,,,open
2079,2023-11-30,,2023-11-30,,10.92708438311858,0.0,,,,,open
2080,2023-07-31,,2023-07-31,,5.472716342634552,0.0,,,,,open
2081,2023-07-31,,2023-07-31,,2.736358171317276,0.0,,,,,open
2082,2024-01-31,,2024-01-31,,5.480996234828548,0.0,,,,,open
2083,2023-08-31,,2023-08-31,,5.47421206350703,0.0,,,,,open
2084,2023-07-31,,2023-07-31,,2.736358171317276,0.0,,,,,open
2085,2023-07-31,,2023-07-31,,2.736358171317276,0.0,,,,,open
2086,2024-01-31,,2024-01-31,,24.664483056728464,0.0,,,,,open
2087,2023-07-31,,2023-07-31,,8.209074513951828,0.0,,,,,open
2088,2023-07-31,,2023-07-31,,214.34805675318663,0.0,,,,,open
2089,2024-11-30,,2024-11-29,,10.8188253084518,0.0,,,,,open
2090,2023-12-31,,2023-12-29,,154.93116712356687,0.0,,,,,open
2091,2023-08-31,,2023-08-31,,21.89684825402812,0.0,,,,,open
2092,2024-10-31,,2024-10-31,,2.713748773806512,0.0,,,,,open
2093,2023-07-31,,2023-07-31,,54.72716342634553,0.0,,,,,open
2094,2023-07-31,,2023-07-31,,72.96955123512737,0.0,,,,,open
2095,2023-07-31,,2023-07-31,,132.25731161366835,0.0,,,,,open
2096,2024-12-31,,2024-12-31,,3942.8234864441833,0.0,,,,,open
2097,2024-12-31,,2024-12-31,,767.0583873627775,0.0,,,,,open
2098,2024-12-31,,2024-12-31,,5376.577481514795,0.0,,,,,open
2099,2024-12-31,,2024-12-31,,58.246256049743614,0.0,,,,,open
2100,2023-07-31,,2023-07-31,,16.418149027903656,0.0,,,,,open
2101,2023-08-31,,2023-08-31,,1605.7688719620621,0.0,,,,,open
2102,2023-08-31,,2023-08-31,,21.89684825402812,0.0,,,,,open
2103,2024-11-30,,2024-11-29,,99.17256532747483,0.0,,,,,open
2104,2024-08-31,,2024-08-30,,80.83072885238508,0.0,,,,,open
2105,2023-08-31,,2023-08-31,,8.211318095260545,0.0,,,,,open
2106,2023-08-31,,2023-08-31,,8.211318095260545,0.0,,,,,open
2107,2023-08-31,,2023-08-31,,100.36055449762888,0.0,,,,,open
2108,2023-08-31,,2023-08-31,,6182.210157053939,0.0,,,,,open
2109,2023-08-31,,2023-08-31,,1656.8615178881278,0.0,,,,,open
2110,2023-09-30,,2023-09-27,,109.5951489065061,0.0,,,,,open
2111,2023-08-31,,2023-08-31,,2.737106031753515,0.0,,,,,open
2112,2024-09-30,,2024-09-30,,5.4036310628887225,0.0,,,,,open
2113,2024-11-30,,2024-11-29,,24.342356944016547,0.0,,,,,open
2114,2024-12-31,,2024-12-31,,10.75315496302959,0.0,,,,,open
2115,2023-08-31,,2023-08-31,,2.737106031753515,0.0,,,,,open
2116,2024-12-31,,2024-12-31,,80.64866222272194,0.0,,,,,open
2117,2023-08-31,,2023-08-31,,16.42263619052109,0.0,,,,,open
2118,2023-08-31,,2023-08-31,,2.737106031753515,0.0,,,,,open
2119,2024-01-31,,2024-01-31,,5.480996234828548,0.0,,,,,open
2120,2023-11-30,,2023-11-30,,59.1883737418923,0.0,,,,,open
2121,2024-12-31,,2024-12-31,,1046.6404164015469,0.0,,,,,open
2122,2023-11-30,,2023-11-30,,10.92708438311858,0.0,,,,,open
2123,2023-09-30,,2023-09-27,,50.23110991548196,0.0,,,,,open
2124,2024-12-31,,2024-12-31,,183.69973061842217,0.0,,,,,open
2125,2023-09-30,,2023-09-27,,5326.324236856196,0.0,,,,,open
2126,2023-09-30,,2023-09-27,,1022.8880564607235,0.0,,,,,open
2127,2023-09-30,,2023-09-27,,16.439272335975915,0.0,,,,,open
2128,2023-12-31,,2023-12-29,,5.468158839655301,0.0,,,,,open
2129,2023-08-31,,2023-08-31,,8.211318095260545,0.0,,,,,open
2130,2023-08-31,,2023-08-31,,155.10267513269918,0.0,,,,,open
2131,2023-08-31,,2023-08-31,,2.737106031753515,0.0,,,,,open
2132,2023-08-31,,2023-08-31,,13.685530158767575,0.0,,,,,open
2133,2023-09-30,,2023-09-27,,305.9531240306629,0.0,,,,,open
2134,2023-08-31,,2023-08-31,,5.47421206350703,0.0,,,,,open
2135,2023-11-30,,2023-11-30,,10.92708438311858,0.0,,,,,open
2136,2024-12-31,,2024-12-31,,120.9729933340829,0.0,,,,,open
2137,2023-08-31,,2023-08-31,,2.737106031753515,0.0,,,,,open
2138,2023-11-30,,2023-11-30,,5.46354219155929,0.0,,,,,open
2139,2023-08-31,,2023-08-31,,91.23686772511716,0.0,,,,,open
2140,2024-07-31,,2024-07-31,,8.065409197117276,0.0,,,,,open
2141,2023-09-30,,2023-09-27,,59181.380409513295,0.0,,,,,open
2142,2023-08-31,,2023-08-31,,2.737106031753515,0.0,,,,,open
2143,2024-01-31,,2024-01-31,,2.740498117414274,0.0,,,,,open
2145,2023-10-31,,2023-10-31,,100.83848135460985,0.0,,,,,open
2146,2023-08-31,,2023-08-31,,2.737106031753515,0.0,,,,,open
2147,2024-03-31,,2024-03-29,,16.426766582932057,0.0,,,,,open
2148,2024-12-31,,2024-12-31,,67.20721851893494,0.0,,,,,open
2149,2023-08-31,,2023-08-31,,5.47421206350703,0.0,,,,,open
2150,2023-08-31,,2023-08-31,,77.55133756634959,0.0,,,,,open
2151,2024-01-31,,2024-01-31,,141.59240273307083,0.0,,,,,open
2152,2024-04-30,,2024-04-30,,10.929307942348713,0.0,,,,,open
2153,2023-09-30,,2023-09-27,,2.7398787226626524,0.0,,,,,open
2154,2023-08-31,,2023-08-31,,2.737106031753515,0.0,,,,,open
2155,2023-08-31,,2023-08-31,,2.737106031753515,0.0,,,,,open
2156,2023-10-31,,2023-10-31,,233.76193404932283,0.0,,,,,open
2157,2024-03-31,,2024-03-29,,8.213383291466029,0.0,,,,,open
2158,2023-08-31,,2023-08-31,,77.55133756634959,0.0,,,,,open
2159,2023-08-31,,2023-08-31,,86.6750243388613,0.0,,,,,open
2160,2023-08-31,,2023-08-31,,145.97898836018746,0.0,,,,,open
2161,2023-08-31,,2023-08-31,,4671.327627525999,0.0,,,,,open
2162,2023-09-30,,2023-09-27,,1022.8880564607235,0.0,,,,,open
2163,2024-07-31,,2024-07-31,,13.442348661862129,0.0,,,,,open
2164,2024-12-31,,2024-12-31,,134.41443703786987,0.0,,,,,open
2165,2024-03-31,,2024-03-29,,68.4448607622169,0.0,,,,,open
2166,2023-11-30,,2023-11-30,,13.658855478898223,0.0,,,,,open
2167,2023-09-30,,2023-09-27,,2.7398787226626524,0.0,,,,,open
2168,2024-12-31,,2024-12-31,,80.64866222272194,0.0,,,,,open
2169,2023-09-30,,2023-09-27,,2.7398787226626524,0.0,,,,,open
2170,2024-12-31,,2024-12-31,,16.129732444544388,0.0,,,,,open
2171,2023-12-31,,2023-12-29,,77.46558356178343,0.0,,,,,open
2172,2023-10-31,,2023-10-31,,119.17275069181164,0.0,,,,,open
2173,2024-12-31,,2024-12-31,,5620.315660676801,0.0,,,,,open
2174,2023-12-31,,2023-12-29,,323.532731346272,0.0,,,,,open
2175,2023-10-31,,2023-10-31,,5500.2808011605375,0.0,,,,,open
2176,2023-11-30,,2023-11-30,,241.30644679386862,0.0,,,,,open
2177,2023-12-31,,2023-12-29,,5.468158839655301,0.0,,,,,open
2178,2024-02-29,,2024-02-29,,86.95025809258316,0.0,,,,,open
2179,2023-09-30,,2023-09-27,,2.7398787226626524,0.0,,,,,open
2180,2023-11-30,,2023-11-30,,21.85416876623716,0.0,,,,,open
2181,2023-10-31,,2023-10-31,,430.8553294242421,0.0,,,,,open
2182,2023-10-31,,2023-10-31,,2.7501404005802685,0.0,,,,,open
2183,2023-09-30,,2023-09-27,,24.658908503963872,0.0,,,,,open
2184,2023-09-30,,2023-09-27,,16.439272335975915,0.0,,,,,open
2185,2024-12-31,,2024-12-31,,44.80481234595663,0.0,,,,,open
2186,2023-09-30,,2023-09-27,,10.95951489065061,0.0,,,,,open
2187,2024-04-30,,2024-04-30,,10.929307942348713,0.0,,,,,open
2188,2024-02-29,,2024-02-29,,59.49228185282005,0.0,,,,,open
2189,2024-07-31,,2024-07-31,,8.065409197117276,0.0,,,,,open
2190,2024-01-31,,2024-01-31,,123.32241528364233,0.0,,,,,open
2191,2023-12-31,,2023-12-29,,5.468158839655301,0.0,,,,,open
2192,2024-02-29,,2024-02-29,,77.79759934599545,0.0,,,,,open
2193,2024-04-30,,2024-04-30,,16.393961913523068,0.0,,,,,open
2194,2024-12-31,,2024-12-31,,44.80481234595663,0.0,,,,,open
2195,2024-09-30,,2024-09-30,,2.7018155314443613,0.0,,,,,open
2196,2023-09-30,,2023-09-27,,77.62989714210849,0.0,,,,,open
2197,2023-09-30,,2023-09-27,,21.91902978130122,0.0,,,,,open
2198,2023-10-31,,2023-10-31,,5.500280801160537,0.0,,,,,open
2199,2023-09-30,,2023-09-27,,100.46221983096392,0.0,,,,,open
2200,2023-09-30,,2023-09-27,,21.91902978130122,0.0,,,,,open
2201,2024-01-31,,2024-01-31,,19.18348682189992,0.0,,,,,open
2202,2023-10-31,,2023-10-31,,77.92064468310761,0.0,,,,,open
2203,2023-11-30,,2023-11-30,,81.95313287338934,0.0,,,,,open
2204,2023-09-30,,2023-09-27,,24.658908503963872,0.0,,,,,open
2205,2023-09-30,,2023-09-27,,2.7398787226626524,0.0,,,,,open
2206,2023-09-30,,2023-09-27,,45.664645377710876,0.0,,,,,open
2207,2024-01-31,,2024-01-31,,8.221494352242821,0.0,,,,,open
2208,2023-09-30,,2023-09-27,,2.7398787226626524,0.0,,,,,open
2209,2024-12-31,,2024-12-31,,416.68475481739665,0.0,,,,,open
2210,2023-09-30,,2023-09-27,,278.5543368040363,0.0,,,,,open
2211,2024-08-31,,2024-08-30,,2.6943576284128357,0.0,,,,,open
2212,2023-09-30,,2023-09-27,,5.479757445325305,0.0,,,,,open
2213,2024-12-31,,2024-12-31,,170.2582869146352,0.0,,,,,open
2214,2024-08-31,,2024-08-30,,116.75549723122288,0.0,,,,,open
2215,2024-01-31,,2024-01-31,,8.221494352242821,0.0,,,,,open
2216,2023-09-30,,2023-09-27,,21.91902978130122,0.0,,,,,open
2217,2024-08-31,,2024-08-30,,80.83072885238508,0.0,,,,,open
2218,2024-07-31,,2024-07-31,,10.753878929489703,0.0,,,,,open
2219,2023-12-31,,2023-12-29,,8.202238259482952,0.0,,,,,open
2220,2024-01-31,,2024-01-31,,8.221494352242821,0.0,,,,,open
2221,2023-09-30,,2023-09-27,,21.91902978130122,0.0,,,,,open
2222,2023-10-31,,2023-10-31,,178.75912603771746,0.0,,,,,open
2223,2023-10-31,,2023-10-31,,16.500842403481613,0.0,,,,,open
2225,2023-12-31,,2023-12-29,,10.936317679310601,0.0,,,,,open
2226,2023-09-30,,2023-09-27,,2.7398787226626524,0.0,,,,,open
2227,2023-09-30,,2023-09-27,,24.658908503963872,0.0,,,,,open
2228,2023-12-31,,2023-12-29,,8.202238259482952,0.0,,,,,open
2229,2023-10-31,,2023-10-31,,5.500280801160537,0.0,,,,,open
2230,2024-01-31,,2024-01-31,,251.2123274296418,0.0,,,,,open
2231,2023-11-30,,2023-11-30,,318.70662784095856,0.0,,,,,open
2232,2023-12-31,,2023-12-29,,8.202238259482952,0.0,,,,,open
2233,2023-09-30,,2023-09-27,,19.179151058638567,0.0,,,,,open
2234,2023-09-30,,2023-09-27,,109.5951489065061,0.0,,,,,open
2235,2024-05-31,,2024-05-31,,308.96686851966723,0.0,,,,,open
2236,2024-11-30,,2024-11-29,,18.932944289790647,0.0,,,,,open
2237,2023-10-31,,2023-10-31,,2.7501404005802685,0.0,,,,,open
2238,2023-10-31,,2023-10-31,,169.59199136911656,0.0,,,,,open
2239,2024-07-31,,2024-07-31,,1935.6982073081465,0.0,,,,,open
2240,2024-03-31,,2024-03-29,,118.6377586545093,0.0,,,,,open
2241,2023-12-31,,2023-12-29,,2.7340794198276503,0.0,,,,,open
2242,2023-12-31,,2023-12-29,,13.670397099138253,0.0,,,,,open
2243,2023-11-30,,2023-11-30,,19.122397670457513,0.0,,,,,open
2245,2024-01-31,,2024-01-31,,77.6474466600711,0.0,,,,,open
2246,2023-10-31,,2023-10-31,,5.500280801160537,0.0,,,,,open
2247,2023-10-31,,2023-10-31,,2.7501404005802685,0.0,,,,,open
2248,2024-05-31,,2024-05-31,,231.72515138975044,0.0,,,,,open
2249,2023-11-30,,2023-11-30,,63.741325568191705,0.0,,,,,open
2250,2024-12-31,,2024-12-31,,16.129732444544388,0.0,,,,,open
2251,2023-10-31,,2023-10-31,,5.500280801160537,0.0,,,,,open
2252,2023-10-31,,2023-10-31,,13.750702002901344,0.0,,,,,open
2253,2023-11-30,,2023-11-30,,2.731771095779645,0.0,,,,,open
2255,2023-10-31,,2023-10-31,,2.7501404005802685,0.0,,,,,open
2256,2023-10-31,,2023-10-31,,2.7501404005802685,0.0,,,,,open
2257,2023-10-31,,2023-10-31,,105.4220486889103,0.0,,,,,open
2258,2023-10-31,,2023-10-31,,5.500280801160537,0.0,,,,,open
2259,2024-12-31,,2024-12-31,,67.20721851893494,0.0,,,,,open
2260,2023-12-31,,2023-12-29,,100.24957872701385,0.0,,,,,open
2261,2023-10-31,,2023-10-31,,2.7501404005802685,0.0,,,,,open
2262,2023-10-31,,2023-10-31,,2.7501404005802685,0.0,,,,,open
2263,2024-12-31,,2024-12-31,,10.75315496302959,0.0,,,,,open
2264,2023-10-31,,2023-10-31,,2.7501404005802685,0.0,,,,,open
2265,2023-10-31,,2023-10-31,,2.7501404005802685,0.0,,,,,open
2266,2024-11-30,,2024-11-29,,306.53338373946764,0.0,,,,,open
2267,2023-12-31,,2023-12-29,,5.468158839655301,0.0,,,,,open
2268,2023-10-31,,2023-10-31,,100.83848135460985,0.0,,,,,open
2269,2023-10-31,,2023-10-31,,24.75126360522242,0.0,,,,,open
2270,2023-10-31,,2023-10-31,,55.002808011605374,0.0,,,,,open
2271,2024-01-31,,2024-01-31,,2.740498117414274,0.0,,,,,open
2272,2023-11-30,,2023-11-30,,191.22397670457514,0.0,,,,,open
2273,2024-01-31,,2024-01-31,,19.18348682189992,0.0,,,,,open
2274,2023-10-31,,2023-10-31,,91.67134668600896,0.0,,,,,open
2275,2023-12-31,,2023-12-29,,10.936317679310601,0.0,,,,,open
2276,2023-10-31,,2023-10-31,,2.7501404005802685,0.0,,,,,open
2277,2023-10-31,,2023-10-31,,444.6060314271434,0.0,,,,,open
2278,2023-10-31,,2023-10-31,,16.500842403481613,0.0,,,,,open
2279,2024-12-31,,2024-12-31,,125.45347456867856,0.0,,,,,open
2280,2023-12-31,,2023-12-29,,5.468158839655301,0.0,,,,,open
2281,2024-10-31,,2024-10-31,,303.03527974172715,0.0,,,,,open
2282,2024-01-31,,2024-01-31,,54.80996234828548,0.0,,,,,open
2283,2023-11-30,,2023-11-30,,72.84722922079052,0.0,,,,,open
2284,2023-11-30,,2023-11-30,,127.48265113638341,0.0,,,,,open
2285,2023-10-31,,2023-10-31,,2.7501404005802685,0.0,,,,,open
2286,2023-11-30,,2023-11-30,,5.46354219155929,0.0,,,,,open
2287,2023-10-31,,2023-10-31,,8.250421201740807,0.0,,,,,open
2288,2023-10-31,,2023-10-31,,2.7501404005802685,0.0,,,,,open
2289,2024-06-30,,2024-06-28,,8.159368482429011,0.0,,,,,open
2290,2024-06-30,,2024-06-28,,2.719789494143004,0.0,,,,,open
2291,2023-10-31,,2023-10-31,,2.7501404005802685,0.0,,,,,open
2292,2023-10-31,,2023-10-31,,59.58637534590582,0.0,,,,,open
2293,2024-02-29,,2024-02-29,,2.7457976239763098,0.0,,,,,open
2294,2024-04-30,,2024-04-30,,68.30817463967945,0.0,,,,,open
2295,2023-10-31,,2023-10-31,,110.00561602321075,0.0,,,,,open
2296,2023-11-30,,2023-11-30,,77.40018104708993,0.0,,,,,open
2297,2024-11-30,,2024-11-29,,283.99416434685975,0.0,,,,,open
2298,2023-10-31,,2023-10-31,,13.750702002901344,0.0,,,,,open
2299,2024-05-31,,2024-05-31,,2980.6215551309074,0.0,,,,,open
2300,2023-10-31,,2023-10-31,,2.7501404005802685,0.0,,,,,open
2301,2024-12-31,,2024-12-31,,5.376577481514795,0.0,,,,,open
2302,2024-03-31,,2024-03-29,,13.68897215244338,0.0,,,,,open
2303,2024-07-31,,2024-07-31,,788.6177881625782,0.0,,,,,open
2304,2024-12-31,,2024-12-31,,340.5165738292704,0.0,,,,,open
2305,2023-11-30,,2023-11-30,,8.195313287338934,0.0,,,,,open
2306,2024-12-31,,2024-12-31,,16.129732444544388,0.0,,,,,open
2307,2024-12-31,,2024-12-31,,16.129732444544388,0.0,,,,,open
2308,2023-11-30,,2023-11-30,,5.46354219155929,0.0,,,,,open
2309,2024-06-30,,2024-06-28,,5.439578988286008,0.0,,,,,open
2310,2024-12-31,,2024-12-31,,80.64866222272194,0.0,,,,,open
2311,2024-12-31,,2024-12-31,,421.16523605199234,0.0,,,,,open
2312,2024-01-31,,2024-01-31,,10.961992469657096,0.0,,,,,open
2313,2024-07-31,,2024-07-31,,259.8854074626678,0.0,,,,,open
2314,2024-01-31,,2024-01-31,,2.740498117414274,0.0,,,,,open
2315,2023-11-30,,2023-11-30,,8.195313287338934,0.0,,,,,open
2316,2023-11-30,,2023-11-30,,2.731771095779645,0.0,,,,,open
2317,2023-11-30,,2023-11-30,,5.46354219155929,0.0,,,,,open
2318,2023-11-30,,2023-11-30,,5.46354219155929,0.0,,,,,open
2319,2024-09-30,,2024-09-30,,49.53328474314662,0.0,,,,,open
2320,2024-12-31,,2024-12-31,,147.85588074165688,0.0,,,,,open
2321,2024-10-31,,2024-10-31,,5.427497547613024,0.0,,,,,open
2322,2023-11-30,,2023-11-30,,2.731771095779645,0.0,,,,,open
2323,2024-11-30,,2024-11-29,,63.10981429930216,0.0,,,,,open
2324,2023-12-31,,2023-12-29,,77.46558356178343,0.0,,,,,open
2325,2023-11-30,,2023-11-30,,10.92708438311858,0.0,,,,,open
2326,2024-02-29,,2024-02-29,,951.8765096451208,0.0,,,,,open
2327,2024-02-29,,2024-02-29,,215.08748054481094,0.0,,,,,open
2328,2023-11-30,,2023-11-30,,5.46354219155929,0.0,,,,,open
2329,2024-01-31,,2024-01-31,,2.740498117414274,0.0,,,,,open
2330,2023-12-31,,2023-12-29,,2.7340794198276503,0.0,,,,,open
2331,2024-02-29,,2024-02-29,,109.8319049590524,0.0,,,,,open
2332,2024-12-31,,2024-12-31,,44.80481234595663,0.0,,,,,open
2333,2024-02-29,,2024-02-29,,59.49228185282005,0.0,,,,,open
2334,2024-02-29,,2024-02-29,,16.47478574385786,0.0,,,,,open
2335,2023-12-31,,2023-12-29,,2.7340794198276503,0.0,,,,,open
2336,2023-11-30,,2023-11-30,,118.3767474837846,0.0,,,,,open
2337,2024-01-31,,2024-01-31,,2.740498117414274,0.0,,,,,open
2338,2023-11-30,,2023-11-30,,10.92708438311858,0.0,,,,,open
2339,2024-01-31,,2024-01-31,,137.0249058707137,0.0,,,,,open
2340,2024-01-31,,2024-01-31,,223.80734625549903,0.0,,,,,open
2341,2023-11-30,,2023-11-30,,8.195313287338934,0.0,,,,,open
2344,2024-10-31,,2024-10-31,,2.713748773806512,0.0,,,,,open
2345,2024-11-30,,2024-11-29,,2.70470632711295,0.0,,,,,open
2346,2024-10-31,,2024-10-31,,1693.3792348552636,0.0,,,,,open
2347,2024-04-30,,2024-04-30,,59.200418021055526,0.0,,,,,open
2348,2023-11-30,,2023-11-30,,5.46354219155929,0.0,,,,,open
2349,2023-11-30,,2023-11-30,,10.92708438311858,0.0,,,,,open
2350,2023-11-30,,2023-11-30,,2.731771095779645,0.0,,,,,open
2351,2023-11-30,,2023-11-30,,16.390626574677867,0.0,,,,,open
2352,2024-07-31,,2024-07-31,,2.688469732372426,0.0,,,,,open
2353,2024-11-30,,2024-11-29,,234.40788168312233,0.0,,,,,open
2354,2023-11-30,,2023-11-30,,2.731771095779645,0.0,,,,,open
2355,2024-12-31,,2024-12-31,,5.376577481514795,0.0,,,,,open
2356,2023-11-30,,2023-11-30,,2.731771095779645,0.0,,,,,open
2357,2024-11-30,,2024-11-29,,13.52353163556475,0.0,,,,,open
2358,2024-10-31,,2024-10-31,,24.423738964258607,0.0,,,,,open
2359,2024-12-31,,2024-12-31,,76.16818098812627,0.0,,,,,open
2360,2024-08-31,,2024-08-30,,16.166145770477016,0.0,,,,,open
2361,2024-07-31,,2024-07-31,,2.688469732372426,0.0,,,,,open
2362,2023-11-30,,2023-11-30,,2.731771095779645,0.0,,,,,open
2363,2024-12-31,,2024-12-31,,5.376577481514795,0.0,,,,,open
2364,2023-11-30,,2023-11-30,,63.741325568191705,0.0,,,,,open
2365,2024-11-30,,2024-11-29,,225.39219392607916,0.0,,,,,open
2366,2024-10-31,,2024-10-31,,8.141246321419535,0.0,,,,,open
2367,2024-02-29,,2024-02-29,,77.79759934599545,0.0,,,,,open
2368,2024-06-30,,2024-06-28,,10.879157976572015,0.0,,,,,open
2369,2023-11-30,,2023-11-30,,13.658855478898223,0.0,,,,,open
2370,2024-06-30,,2024-06-28,,90.6596498047668,0.0,,,,,open
2371,2023-11-30,,2023-11-30,,227.64759131497038,0.0,,,,,open
2372,2023-11-30,,2023-11-30,,3715.208690260317,0.0,,,,,open
2373,2024-06-30,,2024-06-28,,63.46175486333676,0.0,,,,,open
2374,2024-12-31,,2024-12-31,,2.6882887407573977,0.0,,,,,open
2375,2023-11-30,,2023-11-30,,273.1771095779645,0.0,,,,,open
2376,2024-03-31,,2024-03-29,,8.213383291466029,0.0,,,,,open
2377,2023-12-31,,2023-12-29,,5.468158839655301,0.0,,,,,open
2378,2023-12-31,,2023-12-29,,5.468158839655301,0.0,,,,,open
2379,2023-12-31,,2023-12-29,,2.7340794198276503,0.0,,,,,open
2380,2023-12-31,,2023-12-29,,113.91997582615211,0.0,,,,,open
2381,2024-01-31,,2024-01-31,,68.51245293535685,0.0,,,,,open
2382,2024-05-31,,2024-05-31,,5.452356503288246,0.0,,,,,open
2383,2023-12-31,,2023-12-29,,2405.9898894483326,0.0,,,,,open
2384,2024-04-30,,2024-04-30,,2.732326985587178,0.0,,,,,open
2385,2024-02-29,,2024-02-29,,448.4802785827973,0.0,,,,,open
2386,2024-01-31,,2024-01-31,,105.05242783421383,0.0,,,,,open
2387,2024-03-31,,2024-03-29,,10.951177721954704,0.0,,,,,open
2388,2023-12-31,,2023-12-29,,16.404476518965904,0.0,,,,,open
2389,2023-12-31,,2023-12-29,,2.7340794198276503,0.0,,,,,open
2390,2024-03-31,,2024-03-29,,2.737794430488676,0.0,,,,,open
2391,2024-02-29,,2024-02-29,,5.4915952479526196,0.0,,,,,open
2392,2024-02-29,,2024-02-29,,8.23739287192893,0.0,,,,,open
2393,2023-12-31,,2023-12-29,,332.64632941236414,0.0,,,,,open
2394,2024-05-31,,2024-05-31,,21.809426013152983,0.0,,,,,open
2395,2024-04-30,,2024-04-30,,2.732326985587178,0.0,,,,,open
2396,2024-05-31,,2024-05-31,,59.067195452289326,0.0,,,,,open
2397,2023-12-31,,2023-12-29,,8.202238259482952,0.0,,,,,open
2398,2024-03-31,,2024-03-29,,19.164561013420734,0.0,,,,,open
2399,2023-12-31,,2023-12-29,,10.936317679310601,0.0,,,,,open
2400,2023-12-31,,2023-12-29,,95.69277969396776,0.0,,,,,open
2401,2024-02-29,,2024-02-29,,8.23739287192893,0.0,,,,,open
2402,2024-04-30,,2024-04-30,,241.35555039353406,0.0,,,,,open
2403,2024-01-31,,2024-01-31,,146.15989959542796,0.0,,,,,open
2404,2024-01-31,,2024-01-31,,2.740498117414274,0.0,,,,,open
2405,2024-01-31,,2024-01-31,,5.480996234828548,0.0,,,,,open
2406,2024-11-30,,2024-11-29,,130.7274724771259,0.0,,,,,open
2407,2023-12-31,,2023-12-29,,5.468158839655301,0.0,,,,,open
2408,2024-04-30,,2024-04-30,,113.84695773279908,0.0,,,,,open
2409,2023-12-31,,2023-12-29,,16.404476518965904,0.0,,,,,open
2410,2023-12-31,,2023-12-29,,45.567990330460844,0.0,,,,,open
2411,2023-12-31,,2023-12-29,,2.7340794198276503,0.0,,,,,open
2412,2024-10-31,,2024-10-31,,16.28249264283907,0.0,,,,,open
2413,2024-12-31,,2024-12-31,,5.376577481514795,0.0,,,,,open
2414,2024-08-31,,2024-08-30,,2.6943576284128357,0.0,,,,,open
2415,2024-03-31,,2024-03-29,,177.95663798176395,0.0,,,,,open
2416,2024-12-31,,2024-12-31,,24.194598666816578,0.0,,,,,open
2417,2024-12-31,,2024-12-31,,224.02406172978314,0.0,,,,,open
2418,2024-02-29,,2024-02-29,,2.7457976239763098,0.0,,,,,open
2419,2024-01-31,,2024-01-31,,10.961992469657096,0.0,,,,,open
2420,2024-03-31,,2024-03-29,,8.213383291466029,0.0,,,,,open
2421,2024-05-31,,2024-05-31,,95.4162388075443,0.0,,,,,open
2422,2024-09-30,,2024-09-30,,2.7018155314443613,0.0,,,,,open
2423,2023-12-31,,2023-12-29,,8.202238259482952,0.0,,,,,open
2424,2024-04-30,,2024-04-30,,68.30817463967945,0.0,,,,,open
2425,2024-01-31,,2024-01-31,,2046.2385943359911,0.0,,,,,open
2427,2024-08-31,,2024-08-30,,10.777430513651343,0.0,,,,,open
2428,2023-12-31,,2023-12-29,,16.404476518965904,0.0,,,,,open
2429,2024-02-29,,2024-02-29,,128.1372224522278,0.0,,,,,open
2430,2024-02-29,,2024-02-29,,2.7457976239763098,0.0,,,,,open
2431,2024-11-30,,2024-11-29,,5.4094126542259,0.0,,,,,open
2432,2024-04-30,,2024-04-30,,5.464653971174356,0.0,,,,,open
2433,2023-12-31,,2023-12-29,,5.468158839655301,0.0,,,,,open
2434,2024-12-31,,2024-12-31,,206.10213679140048,0.0,,,,,open
2435,2024-01-31,,2024-01-31,,21.92398493931419,0.0,,,,,open
2436,2024-11-30,,2024-11-29,,85.64903369191008,0.0,,,,,open
2437,2024-08-31,,2024-08-30,,5.388715256825671,0.0,,,,,open
2438,2024-01-31,,2024-01-31,,45.67496862357123,0.0,,,,,open
2439,2024-10-31,,2024-10-31,,2.713748773806512,0.0,,,,,open
2440,2024-01-31,,2024-01-31,,2.740498117414274,0.0,,,,,open
2441,2024-01-31,,2024-01-31,,365.39974898856985,0.0,,,,,open
2442,2024-04-30,,2024-04-30,,163.93961913523069,0.0,,,,,open
2443,2024-04-30,,2024-04-30,,19.126288899110246,0.0,,,,,open
2444,2024-01-31,,2024-01-31,,16.442988704485643,0.0,,,,,open
2445,2024-01-31,,2024-01-31,,45.67496862357123,0.0,,,,,open
2446,2024-01-31,,2024-01-31,,168.99738390721356,0.0,,,,,open
2447,2024-01-31,,2024-01-31,,5.480996234828548,0.0,,,,,open
2448,2024-12-31,,2024-12-31,,1290.378595563551,0.0,,,,,open
2449,2024-07-31,,2024-07-31,,5.376939464744852,0.0,,,,,open
2450,2024-01-31,,2024-01-31,,219.23984939314192,0.0,,,,,open
2451,2024-05-31,,2024-05-31,,2.726178251644123,0.0,,,,,open
2452,2024-03-31,,2024-03-29,,2.737794430488676,0.0,,,,,open
2453,2024-02-29,,2024-02-29,,8.23739287192893,0.0,,,,,open
2454,2024-11-30,,2024-11-29,,2.70470632711295,0.0,,,,,open
2455,2024-01-31,,2024-01-31,,2.740498117414274,0.0,,,,,open
2456,2024-01-31,,2024-01-31,,2.740498117414274,0.0,,,,,open
2458,2024-05-31,,2024-05-31,,5.452356503288246,0.0,,,,,open
2459,2024-02-29,,2024-02-29,,5.4915952479526196,0.0,,,,,open
2460,2024-05-31,,2024-05-31,,19.08324776150886,0.0,,,,,open
2461,2024-01-31,,2024-01-31,,5.480996234828548,0.0,,,,,open
2462,2024-01-31,,2024-01-31,,2.740498117414274,0.0,,,,,open
2463,2024-12-31,,2024-12-31,,5.376577481514795,0.0,,,,,open
2464,2024-01-31,,2024-01-31,,8.221494352242821,0.0,,,,,open
2465,2024-09-30,,2024-09-30,,10.807262125777445,0.0,,,,,open
2466,2024-01-31,,2024-01-31,,5.480996234828548,0.0,,,,,open
2467,2024-01-31,,2024-01-31,,5.480996234828548,0.0,,,,,open
2468,2024-01-31,,2024-01-31,,210.10485566842766,0.0,,,,,open
2469,2024-01-31,,2024-01-31,,5.480996234828548,0.0,,,,,open
2470,2024-01-31,,2024-01-31,,24.664483056728464,0.0,,,,,open
2471,2024-01-31,,2024-01-31,,16.442988704485643,0.0,,,,,open
2472,2024-11-30,,2024-11-29,,130.7274724771259,0.0,,,,,open
2473,2024-01-31,,2024-01-31,,5.480996234828548,0.0,,,,,open
2474,2024-02-29,,2024-02-29,,2.7457976239763098,0.0,,,,,open
2475,2024-06-30,,2024-06-28,,16.318736964858022,0.0,,,,,open
2476,2024-01-31,,2024-01-31,,5.480996234828548,0.0,,,,,open
2477,2024-11-30,,2024-11-29,,1658.8865472959426,0.0,,,,,open
2478,2024-01-31,,2024-01-31,,2.740498117414274,0.0,,,,,open
2479,2024-06-30,,2024-06-28,,10.879157976572015,0.0,,,,,open
2480,2024-04-30,,2024-04-30,,2.732326985587178,0.0,,,,,open
2481,2024-01-31,,2024-01-31,,13.70249058707137,0.0,,,,,open
2482,2024-01-31,,2024-01-31,,1169.2791967634237,0.0,,,,,open
2483,2024-10-31,,2024-10-31,,8.141246321419535,0.0,,,,,open
2484,2024-01-31,,2024-01-31,,118.75491842128521,0.0,,,,,open
2485,2024-01-31,,2024-01-31,,5.480996234828548,0.0,,,,,open
2486,2024-01-31,,2024-01-31,,5.480996234828548,0.0,,,,,open
2487,2024-01-31,,2024-01-31,,5.480996234828548,0.0,,,,,open
2488,2024-04-30,,2024-04-30,,24.590942870284604,0.0,,,,,open
2489,2024-03-31,,2024-03-29,,9403.411270585106,0.0,,,,,open
2490,2024-12-31,,2024-12-31,,2.6882887407573977,0.0,,,,,open
2491,2024-02-29,,2024-02-29,,13.72898811988155,0.0,,,,,open
2492,2024-01-31,,2024-01-31,,2.740498117414274,0.0,,,,,open
2493,2024-04-30,,2024-04-30,,177.60125406316658,0.0,,,,,open
2494,2024-02-29,,2024-02-29,,10.983190495905239,0.0,,,,,open
2495,2024-02-29,,2024-02-29,,164.7478574385786,0.0,,,,,open
2496,2024-05-31,,2024-05-31,,281.70508600322603,0.0,,,,,open
2497,2024-01-31,,2024-01-31,,5.480996234828548,0.0,,,,,open
2498,2024-07-31,,2024-07-31,,5.376939464744852,0.0,,,,,open
2499,2024-01-31,,2024-01-31,,2.740498117414274,0.0,,,,,open
2500,2024-01-31,,2024-01-31,,369.967245850927,0.0,,,,,open
2501,2024-01-31,,2024-01-31,,10.961992469657096,0.0,,,,,open
2502,2024-01-31,,2024-01-31,,16.442988704485643,0.0,,,,,open
2503,2024-01-31,,2024-01-31,,5.480996234828548,0.0,,,,,open
2504,2024-12-31,,2024-12-31,,71.68769975353061,0.0,,,,,open
2505,2024-12-31,,2024-12-31,,10.75315496302959,0.0,,,,,open
2506,2024-01-31,,2024-01-31,,2.740498117414274,0.0,,,,,open
2507,2024-01-31,,2024-01-31,,50.242465485928356,0.0,,,,,open
2508,2024-12-31,,2024-12-31,,2.6882887407573977,0.0,,,,,open
2509,2024-03-31,,2024-03-29,,191.64561013420732,0.0,,,,,open
2510,2024-10-31,,2024-10-31,,94.98120708322791,0.0,,,,,open
2511,2024-12-31,,2024-12-31,,277.7898365449311,0.0,,,,,open
2512,2024-01-31,,2024-01-31,,16.442988704485643,0.0,,,,,open
2513,2024-01-31,,2024-01-31,,59.377459210642606,0.0,,,,,open
2514,2024-05-31,,2024-05-31,,145.39617342101988,0.0,,,,,open
2515,2024-05-31,,2024-05-31,,2.726178251644123,0.0,,,,,open
2516,2024-01-31,,2024-01-31,,2.740498117414274,0.0,,,,,open
2517,2024-01-31,,2024-01-31,,21.92398493931419,0.0,,,,,open
2518,2024-09-30,,2024-09-30,,2.7018155314443613,0.0,,,,,open
2519,2024-01-31,,2024-01-31,,2.740498117414274,0.0,,,,,open
2520,2024-02-29,,2024-02-29,,19.22058336783417,0.0,,,,,open
2521,2024-01-31,,2024-01-31,,13.70249058707137,0.0,,,,,open
2522,2024-08-31,,2024-08-30,,53.88715256825672,0.0,,,,,open
2523,2024-12-31,,2024-12-31,,147.85588074165688,0.0,,,,,open
2524,2024-02-29,,2024-02-29,,123.56089307893394,0.0,,,,,open
2525,2024-12-31,,2024-12-31,,210.58261802599617,0.0,,,,,open
2526,2024-01-31,,2024-01-31,,95.9174341094996,0.0,,,,,open
2527,2024-04-30,,2024-04-30,,1092.9307942348712,0.0,,,,,open
2528,2024-05-31,,2024-05-31,,136.30891258220615,0.0,,,,,open
2529,2024-02-29,,2024-02-29,,2.7457976239763098,0.0,,,,,open
2530,2024-04-30,,2024-04-30,,186.7090106817905,0.0,,,,,open
2531,2024-04-30,,2024-04-30,,8743.44635387897,0.0,,,,,open
2532,2024-06-30,,2024-06-28,,281.0449143947771,0.0,,,,,open
2533,2024-03-31,,2024-03-29,,10.951177721954704,0.0,,,,,open
2534,2024-04-30,,2024-04-30,,2.732326985587178,0.0,,,,,open
2535,2024-02-29,,2024-02-29,,128.1372224522278,0.0,,,,,open
2536,2024-12-31,,2024-12-31,,250.90694913735712,0.0,,,,,open
2537,2024-02-29,,2024-02-29,,5.4915952479526196,0.0,,,,,open
2538,2024-02-29,,2024-02-29,,192.2058336783417,0.0,,,,,open
2539,2024-04-30,,2024-04-30,,21.858615884697425,0.0,,,,,open
2540,2024-12-31,,2024-12-31,,120.9729933340829,0.0,,,,,open
2541,2024-06-30,,2024-06-28,,10.879157976572015,0.0,,,,,open
2542,2024-04-30,,2024-04-30,,5.464653971174356,0.0,,,,,open
2543,2024-03-31,,2024-03-29,,73.00785147969803,0.0,,,,,open
2544,2024-10-31,,2024-10-31,,5.427497547613024,0.0,,,,,open
2545,2024-11-30,,2024-11-29,,8.11411898133885,0.0,,,,,open
2546,2024-02-29,,2024-02-29,,128.1372224522278,0.0,,,,,open
2547,2024-02-29,,2024-02-29,,5.4915952479526196,0.0,,,,,open
2548,2024-12-31,,2024-12-31,,49.28529358055229,0.0,,,,,open
2549,2024-02-29,,2024-02-29,,10646.372654030813,0.0,,,,,open
2550,2024-10-31,,2024-10-31,,2.713748773806512,0.0,,,,,open
2551,2024-02-29,,2024-02-29,,21.966380991810478,0.0,,,,,open
2552,2024-05-31,,2024-05-31,,13.630891258220615,0.0,,,,,open
2553,2024-04-30,,2024-04-30,,223.1400371562862,0.0,,,,,open
2554,2024-08-31,,2024-08-30,,10.777430513651343,0.0,,,,,open
2555,2024-05-31,,2024-05-31,,13.630891258220615,0.0,,,,,open
2556,2024-04-30,,2024-04-30,,16.393961913523068,0.0,,,,,open
2557,2024-02-29,,2024-02-29,,169.32418681187244,0.0,,,,,open
2558,2024-08-31,,2024-08-30,,5.388715256825671,0.0,,,,,open
2559,2024-02-29,,2024-02-29,,1537.6466694267335,0.0,,,,,open
2560,2024-12-31,,2024-12-31,,2.6882887407573977,0.0,,,,,open
2561,2024-02-29,,2024-02-29,,10.983190495905239,0.0,,,,,open
2562,2024-02-29,,2024-02-29,,82.3739287192893,0.0,,,,,open
2563,2024-10-31,,2024-10-31,,5.427497547613024,0.0,,,,,open
2564,2024-02-29,,2024-02-29,,260.85077427774945,0.0,,,,,open
2565,2024-04-30,,2024-04-30,,5.464653971174356,0.0,,,,,open
2566,2024-12-31,,2024-12-31,,107.53154963029591,0.0,,,,,open
2567,2024-02-29,,2024-02-29,,2.7457976239763098,0.0,,,,,open
2568,2024-02-29,,2024-02-29,,2.7457976239763098,0.0,,,,,open
2569,2024-02-29,,2024-02-29,,21.966380991810478,0.0,,,,,open
2570,2024-02-29,,2024-02-29,,13.72898811988155,0.0,,,,,open
2571,2024-02-29,,2024-02-29,,2.7457976239763098,0.0,,,,,open
2572,2024-07-31,,2024-07-31,,300.2124534482542,0.0,,,,,open
2573,2024-04-30,,2024-04-30,,186.7090106817905,0.0,,,,,open
2574,2024-12-31,,2024-12-31,,24.194598666816578,0.0,,,,,open
2575,2024-04-30,,2024-04-30,,8.196980956761534,0.0,,,,,open
2576,2024-04-30,,2024-04-30,,10.929307942348713,0.0,,,,,open
2577,2024-03-31,,2024-03-29,,2.737794430488676,0.0,,,,,open
2578,2024-05-31,,2024-05-31,,5.452356503288246,0.0,,,,,open
2579,2024-02-29,,2024-02-29,,5.4915952479526196,0.0,,,,,open
2580,2024-02-29,,2024-02-29,,64.0686112261139,0.0,,,,,open
2581,2024-08-31,,2024-08-30,,2.6943576284128357,0.0,,,,,open
2582,2024-04-30,,2024-04-30,,118.40083604211105,0.0,,,,,open
2583,2024-02-29,,2024-02-29,,13.72898811988155,0.0,,,,,open
2584,2024-12-31,,2024-12-31,,174.73876814923085,0.0,,,,,open
2585,2024-04-30,,2024-04-30,,5.464653971174356,0.0,,,,,open
2586,2024-04-30,,2024-04-30,,368.86414305426905,0.0,,,,,open
2587,2024-04-30,,2024-04-30,,2404.4477473167167,0.0,,,,,open
2588,2024-02-29,,2024-02-29,,54.9159524795262,0.0,,,,,open
2589,2024-02-29,,2024-02-29,,21.966380991810478,0.0,,,,,open
2590,2024-03-31,,2024-03-29,,114.07476793702817,0.0,,,,,open
2591,2024-12-31,,2024-12-31,,16.129732444544388,0.0,,,,,open
2592,2024-11-30,,2024-11-29,,261.4549449542518,0.0,,,,,open
2593,2024-05-31,,2024-05-31,,168.11432551805424,0.0,,,,,open
2594,2024-09-30,,2024-09-30,,2953.984981045835,0.0,,,,,open
2595,2024-02-29,,2024-02-29,,8054.339696997176,0.0,,,,,open
2596,2024-02-29,,2024-02-29,,3221.7358787988705,0.0,,,,,open
2597,2024-02-29,,2024-02-29,,4686.161278252903,0.0,,,,,open
2598,2024-11-30,,2024-11-29,,54.094126542259,0.0,,,,,open
2599,2024-12-31,,2024-12-31,,2.6882887407573977,0.0,,,,,open
2600,2024-07-31,,2024-07-31,,21.507757858979407,0.0,,,,,open
2601,2024-07-31,,2024-07-31,,8.065409197117276,0.0,,,,,open
2602,2024-03-31,,2024-03-29,,451.73608103063157,0.0,,,,,open
2603,2024-07-31,,2024-07-31,,62.730960422023266,0.0,,,,,open
2604,2024-03-31,,2024-03-29,,73.00785147969803,0.0,,,,,open
2605,2024-04-30,,2024-04-30,,19.126288899110246,0.0,,,,,open
2606,2024-07-31,,2024-07-31,,98.57722352032228,0.0,,,,,open
2607,2024-03-31,,2024-03-29,,2.737794430488676,0.0,,,,,open
2608,2024-05-31,,2024-05-31,,8.178534754932368,0.0,,,,,open
2609,2024-03-31,,2024-03-29,,5.475588860977352,0.0,,,,,open
2610,2024-12-31,,2024-12-31,,21.50630992605918,0.0,,,,,open
2611,2024-04-30,,2024-04-30,,100.18532280486319,0.0,,,,,open
2612,2024-03-31,,2024-03-29,,118.6377586545093,0.0,,,,,open
2613,2024-12-31,,2024-12-31,,98.57058716110458,0.0,,,,,open
2614,2024-05-31,,2024-05-31,,99.95986922695117,0.0,,,,,open
2615,2024-12-31,,2024-12-31,,62.72673728433928,0.0,,,,,open
2616,2024-03-31,,2024-03-29,,10.951177721954704,0.0,,,,,open
2617,2024-05-31,,2024-05-31,,13.630891258220615,0.0,,,,,open
2618,2024-11-30,,2024-11-29,,8.11411898133885,0.0,,,,,open
2619,2024-03-31,,2024-03-29,,8.213383291466029,0.0,,,,,open
2620,2024-04-30,,2024-04-30,,19.126288899110246,0.0,,,,,open
2621,2024-10-31,,2024-10-31,,1157.8661434907785,0.0,,,,,open
2622,2024-04-30,,2024-04-30,,2.732326985587178,0.0,,,,,open
2623,2024-11-30,,2024-11-29,,10.8188253084518,0.0,,,,,open
2624,2024-03-31,,2024-03-29,,10.951177721954704,0.0,,,,,open
2625,2024-03-31,,2024-03-29,,10.951177721954704,0.0,,,,,open
2626,2024-03-31,,2024-03-29,,13.68897215244338,0.0,,,,,open
2627,2024-08-31,,2024-08-30,,2.6943576284128357,0.0,,,,,open
2628,2024-04-30,,2024-04-30,,2.732326985587178,0.0,,,,,open
2629,2024-10-31,,2024-10-31,,13.56874386903256,0.0,,,,,open
2630,2024-11-30,,2024-11-29,,67.61765817782374,0.0,,,,,open
2631,2024-03-31,,2024-03-29,,8.213383291466029,0.0,,,,,open
2632,2024-05-31,,2024-05-31,,8.178534754932368,0.0,,,,,open
2633,2024-12-31,,2024-12-31,,788.5646972888367,0.0,,,,,open
2634,2024-07-31,,2024-07-31,,8.065409197117276,0.0,,,,,open
2635,2024-06-30,,2024-06-28,,2.719789494143004,0.0,,,,,open
2636,2024-04-30,,2024-04-30,,13.66163492793589,0.0,,,,,open
2637,2024-03-31,,2024-03-29,,21.902355443909407,0.0,,,,,open
2638,2024-06-30,,2024-06-28,,149.58842217786523,0.0,,,,,open
2639,2024-07-31,,2024-07-31,,98.57722352032228,0.0,,,,,open
2640,2024-12-31,,2024-12-31,,10.75315496302959,0.0,,,,,open
2641,2024-06-30,,2024-06-28,,10.879157976572015,0.0,,,,,open
2642,2024-06-30,,2024-06-28,,49.86280739262174,0.0,,,,,open
2643,2024-05-31,,2024-05-31,,245.35604264797107,0.0,,,,,open
2644,2024-10-31,,2024-10-31,,2894.665358726946,0.0,,,,,open
2645,2024-05-31,,2024-05-31,,2.726178251644123,0.0,,,,,open
2646,2024-04-30,,2024-04-30,,45.53878309311963,0.0,,,,,open
2647,2024-09-30,,2024-09-30,,13.509077657221807,0.0,,,,,open
2648,2024-12-31,,2024-12-31,,18.818021185301784,0.0,,,,,open
2649,2024-05-31,,2024-05-31,,59.067195452289326,0.0,,,,,open
2650,2024-05-31,,2024-05-31,,5.452356503288246,0.0,,,,,open
2652,2024-06-30,,2024-06-28,,72.52771984381344,0.0,,,,,open
2653,2024-09-30,,2024-09-30,,130.58775068647748,0.0,,,,,open
2654,2024-11-30,,2024-11-29,,10.8188253084518,0.0,,,,,open
2655,2024-06-30,,2024-06-28,,16.318736964858022,0.0,,,,,open
2656,2024-03-31,,2024-03-29,,5.475588860977352,0.0,,,,,open
2657,2024-12-31,,2024-12-31,,44.80481234595663,0.0,,,,,open
2658,2024-09-30,,2024-09-30,,10.807262125777445,0.0,,,,,open
2659,2024-03-31,,2024-03-29,,13.68897215244338,0.0,,,,,open
2660,2024-06-30,,2024-06-28,,2.719789494143004,0.0,,,,,open
2661,2024-09-30,,2024-09-30,,5.4036310628887225,0.0,,,,,open
2662,2024-04-30,,2024-04-30,,145.72410589798284,0.0,,,,,open
2663,2024-03-31,,2024-03-29,,86.6968236321414,0.0,,,,,open
2664,2024-03-31,,2024-03-29,,5.475588860977352,0.0,,,,,open
2665,2024-12-31,,2024-12-31,,5.376577481514795,0.0,,,,,open
2666,2024-03-31,,2024-03-29,,2.737794430488676,0.0,,,,,open
2667,2024-09-30,,2024-09-30,,63.04236240036843,0.0,,,,,open
2668,2024-12-31,,2024-12-31,,21.50630992605918,0.0,,,,,open
2669,2024-08-31,,2024-08-30,,5173.166646552645,0.0,,,,,open
2670,2024-03-31,,2024-03-29,,8.213383291466029,0.0,,,,,open
2671,2024-04-30,,2024-04-30,,2.732326985587178,0.0,,,,,open
2672,2024-03-31,,2024-03-29,,10.951177721954704,0.0,,,,,open
2673,2024-11-30,,2024-11-29,,5.4094126542259,0.0,,,,,open
2674,2024-12-31,,2024-12-31,,44.80481234595663,0.0,,,,,open
2675,2024-04-30,,2024-04-30,,77.41593125830337,0.0,,,,,open
2676,2024-03-31,,2024-03-29,,187.0826194167262,0.0,,,,,open
2677,2024-03-31,,2024-03-29,,292.03140591879213,0.0,,,,,open
2678,2024-03-31,,2024-03-29,,2.737794430488676,0.0,,,,,open
2679,2024-12-31,,2024-12-31,,16.129732444544388,0.0,,,,,open
2680,2024-05-31,,2024-05-31,,10.904713006576491,0.0,,,,,open
2681,2024-10-31,,2024-10-31,,16.28249264283907,0.0,,,,,open
2682,2024-07-31,,2024-07-31,,8.065409197117276,0.0,,,,,open
2683,2024-03-31,,2024-03-29,,10.951177721954704,0.0,,,,,open
2684,2024-04-30,,2024-04-30,,368.86414305426905,0.0,,,,,open
2685,2024-06-30,,2024-06-28,,8.159368482429011,0.0,,,,,open
2686,2024-04-30,,2024-04-30,,2550.1718532146997,0.0,,,,,open
2687,2024-04-30,,2024-04-30,,232.24779377491012,0.0,,,,,open
2688,2024-05-31,,2024-05-31,,21.809426013152983,0.0,,,,,open
2689,2024-04-30,,2024-04-30,,2.732326985587178,0.0,,,,,open
2690,2024-04-30,,2024-04-30,,13.66163492793589,0.0,,,,,open
2691,2024-04-30,,2024-04-30,,8.196980956761534,0.0,,,,,open
2692,2024-12-31,,2024-12-31,,49.28529358055229,0.0,,,,,open
2693,2024-04-30,,2024-04-30,,5.464653971174356,0.0,,,,,open
2694,2024-04-30,,2024-04-30,,10.929307942348713,0.0,,,,,open
2695,2024-05-31,,2024-05-31,,408.9267377466184,0.0,,,,,open
2696,2024-09-30,,2024-09-30,,202.6361648583271,0.0,,,,,open
2697,2024-04-30,,2024-04-30,,5.464653971174356,0.0,,,,,open
2698,2024-04-30,,2024-04-30,,2.732326985587178,0.0,,,,,open
2699,2024-04-30,,2024-04-30,,8.196980956761534,0.0,,,,,open
2700,2024-06-30,,2024-06-28,,10.879157976572015,0.0,,,,,open
2701,2024-04-30,,2024-04-30,,136.6163492793589,0.0,,,,,open
2702,2024-06-30,,2024-06-28,,222.11614202167866,0.0,,,,,open
2703,2024-04-30,,2024-04-30,,13.66163492793589,0.0,,,,,open
2704,2024-06-30,,2024-06-28,,154.12140466810357,0.0,,,,,open
2705,2024-04-30,,2024-04-30,,2.732326985587178,0.0,,,,,open
2706,2024-06-30,,2024-06-28,,5.439578988286008,0.0,,,,,open
2707,2024-04-30,,2024-04-30,,5.464653971174356,0.0,,,,,open
2708,2024-04-30,,2024-04-30,,16.393961913523068,0.0,,,,,open
2709,2024-06-30,,2024-06-28,,2.719789494143004,0.0,,,,,open
2710,2024-06-30,,2024-06-28,,2.719789494143004,0.0,,,,,open
2711,2024-04-30,,2024-04-30,,2.732326985587178,0.0,,,,,open
2713,2024-12-31,,2024-12-31,,2.6882887407573977,0.0,,,,,open
2714,2024-04-30,,2024-04-30,,2.732326985587178,0.0,,,,,open
2715,2024-06-30,,2024-06-28,,2.719789494143004,0.0,,,,,open
2716,2024-11-30,,2024-11-29,,99.17256532747483,0.0,,,,,open
2717,2024-05-31,,2024-05-31,,8.178534754932368,0.0,,,,,open
2718,2024-04-30,,2024-04-30,,182.15513237247853,0.0,,,,,open
2719,2024-12-31,,2024-12-31,,2.6882887407573977,0.0,,,,,open
2720,2024-06-30,,2024-06-28,,10.879157976572015,0.0,,,,,open
2721,2024-05-31,,2024-05-31,,8.178534754932368,0.0,,,,,open
2722,2024-04-30,,2024-04-30,,5.464653971174356,0.0,,,,,open
2723,2024-06-30,,2024-06-28,,86.12666731452846,0.0,,,,,open
2724,2024-12-31,,2024-12-31,,18.818021185301784,0.0,,,,,open
2725,2024-04-30,,2024-04-30,,2.732326985587178,0.0,,,,,open
2726,2024-07-31,,2024-07-31,,16.130818394234552,0.0,,,,,open
2727,2024-09-30,,2024-09-30,,211.6422166298083,0.0,,,,,open
2728,2024-04-30,,2024-04-30,,19.126288899110246,0.0,,,,,open
2729,2024-07-31,,2024-07-31,,94.0964406330349,0.0,,,,,open
2730,2024-04-30,,2024-04-30,,91.07756618623927,0.0,,,,,open
2731,2024-04-30,,2024-04-30,,15993.220622303616,0.0,,,,,open
2732,2024-10-31,,2024-10-31,,20262.657511088622,0.0,,,,,open
2733,2024-10-31,,2024-10-31,,2.713748773806512,0.0,,,,,open
2734,2024-12-31,,2024-12-31,,10.75315496302959,0.0,,,,,open
2735,2024-04-30,,2024-04-30,,109.29307942348711,0.0,,,,,open
2736,2024-05-31,,2024-05-31,,2.726178251644123,0.0,,,,,open
2737,2024-04-30,,2024-04-30,,13.66163492793589,0.0,,,,,open
2738,2024-04-30,,2024-04-30,,50.092661402431595,0.0,,,,,open
2739,2024-05-31,,2024-05-31,,154.48343425983361,0.0,,,,,open
2740,2024-11-30,,2024-11-29,,2.70470632711295,0.0,,,,,open
2741,2024-05-31,,2024-05-31,,16.357069509864736,0.0,,,,,open
2742,2024-05-31,,2024-05-31,,227.18152097034357,0.0,,,,,open
2743,2024-04-30,,2024-04-30,,16.393961913523068,0.0,,,,,open
2744,2024-04-30,,2024-04-30,,2.732326985587178,0.0,,,,,open
2745,2024-05-31,,2024-05-31,,2.726178251644123,0.0,,,,,open
2746,2024-05-31,,2024-05-31,,190.8324776150886,0.0,,,,,open
2747,2024-04-30,,2024-04-30,,95.63144449555124,0.0,,,,,open
2748,2024-05-31,,2024-05-31,,118.13439090457865,0.0,,,,,open
2749,2024-08-31,,2024-08-30,,67.3589407103209,0.0,,,,,open
2750,2024-08-31,,2024-08-30,,49.39655652090199,0.0,,,,,open
2751,2024-05-31,,2024-05-31,,13.630891258220615,0.0,,,,,open
2752,2024-12-31,,2024-12-31,,18.818021185301784,0.0,,,,,open
2753,2024-12-31,,2024-12-31,,1863.8801935917957,0.0,,,,,open
2754,2024-12-31,,2024-12-31,,2.6882887407573977,0.0,,,,,open
2755,2024-04-30,,2024-04-30,,24.590942870284604,0.0,,,,,open
2756,2024-05-31,,2024-05-31,,10.904713006576491,0.0,,,,,open
2757,2024-12-31,,2024-12-31,,8.064866222272194,0.0,,,,,open
2758,2024-04-30,,2024-04-30,,2.732326985587178,0.0,,,,,open
2759,2024-07-31,,2024-07-31,,8.065409197117276,0.0,,,,,open
2760,2024-04-30,,2024-04-30,,2.732326985587178,0.0,,,,,open
2761,2024-04-30,,2024-04-30,,5.464653971174356,0.0,,,,,open
2762,2024-04-30,,2024-04-30,,2.732326985587178,0.0,,,,,open
2763,2024-04-30,,2024-04-30,,2.732326985587178,0.0,,,,,open
2764,2024-04-30,,2024-04-30,,5.464653971174356,0.0,,,,,open
2765,2024-12-31,,2024-12-31,,2.6882887407573977,0.0,,,,,open
2766,2024-05-31,,2024-05-31,,19.08324776150886,0.0,,,,,open
2767,2024-04-30,,2024-04-30,,91.07756618623927,0.0,,,,,open
2768,2024-04-30,,2024-04-30,,13.66163492793589,0.0,,,,,open
2769,2024-06-30,,2024-06-28,,203.9842120607253,0.0,,,,,open
2770,2024-04-30,,2024-04-30,,54.64653971174356,0.0,,,,,open
2771,2024-05-31,,2024-05-31,,2.726178251644123,0.0,,,,,open
2772,2024-05-31,,2024-05-31,,127.2216517433924,0.0,,,,,open
2773,2024-07-31,,2024-07-31,,21.507757858979407,0.0,,,,,open
2774,2024-07-31,,2024-07-31,,24.196227591351832,0.0,,,,,open
2775,2024-05-31,,2024-05-31,,8.178534754932368,0.0,,,,,open
2776,2024-10-31,,2024-10-31,,10.854995095226048,0.0,,,,,open
2777,2024-05-31,,2024-05-31,,1068.661874644496,0.0,,,,,open
2778,2024-12-31,,2024-12-31,,18.818021185301784,0.0,,,,,open
2779,2024-05-31,,2024-05-31,,163.57069509864738,0.0,,,,,open
2780,2024-06-30,,2024-06-28,,13.59894747071502,0.0,,,,,open
2781,2024-07-31,,2024-07-31,,2.688469732372426,0.0,,,,,open
2782,2024-05-31,,2024-05-31,,13.630891258220615,0.0,,,,,open
2783,2024-12-31,,2024-12-31,,138.89491827246556,0.0,,,,,open
2784,2024-05-31,,2024-05-31,,2.726178251644123,0.0,,,,,open
2785,2024-12-31,,2024-12-31,,13.44144370378699,0.0,,,,,open
2786,2024-12-31,,2024-12-31,,10.75315496302959,0.0,,,,,open
2787,2024-08-31,,2024-08-30,,10.777430513651343,0.0,,,,,open
2788,2024-12-31,,2024-12-31,,10.75315496302959,0.0,,,,,open
2789,2024-05-31,,2024-05-31,,2.726178251644123,0.0,,,,,open
2790,2024-10-31,,2024-10-31,,5.427497547613024,0.0,,,,,open
2791,2024-05-31,,2024-05-31,,2.726178251644123,0.0,,,,,open
2792,2024-05-31,,2024-05-31,,8.178534754932368,0.0,,,,,open
2793,2024-05-31,,2024-05-31,,2.726178251644123,0.0,,,,,open
2794,2024-05-31,,2024-05-31,,45.43630419406871,0.0,,,,,open
2795,2024-12-31,,2024-12-31,,2.6882887407573977,0.0,,,,,open
2796,2024-05-31,,2024-05-31,,2.726178251644123,0.0,,,,,open
2797,2024-05-31,,2024-05-31,,726.9808671050994,0.0,,,,,open
2798,2024-10-31,,2024-10-31,,8.141246321419535,0.0,,,,,open
2799,2024-10-31,,2024-10-31,,58.79789009914109,0.0,,,,,open
2800,2024-05-31,,2024-05-31,,13.630891258220615,0.0,,,,,open
2801,2024-12-31,,2024-12-31,,5.376577481514795,0.0,,,,,open
2802,2024-06-30,,2024-06-28,,21.75831595314403,0.0,,,,,open
2803,2024-07-31,,2024-07-31,,71.69252619659802,0.0,,,,,open
2804,2024-12-31,,2024-12-31,,5.376577481514795,0.0,,,,,open
2805,2024-06-30,,2024-06-28,,77.06070233405178,0.0,,,,,open
2806,2024-12-31,,2024-12-31,,13.44144370378699,0.0,,,,,open
2807,2024-05-31,,2024-05-31,,10868.363963221236,0.0,,,,,open
2808,2024-12-31,,2024-12-31,,5.376577481514795,0.0,,,,,open
2809,2024-05-31,,2024-05-31,,2.726178251644123,0.0,,,,,open
2810,2024-06-30,,2024-06-28,,185.85228209977194,0.0,,,,,open
2811,2024-05-31,,2024-05-31,,2.726178251644123,0.0,,,,,open
2812,2024-05-31,,2024-05-31,,1163.169387368159,0.0,,,,,open
2813,2024-05-31,,2024-05-31,,5.452356503288246,0.0,,,,,open
2814,2024-09-30,,2024-09-30,,198.1331389725865,0.0,,,,,open
2815,2024-05-31,,2024-05-31,,10.904713006576491,0.0,,,,,open
2816,2024-10-31,,2024-10-31,,10.854995095226048,0.0,,,,,open
2817,2024-05-31,,2024-05-31,,190.8324776150886,0.0,,,,,open
2818,2024-05-31,,2024-05-31,,2.726178251644123,0.0,,,,,open
2819,2024-08-31,,2024-08-30,,5.388715256825671,0.0,,,,,open
2820,2024-08-31,,2024-08-30,,8.083072885238508,0.0,,,,,open
2821,2024-08-31,,2024-08-30,,5.388715256825671,0.0,,,,,open
2822,2024-05-31,,2024-05-31,,2.726178251644123,0.0,,,,,open
2823,2024-09-30,,2024-09-30,,63.04236240036843,0.0,,,,,open
2824,2024-05-31,,2024-05-31,,2.726178251644123,0.0,,,,,open
2825,2024-05-31,,2024-05-31,,249.89967306737793,0.0,,,,,open
2826,2024-12-31,,2024-12-31,,8.064866222272194,0.0,,,,,open
2827,2024-05-31,,2024-05-31,,5.452356503288246,0.0,,,,,open
2828,2024-05-31,,2024-05-31,,2.726178251644123,0.0,,,,,open
2829,2024-07-31,,2024-07-31,,21.507757858979407,0.0,,,,,open
2830,2024-05-31,,2024-05-31,,2.726178251644123,0.0,,,,,open
2831,2024-07-31,,2024-07-31,,2.688469732372426,0.0,,,,,open
2832,2024-11-30,,2024-11-29,,148.75884799121224,0.0,,,,,open
2833,2024-12-31,,2024-12-31,,10.75315496302959,0.0,,,,,open
2834,2024-12-31,,2024-12-31,,18.818021185301784,0.0,,,,,open
2835,2024-12-31,,2024-12-31,,13.44144370378699,0.0,,,,,open
2836,2024-05-31,,2024-05-31,,8.178534754932368,0.0,,,,,open
2837,2024-05-31,,2024-05-31,,19.08324776150886,0.0,,,,,open
2838,2024-12-31,,2024-12-31,,2.6882887407573977,0.0,,,,,open
2839,2024-05-31,,2024-05-31,,2.726178251644123,0.0,,,,,open
2840,2024-12-31,,2024-12-31,,53.76577481514796,0.0,,,,,open
2841,2024-11-30,,2024-11-29,,72.12550205634533,0.0,,,,,open
2842,2024-12-31,,2024-12-31,,5.376577481514795,0.0,,,,,open
2843,2024-08-31,,2024-08-30,,264.9451667939288,0.0,,,,,open
2844,2024-05-31,,2024-05-31,,49.979934613475585,0.0,,,,,open
2845,2024-05-31,,2024-05-31,,19.08324776150886,0.0,,,,,open
2846,2024-05-31,,2024-05-31,,81.78534754932369,0.0,,,,,open
2847,2024-11-30,,2024-11-29,,24.342356944016547,0.0,,,,,open
2848,2024-07-31,,2024-07-31,,197.15444704064456,0.0,,,,,open
2849,2024-06-30,,2024-06-28,,2.719789494143004,0.0,,,,,open
2850,2024-05-31,,2024-05-31,,59.067195452289326,0.0,,,,,open
2851,2024-07-31,,2024-07-31,,5.376939464744852,0.0,,,,,open
2852,2024-05-31,,2024-05-31,,16.357069509864736,0.0,,,,,open
2853,2024-05-31,,2024-05-31,,72.69808671050994,0.0,,,,,open
2854,2024-05-31,,2024-05-31,,199.91973845390234,0.0,,,,,open
2855,2024-07-31,,2024-07-31,,1534.2200606071976,0.0,,,,,open
2856,2024-12-31,,2024-12-31,,80.64866222272194,0.0,,,,,open
2857,2024-07-31,,2024-07-31,,1362.1579977353624,0.0,,,,,open
2858,2024-08-31,,2024-08-30,,1436.9907351535123,0.0,,,,,open
2859,2024-05-31,,2024-05-31,,449.81941152128024,0.0,,,,,open
2860,2024-05-31,,2024-05-31,,177.20158635686798,0.0,,,,,open
2861,2024-07-31,,2024-07-31,,2.688469732372426,0.0,,,,,open
2862,2024-06-30,,2024-06-28,,942.8603579695747,0.0,,,,,open
2863,2024-06-30,,2024-06-28,,10.879157976572015,0.0,,,,,open
2864,2024-11-30,,2024-11-29,,5.4094126542259,0.0,,,,,open
2865,2024-06-30,,2024-06-28,,19.038526459001027,0.0,,,,,open
2866,2024-06-30,,2024-06-28,,797.8049182819478,0.0,,,,,open
2867,2024-06-30,,2024-06-28,,5.439578988286008,0.0,,,,,open
2868,2024-12-31,,2024-12-31,,8.064866222272194,0.0,,,,,open
2869,2024-12-31,,2024-12-31,,67.20721851893494,0.0,,,,,open
2870,2024-08-31,,2024-08-30,,13.47178814206418,0.0,,,,,open
2871,2024-12-31,,2024-12-31,,16.129732444544388,0.0,,,,,open
2872,2024-06-30,,2024-06-28,,2.719789494143004,0.0,,,,,open
2873,2024-12-31,,2024-12-31,,2.6882887407573977,0.0,,,,,open
2874,2024-07-31,,2024-07-31,,5.376939464744852,0.0,,,,,open
2875,2024-06-30,,2024-06-28,,4931.884949379314,0.0,,,,,open
2876,2024-09-30,,2024-09-30,,2.7018155314443613,0.0,,,,,open
2877,2024-07-31,,2024-07-31,,53.769394647448514,0.0,,,,,open
2878,2024-11-30,,2024-11-29,,2.70470632711295,0.0,,,,,open
2879,2024-09-30,,2024-09-30,,360.2420708592482,0.0,,,,,open
2880,2024-06-30,,2024-06-28,,5.439578988286008,0.0,,,,,open
2881,2024-06-30,,2024-06-28,,2.719789494143004,0.0,,,,,open
2882,2024-07-31,,2024-07-31,,21.507757858979407,0.0,,,,,open
2883,2024-07-31,,2024-07-31,,2.688469732372426,0.0,,,,,open
2884,2024-07-31,,2024-07-31,,8.065409197117276,0.0,,,,,open
2885,2024-06-30,,2024-06-28,,21.75831595314403,0.0,,,,,open
2886,2024-06-30,,2024-06-28,,2.719789494143004,0.0,,,,,open
2887,2024-06-30,,2024-06-28,,19.038526459001027,0.0,,,,,open
2888,2024-06-30,,2024-06-28,,2.719789494143004,0.0,,,,,open
2889,2024-10-31,,2024-10-31,,67.8437193451628,0.0,,,,,open
2890,2024-10-31,,2024-10-31,,76.88954859118451,0.0,,,,,open
2891,2024-12-31,,2024-12-31,,5.376577481514795,0.0,,,,,open
2892,2024-09-30,,2024-09-30,,2.7018155314443613,0.0,,,,,open
2893,2024-06-30,,2024-06-28,,8.159368482429011,0.0,,,,,open
2894,2024-07-31,,2024-07-31,,8.065409197117276,0.0,,,,,open
2895,2024-06-30,,2024-06-28,,54.39578988286008,0.0,,,,,open
2896,2024-06-30,,2024-06-28,,13.59894747071502,0.0,,,,,open
2897,2024-10-31,,2024-10-31,,2.713748773806512,0.0,,,,,open
2898,2024-08-31,,2024-08-30,,98.79311304180398,0.0,,,,,open
2899,2024-06-30,,2024-06-28,,58.92877237309842,0.0,,,,,open
2900,2024-07-31,,2024-07-31,,13.442348661862129,0.0,,,,,open
2901,2024-10-31,,2024-10-31,,5.427497547613024,0.0,,,,,open
2902,2024-06-30,,2024-06-28,,5.439578988286008,0.0,,,,,open
2903,2024-06-30,,2024-06-28,,113.3245622559585,0.0,,,,,open
2904,2024-06-30,,2024-06-28,,2.719789494143004,0.0,,,,,open
2905,2024-06-30,,2024-06-28,,113.3245622559585,0.0,,,,,open
2906,2024-12-31,,2024-12-31,,53.76577481514796,0.0,,,,,open
2907,2024-08-31,,2024-08-30,,2.6943576284128357,0.0,,,,,open
2908,2024-06-30,,2024-06-28,,86.12666731452846,0.0,,,,,open
2909,2024-12-31,,2024-12-31,,103.05106839570024,0.0,,,,,open
2910,2024-12-31,,2024-12-31,,5.376577481514795,0.0,,,,,open
2911,2024-08-31,,2024-08-30,,8.083072885238508,0.0,,,,,open
2912,2024-06-30,,2024-06-28,,45.3298249023834,0.0,,,,,open
2913,2024-06-30,,2024-06-28,,2.719789494143004,0.0,,,,,open
2914,2024-09-30,,2024-09-30,,112.57564714351506,0.0,,,,,open
2915,2024-10-31,,2024-10-31,,5.427497547613024,0.0,,,,,open
2916,2024-12-31,,2024-12-31,,67.20721851893494,0.0,,,,,open
2917,2024-09-30,,2024-09-30,,2.7018155314443613,0.0,,,,,open
2918,2024-08-31,,2024-08-30,,8.083072885238508,0.0,,,,,open
2919,2024-12-31,,2024-12-31,,53.76577481514796,0.0,,,,,open
2920,2024-06-30,,2024-06-28,,2.719789494143004,0.0,,,,,open
2921,2024-06-30,,2024-06-28,,24.478105447287035,0.0,,,,,open
2922,2024-12-31,,2024-12-31,,1261.7035156621387,0.0,,,,,open
2923,2024-06-30,,2024-06-28,,5.439578988286008,0.0,,,,,open
2924,2024-09-30,,2024-09-30,,5.4036310628887225,0.0,,,,,open
2925,2024-12-31,,2024-12-31,,24.194598666816578,0.0,,,,,open
2926,2024-09-30,,2024-09-30,,18.91270872011053,0.0,,,,,open
2927,2024-08-31,,2024-08-30,,399.6630482145706,0.0,,,,,open
2928,2024-12-31,,2024-12-31,,201.62165555680482,0.0,,,,,open
2929,2024-08-31,,2024-08-30,,309.8511272674761,0.0,,,,,open
2930,2024-06-30,,2024-06-28,,1958.2484357829628,0.0,,,,,open
2931,2024-10-31,,2024-10-31,,131.16452406731474,0.0,,,,,open
2932,2024-07-31,,2024-07-31,,13.442348661862129,0.0,,,,,open
2933,2024-11-30,,2024-11-29,,10.8188253084518,0.0,,,,,open
2934,2024-11-30,,2024-11-29,,135.23531635564748,0.0,,,,,open
2935,2024-11-30,,2024-11-29,,49.586282663737414,0.0,,,,,open
2936,2024-10-31,,2024-10-31,,13.56874386903256,0.0,,,,,open
2937,2024-12-31,,2024-12-31,,16.129732444544388,0.0,,,,,open
2938,2024-11-30,,2024-11-29,,220.88435004755758,0.0,,,,,open
2939,2024-08-31,,2024-08-30,,16.166145770477016,0.0,,,,,open
2940,2024-10-31,,2024-10-31,,8.141246321419535,0.0,,,,,open
2941,2024-11-30,,2024-11-29,,2.70470632711295,0.0,,,,,open
2942,2024-07-31,,2024-07-31,,8.065409197117276,0.0,,,,,open
2943,2024-10-31,,2024-10-31,,2.713748773806512,0.0,,,,,open
2944,2024-12-31,,2024-12-31,,134.41443703786987,0.0,,,,,open
2945,2024-12-31,,2024-12-31,,206.10213679140048,0.0,,,,,open
2946,2024-07-31,,2024-07-31,,5.376939464744852,0.0,,,,,open
2947,2024-07-31,,2024-07-31,,16.130818394234552,0.0,,,,,open
2948,2024-07-31,,2024-07-31,,2.688469732372426,0.0,,,,,open
2949,2024-09-30,,2024-09-30,,13.509077657221807,0.0,,,,,open
2950,2024-07-31,,2024-07-31,,8.065409197117276,0.0,,,,,open
2951,2024-08-31,,2024-08-30,,24.24921865571552,0.0,,,,,open
2952,2024-07-31,,2024-07-31,,2.688469732372426,0.0,,,,,open
2953,2024-07-31,,2024-07-31,,76.1733090838854,0.0,,,,,open
2954,2024-09-30,,2024-09-30,,10.807262125777445,0.0,,,,,open
2955,2024-12-31,,2024-12-31,,291.23128024871806,0.0,,,,,open
2956,2024-08-31,,2024-08-30,,2823.6867945766517,0.0,,,,,open
2957,2024-12-31,,2024-12-31,,5950.079079543041,0.0,,,,,open
2958,2024-08-31,,2024-08-30,,13.47178814206418,0.0,,,,,open
2959,2024-07-31,,2024-07-31,,8.065409197117276,0.0,,,,,open
2960,2024-12-31,,2024-12-31,,8.064866222272194,0.0,,,,,open
2961,2024-07-31,,2024-07-31,,2.688469732372426,0.0,,,,,open
2962,2024-08-31,,2024-08-30,,2.6943576284128357,0.0,,,,,open
2963,2024-07-31,,2024-07-31,,2.688469732372426,0.0,,,,,open
2964,2024-07-31,,2024-07-31,,71.69252619659802,0.0,,,,,open
2965,2024-12-31,,2024-12-31,,13.44144370378699,0.0,,,,,open
2966,2024-09-30,,2024-09-30,,54.03631062888723,0.0,,,,,open
2967,2024-07-31,,2024-07-31,,2.688469732372426,0.0,,,,,open
2968,2024-07-31,,2024-07-31,,8.065409197117276,0.0,,,,,open
2969,2024-10-31,,2024-10-31,,5.427497547613024,0.0,,,,,open
2970,2024-09-30,,2024-09-30,,2.7018155314443613,0.0,,,,,open
2971,2024-08-31,,2024-08-30,,24.24921865571552,0.0,,,,,open
2972,2024-11-30,,2024-11-29,,2.70470632711295,0.0,,,,,open
2973,2024-07-31,,2024-07-31,,2.688469732372426,0.0,,,,,open
2974,2024-12-31,,2024-12-31,,8.064866222272194,0.0,,,,,open
2975,2024-07-31,,2024-07-31,,8.065409197117276,0.0,,,,,open
2976,2024-09-30,,2024-09-30,,5.4036310628887225,0.0,,,,,open
2977,2024-09-30,,2024-09-30,,18.91270872011053,0.0,,,,,open
2978,2024-07-31,,2024-07-31,,10.753878929489703,0.0,,,,,open
2979,2024-07-31,,2024-07-31,,5.376939464744852,0.0,,,,,open
2980,2024-12-31,,2024-12-31,,112.01203086489157,0.0,,,,,open
2981,2024-07-31,,2024-07-31,,10.753878929489703,0.0,,,,,open
2982,2024-11-30,,2024-11-29,,793.3805226197986,0.0,,,,,open
2983,2024-09-30,,2024-09-30,,13.509077657221807,0.0,,,,,open
2984,2024-07-31,,2024-07-31,,2.688469732372426,0.0,,,,,open
2985,2024-12-31,,2024-12-31,,24.194598666816578,0.0,,,,,open
2986,2024-10-31,,2024-10-31,,221.6228165275318,0.0,,,,,open
2987,2024-12-31,,2024-12-31,,8.064866222272194,0.0,,,,,open
2988,2024-07-31,,2024-07-31,,2.688469732372426,0.0,,,,,open
2989,2024-07-31,,2024-07-31,,2.688469732372426,0.0,,,,,open
2990,2024-10-31,,2024-10-31,,13.56874386903256,0.0,,,,,open
2991,2024-11-30,,2024-11-29,,148.75884799121224,0.0,,,,,open
2992,2024-07-31,,2024-07-31,,16.130818394234552,0.0,,,,,open
2993,2024-07-31,,2024-07-31,,89.61565774574753,0.0,,,,,open
2994,2024-07-31,,2024-07-31,,8.065409197117276,0.0,,,,,open
2995,2024-07-31,,2024-07-31,,62.730960422023266,0.0,,,,,open
2996,2024-12-31,,2024-12-31,,5.376577481514795,0.0,,,,,open
2998,2024-12-31,,2024-12-31,,5.376577481514795,0.0,,,,,open
2999,2024-07-31,,2024-07-31,,1426.6812713123006,0.0,,,,,open
3000,2024-12-31,,2024-12-31,,2537.7445712749836,0.0,,,,,open
3001,2024-07-31,,2024-07-31,,2.688469732372426,0.0,,,,,open
3002,2024-07-31,,2024-07-31,,13.442348661862129,0.0,,,,,open
3003,2024-12-31,,2024-12-31,,112.01203086489157,0.0,,,,,open
3004,2024-12-31,,2024-12-31,,53.76577481514796,0.0,,,,,open
3005,2024-07-31,,2024-07-31,,2.688469732372426,0.0,,,,,open
3006,2024-12-31,,2024-12-31,,58.246256049743614,0.0,,,,,open
3007,2024-07-31,,2024-07-31,,13.442348661862129,0.0,,,,,open
3008,2024-12-31,,2024-12-31,,49.28529358055229,0.0,,,,,open
3009,2024-08-31,,2024-08-30,,76.34013280503035,0.0,,,,,open
3010,2024-11-30,,2024-11-29,,2.70470632711295,0.0,,,,,open
3011,2024-12-31,,2024-12-31,,44.80481234595663,0.0,,,,,open
3012,2024-07-31,,2024-07-31,,62.730960422023266,0.0,,,,,open
3013,2024-12-31,,2024-12-31,,2.6882887407573977,0.0,,,,,open
3014,2024-08-31,,2024-08-30,,21.554861027302685,0.0,,,,,open
3015,2024-07-31,,2024-07-31,,24.196227591351832,0.0,,,,,open
3016,2024-08-31,,2024-08-30,,49.39655652090199,0.0,,,,,open
3017,2024-08-31,,2024-08-30,,8.083072885238508,0.0,,,,,open
3018,2024-12-31,,2024-12-31,,62.72673728433928,0.0,,,,,open
3019,2024-07-31,,2024-07-31,,24.196227591351832,0.0,,,,,open
3020,2024-07-31,,2024-07-31,,2.688469732372426,0.0,,,,,open
3021,2024-07-31,,2024-07-31,,2.688469732372426,0.0,,,,,open
3022,2024-12-31,,2024-12-31,,5.376577481514795,0.0,,,,,open
3023,2024-07-31,,2024-07-31,,2.688469732372426,0.0,,,,,open
3024,2024-07-31,,2024-07-31,,8.065409197117276,0.0,,,,,open
3025,2024-12-31,,2024-12-31,,49.28529358055229,0.0,,,,,open
3026,2024-12-31,,2024-12-31,,2.6882887407573977,0.0,,,,,open
3027,2024-07-31,,2024-07-31,,5.376939464744852,0.0,,,,,open
3028,2024-07-31,,2024-07-31,,16.130818394234552,0.0,,,,,open
3029,2024-12-31,,2024-12-31,,179.2192493838265,0.0,,,,,open
3030,2024-07-31,,2024-07-31,,8.065409197117276,0.0,,,,,open
3031,2024-07-31,,2024-07-31,,8.065409197117276,0.0,,,,,open
3032,2024-12-31,,2024-12-31,,2.6882887407573977,0.0,,,,,open
3033,2024-12-31,,2024-12-31,,49.28529358055229,0.0,,,,,open
3034,2024-07-31,,2024-07-31,,10.753878929489703,0.0,,,,,open
3035,2024-07-31,,2024-07-31,,13.442348661862129,0.0,,,,,open
3036,2024-07-31,,2024-07-31,,394.3088940812891,0.0,,,,,open
3037,2024-11-30,,2024-11-29,,45.07843878521583,0.0,,,,,open
3038,2024-07-31,,2024-07-31,,62.730960422023266,0.0,,,,,open
3039,2024-12-31,,2024-12-31,,18.818021185301784,0.0,,,,,open
3040,2024-08-31,,2024-08-30,,21.554861027302685,0.0,,,,,open
3041,2024-11-30,,2024-11-29,,67.61765817782374,0.0,,,,,open
3042,2024-08-31,,2024-08-30,,1868.087955699566,0.0,,,,,open
3043,2024-11-30,,2024-11-29,,49.586282663737414,0.0,,,,,open
3044,2024-12-31,,2024-12-31,,58.246256049743614,0.0,,,,,open
3045,2024-11-30,,2024-11-29,,21.6376506169036,0.0,,,,,open
3046,2024-08-31,,2024-08-30,,76.34013280503035,0.0,,,,,open
3047,2024-12-31,,2024-12-31,,13.44144370378699,0.0,,,,,open
3048,2024-12-31,,2024-12-31,,767.0583873627775,0.0,,,,,open
3049,2024-11-30,,2024-11-29,,3901.989661248282,0.0,,,,,open
3050,2024-12-31,,2024-12-31,,8.064866222272194,0.0,,,,,open
3051,2024-12-31,,2024-12-31,,62.72673728433928,0.0,,,,,open
3052,2024-08-31,,2024-08-30,,62.868344662966166,0.0,,,,,open
3053,2024-08-31,,2024-08-30,,179.62384189418904,0.0,,,,,open
3054,2024-12-31,,2024-12-31,,210.58261802599617,0.0,,,,,open
3055,2024-08-31,,2024-08-30,,2.6943576284128357,0.0,,,,,open
3056,2024-12-31,,2024-12-31,,5.376577481514795,0.0,,,,,open
3057,2024-08-31,,2024-08-30,,2.6943576284128357,0.0,,,,,open
3058,2024-08-31,,2024-08-30,,13.47178814206418,0.0,,,,,open
3059,2024-11-30,,2024-11-29,,6967.323498642959,0.0,,,,,open
3060,2024-08-31,,2024-08-30,,10.777430513651343,0.0,,,,,open
3061,2024-09-30,,2024-09-30,,5.4036310628887225,0.0,,,,,open
3062,2024-08-31,,2024-08-30,,13.47178814206418,0.0,,,,,open
3063,2024-12-31,,2024-12-31,,85.1291434573176,0.0,,,,,open
3064,2024-12-31,,2024-12-31,,5.376577481514795,0.0,,,,,open
3065,2024-08-31,,2024-08-30,,2.6943576284128357,0.0,,,,,open
3066,2024-12-31,,2024-12-31,,5.376577481514795,0.0,,,,,open
3067,2024-09-30,,2024-09-30,,24.316339782999254,0.0,,,,,open
3068,2024-08-31,,2024-08-30,,16.166145770477016,0.0,,,,,open
3069,2024-10-31,,2024-10-31,,16.28249264283907,0.0,,,,,open
3070,2024-10-31,,2024-10-31,,81.41246321419536,0.0,,,,,open
3072,2024-11-30,,2024-11-29,,2.70470632711295,0.0,,,,,open
3073,2024-08-31,,2024-08-30,,8.083072885238508,0.0,,,,,open
3074,2024-08-31,,2024-08-30,,24.24921865571552,0.0,,,,,open
3075,2024-12-31,,2024-12-31,,24.194598666816578,0.0,,,,,open
3076,2024-11-30,,2024-11-29,,90.15687757043166,0.0,,,,,open
3077,2024-08-31,,2024-08-30,,211.05801422567214,0.0,,,,,open
3078,2024-08-31,,2024-08-30,,2.6943576284128357,0.0,,,,,open
3079,2024-08-31,,2024-08-30,,2.6943576284128357,0.0,,,,,open
3080,2024-08-31,,2024-08-30,,16.166145770477016,0.0,,,,,open
3081,2024-08-31,,2024-08-30,,246.98278260450994,0.0,,,,,open
3082,2024-08-31,,2024-08-30,,2.6943576284128357,0.0,,,,,open
3083,2024-08-31,,2024-08-30,,62.868344662966166,0.0,,,,,open
3084,2024-08-31,,2024-08-30,,134.7178814206418,0.0,,,,,open
3085,2024-08-31,,2024-08-30,,1005.8935146074587,0.0,,,,,open
3086,2024-11-30,,2024-11-29,,5.4094126542259,0.0,,,,,open
3087,2024-08-31,,2024-08-30,,125.73668932593233,0.0,,,,,open
3088,2024-09-30,,2024-09-30,,5.4036310628887225,0.0,,,,,open
3089,2024-11-30,,2024-11-29,,5.4094126542259,0.0,,,,,open
3090,2024-08-31,,2024-08-30,,5.388715256825671,0.0,,,,,open
3091,2024-08-31,,2024-08-30,,2.6943576284128357,0.0,,,,,open
3092,2024-08-31,,2024-08-30,,44.90596047354726,0.0,,,,,open
3093,2024-12-31,,2024-12-31,,58.246256049743614,0.0,,,,,open
3094,2024-08-31,,2024-08-30,,2.6943576284128357,0.0,,,,,open
3095,2024-11-30,,2024-11-29,,10.8188253084518,0.0,,,,,open
3096,2024-09-30,,2024-09-30,,16.21089318866617,0.0,,,,,open
3097,2024-10-31,,2024-10-31,,94.98120708322791,0.0,,,,,open
3098,2024-08-31,,2024-08-30,,2.6943576284128357,0.0,,,,,open
3099,2024-12-31,,2024-12-31,,8.064866222272194,0.0,,,,,open
3100,2024-08-31,,2024-08-30,,2.6943576284128357,0.0,,,,,open
3101,2024-11-30,,2024-11-29,,5.4094126542259,0.0,,,,,open
3102,2024-08-31,,2024-08-30,,13.47178814206418,0.0,,,,,open
3103,2024-11-30,,2024-11-29,,21.6376506169036,0.0,,,,,open
3104,2024-10-31,,2024-10-31,,81.41246321419536,0.0,,,,,open
3105,2024-08-31,,2024-08-30,,1939.9374924572417,0.0,,,,,open
3106,2024-10-31,,2024-10-31,,117.59578019828218,0.0,,,,,open
3107,2024-08-31,,2024-08-30,,341.28529959895917,0.0,,,,,open
3108,2024-08-31,,2024-08-30,,2.6943576284128357,0.0,,,,,open
3109,2024-08-31,,2024-08-30,,2586.5833232763225,0.0,,,,,open
3110,2024-11-30,,2024-11-29,,8.11411898133885,0.0,,,,,open
3111,2024-12-31,,2024-12-31,,71.68769975353061,0.0,,,,,open
3112,2024-10-31,,2024-10-31,,21.709990190452096,0.0,,,,,open
3113,2024-12-31,,2024-12-31,,67.20721851893494,0.0,,,,,open
3114,2024-11-30,,2024-11-29,,5.4094126542259,0.0,,,,,open
3115,2024-12-31,,2024-12-31,,5.376577481514795,0.0,,,,,open
3116,2024-12-31,,2024-12-31,,98.57058716110458,0.0,,,,,open
3117,2024-09-30,,2024-09-30,,2.7018155314443613,0.0,,,,,open
3118,2024-12-31,,2024-12-31,,8.064866222272194,0.0,,,,,open
3119,2024-09-30,,2024-09-30,,10.807262125777445,0.0,,,,,open
3120,2024-12-31,,2024-12-31,,5.376577481514795,0.0,,,,,open
3121,2024-09-30,,2024-09-30,,893.4003357309355,0.0,,,,,open
3122,2024-12-31,,2024-12-31,,434.6066797557793,0.0,,,,,open
3123,2024-09-30,,2024-09-30,,2.7018155314443613,0.0,,,,,open
3124,2024-12-31,,2024-12-31,,9161.688028501212,0.0,,,,,open
3125,2024-09-30,,2024-09-30,,10.807262125777445,0.0,,,,,open
3126,2024-12-31,,2024-12-31,,192.6606930876135,0.0,,,,,open
3127,2024-10-31,,2024-10-31,,162.8249264283907,0.0,,,,,open
3128,2024-09-30,,2024-09-30,,8.105446594333085,0.0,,,,,open
3129,2024-09-30,,2024-09-30,,427.7874591453572,0.0,,,,,open
3130,2024-09-30,,2024-09-30,,85.55749182907144,0.0,,,,,open
3131,2024-09-30,,2024-09-30,,10.807262125777445,0.0,,,,,open
3132,2024-09-30,,2024-09-30,,45.030258857406025,0.0,,,,,open
3133,2024-10-31,,2024-10-31,,104.02703632924963,0.0,,,,,open
3134,2024-12-31,,2024-12-31,,58.246256049743614,0.0,,,,,open
3135,2024-09-30,,2024-09-30,,8.105446594333085,0.0,,,,,open
3136,2024-09-30,,2024-09-30,,10.807262125777445,0.0,,,,,open
3137,2024-12-31,,2024-12-31,,5.376577481514795,0.0,,,,,open
3138,2024-09-30,,2024-09-30,,8.105446594333085,0.0,,,,,open
3139,2024-12-31,,2024-12-31,,2.6882887407573977,0.0,,,,,open
3140,2024-09-30,,2024-09-30,,99.06656948629325,0.0,,,,,open
3141,2024-10-31,,2024-10-31,,8.141246321419535,0.0,,,,,open
3142,2024-10-31,,2024-10-31,,8.141246321419535,0.0,,,,,open
3143,2024-09-30,,2024-09-30,,13.509077657221807,0.0,,,,,open
3144,2024-09-30,,2024-09-30,,8.105446594333085,0.0,,,,,open
3145,2024-12-31,,2024-12-31,,67.20721851893494,0.0,,,,,open
3146,2024-09-30,,2024-09-30,,8.105446594333085,0.0,,,,,open
3147,2024-09-30,,2024-09-30,,5.4036310628887225,0.0,,,,,open
3148,2024-12-31,,2024-12-31,,8.064866222272194,0.0,,,,,open
3149,2024-12-31,,2024-12-31,,16.129732444544388,0.0,,,,,open
3150,2024-09-30,,2024-09-30,,8.105446594333085,0.0,,,,,open
3151,2024-09-30,,2024-09-30,,5.4036310628887225,0.0,,,,,open
3152,2024-12-31,,2024-12-31,,76.16818098812627,0.0,,,,,open
3153,2024-09-30,,2024-09-30,,10.807262125777445,0.0,,,,,open
3154,2024-09-30,,2024-09-30,,8.105446594333085,0.0,,,,,open
3155,2024-11-30,,2024-11-29,,16.2282379626777,0.0,,,,,open
3156,2024-09-30,,2024-09-30,,2.7018155314443613,0.0,,,,,open
3157,2024-11-30,,2024-11-29,,274.9784765898166,0.0,,,,,open
3158,2024-10-31,,2024-10-31,,262.3290481346295,0.0,,,,,open
3159,2024-11-30,,2024-11-29,,8.11411898133885,0.0,,,,,open
3160,2024-11-30,,2024-11-29,,2.70470632711295,0.0,,,,,open
3161,2024-10-31,,2024-10-31,,49.75206085311939,0.0,,,,,open
3162,2024-09-30,,2024-09-30,,45.030258857406025,0.0,,,,,open
3163,2024-09-30,,2024-09-30,,67.54538828610903,0.0,,,,,open
3164,2024-09-30,,2024-09-30,,2.7018155314443613,0.0,,,,,open
3165,2024-12-31,,2024-12-31,,16.129732444544388,0.0,,,,,open
3166,2024-12-31,,2024-12-31,,18.818021185301784,0.0,,,,,open
3167,2024-09-30,,2024-09-30,,5.4036310628887225,0.0,,,,,open
3168,2024-09-30,,2024-09-30,,5.4036310628887225,0.0,,,,,open
3169,2024-11-30,,2024-11-29,,67.61765817782374,0.0,,,,,open
3170,2024-11-30,,2024-11-29,,10.8188253084518,0.0,,,,,open
3171,2024-09-30,,2024-09-30,,2.7018155314443613,0.0,,,,,open
3172,2024-12-31,,2024-12-31,,18.818021185301784,0.0,,,,,open
3173,2024-12-31,,2024-12-31,,8.064866222272194,0.0,,,,,open
3174,2024-09-30,,2024-09-30,,256.67247548721434,0.0,,,,,open
3175,2024-09-30,,2024-09-30,,49.53328474314662,0.0,,,,,open
3176,2024-09-30,,2024-09-30,,5.4036310628887225,0.0,,,,,open
3177,2024-09-30,,2024-09-30,,2.7018155314443613,0.0,,,,,open
3178,2024-12-31,,2024-12-31,,931.9400967958978,0.0,,,,,open
3179,2024-09-30,,2024-09-30,,5.4036310628887225,0.0,,,,,open
3180,2024-11-30,,2024-11-29,,16.2282379626777,0.0,,,,,open
3181,2024-10-31,,2024-10-31,,18.996241416645585,0.0,,,,,open
3182,2024-10-31,,2024-10-31,,90.45829246021707,0.0,,,,,open
3183,2024-10-31,,2024-10-31,,2.713748773806512,0.0,,,,,open
3184,2024-12-31,,2024-12-31,,5.376577481514795,0.0,,,,,open
3185,2024-10-31,,2024-10-31,,5.427497547613024,0.0,,,,,open
3186,2024-10-31,,2024-10-31,,2.713748773806512,0.0,,,,,open
3187,2024-12-31,,2024-12-31,,76.16818098812627,0.0,,,,,open
3188,2024-10-31,,2024-10-31,,2.713748773806512,0.0,,,,,open
3189,2024-12-31,,2024-12-31,,8.064866222272194,0.0,,,,,open
3190,2024-11-30,,2024-11-29,,58.60197042078058,0.0,,,,,open
3191,2024-12-31,,2024-12-31,,67.20721851893494,0.0,,,,,open
3192,2024-10-31,,2024-10-31,,8.141246321419535,0.0,,,,,open
3193,2024-10-31,,2024-10-31,,2.713748773806512,0.0,,,,,open
3194,2024-12-31,,2024-12-31,,18.818021185301784,0.0,,,,,open
3195,2024-10-31,,2024-10-31,,67.8437193451628,0.0,,,,,open
3196,2024-12-31,,2024-12-31,,2.6882887407573977,0.0,,,,,open
3197,2024-12-31,,2024-12-31,,8.064866222272194,0.0,,,,,open
3198,2024-10-31,,2024-10-31,,113.07286557527134,0.0,,,,,open
3199,2024-12-31,,2024-12-31,,116.49251209948723,0.0,,,,,open
3200,2024-11-30,,2024-11-29,,2.70470632711295,0.0,,,,,open
3201,2024-12-31,,2024-12-31,,53.76577481514796,0.0,,,,,open
3202,2024-10-31,,2024-10-31,,16.28249264283907,0.0,,,,,open
3203,2024-10-31,,2024-10-31,,8.141246321419535,0.0,,,,,open
3204,2024-10-31,,2024-10-31,,171.87075567441244,0.0,,,,,open
3205,2024-12-31,,2024-12-31,,16.129732444544388,0.0,,,,,open
3206,2024-10-31,,2024-10-31,,2.713748773806512,0.0,,,,,open
3207,2024-10-31,,2024-10-31,,104.02703632924963,0.0,,,,,open
3208,2024-11-30,,2024-11-29,,21.6376506169036,0.0,,,,,open
3210,2024-10-31,,2024-10-31,,18.996241416645585,0.0,,,,,open
3211,2024-10-31,,2024-10-31,,49.75206085311939,0.0,,,,,open
3212,2024-12-31,,2024-12-31,,10.75315496302959,0.0,,,,,open
3213,2024-12-31,,2024-12-31,,67.20721851893494,0.0,,,,,open
3214,2024-12-31,,2024-12-31,,8.064866222272194,0.0,,,,,open
3215,2024-12-31,,2024-12-31,,71.68769975353061,0.0,,,,,open
3216,2024-10-31,,2024-10-31,,8.141246321419535,0.0,,,,,open
3217,2024-10-31,,2024-10-31,,54.27497547613024,0.0,,,,,open
3218,2024-12-31,,2024-12-31,,21.50630992605918,0.0,,,,,open
3219,2024-10-31,,2024-10-31,,108.54995095226047,0.0,,,,,open
3220,2024-12-31,,2024-12-31,,1290.378595563551,0.0,,,,,open
3221,2024-11-30,,2024-11-29,,67.61765817782374,0.0,,,,,open
3222,2024-10-31,,2024-10-31,,8.141246321419535,0.0,,,,,open
3223,2024-10-31,,2024-10-31,,8.141246321419535,0.0,,,,,open
3224,2024-12-31,,2024-12-31,,5.376577481514795,0.0,,,,,open
3225,2024-10-31,,2024-10-31,,2.713748773806512,0.0,,,,,open
3226,2024-10-31,,2024-10-31,,5.427497547613024,0.0,,,,,open
3227,2024-10-31,,2024-10-31,,2.713748773806512,0.0,,,,,open
3228,2024-10-31,,2024-10-31,,49.75206085311939,0.0,,,,,open
3229,2024-10-31,,2024-10-31,,45.22914623010853,0.0,,,,,open
3230,2024-12-31,,2024-12-31,,215.06309926059183,0.0,,,,,open
3231,2024-12-31,,2024-12-31,,8.064866222272194,0.0,,,,,open
3232,2024-12-31,,2024-12-31,,71.68769975353061,0.0,,,,,open
3233,2024-12-31,,2024-12-31,,24.194598666816578,0.0,,,,,open
3234,2024-12-31,,2024-12-31,,24.194598666816578,0.0,,,,,open
3235,2024-12-31,,2024-12-31,,125.45347456867856,0.0,,,,,open
3236,2024-10-31,,2024-10-31,,13.56874386903256,0.0,,,,,open
3237,2024-10-31,,2024-10-31,,2.713748773806512,0.0,,,,,open
3238,2024-10-31,,2024-10-31,,5.427497547613024,0.0,,,,,open
3239,2024-10-31,,2024-10-31,,8.141246321419535,0.0,,,,,open
3240,2024-12-31,,2024-12-31,,18.818021185301784,0.0,,,,,open
3241,2024-10-31,,2024-10-31,,2.713748773806512,0.0,,,,,open
3242,2024-12-31,,2024-12-31,,18.818021185301784,0.0,,,,,open
3243,2024-10-31,,2024-10-31,,24.423738964258607,0.0,,,,,open
3244,2024-12-31,,2024-12-31,,2.6882887407573977,0.0,,,,,open
3245,2024-10-31,,2024-10-31,,2.713748773806512,0.0,,,,,open
3246,2024-10-31,,2024-10-31,,230.66864577355352,0.0,,,,,open
3247,2024-11-30,,2024-11-29,,58.60197042078058,0.0,,,,,open
3248,2024-11-30,,2024-11-29,,184.8215990193849,0.0,,,,,open
3249,2024-11-30,,2024-11-29,,3173.5220904791945,0.0,,,,,open
3250,2024-12-31,,2024-12-31,,10.75315496302959,0.0,,,,,open
3251,2024-12-31,,2024-12-31,,103.05106839570024,0.0,,,,,open
3252,2024-11-30,,2024-11-29,,2.70470632711295,0.0,,,,,open
3253,2024-10-31,,2024-10-31,,796.0329736499102,0.0,,,,,open
3254,2024-12-31,,2024-12-31,,13.44144370378699,0.0,,,,,open
3255,2024-10-31,,2024-10-31,,5.427497547613024,0.0,,,,,open
3256,2024-11-30,,2024-11-29,,5.4094126542259,0.0,,,,,open
3257,2024-12-31,,2024-12-31,,2.6882887407573977,0.0,,,,,open
3258,2024-11-30,,2024-11-29,,18.932944289790647,0.0,,,,,open
3259,2024-12-31,,2024-12-31,,62.72673728433928,0.0,,,,,open
3260,2024-11-30,,2024-11-29,,2.70470632711295,0.0,,,,,open
3261,2024-12-31,,2024-12-31,,44.80481234595663,0.0,,,,,open
3262,2024-11-30,,2024-11-29,,5.4094126542259,0.0,,,,,open
3263,2024-12-31,,2024-12-31,,331.55561136007907,0.0,,,,,open
3264,2024-12-31,,2024-12-31,,268.82887407573975,0.0,,,,,open
3265,2024-12-31,,2024-12-31,,10.75315496302959,0.0,,,,,open
3266,2024-12-31,,2024-12-31,,367.39946123684433,0.0,,,,,open
3267,2024-11-30,,2024-11-29,,5.4094126542259,0.0,,,,,open
3268,2024-12-31,,2024-12-31,,10.75315496302959,0.0,,,,,open
3269,2024-12-31,,2024-12-31,,313.6336864216964,0.0,,,,,open
3270,2024-11-30,,2024-11-29,,2.70470632711295,0.0,,,,,open
3271,2024-11-30,,2024-11-29,,297.51769598242447,0.0,,,,,open
3272,2024-11-30,,2024-11-29,,108.188253084518,0.0,,,,,open
3273,2024-12-31,,2024-12-31,,71.68769975353061,0.0,,,,,open
3274,2024-12-31,,2024-12-31,,44.80481234595663,0.0,,,,,open
3275,2024-11-30,,2024-11-29,,5.4094126542259,0.0,,,,,open
3276,2024-11-30,,2024-11-29,,94.66472144895324,0.0,,,,,open
3277,2024-11-30,,2024-11-29,,5.4094126542259,0.0,,,,,open
3278,2024-12-31,,2024-12-31,,10803.336352857063,0.0,,,,,open
3279,2024-12-31,,2024-12-31,,21.50630992605918,0.0,,,,,open
3280,2024-12-31,,2024-12-31,,788.5646972888367,0.0,,,,,open
3281,2024-11-30,,2024-11-29,,2.70470632711295,0.0,,,,,open
3282,2024-12-31,,2024-12-31,,18.818021185301784,0.0,,,,,open
3283,2024-12-31,,2024-12-31,,197.14117432220917,0.0,,,,,open
3284,2024-12-31,,2024-12-31,,85.1291434573176,0.0,,,,,open
3285,2024-11-30,,2024-11-29,,2.70470632711295,0.0,,,,,open
3286,2024-11-30,,2024-11-29,,13.52353163556475,0.0,,,,,open
3287,2024-11-30,,2024-11-29,,8.11411898133885,0.0,,,,,open
3288,2024-12-31,,2024-12-31,,8.064866222272194,0.0,,,,,open
3289,2024-12-31,,2024-12-31,,210.58261802599617,0.0,,,,,open
3290,2024-12-31,,2024-12-31,,241.9459866681658,0.0,,,,,open
3291,2024-11-30,,2024-11-29,,13.52353163556475,0.0,,,,,open
3292,2024-11-30,,2024-11-29,,8.11411898133885,0.0,,,,,open
3293,2024-12-31,,2024-12-31,,10.75315496302959,0.0,,,,,open
3294,2024-11-30,,2024-11-29,,2.70470632711295,0.0,,,,,open
3295,2024-11-30,,2024-11-29,,21.6376506169036,0.0,,,,,open
3296,2024-11-30,,2024-11-29,,8.11411898133885,0.0,,,,,open
3297,2024-12-31,,2024-12-31,,67.20721851893494,0.0,,,,,open
3298,2024-11-30,,2024-11-29,,24.342356944016547,0.0,,,,,open
3299,2024-11-30,,2024-11-29,,297.51769598242447,0.0,,,,,open
3300,2024-12-31,,2024-12-31,,13.44144370378699,0.0,,,,,open
3301,2024-12-31,,2024-12-31,,8.064866222272194,0.0,,,,,open
3302,2024-11-30,,2024-11-29,,10.8188253084518,0.0,,,,,open
3303,2024-12-31,,2024-12-31,,13.44144370378699,0.0,,,,,open
3304,2024-12-31,,2024-12-31,,201.62165555680482,0.0,,,,,open
3305,2024-11-30,,2024-11-29,,58.60197042078058,0.0,,,,,open
3306,2024-11-30,,2024-11-29,,2.70470632711295,0.0,,,,,open
3307,2024-12-31,,2024-12-31,,2.6882887407573977,0.0,,,,,open
3308,2024-12-31,,2024-12-31,,5.376577481514795,0.0,,,,,open
3309,2024-11-30,,2024-11-29,,2.70470632711295,0.0,,,,,open
3310,2024-11-30,,2024-11-29,,13.52353163556475,0.0,,,,,open
3311,2024-11-30,,2024-11-29,,126.21962859860432,0.0,,,,,open
3312,2024-12-31,,2024-12-31,,192.6606930876135,0.0,,,,,open
3313,2024-12-31,,2024-12-31,,8.064866222272194,0.0,,,,,open
3314,2024-12-31,,2024-12-31,,2.6882887407573977,0.0,,,,,open
3315,2024-12-31,,2024-12-31,,53.76577481514796,0.0,,,,,open
3316,2024-11-30,,2024-11-29,,5.4094126542259,0.0,,,,,open
3317,2024-12-31,,2024-12-31,,10.75315496302959,0.0,,,,,open
3318,2024-11-30,,2024-11-29,,8.11411898133885,0.0,,,,,open
3319,2024-12-31,,2024-12-31,,2.6882887407573977,0.0,,,,,open
3320,2024-12-31,,2024-12-31,,103.05106839570024,0.0,,,,,open
3321,2024-12-31,,2024-12-31,,125.45347456867856,0.0,,,,,open
3322,2024-12-31,,2024-12-31,,120.9729933340829,0.0,,,,,open
3323,2024-12-31,,2024-12-31,,44.80481234595663,0.0,,,,,open
3324,2024-12-31,,2024-12-31,,2.6882887407573977,0.0,,,,,open
3325,2024-11-30,,2024-11-29,,2.70470632711295,0.0,,,,,open
3326,2024-11-30,,2024-11-29,,8.11411898133885,0.0,,,,,open
3327,2024-12-31,,2024-12-31,,5.376577481514795,0.0,,,,,open
3328,2024-11-30,,2024-11-29,,2.70470632711295,0.0,,,,,open
3329,2024-12-31,,2024-12-31,,5.376577481514795,0.0,,,,,open
3330,2024-11-30,,2024-11-29,,5.4094126542259,0.0,,,,,open
3331,2024-12-31,,2024-12-31,,49.28529358055229,0.0,,,,,open
3332,2024-12-31,,2024-12-31,,44.80481234595663,0.0,,,,,open
3333,2024-12-31,,2024-12-31,,1003.6277965494285,0.0,,,,,open
3334,2024-12-31,,2024-12-31,,10.75315496302959,0.0,,,,,open
3335,2024-12-31,,2024-12-31,,318.11416765629207,0.0,,,,,open
3336,2024-12-31,,2024-12-31,,1863.8801935917957,0.0,,,,,open
3337,2024-11-30,,2024-11-29,,2.70470632711295,0.0,,,,,open
3338,2024-11-30,,2024-11-29,,10.8188253084518,0.0,,,,,open
3339,2024-11-30,,2024-11-29,,76.63334593486691,0.0,,,,,open
3340,2024-12-31,,2024-12-31,,2.6882887407573977,0.0,,,,,open
3341,2024-12-31,,2024-12-31,,138.89491827246556,0.0,,,,,open
3342,2024-12-31,,2024-12-31,,5.376577481514795,0.0,,,,,open
3343,2024-12-31,,2024-12-31,,8.064866222272194,0.0,,,,,open
3344,2024-12-31,,2024-12-31,,8.064866222272194,0.0,,,,,open
3345,2024-12-31,,2024-12-31,,443.5676422249706,0.0,,,,,open
3346,2024-12-31,,2024-12-31,,24.194598666816578,0.0,,,,,open
3347,2024-12-31,,2024-12-31,,5.376577481514795,0.0,,,,,open
3348,2024-12-31,,2024-12-31,,5.376577481514795,0.0,,,,,open
3349,2024-12-31,,2024-12-31,,21.50630992605918,0.0,,,,,open
3350,2024-12-31,,2024-12-31,,13.44144370378699,0.0,,,,,open
3351,2024-12-31,,2024-12-31,,5.376577481514795,0.0,,,,,open
3352,2024-12-31,,2024-12-31,,10.75315496302959,0.0,,,,,open
3353,2024-12-31,,2024-12-31,,107.53154963029591,0.0,,,,,open
3354,2024-12-31,,2024-12-31,,860.2523970423673,0.0,,,,,open
3355,2024-12-31,,2024-12-31,,3433.840818194116,0.0,,,,,open
3356,2024-12-31,,2024-12-31,,5.376577481514795,0.0,,,,,open
3357,2024-12-31,,2024-12-31,,5.376577481514795,0.0,,,,,open
3358,2024-12-31,,2024-12-31,,2.6882887407573977,0.0,,,,,open
3359,2024-12-31,,2024-12-31,,241.9459866681658,0.0,,,,,open
3360,2024-12-31,,2024-12-31,,21.50630992605918,0.0,,,,,open
3361,2024-12-31,,2024-12-31,,58.246256049743614,0.0,,,,,open
3362,2024-12-31,,2024-12-31,,16.129732444544388,0.0,,,,,open
3363,2024-12-31,,2024-12-31,,53.76577481514796,0.0,,,,,open
3364,2024-12-31,,2024-12-31,,53.76577481514796,0.0,,,,,open
3365,2024-12-31,,2024-12-31,,5.376577481514795,0.0,,,,,open
3366,2024-12-31,,2024-12-31,,192.6606930876135,0.0,,,,,open
3367,2024-12-31,,2024-12-31,,24.194598666816578,0.0,,,,,open
3368,2024-12-31,,2024-12-31,,2.6882887407573977,0.0,,,,,open
3369,2024-12-31,,2024-12-31,,67.20721851893494,0.0,,,,,open
3370,2024-12-31,,2024-12-31,,89.60962469191325,0.0,,,,,open
3371,2024-12-31,,2024-12-31,,10.75315496302959,0.0,,,,,open
3372,2024-12-31,,2024-12-31,,8.064866222272194,0.0,,,,,open
3373,2024-12-31,,2024-12-31,,5.376577481514795,0.0,,,,,open
3374,2024-12-31,,2024-12-31,,5.376577481514795,0.0,,,,,open
3375,2024-12-31,,2024-12-31,,5.376577481514795,0.0,,,,,open
3376,2024-12-31,,2024-12-31,,116.49251209948723,0.0,,,,,open
3377,2024-12-31,,2024-12-31,,16.129732444544388,0.0,,,,,open
3378,2024-12-31,,2024-12-31,,143.37539950706122,0.0,,,,,open
3379,2024-12-31,,2024-12-31,,8.064866222272194,0.0,,,,,open
3380,2024-12-31,,2024-12-31,,13.44144370378699,0.0,,,,,open
3381,2024-12-31,,2024-12-31,,152.33636197625253,0.0,,,,,open
3382,2024-12-31,,2024-12-31,,62.72673728433928,0.0,,,,,open
3383,2024-12-31,,2024-12-31,,18.818021185301784,0.0,,,,,open
3384,2024-12-31,,2024-12-31,,13.44144370378699,0.0,,,,,open
3385,2024-12-31,,2024-12-31,,85.1291434573176,0.0,,,,,open
3386,2024-12-31,,2024-12-31,,8.064866222272194,0.0,,,,,open
3387,2024-12-31,,2024-12-31,,5.376577481514795,0.0,,,,,open
3388,2024-12-31,,2024-12-31,,18.818021185301784,0.0,,,,,open
3389,2024-12-31,,2024-12-31,,5.376577481514795,0.0,,,,,open
3390,2024-12-31,,2024-12-31,,5.376577481514795,0.0,,,,,open
3391,2024-12-31,,2024-12-31,,89.60962469191325,0.0,,,,,open
3392,2024-12-31,,2024-12-31,,13.44144370378699,0.0,,,,,open
3393,2024-12-31,,2024-12-31,,10.75315496302959,0.0,,,,,open
3394,2024-12-31,,2024-12-31,,13.44144370378699,0.0,,,,,open
3395,2024-12-31,,2024-12-31,,237.46550543357014,0.0,,,,,open
3396,2024-12-31,,2024-12-31,,2.6882887407573977,0.0,,,,,open
3397,2024-12-31,,2024-12-31,,10.75315496302959,0.0,,,,,open
3398,2024-12-31,,2024-12-31,,2.6882887407573977,0.0,,,,,open
3399,2024-12-31,,2024-12-31,,989.2902565987224,0.0,,,,,open
3400,2024-12-31,,2024-12-31,,2.6882887407573977,0.0,,,,,open
3401,2024-12-31,,2024-12-31,,49.28529358055229,0.0,,,,,open
3402,2024-12-31,,2024-12-31,,10.75315496302959,0.0,,,,,open
3403,2024-12-31,,2024-12-31,,24.194598666816578,0.0,,,,,open
3404,2024-12-31,,2024-12-31,,8.064866222272194,0.0,,,,,open
3405,2024-12-31,,2024-12-31,,8.064866222272194,0.0,,,,,open
3406,2024-12-31,,2024-12-31,,8.064866222272194,0.0,,,,,open
3407,2024-12-31,,2024-12-31,,24.194598666816578,0.0,,,,,open
3408,2024-12-31,,2024-12-31,,147.85588074165688,0.0,,,,,open
3409,2024-12-31,,2024-12-31,,2007.255593098857,0.0,,,,,open
3410,2024-12-31,,2024-12-31,,21.50630992605918,0.0,,,,,open
3411,2024-12-31,,2024-12-31,,21.50630992605918,0.0,,,,,open
