company_id,trades,pnl_sum,pnl_mean,pnl_std
1,14,-6395.764779540236,-456.8403413957312,2670.7928454708203
3,4,-2295.713168884692,-573.928292221173,722.5675523212096
4,24,-164.16850373077077,-6.840354322115449,80.58458187989466
5,10,-199737.52974781147,-19973.752974781146,28939.036724001868
6,5,-1559.3041775675938,-311.86083551351874,375.48825079088675
7,3,-13.176068903340052,-4.392022967780018,98.03746387512858
8,2,-802.4961729628461,-401.24808648142306,576.8873018990171
9,3,-422.9062252356946,-140.96874174523154,202.0674743244789
10,20,-375.6634113547141,-18.783170567735706,78.06167723011791
11,9,-1568.7570993170314,-174.30634436855905,270.62677227008356
12,32,-4811.205562241852,-150.35017382005788,314.8380381567873
13,7,-671.0310398738525,-95.86157712483607,344.41910362263746
14,7,-92.52460827828706,-13.217801182612437,35.226806053436945
15,19,-273.5323245574732,-14.396438134603853,134.74637194128223
16,1,-1029.8514668077098,-1029.8514668077098,
17,1,-22.068245717308066,-22.068245717308066,
19,25,-625.3694138118997,-25.014776552475986,56.922111512123436
20,5,-15944.801421773647,-3188.9602843547295,4733.978211022005
21,6,391.7943394553381,65.29905657588968,415.23923172338885
23,13,-2628.8115350689704,-202.21627192838235,580.9601583079425
24,11,-19614.56799888556,-1783.1425453532327,3469.0936577928323
25,1,-66.2047371519242,-66.2047371519242,
26,21,-3088.772355792978,-147.0843978949037,357.9427893244867
28,11,-3572.607150839406,-324.78246825812784,3099.596016797519
30,5,324.15153555944846,64.8303071118897,145.15474786343853
31,12,-83.20457553979531,-6.9337146283162765,17.246181018551482
32,29,-5835.752319164885,-201.2328385918926,660.1578214481225
33,21,-2130.921833515802,-101.47246826265724,1073.4977103264796
34,6,-1911.140576714936,-318.5234294524893,803.7623212880961
35,8,-37657.488481303124,-4707.1860601628905,10456.546747579689
37,8,-174.67178928442226,-21.833973660552783,32.089440054569
39,7,-140.8453342759509,-20.120762039421557,25.615594360451713
41,1,-22.068245717308066,-22.068245717308066,
42,8,-2543.528622739732,-317.9410778424665,554.8313980518531
43,8,-139.03232826877337,-17.37904103359667,31.637916368352506
44,6,-2201.725638855755,-366.9542731426258,663.4801133883354
45,5,-5302.871855768764,-1060.574371153753,1964.2974036855016
46,7,-21932.940283525473,-3133.2771833607817,7401.226809432682
47,3,36.44271695495695,12.147572318318984,471.9650740454753
49,7,-2221.6918928702785,-317.3845561243255,491.6829874136665
52,16,-1159.4146503357458,-72.46341564598411,235.16315046414988
54,6,-1446.6952813969424,-241.11588023282374,401.31831901629437
55,7,-4306.218349484844,-615.1740499264063,1491.9408365594002
56,3,-91.20330344646234,-30.401101148820782,109.63175468247536
58,3,-100.99589975101833,-33.66529991700611,1439.1982410560802
59,18,-2403.4887264751114,-133.52715147083953,488.01204250854727
60,8,-3553.266119589064,-444.158264948633,358.0136744766391
61,22,-230.43071736757835,-10.474123516708106,20.425564119421676
62,31,-27475.50435344005,-886.3065920464533,2527.2174629747774
63,3,6819.39087379221,2273.13029126407,4295.664477692578
64,2,-778.2736988996973,-389.1368494498486,1478.2761953168244
65,1,-809.1690096346291,-809.1690096346291,
66,8,-323.3958659257015,-40.42448324071269,56.86867308945568
68,5,-31660.295766584477,-6332.059153316895,13240.269022075961
69,16,-12504.985741934817,-781.5616088709261,5001.970482737365
70,8,-4936.374842582467,-617.0468553228084,1269.334427296357
71,8,-3581.5063143774096,-447.6882892971762,541.8970701231844
72,11,-191.92663891154507,-17.447876264685917,36.26547240057641
73,1,-367.8040952884678,-367.8040952884678,
74,9,-7580.26911658253,-842.2521240647255,1407.5422835210757
75,34,-117409.92117904892,-3453.23297585438,13228.1981156592
76,33,-14169.45983665475,-429.37757080771974,1334.0987372629193
77,33,-2601.214635741264,-78.82468593155345,357.21421593111006
78,5,-3789.26887716992,-757.853775433984,1515.9453887336658
79,15,-2576.215216228039,-171.74768108186927,454.6298579452604
80,3,-1231.1828808357031,-410.39429361190105,759.736285173291
82,1,-66.2047371519242,-66.2047371519242,
83,1,-1875.8008859711858,-1875.8008859711858,
84,4,-242.0155772474904,-60.5038943118726,498.9286628570635
86,3,-133.92675897402341,-44.64225299134114,483.57919477219343
87,12,-97.9705302833101,-8.164210856942509,152.21635983622036
88,5,-1279.7482866242603,-255.94965732485207,422.1211973774393
89,12,-355.3654827810525,-29.613790231754376,88.72236889028036
90,12,46.77428072769483,3.8978567273079023,1228.624933976027
91,31,-654.4666242106146,-21.11182658743918,376.0890777795808
92,26,-7927.014872705338,-304.8851874117438,1104.2485518703202
93,2,-739.8224950872709,-369.91124754363545,1089.3424703947235
94,2,-37.463654762833144,-18.731827381416572,35.92762045156706
95,2,-2126.5909160013302,-1063.2954580006651,1513.1636736349883
96,17,-319.4846673617177,-18.793215727159865,40.294812964945244
97,2,-282.24916583462647,-141.12458291731323,372.58859469273824
99,3,295.35109628797386,98.45036542932462,280.6495988008277
100,8,-5819.470250707558,-727.4337813384448,977.3134857379331
101,8,-9100.33482985173,-1137.5418537314663,1754.792274831499
103,13,-703.042015915779,-54.08015507044453,161.32811467000627
105,1,-44.13649143461613,-44.13649143461613,
106,3,-316.78421055245815,-105.59473685081939,1437.839478887434
107,17,-21390.337405753522,-1258.255141514913,3552.8633407092334
108,25,-687.6048357615938,-27.50419343046375,212.72399814216433
109,22,-1442.540187365742,-65.57000851662464,188.61504400866193
110,1,-88.27298286923227,-88.27298286923227,
111,22,-16270.031013897358,-739.5468642680618,2709.0062899351406
114,3,-30.737315754121532,-10.24577191804051,86.6855269878398
116,1,-625.2669619903952,-625.2669619903952,
117,5,-682.6439199811286,-136.52878399622574,212.90582002021833
118,7,-2670.8386599320006,-381.5483799902858,647.791236466938
119,1,-66.2047371519242,-66.2047371519242,
120,4,-19005.668184699338,-4751.4170461748345,7026.250799877542
121,21,-17903.716793271487,-852.5579425367375,2485.5755001689454
122,30,-2094.661790806285,-69.82205969354283,279.68151466747383
123,18,-696.1565529555439,-38.67536405308577,121.61594335699242
124,5,-1088.367654855212,-217.67353097104242,384.03220432830915
125,3,-306.29860841928996,-102.09953613976332,106.6012924448808
126,19,-252.78776484940585,-13.304619202600307,51.37818630105138
127,18,-1647.4198469836717,-91.52332483242621,489.51948361956545
128,32,-15781.202876495568,-493.1625898904865,1911.2358629435048
129,9,-19787.422343482576,-2198.6024826091752,4603.265931185437
130,16,-1250.2576999375801,-78.14110624609876,205.99238841237585
131,29,-1756.4392237757784,-60.566869785371665,234.28537395336227
132,16,-3698.6539846730134,-231.16587404206334,599.306223907452
133,7,-133.3559594155921,-19.050851345084588,21.030258072033583
134,4,-150.8868011859339,-37.721700296483476,81.13043828906301
135,1,-22.068245717308066,-22.068245717308066,
136,3,-634.2965210537479,-211.43217368458264,968.7926680760777
137,32,-49280.600217959,-1540.0187568112187,4556.397658407839
138,8,-2229.9597224402014,-278.7449653050252,524.612013878088
139,5,-1027.4634651051756,-205.4926930210351,257.64774046724534
140,2,-15.395409045525078,-7.697704522762539,20.323014255967543
141,4,-1909.1232838524616,-477.2808209631154,1059.4738970927388
142,21,-480.9581589063703,-22.90276947173192,54.53228269875623
143,5,-790.5286972532006,-158.1057394506401,602.9830640878589
144,1,-1618.3380192692582,-1618.3380192692582,
145,5,-1320.8649575403813,-264.1729915080763,689.6159242119529
146,1,-44.13649143461613,-44.13649143461613,
147,1,-22.068245717308066,-22.068245717308066,
148,1,-88.27298286923227,-88.27298286923227,
149,2,-906.1645648776035,-453.08228243880177,659.6287409373828
150,10,-134.92655153205612,-13.492655153205613,22.40377292364855
151,25,-1229.912257301289,-49.19649029205156,292.4849244191536
152,1,-1213.7535144519438,-1213.7535144519438,
153,6,-3189.973527424095,-531.6622545706825,1752.4046864619795
154,3,-35.06479218406858,-11.688264061356193,359.33264910218026
155,31,-921.3033647047013,-29.71946337757101,287.64416697478396
156,2,34.062356113455834,17.031178056727917,148.92257255581183
157,2,-465.2784975356842,-232.6392487678421,659.2901449735323
159,1,-22.068245717308066,-22.068245717308066,
160,9,-4669.55514637707,-518.8394607085634,752.5854413249784
161,20,-441.4917699041082,-22.07458849520541,111.9879043424107
162,4,-10949.479908669313,-2737.369977167328,7268.340349007759
163,8,-2986.374087074761,-373.29676088434513,854.0547376128836
164,8,-1098.8003469564521,-137.35004336955652,218.9382291469834
165,4,-491.24117692589107,-122.81029423147277,2420.5520777702363
166,4,178.2864588764075,44.57161471910187,148.285285226005
167,32,-5102.811917336424,-159.46287241676325,569.6208064627932
168,32,-807.4156489246835,-25.23173902889636,127.54022400088635
169,31,-716.3378456008691,-23.107672438737712,109.1465920200304
170,31,-3373.648908789443,-108.82738415449816,398.2053691342534
171,32,-650.221030360023,-20.319407198750717,49.624374166232705
172,26,-3597.279862508085,-138.3569177887725,399.22574486268206
173,2,-843.1629358906018,-421.5814679453009,652.1622660345589
177,9,-319.6115610669504,-35.5123956741056,335.72557239543045
179,4,3.293255454365415,0.8233138635913537,38.775078621262494
180,1,-22.068245717308066,-22.068245717308066,
181,19,-679.9414329622759,-35.78639120854084,113.56953492807978
182,1,-22.068245717308066,-22.068245717308066,
183,1,-1544.7772002115648,-1544.7772002115648,
184,7,-1635.6916829435277,-233.67024042050394,432.40535038882393
185,1,-88.27298286923227,-88.27298286923227,
186,6,-825.7446741352043,-137.62411235586737,277.9276403828143
187,1,-22.068245717308066,-22.068245717308066,
189,21,-7153.203501931606,-340.62873818721937,1083.8791672073037
190,1,-956.2906477500163,-956.2906477500163,
191,16,-2119.61895891824,-132.47618493239,3596.375953806358
192,4,11.406811025716024,2.851702756429006,294.0703422120124
193,3,-7.734982824613866,-2.578327608204622,95.03387644217008
196,20,-813.2510711305181,-40.66255355652591,146.72162408814043
197,35,-743.9189462288964,-21.254827035111326,265.21296774715
198,17,796.0345449303397,46.82556146649057,255.804532969725
199,31,-2066.9726820122423,-66.67653812942717,650.9574160593588
202,3,-2920.1815266897083,-973.3938422299028,1996.5910130687387
203,33,-28183.039113340525,-854.0314882830462,2235.156487760268
205,17,14407.314459618274,847.4890858598984,4169.642999711481
206,23,-257.44762206359815,-11.193374872330354,34.84932175602295
207,10,-43.75122611070823,-4.3751226110708235,38.80817080810121
208,4,-1258.3749284680698,-314.59373211701745,535.327415201018
209,8,-7352.270917297386,-919.0338646621733,1245.021637063485
210,6,-340947.4308652152,-56824.5718108692,123663.2127586364
211,4,-19328.43358823618,-4832.108397059045,96248.00549971218
212,3,245.44211257324702,81.81403752441567,508.57560066833685
213,10,3204.5945715645375,320.45945715645377,2234.229573775965
214,5,-24202.45548690013,-4840.491097380026,8638.325244630645
215,8,-2.5322383485030855,-0.3165297935628857,343.08658040920403
217,12,-1376.634594590024,-114.71954954916868,548.0251777110878
218,3,731.9975225115861,243.9991741705287,687.2520914396903
219,7,-276.8378271764339,-39.548261025204845,77.15976587524192
220,6,-146.61410883675714,-24.43568480612619,33.50917594290215
221,6,-101.18617300500648,-16.86436216750108,245.327959333517
222,32,-1094.701081891437,-34.20940880910741,347.16507483985555
223,21,-62958.06122813555,-2998.0029156255023,11040.800488685583
224,2,267.26255324859,133.631276624295,251.40158854170681
225,1,-132.4094743038484,-132.4094743038484,
226,9,-35.76534069225607,-3.9739267435840073,52.10348292925421
227,17,-10803.591407329475,-635.5053769017338,2024.8308666265966
228,33,-165621.73300942554,-5018.840394225016,25135.11541634166
229,5,-252.93050123847513,-50.58610024769503,785.160358102821
231,5,-587.7627550621447,-117.55255101242895,289.4700565007017
232,25,-254.22424453083252,-10.1689697812333,61.25057896467968
235,3,41.33686332659789,13.778954442199298,330.5292601017722
236,17,-2130.9635955897247,-125.35079974057204,264.4710042759274
238,6,1864.3097701477218,310.7182950246203,1636.3374734149108
240,9,-1431.6628165886448,-159.07364628762718,302.4930644691031
241,1,-176.54596573846453,-176.54596573846453,
242,11,-757.6109575427828,-68.87372341298025,262.17613780292476
243,28,-4599.678900181053,-164.2742464350376,613.0922630023306
244,10,-487.1029455002983,-48.71029455002983,160.0589995186003
245,2,-51.243392548977624,-25.621696274488812,743.9957594175899
246,24,-152.08750390473273,-6.336979329363864,108.40855313865978
247,32,-13548.332415323199,-423.38538797884996,1007.2258707486338
248,5,-24.174339775566054,-4.834867955113211,9.885529404048517
249,1,-110.34122858654034,-110.34122858654034,
250,8,-370.8014330087208,-46.3501791260901,272.2623864280984
251,1,-66.2047371519242,-66.2047371519242,
252,1,-198.6142114557726,-198.6142114557726,
253,19,-460.5093472343111,-24.237334064963743,56.156226588553174
254,8,-1377.7106980672672,-172.2138372584084,369.1204741991084
255,1,-88.27298286923227,-88.27298286923227,
257,6,-1246.7803722691067,-207.79672871151777,263.197593475893
258,1,-1103.4122858654034,-1103.4122858654034,
260,2,17.968774313389858,8.984387156694929,43.91505455780766
261,2,-31.96783784983313,-15.983918924916566,227.06902420610334
262,2,-46.18622713657524,-23.09311356828762,60.969042767902636
263,8,-1620.5626221527036,-202.57032776908795,447.16267082244065
264,11,-130727.52837945857,-11884.32076176896,21566.42946663533
265,8,-22075.465084127653,-2759.4331355159566,4419.402510615248
266,2,-256.59015075875135,-128.29507537937567,338.7169042661257
267,1,-44.13649143461613,-44.13649143461613,
268,4,-3470.025988855341,-867.5064972138352,1690.1301849961799
270,11,-7073.841778001047,-643.0765252728224,1763.2085552858769
271,4,7646.790581601026,1911.6976454002565,6410.4006387297395
274,12,-1758.4984867642138,-146.5415405636845,2877.5649839837915
275,28,-556.6548633918844,-19.880530835424445,437.1953187900702
276,4,-163.79623410586296,-40.94905852646574,66.86538953989279
277,5,-345.6508318856656,-69.13016637713312,157.8770346307262
278,5,-925.3697617768065,-185.0739523553613,374.0471354980282
279,7,-1838.657384650903,-262.6653406644147,452.04759485866566
280,1,-22.068245717308066,-22.068245717308066,
281,2,-59.53190048014122,-29.76595024007061,51.53222664716659
282,13,-450.13013593191397,-34.62539507168569,161.2547523737134
283,3,-48.47102645302286,-16.157008817674285,62.4543761379413
284,2,-61.58163618210031,-30.790818091050156,81.29205702387017
285,5,-799.8270786903831,-159.96541573807662,274.1684789335465
288,3,40.736043628409014,13.578681209469671,35.76400014480816
289,26,-3711.9375181561445,-142.76682762139018,359.00732099247386
290,16,-11309.977795972398,-706.8736122482749,2775.339737645726
291,25,-11959.224354690472,-478.3689741876189,2667.3563070902633
292,33,-4915.771727577893,-148.96277962357252,447.00850240943635
293,2,289.5053421545333,144.75267107726665,267.1296154096002
294,13,-134.49085178194883,-10.345450137072987,55.077503227554836
295,19,-284.70773655348114,-14.984617713341112,77.32784244178386
296,7,-477.1561973579653,-68.1651710511379,153.50472288470837
297,32,-5890.751203046258,-184.08597509519555,636.9366816854553
302,1,-132.4094743038484,-132.4094743038484,
303,6,-64187.21537523465,-10697.869229205775,12424.989524362176
304,9,-2874.2953024986164,-319.3661447220685,638.4937692335566
306,11,-13542.763285104485,-1231.1602986458622,2178.671739650047
307,21,-192.72303531746888,-9.177287396069946,27.767004287537667
308,3,173.4565667736145,57.81885559120483,189.903105109696
310,3,-760.8564432896956,-253.61881442989852,1315.1677770094695
311,10,-2395.615849436784,-239.5615849436784,646.108538626866
313,19,-18389.713443759305,-967.8796549347003,1875.6375542377807
314,14,-1560.8622825756509,-111.49016304111792,2435.946359394522
315,4,-3704.692533894561,-926.1731334736403,1393.584121976742
316,15,-1488.5546646032012,-99.23697764021341,2364.217093957058
318,6,-6626.903002978707,-1104.4838338297845,1918.904008102631
320,10,-25564.724884929143,-2556.472488492914,8399.915633300654
321,6,-1867.0917851309441,-311.18196418849067,589.505400634817
322,9,-1071.7915448177569,-119.0879494241952,219.71833144596704
323,3,10.938982332241551,3.646327444080517,133.04309012707836
324,1,-625.2669619903952,-625.2669619903952,
325,1,-367.8040952884678,-367.8040952884678,
327,2,-284.7926760613822,-142.3963380306911,578.851477304709
328,13,-2750.1706569281755,-211.55158899447503,574.1961397830556
329,9,-26.065005173490306,-2.8961116859433673,167.15521844627776
330,4,-192.75935989289195,-48.18983997322299,73.03513407197258
331,10,-1572.471803001457,-157.2471803001457,476.10400530692164
332,7,-1733.8461755487624,-247.69231079268033,300.86680370395857
333,9,-468.8118546086728,-52.090206067630305,126.3881420539389
334,7,-4238.0825782754555,-605.440368325065,1492.7205916216024
335,30,-620.3420002621929,-20.67806667540643,81.25813829464953
336,4,-4906.373620727343,-1226.5934051818358,4755.356672607808
337,2,-134.4592100058075,-67.22960500290375,123.38746755030071
338,26,-26809.7278460792,-1031.143378695354,3035.607969213072
339,1,-88.27298286923227,-88.27298286923227,
340,4,-1309.3592390738945,-327.33980976847363,1576.2781517059152
341,19,-25394.225166678018,-1336.538166667264,3017.4480318748324
342,20,-5352.230901423109,-267.61154507115543,1424.2422657984212
343,6,-816.4663746031009,-136.07772910051682,274.852109698851
345,34,-97433.78810078395,-2865.699650023057,7536.989098422205
347,8,-10846.917218745193,-1355.8646523431491,2675.2684245852456
348,23,-1432.0378457560398,-62.2625150328713,188.10750630514016
349,27,-1036.4323647433152,-38.386383879382045,113.26574164320009
350,10,-971.6983029983951,-97.1698302998395,273.9491920566418
351,18,-1229.7883648796508,-68.32157582664726,220.62596235808056
352,1,-44.13649143461613,-44.13649143461613,
353,6,-1357.877063379558,-226.312843896593,360.5851692169079
357,2,-5337.075135782028,-2668.537567891014,7045.311608735416
358,6,-31.857512900122106,-5.309585483353684,106.47821828505946
359,4,-1567.3644017444344,-391.8411004361086,794.4170873157249
360,21,-423.5476113233944,-20.16893387254259,52.24593760866359
363,2,-46.18622713657524,-23.09311356828762,60.969042767902636
366,17,-1000.4311826951762,-58.84889309971624,244.6100071285762
367,9,-2227.259186635659,-247.47324295951765,425.7664335091376
368,6,-540.8867799105006,-90.14779665175011,234.25956815730873
369,2,300.4521934188697,150.22609670943484,243.66099578005398
370,7,-715.5846466283389,-102.22637808976269,178.6525612552384
372,9,-2555.9471837929573,-283.9941315325508,516.6458412809556
373,31,-1956.2672885542795,-63.10539640497676,205.98425634476493
374,1,-3052.7739908942826,-3052.7739908942826,
376,1,-44.13649143461613,-44.13649143461613,
377,10,-1237.4468129688667,-123.74468129688667,641.785714581367
378,29,-649.226571365974,-22.387123150550828,94.28983154828106
379,19,-941.6105076601002,-49.55844777158422,280.85887060698576
380,14,-3101.0304361073195,-221.50217400766567,852.714403295353
382,4,-583.390838094995,-145.84770952374876,184.10795859549376
383,3,-596.4565989006509,-198.81886630021697,434.67061724291096
384,7,-1286.433350267518,-183.77619289535974,525.1033302552372
385,1,-110.34122858654034,-110.34122858654034,
386,14,-653.0729092155276,-46.648064943966254,99.0283235880804
387,2,-156.52745572311557,-78.26372786155778,138.99207374590023
388,3,-2031.4473363220056,-677.1491121073352,1474.2226011660075
389,2,23.290048037754644,11.645024018877322,203.723825248851
390,2,-99.04529094493347,-49.522645472466735,117.21967747543725
391,5,-45.70675084768877,-9.141350169537754,241.96932631146404
392,5,-633.3396265444649,-126.66792530889298,261.9647726628889
395,21,-2159.989544156381,-102.85664495982766,334.6148095536501
396,24,-523.3055971149361,-21.804399879789003,43.09098077512242
397,10,-760.3761078558532,-76.03761078558531,280.9948709751701
398,7,-38174.05156701965,-5453.435938145664,9803.045129599326
399,3,-28.645846874583327,-9.548615624861108,58.925321887802774
400,7,-115.52258511217342,-16.5032264445962,47.76947876809694
402,17,-290.1408195387062,-17.0671070316886,85.66599616688171
403,31,-19701.06847195532,-635.5183378050103,3377.2793602297133
405,29,-580.8723279291875,-20.030080273420257,75.50712885673917
406,2,-50.28569854049345,-25.142849270246725,120.48870352130982
407,1,-1103.4122858654034,-1103.4122858654034,
408,9,-2524.4895654964407,-280.49884061071566,389.94125259438215
409,5,-6103.170245430799,-1220.6340490861598,1491.5621066950293
410,3,243.5845304544813,81.1948434848271,166.31590474947004
411,2,4.623100969823884,2.311550484911942,34.47823843707161
415,2,-874.1519444661068,-437.0759722330534,838.3111438698982
416,34,1987.132735249505,58.44508044851485,496.26615555491867
417,3,-5480.142023335548,-1826.7140077785161,4036.436651328024
419,6,-6918.989466449965,-1153.1649110749943,1648.8206479980206
420,8,-5089.343065757567,-636.1678832196959,872.0560709964236
421,3,107.69160502863255,35.89720167621085,210.6322985868966
422,16,-3277.4273370362507,-204.83920856476567,307.6299549544065
423,33,-319.1662841815009,-9.671705581257603,31.33715458305109
424,1,-22.068245717308066,-22.068245717308066,
425,22,-1223.6939936036154,-55.62245425470979,528.5281285336371
426,16,262.9980548659138,16.43737842911961,107.58957689227593
427,9,-64249.08601838142,-7138.787335375713,9548.458984876515
429,13,-12039.408942074007,-926.108380159539,2022.5330392944145
430,21,-1805.995974823091,-85.9998083249091,209.269697858382
432,5,-2797.37968818819,-559.475937637638,837.2684769424652
433,28,-1916.448090668836,-68.44457466674415,151.69276519244403
434,9,-779.5110722876675,-86.61234136529639,193.2719498603848
435,1,-1691.8988383269518,-1691.8988383269518,
436,34,-1607.9789556890246,-47.293498696736016,298.12970166110034
437,21,-1943.0092658714204,-92.52425075578192,300.87476477709555
438,18,-2034.014460983653,-113.00080338798072,247.74907137577875
439,32,-11473.18382238423,-358.5369944495072,700.3412369446805
440,19,-629.2501058337042,-33.11842662282654,146.81159017677274
441,9,-248.18789552764798,-27.57643283640533,24.28873943563964
443,5,-5094.828298753067,-1018.9656597506134,1651.0161612460429
444,10,-7844.303389270543,-784.4303389270543,3696.908734994723
445,2,-122.26070137991547,-61.13035068995774,589.7482307909509
446,1,-66.2047371519242,-66.2047371519242,
447,5,-13540.239658078508,-2708.0479316157016,4238.777550485896
450,9,-1295.437536510925,-143.93750405676943,292.0865377307995
451,14,-1332.316006626556,-95.16542904475399,547.1666870246326
452,4,-367.1057905564756,-91.7764476391189,130.00988525617876
453,1,-478.14532387500816,-478.14532387500816,
454,8,-7572.71571151221,-946.5894639390262,1452.1288204191435
455,21,-1750.5012337380278,-83.35720160657276,139.05663185486588
456,32,-42227.32186627059,-1319.603808320956,3834.7447507873953
457,27,-352213.6592992098,-13044.950344415176,29172.423032991344
458,30,-26912.165453498852,-897.072181783295,2529.1211443796014
459,13,-198.28153693109994,-15.252425917776918,54.582749768021756
460,30,-1957.2178492846533,-65.24059497615511,308.77791534984306
461,20,-3760.331139617652,-188.0165569808826,937.4963958483667
462,3,-1179.2158450514196,-393.0719483504732,1047.4746370521884
463,2,-1050.0295924911395,-525.0147962455698,817.9775742629203
467,2,-1126.8470220506842,-563.4235110253421,815.674802893378
468,23,-2575.6672105258076,-111.98553089242641,238.20542010403167
469,7,-1125.3506028637291,-160.76437183767558,606.5807102834074
470,3,146.4024515936072,48.800817197869065,360.9237865892893
471,30,2147.909899356565,71.59699664521882,1228.1876667671327
472,10,-1309.146834385333,-130.9146834385333,443.39752047370325
473,21,-2939.868014950704,-139.99371499765257,493.8587687163572
474,16,-2002.9846669420795,-125.18654168387997,197.8950134997143
475,21,-1048.8928103452654,-49.94727668310787,776.5560043930426
476,24,-1826.7344556414746,-76.11393565172811,328.67552687708337
477,31,-319838.3858580955,-10317.367285745016,55136.928734383066
478,22,-4741.037481857949,-215.50170372081587,431.93537327997205
479,4,-5745.793191860111,-1436.4482979650277,1343.544408907267
480,11,-104444.28113167356,-9494.93464833396,21751.275811459498
482,14,-6951.985210886863,-496.57037220620447,1102.6973764723946
485,3,-50029.300370784076,-16676.433456928025,29387.196847951647
486,6,-6893.796001297282,-1148.9660002162136,1518.213864594763
487,34,-32781.58155369691,-964.1641633440267,4778.054262447671
488,1,-21185.515888615744,-21185.515888615744,
489,5,-56345.54245236887,-11269.108490473775,9795.234982925358
490,13,-2126.433331925302,-163.57179476348477,265.0330277814716
491,3,-25.7832760820462,-8.594425360682067,316.77958814056694
493,5,-54162.34172396663,-10832.468344793326,12878.644754827614
494,2,-1171.9562653588323,-585.9781326794161,1668.038768806632
495,25,-27432.122140562384,-1097.2848856224953,3377.097433878012
496,6,26.527181242525963,4.421196873754327,89.24275975102248
497,3,-359.16095542015614,-119.72031847338538,250.8179178645051
498,26,-1148.0775358220144,-44.156828300846705,111.52364440151344
499,7,-49790.28406525308,-7112.8977236075825,10285.680011207458
500,4,-322.50533913863694,-80.62633478465924,140.88835154157115
501,11,-9216.61896159217,-837.8744510538337,1608.726048541458
502,31,-1598.9052894255237,-51.577589981468506,822.4544302170345
503,18,-338.1624766514552,-18.78680425841418,90.5582884326315
504,31,-52999.31113341922,-1709.655197852233,7133.206519503656
505,30,-343695.9835858465,-11456.532786194883,39740.13909932646
506,14,-345.48239430269047,-24.677313878763606,64.14199882172132
507,19,-33219.50113686905,-1748.3947966773183,5053.7903252126125
508,4,-3169.934744899134,-792.4836862247835,559.8324521937033
509,4,-116077.96745807587,-29019.49186451897,53170.6286236506
510,28,-2070.900972319584,-73.96074901141371,165.84973702052588
511,1,-625.2669619903952,-625.2669619903952,
512,3,-7320.813899393816,-2440.271299797939,9188.392260153554
513,33,-81875.57681213209,-2481.078085216124,16950.439719600792
514,20,-282.5247806012701,-14.126239030063505,111.42789582397552
516,7,-331.4636382772562,-47.35194832532232,47.461118035855456
518,4,-197.26955069755707,-49.317387674389266,623.4019874595562
520,22,-8332.353391152144,-378.7433359614611,1535.411153780813
521,18,-1411.4438708326927,-78.41354837959403,287.5978651829313
522,1,46.70985670248091,46.70985670248091,
523,17,-7420.553070769583,-436.5031218099755,1438.5033460088598
524,16,-9751.117827703378,-609.4448642314611,1964.6473867560287
525,7,-387.7663446741278,-55.39519209630397,131.8197709619561
527,1,200.18510015348963,200.18510015348963,
528,1,6.672836671782988,6.672836671782988,
530,2,109.27908243370948,54.63954121685474,20.651083506303415
531,7,-147575.07050298052,-21082.152928997217,38812.69201950012
532,2,19370.23595622706,9685.11797811353,13162.072284323267
533,12,3146.398330520578,262.1998608767148,955.518303386887
534,20,-9382.621779163108,-469.1310889581554,991.9897102259001
535,1,189.06370570051797,189.06370570051797,
536,16,-176.34027898900362,-11.021267436812726,14.232740127446787
537,1,13.345673343565975,13.345673343565975,
539,2,201.366768689903,100.6833843449515,114.07735928404523
540,27,-442.8235163715382,-16.400870976723635,99.15803589792777
542,8,-1076.893988957148,-134.6117486196435,568.298949264316
543,1,522.7055392896674,522.7055392896674,
544,8,-226.10283147911372,-28.262853934889215,76.728375238919
545,2,7933.397070359525,3966.6985351797625,5581.448417934502
546,9,-64.43345392374682,-7.159272658194092,31.29510572137639
547,14,-389.1292164488727,-27.794944032062336,59.32281360514482
548,17,-353.56214571101395,-20.797773277118466,51.146382781367194
551,10,52.509457328946525,5.250945732894652,31.366943130559804
552,2,4082.15880068129,2041.079400340645,2336.041229465815
553,2,198.9554289009482,99.4777144504741,126.69372382444946
554,21,-2026.6291933226205,-96.50615206298193,372.7383753879946
555,1,6405.923204911668,6405.923204911668,
556,4,-5180.024323988229,-1295.0060809970573,2589.7943448078477
557,2,42362.010363817375,21181.005181908688,2759.831092268225
558,22,-1835.9940780752574,-83.45427627614806,246.98623253958152
560,4,494.73251966817645,123.68312991704411,476.8006863471919
561,2,-40.444145959451646,-20.222072979725823,47.47196210869886
562,28,-9735.377234311367,-347.6920440825488,1176.8800598778894
563,3,-18259.957378726886,-6086.652459575628,21846.338593208136
564,1,166.8209167945747,166.8209167945747,
567,20,-2022.4985188329763,-101.12492594164881,312.3533370461989
570,1,13.345673343565975,13.345673343565975,
572,1,6.672836671782988,6.672836671782988,
574,4,-3392.7506334049053,-848.1876583512263,1247.2381446741801
575,3,-58.32101647587399,-19.44033882529133,48.04394946911125
578,12,-237.19349068115682,-19.766124223429735,52.46759127966828
583,9,-5437.697616081013,-604.1886240090014,738.7177449426039
584,1,111.21394452971646,111.21394452971646,
586,7,-3945.6456386658983,-563.6636626665569,1257.1545304492229
588,22,-1648.766297505018,-74.94392261386446,251.61539299144027
591,26,3115.550625915667,119.82887022752564,833.6994130871351
592,8,-14741.361621031487,-1842.6702026289358,4422.516186235932
593,23,-174.94748665001174,-7.606412463043989,26.764643458871795
594,12,-152.64215180376314,-12.720179316980262,38.81164081676907
595,6,1075.1555202711352,179.19258671185585,864.4300230242211
596,16,-394.39280556771064,-24.649550347981915,100.86542952986404
597,21,-1331.2951292114828,-63.395006152927756,260.83215034921034
598,1,13.345673343565975,13.345673343565975,
599,3,-184.85477262805216,-61.618257542684056,141.1955070315757
601,8,110.82442257168725,13.853052821460906,107.37154621551494
602,3,-57.66486115376942,-19.22162038458981,23.037070452095005
603,3,-872.8579029182315,-290.9526343060772,672.4714344875318
604,14,-10368.912551750078,-740.6366108392913,939.0001021460863
605,26,-59852.089810076934,-2302.003454233728,5742.7165525660575
606,2,497.3285688572105,248.66428442860524,21.375839290972717
607,18,-853.0373059631685,-47.39096144239825,155.22462186428345
608,1,13.345673343565975,13.345673343565975,
609,16,7716.390056394543,482.2743785246589,2313.483877630695
610,5,-50038.10054608295,-10007.62010921659,17265.974311848884
612,20,-2413.7795763502004,-120.68897881751002,1751.282322317478
615,4,-920.5225996055998,-230.13064990139995,482.58843750619616
616,1,166.8209167945747,166.8209167945747,
618,1,8363.288628634678,8363.288628634678,
619,3,-273.08602231970536,-91.02867410656846,180.69704714204326
620,5,320.3683559963704,64.07367119927407,157.65523902103064
621,2,-139.87942949574418,-69.93971474787209,112.8987022502353
622,7,5.544440527849876,0.7920629325499823,21.187688693749827
623,15,-10302.131683364509,-686.8087788909672,3524.769613174856
625,2,-1816.7112851940458,-908.3556425970229,2333.7845521155136
626,1,164.86205334050368,164.86205334050368,
627,10,-4020.2758680649763,-402.02758680649765,8341.644773999067
628,17,-237.27873689850864,-13.957572758735802,36.549382745573574
629,1,19.78344640086044,19.78344640086044,
630,5,-1353.7456686014882,-270.74913372029766,425.1438396615789
633,4,-6588.60018600906,-1647.150046502265,1721.9582717062437
634,3,-6409.579038427775,-2136.5263461425916,2004.7824573556275
635,1,263.7792853448059,263.7792853448059,
638,2,-1388.1737718190552,-694.0868859095276,1401.2573606772316
639,4,-131.04867693217062,-32.762169233042655,88.46148236306632
640,2,-3150.775425378546,-1575.387712689273,3067.27521559844
641,1,79.13378560344177,79.13378560344177,
642,12,-90.98376888149926,-7.581980740124938,17.36499906201014
643,12,-7407.720878638431,-617.3100732198692,3399.6384586109225
644,3,-787.4494004720191,-262.483133490673,437.05835845816733
645,6,-12516.903231379787,-2086.1505385632977,5829.209640352291
646,7,-653.1378975845425,-93.30541394064893,136.454748456322
647,8,-578.1217951303997,-72.26522439129997,110.36247597473722
648,26,-2181.665531236218,-83.91021273985454,188.51815893183863
649,2,-110.20425989445351,-55.10212994722676,133.88221590816883
650,10,-863.5046065123728,-86.35046065123728,265.09828660999443
652,4,-4066.908392663274,-1016.7270981658185,1581.558959444541
653,5,-261.69207586052914,-52.338415172105826,93.42954830210964
656,2,12.015827828107504,6.007913914053752,61.448572187620236
657,3,-39585.746918375335,-13195.248972791778,22733.84266718595
658,9,-691.8900397059175,-76.87667107843528,242.68437083896035
662,4,-96.77816176183225,-24.194540440458063,74.29041202055865
663,1,478.09995468746064,478.09995468746064,
665,7,-2376.1485903843873,-339.449798626341,653.7598491168139
666,5,-37.36280700227404,-7.472561400454808,15.85252202976469
667,9,-2047.4118988409675,-227.49021098232973,470.55819229599246
670,2,31.799274228967946,15.899637114483973,75.43758129290924
671,1,-262.09951721830515,-262.09951721830515,
673,17,-4042.093760558463,-237.77022120932136,506.76011803911047
674,6,-2541.555455361191,-423.59257589353183,547.7294859147659
675,3,-447.9284366257193,-149.30947887523976,1190.7643921475355
677,5,2221.1707661826536,444.2341532365307,3404.2536367430157
678,1,79.13378560344177,79.13378560344177,
679,4,-62400.0855468825,-15600.021386720626,19278.4938840555
680,5,-365.5342101059731,-73.10684202119462,101.905693759191
683,4,-61.49451880488125,-15.373629701220313,21.035151164785198
684,29,-4221.585641369394,-145.57191866791013,650.6683098071114
685,1,9.89172320043022,9.89172320043022,
687,5,-109.94196485833315,-21.98839297166663,50.39188213064035
689,5,-117.26288533166559,-23.452577066333117,24.07327924220661
690,1,79.13378560344177,79.13378560344177,
691,11,-5180.061189640485,-470.9146536036805,1152.169623515515
694,21,3262.8916728347385,155.37579394451137,2960.9729509411627
695,3,-1153.0063937706097,-384.33546459020323,597.1421799225108
697,1,29.675169601290666,29.675169601290666,
699,2,-220.40851978890703,-110.20425989445351,267.76443181633766
700,1,19.78344640086044,19.78344640086044,
701,3,-357.66332799623297,-119.22110933207766,174.7914576403877
702,29,5166.797799458553,178.16544136063973,1381.0801349306025
703,11,-121.4046745224359,-11.036788592948717,54.66897777553733
705,2,-157.53877126892732,-78.76938563446366,153.363760779922
709,1,577.0171866917628,577.0171866917628,
710,1,9.89172320043022,9.89172320043022,
712,4,-18600.133629596683,-4650.033407399171,6641.718818396442
713,3,-40.38338709125236,-13.461129030417453,39.844382870394
714,6,-427926.57244478463,-71321.0954074641,209343.16067868107
715,10,-1273.2997277259815,-127.32997277259815,254.11820056333434
718,4,-88.38942845639006,-22.097357114097516,28.80776772627889
722,27,-8002.8082629380115,-296.40030603474116,1701.8360297857057
726,2,-971.3676228353925,-485.68381141769623,989.9558304132247
728,3,-846.543678886477,-282.1812262954923,408.3977509169922
731,1,9.89172320043022,9.89172320043022,
732,1,-19.822562880528853,-19.822562880528853,
733,17,-3144.982317007689,-184.9989598239817,335.98909495082853
734,2,1040.1228393693373,520.0614196846686,2994.9245150920065
735,6,662.2218482308722,110.3703080384787,226.47596736263847
737,26,-1274.9650829496982,-49.03711857498839,384.0232252532639
738,3,-48209.84668579042,-16069.948895263473,44682.358990198314
739,2,-1093.6084756200173,-546.8042378100087,815.2649963898645
741,17,-1358.209825916244,-79.89469564213199,192.2423658944609
742,9,-45361.26402890823,-5040.140447656469,12020.73210545493
743,11,205.38845190767938,18.67167744615267,92.78734428133829
744,13,-225558.46678503396,-17350.651291156457,44008.61327954113
746,8,-2476.3877025383113,-309.5484628172889,567.2349500781937
747,5,-1443.5654954282027,-288.7130990856405,503.6345029851126
749,1,1071.6033467132738,1071.6033467132738,
750,24,-3308.840134298743,-137.8683389291143,432.82287782455614
751,24,-5965.110738145243,-248.5462807560518,3265.979748944147
752,1,-2371.3765843560946,-2371.3765843560946,
753,2,-1061.5647455184317,-530.7823727592158,327.02283943429165
756,3,-292.5186989596935,-97.5062329865645,143.0201334975331
758,10,-379.074260754864,-37.9074260754864,60.45587409697018
759,2,-152.0959087069417,-76.04795435347086,82.62768150240551
760,4,-92.8715146227083,-23.217878655677076,11.526968985231482
767,14,-14118.143253526538,-1008.4388038233241,3266.3665506311145
768,5,-78.26246546746926,-15.65249309349385,37.39013691629223
769,3,-100.23476113348319,-33.4115870444944,37.064770378488376
770,3,-660.9899286742524,-220.3299762247508,302.72331991035895
771,4,-99.92005880246737,-24.98001470061684,10.908405193403299
774,2,-650.226557552307,-325.1132787761535,300.92331160643505
775,5,-421.3276447184656,-84.26552894369311,96.80667029754399
778,3,-434.2908108054652,-144.76360360182173,103.86216525934162
779,2,-1707.7573988212384,-853.8786994106192,60.27136227076338
780,14,-73.96275644504158,-5.2830540317886845,19.380717369210156
781,5,-71.77611078072096,-14.35522215614419,15.146184336377223
782,1,-2059.3533495723977,-2059.3533495723977,
783,4,-127.27280063600152,-31.81820015900038,18.8856323885522
784,2,-2099.3858614563856,-1049.6929307281928,1431.5378801141767
785,2,-236.25503425714007,-118.12751712857003,61.15333911509305
788,4,-28179.22264257272,-7044.80566064318,7051.368846259197
789,1,-74.8855763480872,-74.8855763480872,
790,1,-119816.9221569395,-119816.9221569395,
791,1,-37.4427881740436,-37.4427881740436,
792,7,-388.2133196274062,-55.45904566105803,96.9303919530336
793,6,-2521.386896351431,-420.23114939190515,567.6635224719168
794,7,-364.4735001717918,-52.06764288168454,62.27331130021474
795,4,-193.42812555764561,-48.357031389411404,57.547957996207465
797,1,-1622.5208208752226,-1622.5208208752226,
799,17,-550.4503477711644,-32.3794322218332,83.24699422226114
800,6,-5885.039455821213,-980.8399093035355,1295.7758105232124
801,12,-137.59366508243718,-11.466138756869766,12.20313138332177
804,15,-136.9287475558171,-9.128583170387806,32.98044156033206
805,7,-1023.7109041254311,-146.24441487506158,416.1220354569324
806,1,-4867.562462625668,-4867.562462625668,
808,30,-1224.4160801425026,-40.81386933808342,114.51871107061785
809,1,-149.7711526961744,-149.7711526961744,
810,1,-624.0464695673933,-624.0464695673933,
812,4,-357.2536385895688,-89.3134096473922,86.72326742162817
813,5,-777.5000363008493,-155.50000726016987,274.7366041673001
814,1,-811.2604104376113,-811.2604104376113,
817,1,-112.32836452213078,-112.32836452213078,
818,1,-74.8855763480872,-74.8855763480872,
819,1,-149.7711526961744,-149.7711526961744,
820,3,-2160.253259633678,-720.0844198778927,1213.9598776851296
822,29,-2459.247173794546,-84.80162668257056,171.59626459663548
823,10,-1990.2548935293066,-199.02548935293066,436.9266389502698
827,7,-1789.5483823921943,-255.64976891317062,276.23519772624434
828,3,-2492.6990324259054,-830.8996774753018,706.9414200050292
829,5,-119.83207232871251,-23.966414465742503,72.04208883984862
830,20,-459.6328338081456,-22.98164169040728,52.0939072585905
831,8,-187.8061608977048,-23.4757701122131,203.8844459103689
833,19,-6002.56703263182,-315.92458066483266,651.9211493013046
834,8,-10126.389620235206,-1265.7987025294008,2087.0094181377167
837,17,-706.3068203250224,-41.547460019118965,82.16406689717533
838,7,-2461.2812336905467,-351.61160481293524,448.34410309653134
839,3,-244.52803226311514,-81.50934408770505,94.93025147377567
841,1,-624.0464695673933,-624.0464695673933,
842,5,-5438.011428906477,-1087.6022857812954,1769.8871695956689
843,5,-492.6949734532686,-98.53899469065371,130.8022801748587
845,7,-4815.631299274645,-687.9473284678064,1047.3839161968158
846,19,-90242.40713831835,-4749.600375700966,7743.186845202199
847,8,-92283.20204311168,-11535.40025538896,23784.482191322633
848,1,-37.4427881740436,-37.4427881740436,
850,27,-73621.84929509314,-2726.735159077524,9935.04449874684
851,20,-656.4866069165938,-32.824330345829694,99.54818520286454
853,2,-234.98184009259936,-117.49092004629968,138.12391531853257
854,7,-2192.8491848376325,-313.2641692625189,468.2732030586058
855,1,-80.68472895452643,-80.68472895452643,
856,5,-107.21456799246317,-21.442913598492634,113.12922206827993
860,2,-1152.155614674409,-576.0778073372045,706.708791400083
863,4,-68514.57231923811,-17128.643079809528,12112.357298868137
864,19,-199.1633912221084,-10.482283748532021,66.71181472196862
865,5,-24521.37072718634,-4904.274145437268,4169.768594151933
867,19,-2024.8076281446456,-106.56882253392871,240.83458495274175
868,15,-185.9215283279842,-12.394768555198945,58.831228678164564
869,2,-90.7231534525516,-45.3615767262758,87.98962693492427
871,8,-271.9179641443833,-33.98974551804791,63.29613084831016
872,2,-37.46772592114741,-18.733862960573706,11.541462913480496
873,12,-142.9884743274027,-11.915706193950227,34.504652269415885
875,3,-298.19608250306646,-99.39869416768882,83.79232155337948
876,1,-107.57963860603525,-107.57963860603525,
877,7,-1033.6433719093338,-147.66333884419055,195.60424693272188
878,17,-4540.874415177608,-267.1102597163299,595.0858227075898
879,4,-401.49738289835324,-100.37434572458831,128.18557123445325
880,6,-4004.5739513065173,-667.4289918844196,1045.7521378410147
881,10,-333.13313841637546,-33.313313841637544,226.85900749806387
883,4,-21876.9081723209,-5469.227043080225,5054.96030846534
884,30,-5820.787191392541,-194.0262397130847,837.9606805980729
887,6,-2010.9092138550316,-335.1515356425053,762.1073045268957
889,3,-173.1475589721189,-57.7158529907063,38.682950790257735
891,1,-134.47454825754406,-134.47454825754406,
892,4,-8231.833925050498,-2057.9584812626244,3416.6401073667084
898,4,-42.52343600405608,-10.63085900101402,12.056142172044385
899,1,-26.89490965150881,-26.89490965150881,
900,8,-55.93415243130862,-6.991769053913577,68.5824846189788
902,6,-843.9645787186479,-140.66076311977466,271.4138410110991
904,4,-203.04993178691151,-50.76248294672788,56.93954787565504
905,4,-556.7385041716232,-139.1846260429058,227.10987779279662
908,18,-2820.3260167082085,-156.68477870601157,742.3902326833577
913,2,-1617.2188511804084,-808.6094255902042,1138.5623429453842
914,16,-225.86311583527603,-14.116444739704752,39.44007395035432
917,5,-7323.824580317025,-1464.764916063405,3506.502752506213
918,2,-683.1999668504491,-341.59998342522454,150.82377033300324
919,2,-74.93545184229482,-37.46772592114741,23.08292582696099
920,14,-632.0335296206375,-45.145252115759824,276.76258006356505
924,23,-1284.0811528380311,-55.82961534078396,175.79861174410104
926,28,-2246.235377898928,-80.22269206781887,295.55325016176647
931,5,-489.00289197435353,-97.80057839487071,131.76159480156804
933,5,-296.92321572009604,-59.38464314401921,95.36030408950688
935,5,-597.8741592274172,-119.57483184548343,76.83505075665886
936,3,-659.1394477436158,-219.71314924787194,167.1294806970463
937,2,-256.15127522309746,-128.07563761154873,161.19001017183143
939,6,-1084.556540366696,-180.75942339444933,285.67764267090615
940,3,-273.6786533983951,-91.22621779946503,73.88429938414319
941,19,980.5507611459564,51.6079347971556,325.18203922301615
942,8,-108.34217885868904,-13.54277235733613,35.05065686535494
943,2,-101.83036149380364,-50.91518074690182,42.1004988209424
947,2,-216.7075636880665,-108.35378184403325,36.94034212156663
949,2,-530.4922893915792,-265.2461446957896,222.97411124411082
950,1,-14343.951814138032,-14343.951814138032,
951,6,-588.4030234863363,-98.06717058105606,199.5476366498246
953,6,-298.86299663655683,-49.81049943942614,65.56525033227094
955,1,-717.1975907069017,-717.1975907069017,
957,6,-90.6907852001609,-15.115130866693484,22.37957498044474
958,19,-1483.6464104265297,-78.08665318034366,159.41770405986014
960,3,-81.21996126825064,-27.073320422750214,62.4195153102222
961,1,-58.73786816465888,-58.73786816465888,
963,6,-1567.740221156735,-261.2900368594558,486.62280514985065
964,2,-225.29767113492363,-112.64883556746182,149.34136427104
965,20,-2481.8244337966903,-124.09122168983451,355.68034594830556
966,1,-3.524272089879533,-3.524272089879533,
967,3,-163.399128065473,-54.46637602182434,74.91570846751263
969,12,-118.39776600139693,-9.866480500116412,492.0630713160232
971,2,-58041.70822402244,-29020.85411201122,33387.14376901846
975,6,-110.27748856757088,-18.379581427928482,15.433409443659324
977,7,-198.66498499167756,-28.380712141668223,59.4472233958271
978,6,-1833.0955525278403,-305.5159254213067,680.4013779963232
980,3,-3514.1771522117865,-1171.3923840705954,1528.2573496769467
982,1,-10.572816269638599,-10.572816269638599,
983,9,-31.052468298918914,-3.450274255435435,18.505398407341232
984,15,-1011.3356064229296,-67.42237376152863,2189.736332550973
985,7,-5555.412593006067,-793.6303704294381,4168.872432560164
986,24,-11314.721676049134,-471.44673650204726,1975.127960801996
987,2,239.3127582395933,119.65637911979665,174.20374756267387
988,4,-115.53311253479188,-28.88327813369797,47.96602870378526
989,4,-86158.94099207794,-21539.735248019486,18357.837666553954
990,4,54.823489371975164,13.705872342993791,15.253829619197782
994,1,-64.61165498112477,-64.61165498112477,
997,1,-64.61165498112477,-64.61165498112477,
1001,2,-97.53282697358482,-48.76641348679241,39.0616830193124
1004,3,-33.00106073993031,-11.00035357997677,0.47759127024241216
1005,3,-46.14713905907575,-15.382379686358583,7.567564699491397
1006,15,-134.87410783612668,-8.991607189075113,133.80460875248622
1007,1,-7.048544179759066,-7.048544179759066,
1009,15,-1504.7479060893086,-100.31652707262057,272.27544095513315
1015,12,278.22494584134563,23.18541215344547,107.34551617170774
1017,4,-205.7030334964575,-51.42575837411437,59.03943062013308
1018,1,-58.73786816465888,-58.73786816465888,
1019,3,-467.983498783201,-155.99449959440034,164.86688592969173
1021,1,-14.097088359518132,-14.097088359518132,
1023,5,16.114818889078236,3.2229637778156475,48.81975750591379
1024,2,-614.410058794904,-307.205029397452,260.0109504580807
1026,1,-3.524272089879533,-3.524272089879533,
1027,10,-71.69187442607688,-7.169187442607688,19.263921151161718
1028,1,-99.8543758799201,-99.8543758799201,
1029,1,-17.621360449397663,-17.621360449397663,
1030,4,-325.1007175392939,-81.27517938482347,42.9225149253467
1032,28,-4437.983983387612,-158.499427978129,793.7290832450577
1034,5,-107.63223945701768,-21.526447891403535,68.46179753145347
1035,8,-3804.868906306524,-475.6086132883155,1351.4197629528092
1036,1,-3.524272089879533,-3.524272089879533,
1037,4,-65.7059865406795,-16.426496635169876,53.459438883700315
1038,16,-364.7914715204659,-22.79946697002912,219.57907074732407
1039,16,56.04241454184066,3.502650908865041,58.03068344134811
1041,21,692.190298237429,32.961442773210905,418.6394726775317
1043,9,-757.2214641774106,-84.13571824193451,1047.697741177281
1044,1,-21.82491269551646,-21.82491269551646,
1045,8,-485.54155272870037,-60.692694091087546,74.90543700402228
1046,1,-563.8102446341752,-563.8102446341752,
1048,2,-33.34070081804994,-16.67035040902497,7.289651893653135
1049,5,-512.1972370167604,-102.43944740335208,347.88719120799493
1050,1,-1327.6821889772514,-1327.6821889772514,
1051,3,-799.3243150734686,-266.44143835782285,340.35099507135726
1054,2,-656.6710127784052,-328.3355063892026,78.52293199914672
1057,1,-21.82491269551646,-21.82491269551646,
1059,4,-5617.032834242098,-1404.2582085605245,1955.4718181232179
1060,7,-493.3106418592221,-70.47294883703172,219.19055618726682
1063,5,-140.51386699739652,-28.102773399479304,29.33528498992324
1064,26,-980.7447486908093,-37.72095187272343,665.9017303620949
1066,1,-10.91245634775823,-10.91245634775823,
1067,7,-89.96364330369661,-12.85194904338523,21.872147606583102
1069,8,-191.601876727649,-23.950234590956125,233.24340283164642
1073,5,5611.700699119612,1122.3401398239225,2804.0872914834895
1076,1,-218.24912695516457,-218.24912695516457,
1077,7,143.422982788144,20.488997541163428,217.10316093395147
1078,5,-25.989441528708713,-5.197888305741743,17.742040049845016
1083,1,-43.64982539103292,-43.64982539103292,
1085,3,-165.19088426396888,-55.06362808798963,43.80066511368287
1086,1,-43.64982539103292,-43.64982539103292,
1087,1,-818.4342260818672,-818.4342260818672,
1089,1,-10.91245634775823,-10.91245634775823,
1090,1,-43.64982539103292,-43.64982539103292,
1091,5,-1119.027479726457,-223.8054959452914,674.7364434512394
1094,2,-111.53789057668331,-55.768945288341655,13.726063808808483
1098,2,-1919.6479164342713,-959.8239582171357,597.3928178005473
1099,1,-1036.6833530370318,-1036.6833530370318,
1101,4,-118.10637458429873,-29.526593646074684,47.74249101830614
1103,14,-7423.248868979244,-530.232062069946,2741.8766960189846
1104,5,2043.9673301633093,408.79346603266185,1503.1355765394119
1107,2,-146.5792840229625,-73.28964201148125,72.78211818249763
1108,14,1748.395650555431,124.88540361110222,923.6546629104325
1110,7,-184.4835524847934,-26.354793212113343,144.3527379127698
1111,2,-16.67035040902497,-8.335175204512485,3.6448259468265674
1112,4,-83.33333929259913,-20.833334823149784,41.39461194216694
1113,12,-8236.69747859966,-686.3914565499717,2900.6164582407205
1114,4,-400.0789566633519,-100.01973916583798,247.0857503726668
1116,5,-817.924981701781,-163.5849963403562,166.18538593447073
1117,1,-76.38719443430762,-76.38719443430762,
1119,27,-1056.7620031997574,-39.139333451842866,103.1674489056492
1120,15,-3279.5174376662476,-218.6344958444165,551.0014688409018
1121,1,-10.91245634775823,-10.91245634775823,
1122,3,6.234218782940543,2.0780729276468475,53.20108471016338
1123,9,376.52208923370324,41.835787692633694,394.73930676948464
1124,3,-1735.835323863971,-578.6117746213237,929.4792604922476
1125,2,-519.007147564906,-259.503573782453,378.9128084864308
1126,4,7.054548201007833,1.7636370502519583,324.4861542912432
1127,1,-6401.974390684828,-6401.974390684828,
1132,2,-18.16714722350632,-9.08357361175316,33.451518300856506
1134,8,-770.6101924204553,-96.32627405255691,546.7265036407873
1135,6,-352.0918985170713,-58.68198308617855,141.34132708423692
1136,5,0.14103131687514647,0.028206263375029295,94.29281669364539
1138,15,-12770.567794951236,-851.3711863300824,2518.4806309714168
1141,3,150.3122799603579,50.1040933201193,146.75643473101897
1142,1,-34.547364367600444,-34.547364367600444,
1144,12,-1980.462012957116,-165.03850107975967,511.6613016249537
1147,2,-31.338351003062336,-15.669175501531168,5.873776761167769
1149,16,-1330.2292480939732,-83.13932800587332,387.5321437949918
1150,4,31.048766827242105,7.762191706810526,145.91443900213463
1152,3,-1469.4349631202406,-489.81165437341355,903.2168422918082
1153,6,4249.866866581437,708.3111444302394,1789.2391515106274
1156,26,-7093.875455127816,-272.84136365876213,2048.9587525574893
1157,1,-17.273682183800222,-17.273682183800222,
1158,3,-7.195300241987621,-2.3984334139958734,19.324128460627524
1159,23,-1676.4241258273294,-72.88800547075346,568.280572532889
1162,2,-31.338351003062336,-15.669175501531168,5.873776761167769
1163,4,9015.920516105114,2253.9801290262785,84767.20712490314
1165,9,-1371.824463880551,-152.42494043117233,3489.446319766942
1166,4,-198.78618343267564,-49.69654585816891,635.9120244074317
1167,9,1313.9442635469313,145.99380706077014,257.5924382341436
1168,1,-335.87715357389317,-335.87715357389317,
1170,1,-5.75789406126674,-5.75789406126674,
1171,3,246.58109671759337,82.19369890586445,353.4171518858086
1172,13,-557.3426160230756,-42.87250892485197,97.61267558863312
1174,16,-13533.75623324432,-845.85976457777,3302.0486094687612
1175,10,-811.5425208807401,-81.154252088074,226.06804331166444
1181,3,-77.0673024900999,-25.6891008300333,58.53516299766832
1182,20,-21508.711840454715,-1075.4355920227358,2398.9342203157616
1185,7,-335.1723351767372,-47.88176216810531,288.32252075585615
1188,16,-56.469706308154485,-3.5293566442596553,111.59315056902737
1190,8,-93.22263496129058,-11.652829370161323,52.01535270667118
1192,2,-837.8898023076938,-418.9449011538469,31.81081576607823
1193,4,-276.75536334052356,-69.18884083513089,584.3135321368192
1194,27,-1462.401555675877,-54.16302058058804,227.4152088267028
1195,3,-13490.034932261296,-4496.678310753766,5549.699408981919
1196,2,-464.0362267790589,-232.01811338952945,279.2658114387856
1198,23,-421.65054277346155,-18.332632294498328,62.87455758303777
1200,2,-13013.575463934525,-6506.7877319672625,516.236127736654
1201,6,858.6835870858133,143.11393118096888,1105.9876174901285
1202,3,-23933.23002445067,-7977.743341483557,23074.925275564663
1204,1,-59.46768864158656,-59.46768864158656,
1206,8,-105.47231419685448,-13.18403927460681,141.264102458464
1209,3,-152.83079184893933,-50.94359728297977,340.593442074739
1214,20,-487.9517282016246,-24.397586410081228,61.6507640018445
1215,2,-1764.9220868938992,-882.4610434469496,2396.3454687542717
1217,14,-2030.2340358256229,-145.01671684468735,374.96047979536877
1218,4,-7582.302832640042,-1895.5757081600104,4023.4391710829846
1219,3,1270.8165607559386,423.6055202519795,969.5215201348158
1220,25,-29785.604621723658,-1191.4241848689462,7732.488456636677
1221,20,11149.128270149726,557.4564135074863,5327.8221487436995
1222,3,-1082.7905564965868,-360.9301854988623,603.3244551500051
1223,1,-138.757940163702,-138.757940163702,
1224,3,-302.99927530134323,-100.99975843378108,148.7742661274923
1225,3,5.847704729163304,1.9492349097211015,19.65479937316204
1229,19,-12350.056524077983,-650.0029749514728,1867.2974008569404
1230,2,-232.7120084647403,-116.35600423237015,489.5589636392467
1231,8,-927.8184379484189,-115.97730474355237,830.7827950989398
1232,5,-145.438087973082,-29.087617594616397,54.34957184616056
1233,1,-19.822562880528853,-19.822562880528853,
1235,1,-59.46768864158656,-59.46768864158656,
1236,5,-13396.893436834283,-2679.378687366857,8521.8065028059
1237,4,45.862535957126184,11.465633989281546,51.52376481879091
1239,2,-683.7619635870121,-341.88098179350607,1198.5075148284382
1241,11,-3095.6377102040533,-281.4216100185503,822.4715950131016
1242,1,-495.56407201322133,-495.56407201322133,
1243,1,-138.757940163702,-138.757940163702,
1245,5,-308.8927204870406,-61.77854409740812,171.75076421859328
1250,3,-20.725384107474696,-6.908461369158232,29.72251040114145
1253,3,255.25881309812098,85.08627103270699,203.973829525222
1254,2,-675.4045441187018,-337.7022720593509,503.58367114176576
1255,9,-3246.431458159951,-360.7146064622168,763.4271151508483
1258,6,10.13399107035448,1.6889985117257467,35.17390605114477
1259,2,-13.504796892066636,-6.752398446033318,74.55067833898484
1261,4,-48.52088537770159,-12.130221344425397,96.69535450845792
1263,4,1534.709976639396,383.677494159849,473.559422795593
1264,1,-19.822562880528853,-19.822562880528853,
1265,13,-5488.623519604202,-422.2018092003232,1464.943495640102
1266,2,-131.00276799451888,-65.50138399725944,131.6337525299668
1268,3,-368.9557488421702,-122.98524961405673,265.9035979913101
1269,1,-19.822562880528853,-19.822562880528853,
1270,1,-138.757940163702,-138.757940163702,
1271,5,78.51963700034509,15.703927400069016,37.325142474908915
1272,8,-475.96016865182753,-59.49502108147844,129.52498926563027
1273,4,826.1311146963578,206.53277867408946,353.55999421038365
1276,4,-1186.0782426383798,-296.51956065959496,479.55673873542577
1279,2,-389.7660994562451,-194.88304972812256,752.2827811078963
1281,4,-229.84779643842234,-57.461949109605584,253.5486577991359
1282,3,194.45147550947303,64.81715850315767,104.08988466919543
1283,3,-664.7922986115982,-221.59743287053274,982.6145089622462
1285,3,-73.4425467929521,-24.480848930984035,64.87102941033783
1287,8,-135.6169799432253,-16.95212249290316,49.332639762457354
1289,2,-42.51993812249947,-21.259969061249734,82.06721248449779
1290,25,-8000.022621693676,-320.00090486774707,2271.3239992295253
1295,7,-222.3524774015124,-31.764639628787485,1007.0330662961794
1296,2,-146.12390807602588,-73.06195403801294,64.87481730578673
1297,4,102.69474261387398,25.673685653468496,330.7173047207249
1298,15,-8042.892330762852,-536.1928220508568,2643.9094473660116
1300,3,-70.96688181497134,-23.655627271657114,51.32712476634543
1302,2,-96.12111906457747,-48.060559532288735,44.1654539607473
1303,8,-13.415813308320216,-1.676976663540027,42.52246927628798
1304,4,36.872966755482004,9.218241688870501,10.029667773343505
1305,2,32.95537851957634,16.47768925978817,2.69756632346109
1306,3,-246.87646028049738,-82.29215342683246,163.1355396759627
1307,6,695.0703035274363,115.84505058790604,372.6032972937039
1308,5,6015.282174186429,1203.056434837286,2229.0472405828546
1309,1,183.8515669980797,183.8515669980797,
1310,1,73.54062679923189,73.54062679923189,
1311,10,-436.48246663521576,-43.648246663521576,195.36981056462932
1312,1,735.4062679923188,735.4062679923188,
1314,7,31.353547675967583,4.479078239423941,77.69570763497263
1315,1,18.385156699807972,18.385156699807972,
1316,1,260.4563865806129,260.4563865806129,
1317,1,55.15547009942391,55.15547009942391,
1319,17,-473.0418482282036,-27.82599107224727,104.6519777276426
1320,11,-3595.8292718315215,-326.89357016650195,1480.604622533196
1322,1,1118.430365904985,1118.430365904985,
1324,14,-280.8821006304929,-20.06300718789235,130.82717029148316
1326,9,-139.2852824671253,-15.476142496347258,191.35822088392078
1327,24,-756.2325378160324,-31.509689075668017,112.7552539494936
1333,3,94.52675088612453,31.50891696204151,40.3483090910412
1335,4,608.4595664287829,152.11489160719572,200.03263024301495
1336,5,31026.916393531443,6205.383278706288,51204.86346496314
1337,2,97.30342696890423,48.65171348445212,48.19850773810135
1338,4,5222.90108161381,1305.7252704034524,1953.7621552626645
1339,1,36.770313399615944,36.770313399615944,
1340,1,2451.3542266410627,2451.3542266410627,
1341,1,73.54062679923189,73.54062679923189,
1342,3,38.67556132590404,12.891853775301348,26.801429868665025
1343,24,1478.2110382311225,61.59212659296344,244.46131053832488
1344,5,-23.91859379553379,-4.783718759106758,65.36983117444957
1346,1,352.3821700796528,352.3821700796528,
1348,6,3468.7968359812085,578.1328059968681,1943.079102410854
1349,9,-540.5069869468243,-60.05633188298048,365.8471372538445
1351,1,9.192578349903986,9.192578349903986,
1352,1,36.770313399615944,36.770313399615944,
1354,8,-1741.4179895394775,-217.6772486924347,635.188497587022
1356,1,9.192578349903986,9.192578349903986,
1359,5,12.299583371399503,2.4599166742799006,13.840602022889609
1361,24,-3868.215940226298,-161.17566417609575,766.6504566599382
1365,13,-1905.6765390459896,-146.59050300353766,818.2109021227762
1367,14,11280.974841477388,805.7839172483848,4141.374215807525
1368,4,12359.049030041377,3089.762257510344,3485.969842713991
1369,2,111.52888993847759,55.764444969238795,13.861489495648101
1370,10,473.6260416604602,47.36260416604602,300.1018937820282
1372,3,145.57547492073996,48.52515830691332,28.95946258750812
1373,1,73.54062679923189,73.54062679923189,
1374,1,321.74024224663947,321.74024224663947,
1377,1,36.42555454942092,36.42555454942092,
1378,2,-1803.1273369253597,-901.5636684626799,1446.715278151936
1379,3,-5.479318260172464,-1.826439420057488,8.949490502391418
1381,2,20.119134957864418,10.059567478932209,26.9844338482884
1383,6,-258.9290231260435,-43.15483718767391,140.39788424573547
1384,8,751.9732714447669,93.99665893059586,338.02291175667204
1385,1,43.71066545930511,43.71066545930511,
1386,7,-2889.3344458843685,-412.7620636977669,830.1058301653072
1387,2,5732.723620761577,2866.3618103807885,26167.613366065732
1388,16,-7870.767116732305,-491.92294479576907,1034.263833485033
1392,3,-67.57545544858839,-22.52515181619613,108.52256196600122
1396,5,-591.5456321470901,-118.30912642941803,768.5586556446339
1398,1,25002.50064272252,25002.50064272252,
1399,3,70.75127767038727,23.583759223462422,38.89528218990416
1400,1,29.14044363953674,29.14044363953674,
1401,1,133.56036668121007,133.56036668121007,
1402,11,-19012.286046224068,-1728.3896405658243,8132.627560594299
1405,2,12.83402404798023,6.417012023990115,21.833082522213196
1406,2,330.1276219781075,165.06381098905376,350.3843367974811
1413,11,-180.39544582270085,-16.399585983881895,27.148098059782612
1416,4,302.8047717319888,75.7011929329972,242.35640681194351
1418,10,1140.4562195366261,114.04562195366262,380.909415467897
1420,2,28.442504665008485,14.221252332504243,52.00703064249539
1422,17,-68288.2818307954,-4016.9577547526706,13334.802225008849
1425,2,-233.9810595759061,-116.99052978795305,206.66040450393842
1426,7,-290.02776433807827,-41.43253776258261,335.2394471982451
1427,2,2.7744565690480227,1.3872282845240114,8.340865598068994
1429,12,-144.8283232180362,-12.06902693483635,15.425135697182839
1430,2,-278.6223103345822,-139.3111551672911,217.6211303317466
1431,8,-1211.7869992393607,-151.4733749049201,356.6995517968634
1432,14,-918.3497956596766,-65.59641397569119,251.3749389331059
1433,2,-1007.4371338836264,-503.7185669418132,1158.8160772481033
1439,1,7.285110909884185,7.285110909884185,
1443,24,2672.3795680236317,111.34914866765132,614.4688104064614
1446,2,10.059567478932209,5.0297837394661045,13.4922169241442
1447,3,5.478565191097628,1.8261883970325428,13.705428359379512
1448,1,7.285110909884185,7.285110909884185,
1449,2,56.378032203643784,28.189016101821892,269.21579068336234
1451,15,-83703.8373846975,-5580.2558256465,10475.490061643355
1452,4,-526.4627032460028,-131.6156758115007,922.1804377961031
1453,1,157.84406971415734,157.84406971415734,
1454,1,14.57022181976837,14.57022181976837,
1455,4,159.80835766116763,39.95208941529191,52.855745250392644
1456,1,364.2555454942093,364.2555454942093,
1458,1,-112.76635852090408,-112.76635852090408,
1459,7,-2869.9858940097856,-409.9979848585408,480.9410823596578
1460,1,-22.553271704180816,-22.553271704180816,
1461,3,-916.0332332545826,-305.34441108486084,440.72860260562777
1462,19,-303.5679857225525,-15.977262406450132,210.69515640345804
1464,6,-9456.784705437074,-1576.1307842395124,4065.6237500415546
1465,1,-4.510654340836163,-4.510654340836163,
1466,9,-10.811934139933243,-1.201326015548138,17.91670493740267
1467,9,-2080.0402133534435,-231.11557926149374,697.0121584476555
1470,1,-22.553271704180816,-22.553271704180816,
1471,7,-998.2755375975801,-142.6107910853686,235.33413542442213
1472,6,-142.08463220705306,-23.680772034508845,67.71337228419638
1473,1,-75.17757234726939,-75.17757234726939,
1474,2,778.3444043683007,389.17220218415036,667.3214630672019
1475,8,-59.513511400460686,-7.439188925057586,346.3873225844851
1480,3,83.1495810586214,27.716527019540464,60.71197391886527
1481,22,-7167.668702577424,-325.80312284442834,2342.2767213542866
1483,1,-481.136463022524,-481.136463022524,
1485,2,22.80687649521826,11.40343824760913,60.78009683536593
1486,20,-7192.760093122526,-359.6380046561263,1217.8215346003706
1487,1,-13.531963022508489,-13.531963022508489,
1488,1,-9.021308681672325,-9.021308681672325,
1489,3,1549.7890358199109,516.5963452733037,968.7501530175473
1493,5,-5.5966972384119975,-1.1193394476823995,12.191074925498828
1494,11,-120.32792932429513,-10.938902665845012,119.86227403177797
1495,4,20.514532304358617,5.128633076089654,16.906422345271935
1496,6,-210.70671853195182,-35.11778642199197,64.63212202907688
1497,1,-180.42617363344652,-180.42617363344652,
1498,4,78709.13021420472,19677.28255355118,38374.73637374085
1500,13,-2735.4347105502575,-210.4180546577121,817.3215769241336
1502,1,-82.69532958199632,-82.69532958199632,
1503,5,133.74152664919018,26.748305329838036,162.5028793323156
1504,1,-13.531963022508489,-13.531963022508489,
1506,1,-436.0299196141624,-436.0299196141624,
1507,1,-13.531963022508489,-13.531963022508489,
1508,1,-13.531963022508489,-13.531963022508489,
1510,1,-22.553271704180816,-22.553271704180816,
1511,3,-1995.6156326081818,-665.2052108693939,1194.8996234671852
1512,1,-202.97944533762734,-202.97944533762734,
1513,3,486.8809213086318,162.2936404362106,311.66768795508614
1514,8,93.88886592406627,11.736108240508283,61.47178539309483
1515,1,-398.4411334405277,-398.4411334405277,
1517,5,114.89437758718589,22.978875517437178,135.6428054561613
1518,1,-4.510654340836163,-4.510654340836163,
1519,1,-27.063926045016977,-27.063926045016977,
1521,1,-4.510654340836163,-4.510654340836163,
1523,1,-75.17757234726939,-75.17757234726939,
1524,1,-90.21308681672326,-90.21308681672326,
1527,7,-5320.164554972929,-760.0235078532756,2661.138389673933
1528,2,-87.78270756928111,-43.89135378464056,799.0971056451683
1529,1,-4.510654340836163,-4.510654340836163,
1532,3,-116.17632392644727,-38.72544130881575,110.88198986418045
1533,3,1816.680591799778,605.5601972665927,810.7508799328521
1534,3,574.4468248849992,191.48227496166638,521.231627095821
1535,1,-4.510654340836163,-4.510654340836163,
1538,4,-33.50320533608392,-8.37580133402098,35.968824348122254
1540,3,-20.510946900530953,-6.8369823001769845,52.66778902254557
1541,20,-19526.53063396705,-976.3265316983525,4292.779537872747
1542,1,-97.73084405145019,-97.73084405145019,
1543,1,-9.021308681672325,-9.021308681672325,
1544,1,-112.76635852090408,-112.76635852090408,
1546,9,-18875.25102219396,-2097.2501135771067,2534.11136225062
1547,1,-75.17757234726939,-75.17757234726939,
1548,3,-14.009501788927519,-4.669833929642507,35.08389216271326
1549,1,95.16754954187493,95.16754954187493,
1550,1,27.1907284405357,27.1907284405357,
1551,10,-456.4280950301008,-45.64280950301008,814.6853634876352
1553,4,1547.2130025225488,386.8032506306372,784.5051083042359
1556,12,-23.99772943685321,-1.999810786404434,11.092278522669966
1557,4,39.32925990684194,9.832314976710485,41.10796867115636
1558,4,5.588529285394388,1.397132321348597,46.258250008246975
1560,6,147.60119752713882,24.60019958785647,120.44314226749513
1561,13,-1772.6946651484684,-136.36112808834372,404.58141916655165
1562,10,-6565.15489434215,-656.515489434215,1512.1528893080385
1564,23,-5309.636783904918,-230.8537732132573,584.8171223075104
1567,4,178.41493665553145,44.60373416388286,141.69466801109513
1569,4,-508.21048219110605,-127.05262054777651,487.51386498403355
1570,1,67.97682110133924,67.97682110133924,
1572,14,-18740.28248237367,-1338.5916058838336,4140.152601471285
1573,1,226.5894036711308,226.5894036711308,
1574,5,11192.869646977773,2238.573929395555,5237.266055919579
1576,7,-748.0396249111814,-106.8628035587402,263.24511379205023
1577,4,-1352.9794768189868,-338.2448692047467,572.1534571721085
1579,1,13.59536422026785,13.59536422026785,
1580,2,84.83330625482289,42.41665312741144,36.14753620526312
1589,16,-19185.094151867866,-1199.0683844917417,3826.8639802056696
1591,1,1087.6291376214278,1087.6291376214278,
1593,2,350.41940872762353,175.20970436381177,232.88477147193473
1594,18,-1048.952890887683,-58.275160604871274,497.6401449781362
1596,6,-244.68960735908843,-40.78160122651474,322.35325000567667
1597,16,-23770.025425836262,-1485.6265891147664,5253.578905601139
1598,1,54.3814568810714,54.3814568810714,
1600,1,13.59536422026785,13.59536422026785,
1601,2,44.04721359401935,22.023606797009673,7.307413506706064
1602,3,-367.5003815870235,-122.50012719567451,230.60471282080834
1603,1,95.16754954187493,95.16754954187493,
1604,3,-18.943680567155056,-6.314560189051686,28.41907351490314
1606,9,-3108.7007164206198,-345.4111907134022,526.2343480190806
1608,1,13.59536422026785,13.59536422026785,
1609,23,-1739.3349327950868,-75.62325794761247,372.1322642611854
1610,17,-1183.2340813599342,-69.60200478587848,262.35631882817466
1611,2,1878.142974390521,939.0714871952605,1270.3673878322957
1613,12,-316.07272646337856,-26.339393871948214,215.64611784866756
1615,6,65.93079917436809,10.988466529061348,62.23232384629157
1616,2,70.08388174552469,35.041940872762346,46.57695429438694
1617,14,-31.15649811628151,-2.225464151162965,749.3113169350971
1620,1,294.5662247724701,294.5662247724701,
1621,2,52.22480936366787,26.112404681833937,17.701768381519543
1624,5,-110.90657866133962,-22.181315732267926,55.8263757583381
1625,13,-1516.221815537634,-116.63244734904877,367.2456162948261
1629,2,206.74258993726795,103.37129496863398,126.96233883900715
1631,4,5425.259124408504,1356.314781102126,2500.1054304554095
1633,2,22.023606797009673,11.011803398504837,3.653706753353032
1636,3,-10.070547866785017,-3.356849288928339,33.111280013980576
1638,13,-86.95537873507828,-6.6888752873137145,26.771346193118244
1639,3,182.54032797831943,60.84677599277314,285.0055311794414
1642,7,-4162.261915247349,-594.6088450353355,1260.3750249680402
1643,3,-62941.182962184444,-20980.394320728148,40173.025660529995
1644,4,-6824.0422769860215,-1706.0105692465054,2714.9560819002622
1645,5,-94.27650464375115,-18.855300928750232,40.02660422270964
1646,21,-6035.856611979994,-287.42174342761876,2249.832428535466
1650,5,-123.07252353931887,-24.614504707863773,64.55483109466373
1652,2,-32.53904478742291,-16.269522393711455,31.948080441768504
1654,20,-4838.929463757683,-241.94647318788415,611.8063837413758
1655,2,-32.53904478742291,-16.269522393711455,31.948080441768504
1656,16,-103136.31805337974,-6446.019878336234,53947.93494241391
1657,16,-1768.175989415704,-110.5109993384815,238.23745677778405
1658,18,-1205.9443913097198,-66.99691062831776,378.2902452057352
1659,4,-800.2794586961563,-200.06986467403908,237.805215249969
1660,1,2.107060644185456,2.107060644185456,
1662,6,-273.6343472815038,-45.605724546917294,189.6140739216326
1664,2,-547.7857233965982,-273.8928616982991,437.00689531340737
1665,2,-19.89668092231017,-9.948340461155086,40.88758166101749
1666,7,-74.84157884807,-10.691654121152856,27.25820887283804
1668,3,-219684.92337907624,-73228.30779302541,145455.60324909864
1669,3,-694.0525089072836,-231.35083630242787,445.3136289474059
1672,1,101.8412644689637,101.8412644689637,
1673,1,10.535303220927279,10.535303220927279,
1674,3,-287.4525482637313,-95.81751608791042,225.9980025701084
1676,6,-1207.9359738359421,-201.32266230599035,489.7085603373997
1677,4,-133.23767489544778,-33.309418723861945,251.74806692567003
1679,2,-43.54091557067073,-21.770457785335363,51.64691283733983
1683,9,-3614.3532230030046,-401.5948025558894,915.0344486796363
1685,10,-541.6108008870876,-54.161080088708765,70.04107686408443
1689,21,22.201040410814038,1.0571924005149542,260.4657566594022
1690,13,-511.75865568688806,-39.36605043745293,111.74643613725212
1691,5,-280.74410042853015,-56.14882008570603,84.64592663885156
1692,21,-20661.058306716095,-983.8599193674331,2705.6088715507785
1693,12,-3343.537180952597,-278.6280984127164,537.0550778559913
1694,2,-477.32459142299916,-238.66229571149958,349.4387903812995
1695,9,-1028.7472896315705,-114.30525440350783,217.55087402000518
1696,5,-6913.178901348024,-1382.6357802696048,2481.418478921515
1697,5,-943.2844338534451,-188.65688677068903,368.54007736360575
1699,5,-929.2242592806598,-185.84485185613195,519.3718128399391
1700,14,-1960.0516459424114,-140.00368899588653,639.8483914926128
1701,20,-850.0943153080127,-42.50471576540063,111.11891536601905
1703,1,-550.5198785330398,-550.5198785330398,
1707,8,-130.1491227853284,-16.26864034816605,38.81785728846242
1708,9,-222.79740580078635,-24.755267311198484,27.498934168904658
1709,7,-646.154258559272,-92.30775122275314,210.78651955670105
1710,7,-345.4750305831784,-49.35357579759692,64.9553194877953
1711,3,-258.3682704561565,-86.12275681871883,207.97162067309532
1712,1,-155.4409068799171,-155.4409068799171,
1713,4,11184.322713365902,2796.0806783414755,6284.104502312528
1714,3,-1584.644402727106,-528.2148009090353,507.24354358124174
1715,3,-1460.6472446894454,-486.8824148964818,445.8972019742036
1717,16,-2215.033622870786,-138.43960142942413,188.06510369637613
1719,2,-322.7660527589439,-161.38302637947194,229.7420992264027
1721,1,-6217.636275196684,-6217.636275196684,
1722,10,-1164.4324196470147,-116.44324196470147,192.22688798000254
1723,3,-59.46034183471089,-19.82011394490363,19.7302787413133
1724,20,-530.7342355381933,-26.536711776909662,232.18316102612042
1725,3,-2329.996115725624,-776.6653719085413,1359.5253735698534
1729,4,-62.272044810103296,-15.568011202525824,29.69252570481587
1731,7,-2931.0871373359796,-418.72673390513995,5426.573747199878
1733,9,-291.1630014321065,-32.35144460356739,165.5071817109328
1734,7,52.21381575270681,7.459116536100972,189.23682203319703
1737,4,-68.57754928779403,-17.144387321948507,44.150428391325
1738,1,-58.290340079968914,-58.290340079968914,
1739,5,-2105.4608568620333,-421.09217137240665,645.7024685175659
1741,3,-102.36515877269112,-34.12171959089704,44.911217101575026
1743,4,-495.7237515391131,-123.93093788477827,287.92910350079825
1745,3,-1363.1744387261183,-454.3914795753728,785.4305553486303
1747,2,-362.18144455118784,-181.09072227559392,339.2628575677025
1750,16,-287.9527353880799,-17.997045961754992,146.98658679578298
1751,4,1098.0383525580123,274.5095881395031,673.8359586976507
1752,4,-669.775039989121,-167.44375999728024,898.4095865476742
1753,3,-44257.63099604378,-14752.543665347926,13753.003778278893
1755,15,-229.32196977331165,-15.288131318220776,150.9093905993078
1756,1,-77.72045343995855,-77.72045343995855,
1758,1,-77.72045343995855,-77.72045343995855,
1759,3,-205.26490249915727,-68.42163416638576,89.61009063894288
1760,1,-19.430113359989637,-19.430113359989637,
1761,2,-37.25647185865416,-18.62823592932708,28.612355769947893
1763,1,-38.86022671997927,-38.86022671997927,
1766,11,-963.8147229183702,-87.61952026530638,197.6721665816143
1770,9,-130.13677991838154,-14.459642213153504,26.497573110045494
1771,9,-3999.7046040099985,-444.41162266777764,943.2031863384924
1773,2,-56.152000264868754,-28.076000132434377,42.72952933195453
1774,4,-80.15904687533373,-20.039761718833432,95.01263682843008
1775,1,-77.72045343995855,-77.72045343995855,
1776,17,-5305.805026831535,-312.1061780489138,1745.1761073769399
1778,3,-96.71681369336504,-32.23893789778835,41.071094316629676
1779,3,-1002.389892447172,-334.12996414905734,302.92604935033813
1780,2,-33.45035405101856,-16.72517702550928,86.26034714600992
1781,10,-7307.509452123746,-730.7509452123746,2344.7804973786433
1782,5,-196.22883777171288,-39.24576755434258,228.34145702454782
1783,3,-11.171324091286968,-3.723774697095656,15.577645504095022
1784,3,18.052653381748506,6.017551127249502,25.834322732657174
1785,9,-541.3166615998408,-60.14629573331565,253.65291044015288
1786,4,-8.361975499977053,-2.090493874994263,33.892538287851536
1787,1,13.364623844375979,13.364623844375979,
1789,2,-17.927190345856413,-8.963595172928207,17.212541612392606
1790,4,-45.73376540700604,-11.43344135175151,22.430886631731173
1792,1,60.586294761171104,60.586294761171104,
1793,2,74.85266888911673,37.426334444558364,51.41679517766725
1794,5,-2116.399887525497,-423.2799775050994,1096.0674361612105
1796,17,6.138257129193235,0.36107394877607263,78.9869883055156
1801,2,-7.770076224130671,-3.8850381120653354,24.394705885150525
1802,9,-496.0198513559277,-55.1133168173253,116.82943203720403
1806,10,59.227420416450514,5.922742041645051,197.89036057270403
1807,1,1.0691699075500785,1.0691699075500785,
1809,1,1.0691699075500785,1.0691699075500785,
1811,7,-1049.7138182002043,-149.95911688574347,374.1885829997244
1816,3,-36.186897042736106,-12.062299014245369,46.34560737494413
1817,2,-1598.0526321782165,-799.0263160891083,1161.4945734007808
1818,7,-21942.195996282622,-3134.5994280403747,39068.59215007516
1819,1,65.0411693759631,65.0411693759631,
1820,20,-999.5276687481943,-49.976383437409716,286.72307915808904
1821,4,-388.310383671443,-97.07759591786075,127.45174731768968
1823,1,4.811264583975352,4.811264583975352,
1824,1,1.6037548613251176,1.6037548613251176,
1825,2,-902.4723791242457,-451.23618956212283,657.0447714090423
1827,20,-1771.980508124427,-88.59902540622134,1663.5615889349956
1828,3,23.870915233616397,7.956971744538799,33.42673832631641
1830,2,-185.93562098635957,-92.96781049317978,137.52447679854063
1833,1,22.274373073959968,22.274373073959968,
1836,17,-4406.66989759028,-259.21587632884,736.8815409143091
1837,10,-977.7499245228298,-97.77499245228299,340.513149673661
1838,19,-1060.057445881626,-55.792497151664534,145.02978182718712
1839,9,-9073.143050778253,-1008.1270056420282,4820.120695190806
1842,3,-834.6453618149442,-278.2151206049814,844.3423217828882
1843,1,1.0691699075500785,1.0691699075500785,
1846,4,-494.2414180748953,-123.56035451872383,166.7070711474602
1848,6,-113.43988379549583,-18.906647299249304,32.12956418348095
1852,1,4.276679630200314,4.276679630200314,
1853,1,0.5345849537750392,0.5345849537750392,
1854,11,-449.41759436416936,-40.85614494219721,773.0421700463048
1855,18,-12362.131724166213,-686.7850957870119,9869.238508030086
1857,4,11432.714285502238,2858.1785713755594,11904.569421288745
1858,2,459.7789781152378,229.8894890576189,22.705916524604124
1860,10,-2652.6398634050975,-265.26398634050975,610.6547390957339
1861,1,-2923.6335094767533,-2923.6335094767533,
1863,18,-644.8329412941199,-35.82405229411777,155.16035341018477
1864,8,-7105.877267959433,-888.2346584949291,3197.7716699213547
1865,2,-298.8797647237599,-149.43988236187994,286.8097494972176
1866,2,-160.1833944783836,-80.0916972391918,125.84507131941267
1867,4,-548.98017657495,-137.2450441437375,481.2968160753987
1868,1,-63.40410020551995,-63.40410020551995,
1869,3,-478.60672280200646,-159.53557426733548,430.2760889795728
1871,4,-1485.8508389142587,-371.4627097285647,875.9921134561076
1872,2,5.547918140502155,2.7739590702510775,33.81195001218662
1873,9,-22029.686577758355,-2447.742953084262,3039.751383165446
1877,6,-45.43292538618905,-7.572154231031508,25.295946125455465
1878,14,-118.54188855747175,-8.467277754105124,42.926927223949534
1880,1,-1479.4290047954655,-1479.4290047954655,
1881,7,-286.95590140897457,-40.99370020128208,76.45573568181149
1885,4,-995.8885907582477,-248.97214768956192,207.5787962286295
1887,2,-957.2329554427561,-478.61647772137803,407.8650987066859
1888,7,-1308.1837747911552,-186.88339639873647,266.26137779983446
1890,4,-28.33341752403476,-7.08335438100869,28.666229605829688
1891,1,-563.592001826844,-563.592001826844,
1894,18,2424.998931226063,134.7221628458924,1366.7606328370557
1895,2,-598.9626439815731,-299.48132199078657,821.8435974952762
1896,5,-675.0126649682769,-135.0025329936554,396.7190820223472
1897,1,-84.5388002740266,-84.5388002740266,
1898,3,-29.132600516042203,-9.710866838680735,23.928375059508046
1899,1,-1726.00050559471,-1726.00050559471,
1900,6,81.04831326550405,13.508052210917342,137.84143916565753
1901,1,-126.8082004110399,-126.8082004110399,
1902,1,-84.5388002740266,-84.5388002740266,
1903,9,-19718.473249821312,-2190.941472202368,4271.021459872299
1905,1,-493.14300159848847,-493.14300159848847,
1908,2,-89.19041279239471,-44.595206396197355,26.599792718379366
1910,3,-3746.34120744992,-1248.7804024833067,1986.3806135033676
1911,3,-417.9180135407548,-139.30600451358495,489.7094756985317
1912,1,-8453.88002740266,-8453.88002740266,
1913,2,7.749548351836864,3.874774175918432,95.14669661142594
1914,8,-535.0768568142489,-66.88460710178111,308.5122790821832
1915,3,-25.133650292274424,-8.377883430758141,15.51530108416158
1917,6,876.4198302120199,146.0699717020033,505.9375990955283
1919,7,-136.64830606191242,-19.521186580273202,58.656804562184185
1921,3,-2143.8105575439267,-714.6035191813089,6021.850904817565
1923,2,-274.45723354230637,-137.22861677115318,403.709018487929
1925,2,2.495497559614819,1.2477487798074094,270.7653985089653
1927,2,-812.2174075296941,-406.10870376484706,1119.384400173611
1929,5,-262.44331867449534,-52.48866373489907,62.28884456231255
1931,6,-43.43547316730853,-7.239245527884755,30.29287502526654
1936,1,-634.0410020551996,-634.0410020551996,
1937,11,385.56379708188604,35.051254280171456,169.19000819051914
1938,17,-1268.542791364378,-74.62016419790459,590.9366111842461
1939,5,-124.13447153124237,-24.826894306248473,30.193449610872822
1941,2,-88.8879439265176,-44.4439719632588,26.813670504538877
1943,3,-460.5118865992805,-153.50396219976017,368.1443171877357
1944,10,-205.3283368606928,-20.532833686069278,66.65161376076027
1945,8,-431.9901194792435,-53.99876493490544,192.87007278837274
1946,4,-186.0769193057644,-46.5192298264411,140.5425015195121
1947,4,-2973.8175672416114,-743.4543918104029,967.1810289996653
1949,17,-834.2010522648316,-49.070650133225385,406.4204644397426
1950,1,237.1788285245227,237.1788285245227,
1951,9,65.48389371668276,7.275988190742528,51.014606343761606
1952,2,146.05337889888392,73.02668944944196,316.0015603743193
1953,5,-1451.5813418237717,-290.31626836475436,658.63306689369
1955,4,-495.3426549664864,-123.8356637416216,345.5782267521972
1957,2,-27.337634887691625,-13.668817443845812,44.487240711224395
1959,7,3080.49808121938,440.0711544599114,1272.060710406787
1961,4,-4892.682274785529,-1223.1705686963824,2211.60551550746
1962,16,-12.924127596835312,-0.807757974802207,68.78711333126098
1964,1,35.57682427867841,35.57682427867841,
1965,4,-100.80319444649861,-25.200798611624652,106.62752485604875
1967,10,-37.82429124890645,-3.782429124890645,95.95412046315252
1970,1,35.57682427867841,35.57682427867841,
1971,9,-2163.388732340656,-240.37652581562847,637.0080639616856
1972,8,-443.4746976083579,-55.43433720104474,424.59971694038273
1974,2,278.3747754794566,139.1873877397283,515.9300300623719
1976,5,-4609.08226748629,-921.8164534972581,1760.0822513914486
1978,1,-214.88593822395634,-214.88593822395634,
1979,17,218.1023176414633,12.829548096556664,95.4089189463616
1982,4,-94.32352853612116,-23.58088213403029,53.41435721158744
1983,7,-7142.484642071975,-1020.354948867425,915.9805854862848
1984,6,-29.953470196514672,-4.992245032752446,250.2384892039636
1985,1,26.682618209008805,26.682618209008805,
1986,2,-10.445528370486466,-5.222764185243233,19.9644107941153
1990,1,80.04785462702641,80.04785462702641,
1993,1,177.88412139339204,177.88412139339204,
1994,17,-273.335534491588,-16.078560852446355,128.00003475442827
1995,1,844.9495766186121,844.9495766186121,
1997,18,-152.2668752987638,-8.459270849931322,56.903966000350984
1998,2,118.99156250134669,59.495781250673346,251.28177525845751
1999,8,-1795.3798783470747,-224.42248479338434,355.64146051274577
2000,1,518.8286873973934,518.8286873973934,
2002,1,17.788412139339204,17.788412139339204,
2005,3,-1058.0901862942396,-352.6967287647465,409.0978989993481
2006,3,-282.033391720531,-94.01113057351033,115.27748258310618
2008,1,-902.5209405406166,-902.5209405406166,
2009,11,45.60798043722332,4.146180039747574,103.94677340220535
2011,5,-93.90842510400046,-18.78168502080009,41.517226212083344
2014,1,-6.446578146718689,-6.446578146718689,
2016,16,2394.5380385518865,149.6586274094929,850.990784282776
2018,5,-967.991383832316,-193.59827676646321,407.0043628382729
2021,1,-494.2376579150996,-494.2376579150996,
2024,1,-12.893156293437379,-12.893156293437379,
2025,13,-4190.687655831999,-322.36058891015375,979.3957378862451
2026,1,-128.9315629343738,-128.9315629343738,
2027,5,-1505.5388159853192,-301.10776319706383,522.387361222638
2029,1,-1890.996256370816,-1890.996256370816,
2030,1,-784.3336745174406,-784.3336745174406,
2031,7,1138.3452233667672,162.62074619525245,503.91438317844757
2038,2,-104.58834904269199,-52.294174521345994,10.137263119279984
2039,5,-763.5565525191402,-152.71131050382803,600.759552626112
2042,16,-27589.936242184314,-1724.3710151365196,6591.471257599063
2043,1,-38.679468880312136,-38.679468880312136,
2044,5,-26.182241144251144,-5.236448228850229,37.81641384751412
2045,1,-19.339734440156068,-19.339734440156068,
2046,6,-837.8592523653156,-139.6432087275526,269.44633362644396
2047,3,-1157.4028136172162,-385.8009378724054,477.4213241791778
2051,4,-22.688664896986232,-5.672166224246558,11.093606794517168
2053,2,-500.6086227173771,-250.30431135868855,317.51639885996497
2056,2,-1157.6326737464128,-578.8163368732064,362.7280014298234
2058,12,-365.19502743606154,-30.432918953005128,115.45518836754002
2059,10,-1871.3663899396734,-187.13663899396732,482.13034345502655
2061,3,-7969.1072779309925,-2656.3690926436643,3534.9356575861125
2065,5,-751.5832473774637,-150.31664947549274,308.5236748512492
2066,3,-51.111794703002694,-17.0372649010009,8.64769651104916
2067,8,-131.3581198382478,-16.419764979780975,31.96499056475968
2068,9,-16954.262935392275,-1883.8069928213638,4594.4525848138
2069,15,-1738.3342886669507,-115.88895257779672,2679.197406474863
2075,1,-601.6806270270777,-601.6806270270777,
2078,3,-76.43727681913063,-25.479092273043545,8.340497695023117
2079,4,-35.92039575514408,-8.98009893878602,32.71947337777369
2082,5,-44.10235507987383,-8.820471015974766,24.356660612253034
2083,1,-6.446578146718689,-6.446578146718689,
2086,5,374.8629631121893,74.97259262243786,599.4665914006833
2089,8,79.70977634611869,9.963722043264836,141.8194735582043
2090,4,-957.9113385559308,-239.4778346389827,761.9987619757243
2091,1,-161.16445366796725,-161.16445366796725,
2092,8,-3.5856451072339723,-0.44820563840424654,51.50425189791821
2096,15,39834.652634521335,2655.643508968089,22937.047503863847
2097,17,-1318.4254469505152,-77.55443805591266,3704.5894968767725
2098,16,-18254.524446161216,-1140.907777885076,22705.84481229538
2099,14,-901.6542489721531,-64.40387492658236,132.44523626301037
2103,14,-1092.1162358953663,-78.00830256395474,360.93362093871815
2104,10,-7391.70804110981,-739.1708041109811,2835.818708713509
2110,1,-198.20767338553722,-198.20767338553722,
2112,3,-34.38923354112035,-11.463077847040116,19.097891265499975
2113,15,-856.2978704609541,-57.08652469739694,137.33962641482387
2114,3,-195.58363871051134,-65.19454623683711,107.87847062422918
2116,15,1808.8500051867059,120.5900003457804,392.76641623854493
2119,4,-125.91286508718008,-31.47821627179502,17.381074621787292
2120,3,4.187917476498718,1.3959724921662395,24.704565538625044
2121,16,-732.5344620147615,-45.783403875922595,602.3589728817929
2122,3,-38.12679378696098,-12.708931262320327,36.56595404903792
2123,1,-141.576909561098,-141.576909561098,
2124,14,236.1931730030961,16.870940928792578,483.0971982022832
2125,1,-23331.87469566895,-23331.87469566895,
2126,1,-4303.938050657379,-4303.938050657379,
2127,1,-792.8306935421489,-792.8306935421489,
2128,4,-634.9258793874632,-158.7314698468658,631.6063449689802
2133,1,-467.2038015516234,-467.2038015516234,
2135,3,195.29403237296629,65.09801079098877,156.8397823325763
2136,16,-1168.6072677310146,-73.03795423318842,947.9493792809226
2138,3,-355.08692819819686,-118.36230939939895,453.9198935031641
2140,8,-38796.837688872,-4849.604711109,13767.44948095957
2141,1,-167627.06092034004,-167627.06092034004,
2143,5,-74.38072675595646,-14.876145351191292,27.401796140865724
2145,2,-508.2854364813159,-254.14271824065796,275.3196849538296
2147,6,-105.52204428215154,-17.58700738035859,27.643002416612532
2148,14,-840.128332437785,-60.00916660269893,533.4869666655561
2151,5,-1301.9490124638005,-260.3898024927601,815.5776577306227
2152,8,-58.61263836218563,-7.3265797952732035,13.025223643617151
2153,1,-16.989229147331763,-16.989229147331763,
2156,2,-620.0351059795532,-310.0175529897766,2.0529403525207983
2157,6,-108.66034529323191,-18.110057548871985,47.31155576587527
2162,1,-8154.829990719245,-8154.829990719245,
2163,10,992.6325896370709,99.26325896370709,420.2900704227969
2164,10,-1359.374753361501,-135.9374753361501,308.1648911792045
2165,5,-146.7483902337546,-29.34967804675092,48.20976415051602
2166,2,-90.37684095075645,-45.18842047537822,126.51345206194176
2168,13,-861.976246501899,-66.3058651155307,373.925217132424
2170,14,-15290.604044655634,-1092.186003189688,9242.084845579271
2171,3,-569.687700571235,-189.89590019041168,327.4941237716376
2172,1,-981.8006066436199,-981.8006066436199,
2173,15,-9960.742502467558,-664.0495001645038,19891.78004427758
2174,3,-2329.7492298961756,-776.5830766320586,695.4241808007362
2175,1,-1963.6012132872397,-1963.6012132872397,
2176,2,-6941.347295421509,-3470.6736477107547,5882.166242594799
2177,3,1679.499343760403,559.833114586801,1027.5749842061023
2178,5,-702.0883029648085,-140.41766059296168,180.50128122218644
2180,2,498.3500220221627,249.17501101108135,447.59644455655643
2181,1,-16.830867542462055,-16.830867542462055,
2182,1,-16.830867542462055,-16.830867542462055,
2185,13,-911.9157362886089,-70.147364329893,226.20562037756204
2187,7,-491.3812456821194,-70.19732081173134,135.41298582106543
2188,5,-1150.5826865548506,-230.11653731097013,714.9513347640345
2189,8,259.1907054354822,32.39883817943527,82.75521367090643
2190,3,-165.6689487968553,-55.2229829322851,20.834702005730115
2191,3,-746.7652430246989,-248.92174767489962,622.15907184863
2192,5,-1827.1559492704341,-365.4311898540868,503.58275725156693
2193,6,-883.2155210569416,-147.2025868428236,331.6856577668957
2194,14,5.4200551358011495,0.3871467954143678,356.2023947558721
2195,3,-14.615144484385818,-4.871714828128606,17.13349895029611
2198,1,-50.49260262738616,-50.49260262738616,
2201,3,-137.85247625694169,-45.950825418980564,48.024063241546074
2202,1,-151.4778078821585,-151.4778078821585,
2203,1,-617.1318098902753,-617.1318098902753,
2207,4,-190.99556806398908,-47.74889201599727,108.47600692919863
2209,15,2853.999446705465,190.26662978036433,1060.1000168769126
2211,11,34.32407795336951,3.120370723033592,288.5531331434451
2213,12,1300.6987857321442,108.39156547767868,547.8109596806896
2214,10,-353.55905223354273,-35.35590522335427,647.2446555606922
2215,4,-870.7207005857862,-217.68017514644654,387.4833592928587
2217,9,-545.9492711472908,-60.66103012747676,1292.3172331173323
2218,9,-8.389655954382576,-0.9321839949313974,52.80517743419987
2219,3,68.78767180946821,22.929223936489404,82.74876226568674
2220,3,-237.52366468140335,-79.17455489380112,150.39723669437157
2222,1,-16.830867542462055,-16.830867542462055,
2223,1,-134.64694033969644,-134.64694033969644,
2225,3,201.56729015297046,67.18909671765682,248.20430245219737
2228,3,126.78566515046023,42.26188838348674,315.27766790699764
2229,1,-16.830867542462055,-16.830867542462055,
2230,4,-198.3679620601073,-49.59199051502682,2999.3505122041292
2231,2,-977.551908489131,-488.7759542445655,1212.961708149881
2232,3,-212.84038814465998,-70.94679604822,125.60583212826492
2235,6,-4629.423275236294,-771.5705458727157,1184.8790246638368
2236,7,757.9696409423416,108.28137727747738,232.114671229089
2239,7,-7642.3894354429885,-1091.7699193489984,3455.2156901739604
2240,5,-257.96626318769364,-51.593252637538725,270.6452937037588
2241,2,18.482975412032864,9.241487706016432,70.40706270090573
2242,2,13.295870083338475,6.647935041669237,32.33665007792521
2243,1,44.27009938893999,44.27009938893999,
2244,1,14.756699796313328,14.756699796313328,
2245,3,-30.562727025383595,-10.187575675127865,332.26435024214265
2248,7,-1225.7016428013105,-175.1002346859015,681.7680039954074
2249,1,516.4844928709665,516.4844928709665,
2250,13,-1246.6180938399336,-95.89369952614874,271.64314503412334
2253,1,59.02679918525331,59.02679918525331,
2254,3,4808.714471871944,1602.9048239573146,3043.8852714849786
2259,12,1045.7364968283152,87.14470806902627,611.0573192083949
2260,2,303.51096607750065,151.75548303875033,237.5497124581021
2263,13,1923.535309047816,147.9642545421397,641.5472868300027
2266,9,-1864.1195144801386,-207.12439049779317,7845.264243126866
2267,2,116.59276865753178,58.29638432876589,105.37858753527631
2271,3,-15.462636164186796,-5.154212054728932,31.627932282131972
2272,1,1205.1304833655886,1205.1304833655886,
2273,3,-968.5092481201764,-322.8364160400588,411.9221656201608
2275,2,262.4307315111003,131.21536575555015,197.0340749333558
2279,14,-1653.0919178797506,-118.0779941342679,335.8532266600933
2280,2,-1.4608297129748529,-0.7304148564874264,21.902087584017913
2281,11,-2063.920801226766,-187.62916374788782,836.3059218065312
2282,3,331.3396923331473,110.4465641110491,432.8955778933655
2283,1,29.513399592626655,29.513399592626655,
2284,1,787.023989136711,787.023989136711,
2286,1,14.756699796313328,14.756699796313328,
2289,8,-4.8537553246008045,-0.6067194155751006,19.154902795464846
2290,7,24.494425743264138,3.4992036776091626,41.6793215291917
2293,2,48.06936125916479,24.034680629582397,49.48632863759705
2294,5,-762.7388537659368,-152.54777075318736,436.7958456243803
2296,1,29.513399592626655,29.513399592626655,
2297,12,-901.8845450382721,-75.157045419856,644.708367134405
2299,6,-35369.10314882224,-5894.850524803707,8461.860589714212
2301,1,44.27009938893999,44.27009938893999,
2302,2,-506.33765330756813,-253.16882665378407,62.44113174685794
2303,7,-20633.2337526405,-2947.6048218057854,9407.51384825658
2304,7,1227.504804177186,175.35782916816945,4012.6461613284296
2306,4,-57.08346673636923,-14.270866684092308,83.19719746670299
2307,9,-959.6064558692858,-106.62293954103176,314.5757580018894
2309,5,-200.6508967688023,-40.13017935376046,81.27891688351238
2310,13,-826.3468604601426,-63.56514311231866,821.3817627589829
2311,13,-747.0141873412886,-57.462629795483736,2024.9226208342807
2312,2,-596.0717528475673,-298.03587642378363,37.21462509215801
2313,7,-402.10597772224037,-57.44371110317719,745.9852183664207
2314,2,-61.94922447864354,-30.97461223932177,9.402141447764674
2319,3,932.3074682682878,310.76915608942926,1141.2785120535402
2320,12,-376.76378010833525,-31.396981675694605,459.53221552235414
2321,11,-87.08780037535495,-7.917072761395904,107.48318369432009
2323,11,-284.1807914597949,-25.834617405435896,254.29976906546278
2324,1,-148.66068716847496,-148.66068716847496,
2326,3,-24276.68776515161,-8092.229255050537,4909.420607517913
2327,3,-1125.0870010743297,-375.0290003581099,164.21103936372882
2329,2,-41.29948298576236,-20.64974149288118,6.268094298509778
2330,1,-8.10876475464409,-8.10876475464409,
2331,3,-1655.80705385244,-551.93568461748,275.6083628406426
2332,7,-2517.595873787226,-359.65655339817516,580.9898749147359
2333,3,-1113.2706436391027,-371.0902145463676,170.19778873167257
2334,3,-1548.5227338568125,-516.1742446189375,438.27184095501485
2335,1,-40.543823773220446,-40.543823773220446,
2337,2,-78.92241320047364,-39.46120660023682,32.87152338144037
2339,2,-169.63014392664246,-84.81507196332123,39.67394943340463
2340,2,-28.75850624752527,-14.379253123762634,2.599715395800418
2342,8,-211.9848609919182,-26.498107623989775,1070.9634623308455
2343,11,-178.67726862662192,-16.243388056965628,131.52134838338847
2344,9,16.054992334304316,1.783888037144924,59.628633041287856
2345,11,148.67571053992,13.515973685447273,189.14554952789305
2346,10,-19464.79567583472,-1946.479567583472,4410.378877232989
2347,5,-17.71375419764598,-3.542750839529196,19.38925868629592
2352,7,-98.29689494858721,-14.042413564083887,41.85176320221765
2353,11,-17379.818545867896,-1579.9835041698088,3759.5120733747203
2355,11,167.77277154389643,15.25207014035422,68.81574404366361
2357,12,-295.4007971701887,-24.616733097515723,257.3118431768523
2358,11,-135.16928238754787,-12.28811658068617,82.43464587631922
2359,11,-513.686426696911,-46.69876606335554,325.58610848609646
2360,9,-47.66686960797604,-5.296318845330671,45.12477790506284
2361,3,-3.554514037589671,-1.1848380125298903,6.076776177147084
2363,4,-53.33010436303536,-13.33252609075884,12.479925154185196
2365,12,-1963.0722764278048,-163.58935636898374,1037.0916283585111
2366,9,-46.692006873204534,-5.188000763689392,27.012867497875792
2367,3,-655.4281229962477,-218.47604099874923,283.2050287443222
2368,7,-1392.8967336882813,-198.98524766975447,412.497516326952
2370,4,-503.1966317619707,-125.79915794049268,125.95006535764911
2373,6,-875.941977384552,-145.990329564092,342.44416194264926
2374,9,-538.9181629354364,-59.879795881715154,159.00679207875385
2376,3,-936.0501336605626,-312.0167112201875,280.58651360469446
2381,1,-606.1472090147927,-606.1472090147927,
2382,5,-243.05193244505364,-48.61038648901073,124.99661426729261
2384,3,14.229796603674158,4.743265534558053,19.641531870817186
2385,2,-749.1827041458869,-374.59135207294344,115.92105138142244
2386,1,-50.16390695294836,-50.16390695294836,
2387,3,-38.79184174173562,-12.930613913911872,23.76723842117906
2390,3,-139.587468844137,-46.529156281378995,251.10622633087758
2391,2,-268.2145283469691,-134.10726417348454,171.92069241827295
2392,2,-70.49524399297681,-35.247621996488405,3.359193097027046
2394,2,-70.56960648524165,-35.284803242620825,56.51346904034184
2395,3,-8.610098327475571,-2.8700327758251905,8.475176824098353
2396,5,-392.61801620119957,-78.52360324023991,172.81383061632104
2398,3,-491.4260972672478,-163.8086990890826,155.98657486290145
2401,2,-1359.6190612641333,-679.8095306320666,930.4035434024853
2402,4,-163.49999031151282,-40.874997577878204,114.2813020753524
2403,1,-564.3439532206692,-564.3439532206692,
2404,1,-12.54097673823709,-12.54097673823709,
2405,1,-25.08195347647418,-25.08195347647418,
2406,10,-2691.713674972146,-269.1713674972146,326.3286449033153
2408,4,-7.11558512436566,-1.778896281091415,54.184742574634384
2412,9,-670.6607634324189,-74.5178626036021,196.25354023519657
2413,10,146.79752567425294,14.679752567425293,381.1684418696186
2414,7,372.49986725850266,53.214266751214666,195.56812817592728
2415,3,-1870.3761024574424,-623.4587008191475,688.3738559711874
2416,12,-2582.6981949648343,-215.22484958040286,498.3406224793206
2417,11,6032.058247487455,548.3689315897686,5368.231183853731
2418,1,-25.08195347647418,-25.08195347647418,
2419,1,-62.70488369118546,-62.70488369118546,
2420,3,-64.00745613149685,-21.335818710498952,86.81032024853839
2421,5,-74.24421751421319,-14.848843502842637,35.53397016977706
2422,8,0.5799626730343519,0.07249533412929399,57.5994463225281
2424,4,-121.64186835536512,-30.41046708884128,79.97703960101141
2425,1,-647.9504648089164,-647.9504648089164,
2427,7,4957.938345961066,708.2769065658666,1715.8533388007327
2429,2,-98.74427509374816,-49.37213754687408,54.326589198203536
2430,2,-34.45585259041412,-17.22792629520706,6.628347629625502
2431,9,-81.21500918899304,-9.023889909888116,25.602810598769043
2432,1,-209.0162789706182,-209.0162789706182,
2434,11,-135.04637165846316,-12.276942878042105,745.1141979735984
2435,1,-752.4586042942254,-752.4586042942254,
2436,10,-936.2690018739856,-93.62690018739856,627.3294389155112
2437,3,-857.8484730426442,-285.94949101421474,494.65089029721497
2438,1,-12.54097673823709,-12.54097673823709,
2439,1,-12.54097673823709,-12.54097673823709,
2440,1,-12.54097673823709,-12.54097673823709,
2441,1,-1546.7204643825746,-1546.7204643825746,
2442,4,-1940.3796505357432,-485.0949126339358,893.1074529390089
2443,4,-300.72287071999926,-75.18071767999982,189.724943410945
2444,1,-25.08195347647418,-25.08195347647418,
2445,1,-100.32781390589672,-100.32781390589672,
2446,1,-794.2618600883491,-794.2618600883491,
2448,10,2254.330388166267,225.4330388166267,3429.8316000395457
2449,6,-118.55631494546186,-19.759385824243644,117.43035327642606
2451,4,-24.35450936621758,-6.088627341554395,17.858340015448974
2452,2,-179.3611233017872,-89.6805616508936,131.44182216433143
2453,1,-21.91487585217703,-21.91487585217703,
2454,10,264.15642916079037,26.415642916079037,179.4281219215855
2457,7,-516.9610090914302,-73.85157272734718,219.64630182089277
2458,4,252.7304333937849,63.18260834844622,60.460600794952086
2459,1,-10.957437926088515,-10.957437926088515,
2460,4,-30.191049684094622,-7.547762421023656,62.88059546001817
2463,10,-83.55570414683679,-8.35557041468368,30.992052794181973
2465,8,785.2123036352457,98.15153795440571,687.8884549952154
2472,9,-780.4981840201235,-86.72202044668039,631.1442305375402
2474,1,-43.82975170435406,-43.82975170435406,
2475,4,-36.98772168897798,-9.246930422244494,60.90542511877219
2477,9,-1017.5261074472608,-113.05845638302897,204.60810736350058
2479,5,38.15126240655923,7.630252481311847,33.223365782549415
2480,3,-7.026559515326996,-2.3421865051089985,7.572989643573247
2483,9,166.63271085101175,18.514745650112417,73.62393653621875
2488,3,-70.93677494031645,-23.64559164677215,65.33779830433328
2489,2,-59605.06593903975,-29802.532969519874,70251.64813771394
2490,8,152.52768835336855,19.06596104417107,227.42883960427272
2491,1,-54.787189630442576,-54.787189630442576,
2493,3,24.62660145702108,8.20886715234036,208.4545635579534
2494,1,-21.91487585217703,-21.91487585217703,
2495,1,-785.2830513696769,-785.2830513696769,
2496,4,-618.7427496940448,-154.6856874235112,396.8344498464862
2498,5,31.162641753650238,6.232528350730048,36.43377525030633
2504,10,-74.26267311121764,-7.426267311121764,248.8450064951911
2505,11,-660.7024526133256,-60.06385932848414,237.20479633691153
2508,3,-46.319974249654535,-15.439991416551512,25.69045325299909
2509,2,81.48975584285088,40.74487792142544,73.11811627765164
2510,9,2938.561386457334,326.50682071748156,777.3711963862049
2511,10,2154.903977587892,215.4903977587892,1854.771408995685
2514,3,2.1353038000306883,0.7117679333435628,10.177070890494624
2515,2,-7.083212173989427,-3.5416060869947135,10.487569963124665
2518,8,421.72113278847206,52.71514159855901,111.77109148023813
2520,1,-87.65950340870812,-87.65950340870812,
2522,6,-24.7355860344598,-4.122597672409967,390.4607613438104
2523,10,-456.01218928879496,-45.6012189288795,4471.956589698085
2524,1,-6136.165238609569,-6136.165238609569,
2525,8,-537.5466470126012,-67.19333087657515,581.3174627118912
2527,2,350.0980944966534,175.0490472483267,170.65081009238554
2528,3,379.6439854499675,126.54799514998916,154.6009877441053
2530,2,8215.980456166326,4107.990228083163,3542.1851807217627
2531,2,352.16125449184176,176.08062724592088,2.9166459809450256
2532,4,362.3537216344397,90.58843040860992,75.67777865832973
2533,1,13.05136853208556,13.05136853208556,
2534,2,84.91123471423539,42.455617357117696,55.31758004467177
2536,9,-326.5724798475845,-36.285831094176054,313.4775461044164
2539,2,103.22955421256273,51.614777106281366,65.4363500894688
2540,9,-873.4585511147483,-97.05095012386091,432.86464686715243
2541,3,14.146833287390168,4.7156110957967226,4.411779307443776
2542,2,7.861756821523037,3.9308784107615184,3.6696096322638785
2543,1,125.0756150991533,125.0756150991533,
2544,6,-446.5921817427594,-74.4320302904599,140.45846819311865
2545,4,33.27250876723022,8.318127191807555,35.47930594683809
2548,9,-303.38120480881105,-33.70902275653456,85.24804773110456
2550,7,2692.402122709809,384.6288746728299,1066.5858957418989
2552,3,14.318799741688181,4.7729332472293935,2.9766065358825546
2553,2,1311.3239936628963,655.6619968314482,549.3477025967275
2554,6,24.906929108641375,4.151154851440229,17.12669003762827
2555,3,6.513695578827576,2.171231859609192,1.345476200552663
2556,2,34.05117214916446,17.02558607458223,3.608318844382554
2558,5,30.552024316596132,6.110404863319227,33.95423578515679
2560,9,508.8856320888757,56.54284800987508,313.1881748638348
2563,7,14478.667974633325,2068.3811392333323,4945.120558303587
2565,2,3.9308784107615184,1.9654392053807592,1.8348048161319392
2566,9,1259.848449394631,139.98316104384787,280.657602882042
2572,5,2016.5659055477176,403.3131811095435,503.46797876097395
2573,1,3.26284213302139,3.26284213302139,
2574,9,757.6737092887754,84.18596769875282,606.5469218042836
2575,2,27.516148875330632,13.758074437665316,12.843633712923577
2576,2,11.124598954544428,5.562299477272214,5.9767874304644835
2577,1,3.26284213302139,3.26284213302139,
2578,2,4.5422620298392165,2.2711310149196082,2.2671183190881523
2581,1,3.26284213302139,3.26284213302139,
2582,2,15.1328166209852,7.5664083104926,3.142549538052495
2584,10,931.1957210052901,93.11957210052901,319.69035041179154
2585,2,3.9308784107615184,1.9654392053807592,1.8348048161319392
2586,2,308.4344038808473,154.21720194042365,112.59942587337574
2587,2,6326.5524368662445,3163.2762184331223,2712.5416524884163
2590,1,369.7887750757576,369.7887750757576,
2591,10,-128.22657905173287,-12.822657905173287,632.4558695463124
2592,6,-373.36921577685746,-62.22820262947624,1357.9013738914796
2593,3,267.85850497983904,89.28616832661301,66.77934555423836
2594,1,3045.3193241532977,3045.3193241532977,
2598,7,1.3648952595956416,0.19498503708509166,229.66993421999814
2599,8,-29.70546956879747,-3.7131836960996836,38.23586026261347
2600,3,1012.0903458168264,337.36344860560877,517.9246933321148
2601,3,16.136519713546647,5.378839904515549,3.2055914421223024
2603,4,127.2011128274944,31.8002782068736,57.46116491533193
2605,1,4.008217666440771,4.008217666440771,
2606,2,16.96696747821829,8.483483739109145,4.439490046921133
2608,2,3.250853445806187,1.6254267229030934,1.3539545520358798
2610,8,184.1441151160242,23.018014389503026,98.90854782994306
2611,1,18.92769453597031,18.92769453597031,
2613,8,574.8430517809533,71.85538147261916,383.4879839198482
2614,2,10.375932643711462,5.187966321855731,5.447400405228577
2615,8,-339.40440574898304,-42.42555071862288,279.91917146411896
2617,2,19.28372411156927,9.641862055784635,9.982997017612075
2618,8,-8230.626116099382,-1028.8282645124227,3458.9496277601797
2620,1,12.247331758569024,12.247331758569024,
2621,7,-5096.550275323947,-728.0786107605638,2942.9242384174613
2622,1,0.6680362777401285,0.6680362777401285,
2623,8,-84.23463060816945,-10.529328826021182,58.89236357907227
2627,4,-14.117939288824005,-3.529484822206001,13.744509855570238
2628,1,0.6680362777401285,0.6680362777401285,
2629,7,-61.41014106769648,-8.77287729538521,28.49799752492417
2630,8,-780.7636330106811,-97.59545412633514,236.0849972311049
2632,2,5.210298307579345,2.6051491537896725,1.7947453370194872
2633,8,8687.092660116672,1085.886582514584,5589.9443080683695
2634,4,158.02612386876672,39.50653096719168,71.97003067704047
2635,3,42.347869180297984,14.115956393432661,16.040792091173287
2636,1,6.012326499661157,6.012326499661157,
2638,3,124.96212330132316,41.654041100441056,18.734633477653766
2639,4,823.6020896404227,205.90052241010568,291.7744080901883
2640,7,695.2030657883122,99.3147236840446,1709.7086017131762
2641,3,9.42931402583935,3.1431046752797833,0.9995527453110405
2642,3,18.262098655691812,6.087366218563937,5.934129747357682
2643,2,219.6331321777099,109.81656608885496,121.82140567751668
2644,6,-39538.169458059914,-6589.694909676652,8147.862655583762
2645,2,5.833670613872245,2.9168353069361226,3.1802820861404246
2646,1,43.422358053108354,43.422358053108354,
2647,6,588.9092348936578,98.15153914894296,271.20965018113003
2648,9,517.5750602771536,57.50834003079485,651.8804070341796
2649,2,141.8348298763442,70.9174149381721,64.07710805540569
2650,2,4.631589972733671,2.3157949863668357,1.4487011432910513
2651,1,1.336072555480257,1.336072555480257,
2652,3,70.86927590152276,23.62309196717425,23.520766738514247
2653,6,590.5230456943509,98.42050761572516,2796.8721427344776
2654,8,230.21795468899938,28.777244336124923,221.51125363832415
2655,3,69.56426390626574,23.188087968755244,26.217488950864542
2657,9,-673.2258258163491,-74.80286953514991,627.4818703699332
2658,5,225.96695024955022,45.19339004991004,107.60746382933964
2660,3,6.317751750099154,2.1059172500330514,1.6284346780563583
2661,6,64.68049478255043,10.780082463758404,75.34743386722924
2662,1,5.344290221921028,5.344290221921028,
2665,8,-26.90488430521612,-3.363110538152015,73.42950220817575
2667,5,517.4511351617441,103.49022703234883,276.85131883818576
2668,8,17.52959628723209,2.191199535904011,45.48132993334977
2669,2,1779.0422478686476,889.5211239343238,354.393607975763
2673,3,64.40677249433699,21.468924164778997,32.54810217904739
2674,9,-514.4526202030524,-57.1614022447836,749.0050276548861
2675,1,22.26787592467095,22.26787592467095,
2679,7,-64.38279371724566,-9.197541959606523,55.345468842584026
2680,2,173.6766102526448,86.8383051263224,59.824844567316234
2681,6,-34.891367766135446,-5.8152279610225746,76.57678436924186
2682,4,148.19324947457304,37.04831236864326,39.45725285424837
2685,1,2.5828171680660583,2.5828171680660583,
2688,1,3.8742257520990875,3.8742257520990875,
2692,8,-377.431891620294,-47.17898645253675,557.1967210822922
2695,1,105.46503436269738,105.46503436269738,
2696,4,614.4332117578845,153.60830293947112,462.8834375970016
2700,2,4.842388024552905,2.4211940122764526,1.5977578751933446
2702,1,5.165634336132117,5.165634336132117,
2704,2,30.400925001850176,15.200462500925088,8.94209201192383
2706,2,17.27081606637247,8.635408033186234,10.385983623053002
2709,2,23.727858986537615,11.863929493268808,5.820164787791641
2710,2,8.716613776651993,4.3583068883259966,1.1417334259634726
2713,7,385.04002203311416,55.005717433302024,145.91223686556467
2715,2,97.38913211416315,48.69456605708157,10.276344079399601
2716,4,-466.1438641772891,-116.53596604432228,199.72756092223582
2717,1,6.457042920165145,6.457042920165145,
2719,8,445.91218171941523,55.739022714926904,162.29382438589514
2720,2,35.133462039498255,17.566731019749128,21.190454186480277
2721,1,6.457042920165145,6.457042920165145,
2723,2,82.47985457976327,41.239927289881635,54.669409416421836
2724,8,308.9593103360232,38.6199137920029,107.82679048817138
2726,3,1765.7378881496934,588.5792960498978,937.4383361784206
2727,4,827.3881036322448,206.8470259080612,2142.2503912567963
2729,3,1037.1443840191996,345.71479467306654,552.3626236941661
2732,6,38119.456351326604,6353.242725221101,159206.0617110587
2733,5,-1062.7457866558925,-212.5491573311785,212.43806719821708
2734,8,-19.100862058103985,-2.387607757262998,104.93216940369908
2736,1,1.2914085840330292,1.2914085840330292,
2739,1,118.37912020302768,118.37912020302768,
2740,3,-41.95109211472398,-13.983697371574658,16.045626939345265
2741,1,30.13286696077068,30.13286696077068,
2742,1,118.37912020302768,118.37912020302768,
2745,1,1.2914085840330292,1.2914085840330292,
2746,1,137.75024896352312,137.75024896352312,
2748,1,1033.1268672264232,1033.1268672264232,
2749,3,3990.649248502368,1330.2164161674561,7530.248441795294
2750,4,-33.08218751453538,-8.270546878633844,154.35275800844568
2751,1,3.8742257520990875,3.8742257520990875,
2752,8,51.08095193167168,6.38511899145896,323.0130292644674
2753,7,17822.847977003934,2546.1211395719906,5642.408777829203
2754,7,567.9558452996856,81.13654932852651,230.52684620876775
2756,1,3.8742257520990875,3.8742257520990875,
2757,7,-311.9578453099041,-44.56540647284344,128.96052187718195
2759,3,207.86869702696958,69.28956567565653,53.238820651004666
2765,4,-178.11284051072556,-44.52821012768139,218.25756341623136
2766,1,21.523476400550486,21.523476400550486,
2769,2,189.39608124295216,94.69804062147608,0.007432457283529512
2771,1,3.8742257520990875,3.8742257520990875,
2773,2,248.33993592815608,124.16996796407804,158.0264012385126
2774,2,1463.7676374189152,731.8838187094576,980.6367202516715
2776,5,-25.96458297957963,-5.192916595915927,38.93009146254375
2778,7,-1645.1024933270046,-235.0146419038578,818.2884307782458
2780,1,7.101958881039752,7.101958881039752,
2781,2,34.81540764657188,17.40770382328594,17.085445909928104
2783,5,-759.0109123870684,-151.80218247741368,405.14844180833927
2785,6,-9.728189730464408,-1.6213649550774012,94.82290559795393
2786,6,-477.6176921852343,-79.60294869753905,628.3873434235123
2787,3,9.421344291796117,3.1404480972653723,34.603020414440316
2788,5,-26.702155583618477,-5.340431116723695,20.560493146800052
2790,5,-75.86579825960195,-15.17315965192039,32.26575476329843
2795,2,6.536348965272668,3.268174482636334,2.1109750353003602
2798,5,-36.81673439140139,-7.363346878280278,23.849337707583086
2799,5,-1062.3642341978893,-212.47284683957787,579.2703793040212
2801,6,-25.97252483423605,-4.328754139039342,46.59915500607459
2802,1,7.101958881039752,7.101958881039752,
2803,2,1144.6132263841087,572.3066131920543,789.2764010740511
2804,6,29.33671585408232,4.889452642347053,47.737504224599235
2805,1,3.550979440519876,3.550979440519876,
2806,6,-146.56601769325644,-24.42766961554274,68.12318710765972
2808,6,44.926520948910984,7.487753491485164,40.141919652349436
2810,1,38.46894393896532,38.46894393896532,
2814,3,-179.07263680382187,-59.69087893460729,56.29899602118258
2816,5,-837.2842393374262,-167.45684786748524,269.35530714267736
2819,3,66.6237315431203,22.207910514373435,62.641604300065
2820,3,2660.4164947899385,886.8054982633129,1573.229307207858
2821,3,1116.3409846803115,372.1136615601038,700.4379386798686
2823,4,-923.6109915367117,-230.90274788417793,913.1794057146158
2826,6,-31.085245681862176,-5.180874280310363,59.19825454086466
2829,2,637.1251622561064,318.5625811280532,383.55761223598904
2831,1,1.775489720259938,1.775489720259938,
2832,6,-593.3265498471451,-98.88775830785751,295.66603747891526
2833,6,473.2476140707447,78.87460234512412,128.92596420167712
2834,7,-74.54293133534122,-10.648990190763032,69.28438546894047
2835,6,1087.9342010529022,181.32236684215036,967.6663643000488
2838,6,106.96807256674916,17.82801209445819,67.12466958062222
2840,6,-568.2771816066634,-94.71286360111056,290.62537519780966
2841,6,-1622.1829941897056,-270.36383236495095,952.7727521640107
2842,5,-118.21664735332257,-23.643329470664515,38.74492632516921
2843,3,1444.1264501159362,481.37548337197876,1546.6491286383784
2847,6,655.9254354643629,109.32090591072715,384.57015005472937
2848,1,68.06043927663094,68.06043927663094,
2849,1,1.775489720259938,1.775489720259938,
2851,1,1.775489720259938,1.775489720259938,
2855,2,6208.587580779938,3104.293790389969,497.7930836113909
2856,6,-612.5630469158857,-102.09384115264761,1192.5314756931457
2857,2,4764.932023261985,2382.4660116309924,3164.257144758093
2858,3,11572.850059897071,3857.616686632357,14898.276389448822
2861,2,60.75336669184407,30.376683345922036,40.44819592547025
2862,1,1467.7381687482152,1467.7381687482152,
2864,4,8.358202676402087,2.0895506691005217,21.86703622152387
2868,4,33.82921846249783,8.457304615624457,47.192861293525375
2869,4,3930.3385062220623,982.5846265555156,2324.946395739007
2870,2,-93.96911123558377,-46.984555617791884,358.3717930029057
2871,5,248.23307881948227,49.646615763896456,143.31743128751162
2873,4,2.77456658427381,0.6936416460684525,86.22981070959291
2874,1,58.97787697158413,58.97787697158413,
2876,3,-153.20818387879424,-51.069394626264746,262.9280336046232
2877,1,835.5199237641086,835.5199237641086,
2878,4,-6335.122940120456,-1583.780735030114,4796.878621139225
2879,3,2762.7757062837923,920.9252354279307,1978.4190764099742
2882,1,29.488938485792065,29.488938485792065,
2883,1,176.93363091475237,176.93363091475237,
2884,1,206.42256940054446,206.42256940054446,
2889,3,29.756300582597248,9.91876686086575,462.90995839074174
2890,4,312.6732172032943,78.16830430082358,1080.0094453465017
2891,6,-394.345272947398,-65.72421215789966,249.24082261453984
2892,3,21.352277124267488,7.117425708089162,45.21463155386666
2894,1,88.46681545737619,88.46681545737619,
2897,3,-693.8841062624051,-231.29470208746838,171.33053413345002
2898,2,760.8432851338389,380.42164256691945,991.1366343700249
2900,1,58.97787697158413,58.97787697158413,
2901,4,90.08184635203185,22.52046158800796,126.73879038695164
2906,5,449.6272335867494,89.92544671734989,573.3903075985537
2907,2,17.473271260346934,8.736635630173467,29.34818814888973
2909,6,-15.702176630562365,-2.617029438427061,39.413451303842244
2910,6,-28.948396451617967,-4.8247327419363275,57.78466999726076
2911,2,22.930875295248747,11.465437647624373,67.19273607337266
2914,3,405.2444814258868,135.08149380862895,719.042768026915
2915,4,-116.87210993246724,-29.21802748311681,99.06964807847437
2916,5,-858.0152054845055,-171.6030410969011,277.14439188960944
2917,3,33.367944349712616,11.122648116570872,41.45135932174754
2918,2,75.35068907628957,37.675344538144785,155.23730052004186
2919,5,-384.98001411525985,-76.99600282305197,698.0713861519829
2922,6,14714.276349751586,2452.3793916252644,11451.638755844753
2924,1,117.95575394316826,117.95575394316826,
2925,5,-298.3008642112908,-59.660172842258156,108.06606735891494
2926,3,-146.51514156118577,-48.838380520395255,216.07178343603104
2927,2,3159.936101843178,1579.968050921589,3395.581415060567
2928,6,878.809725463342,146.46828757722366,830.8676196890499
2929,2,327.6052145717942,163.8026072858971,741.4334553113817
2931,4,400.044785171169,100.01119629279225,918.851212150612
2933,4,-107.76391459756117,-26.940978649390292,22.788565384137424
2934,3,-870.6271567520382,-290.2090522506794,417.62208053633856
2935,4,-1022.439901844337,-255.60997546108425,268.0017438335606
2936,2,-114.45539771293117,-57.22769885646559,4.031409889715112
2937,1,-72.09400335267077,-72.09400335267077,
2938,3,-214.30575146608373,-71.43525048869458,45.196780691865655
2939,1,-36.047001676335384,-36.047001676335384,
2940,1,-36.047001676335384,-36.047001676335384,
2941,3,-665.0240421802002,-221.6746807267334,397.5230119342291
2943,3,-56.26238692128695,-18.754128973762317,5.219523872250898
2944,5,-1394.9335358312694,-278.9867071662539,706.5386073489952
2945,5,329.2799901317951,65.85599802635902,223.3807316403396
2949,2,-549.6198795706118,-274.8099397853059,36.178044860346695
2951,1,-36.047001676335384,-36.047001676335384,
2954,2,-64.81413064016941,-32.407065320084705,11.84507219000177
2955,5,-1377.3916990115579,-275.47833980231155,469.6857517279477
2956,1,-11022.372068141667,-11022.372068141667,
2957,4,-27794.147608961342,-6948.536902240336,28746.34083214167
2958,1,-36.047001676335384,-36.047001676335384,
2960,5,-306.1487430197398,-61.22974860394796,152.14130514439532
2962,1,-24.031334450890263,-24.031334450890263,
2965,5,-146.9352266563657,-29.38704533127314,48.357385650904796
2966,2,-657.6434306375609,-328.82171531878043,16.436257877010483
2969,3,-678.8397316094762,-226.27991053649205,324.3342482988501
2970,2,-25.60993262187151,-12.804966310935756,1.1162374714695216
2971,1,-380.49612880576245,-380.49612880576245,
2972,3,-41.698146753717566,-13.899382251239189,20.344604742652926
2974,5,1.9477707697104059,0.38955415394208115,22.090565326163247
2976,1,-48.062668901780526,-48.062668901780526,
2977,2,-134.36405579328255,-67.18202789664127,78.0170154479713
2980,4,-1051.120303692016,-262.780075923004,233.43133928351298
2982,4,-21900.637236920153,-5475.159309230038,5241.677557658342
2983,2,-155.23819390221033,-77.61909695110516,24.806381851473066
2985,5,-62.823621278035944,-12.564724255607189,64.86982555878458
2986,3,-7105.691541742538,-2368.5638472475125,1579.2636844291906
2987,4,-119.74466445800763,-29.93616611450191,45.82043324160252
2990,3,-357.2215509782488,-119.07385032608293,132.44850819220144
2991,4,-434.74333251102644,-108.68583312775661,316.1030294170458
2996,1,-12.015667225445132,-12.015667225445132,
2997,4,-230.84871408673882,-57.712178521684706,166.09129554445053
2998,5,102.90023390510046,20.580046781020094,123.65281056734274
3000,5,8936.8943554121,1787.37887108242,5707.786761468129
3003,5,-8757.740439170688,-1751.5480878341375,2278.682217429623
3004,4,-10.88578761575404,-2.72144690393851,42.14766827107771
3006,3,-779.183798924629,-259.7279329748763,557.091357817263
3008,5,-1385.4667637390864,-277.0933527478173,821.4383364195535
3009,1,-22749.663280176115,-22749.663280176115,
3010,4,-194.17667791326912,-48.54416947831728,76.26260952308272
3011,5,-911.6903219144892,-182.33806438289784,950.6418425982758
3013,5,-1563.1992535677346,-312.63985071354693,1085.6619030303868
3014,1,-24.031334450890263,-24.031334450890263,
3016,1,-24.031334450890263,-24.031334450890263,
3017,1,-36.047001676335384,-36.047001676335384,
3018,5,-1690.9825365334684,-338.19650730669366,1024.8679896915357
3022,4,-201.7440028802208,-50.4360007200552,42.29011280737508
3025,4,-583.6167992261871,-145.90419980654679,409.9948558661092
3026,4,-56.988176567250214,-14.247044141812554,18.41861083822728
3029,5,-1837.892434285512,-367.5784868571024,951.4234810412943
3032,2,-37.62559984731664,-18.81279992365832,7.38012230412368
3033,4,-896.2934130758335,-224.07335326895839,402.0448625456966
3037,3,-750.863675057055,-250.28789168568503,269.86273549016755
3039,3,-431.7038111228651,-143.90127037428837,215.66564042762138
3041,3,-427.4664112233371,-142.48880374111238,191.63565006083695
3043,2,-343.20265139493534,-171.60132569746767,366.1169035247443
3044,3,-272.2840917955755,-90.7613639318585,273.63607542565364
3045,3,-201.53140863518198,-67.17713621172733,74.68494787380841
3047,2,25.011161854962964,12.505580927481482,36.91075664712407
3048,4,-1929.5532614732688,-482.3883153683172,1104.304769231325
3049,3,-15132.961908430476,-5044.320636143492,15723.124409936132
3050,4,10.127781947510925,2.5319454868777314,37.80963811377477
3051,4,-1676.3579979569304,-419.0894994892326,1062.1631852008995
3054,3,18.280170026736194,6.093390008912064,40.772921093328094
3056,4,-326.78596467588125,-81.69649116897031,199.9583972896904
3059,3,-36864.46393079327,-12288.154643597756,42568.43443761825
3061,1,-27.18853079285276,-27.18853079285276,
3063,4,-1195.8981638543673,-298.97454096359183,688.0745371908121
3064,4,-632.203666524013,-158.05091663100325,577.3475544563587
3066,3,-32.95684211635995,-10.98561403878665,21.096120020362843
3067,1,-634.399051833231,-634.399051833231,
3069,2,-603.7591894054862,-301.8795947027431,407.69702253818696
3070,2,-471.77896695484964,-235.88948347742482,307.2417097158899
3071,4,-114.80409692744944,-28.70102423186236,49.45700537698246
3072,3,-156.39440310697074,-52.13146770232358,50.857364801374494
3075,4,-387.0539796443941,-96.76349491109852,242.02901164998562
3076,3,14.64353325287243,4.881177750957477,145.45908185258142
3086,3,37.70586369385876,12.568621231286253,133.8017429754476
3088,1,-54.37706158570552,-54.37706158570552,
3089,3,-105.1199136565231,-35.03997121884103,51.9489553093355
3093,4,-634.4730362345352,-158.6182590586338,357.74085471895546
3095,3,-428.95233453180646,-142.98411151060216,312.6197875554098
3096,1,-13.59426539642638,-13.59426539642638,
3097,2,-1054.1877422663529,-527.0938711331764,572.3965507531454
3099,3,-698.3097986550275,-232.76993288500918,214.58440335900747
3101,2,-73.01384865967583,-36.506924329837915,25.272190468716694
3103,2,-517.3965356469334,-258.6982678234667,556.6192974490201
3104,2,-459.7180011946287,-229.85900059731435,219.6441279219737
3106,2,-427.11280306511173,-213.55640153255587,225.11358140243314
3110,2,-521.0167382590074,-260.5083691295037,422.27744243741137
3111,3,-1170.4673347934022,-390.1557782644674,11546.859006749966
3112,1,-149.09429659176246,-149.09429659176246,
3113,3,153.93362413274926,51.31120804424975,223.39430361696267
3114,2,-88.42307612483883,-44.211538062419415,69.25742845409418
3115,3,-10.122520662439312,-3.3741735541464375,29.366255150590693
3116,3,-209.5979671716628,-69.86598905722093,210.19621821317406
3118,3,85.72512091430967,28.57504030476989,55.749478978788886
3120,3,231.90764756370015,77.30254918790006,192.33921858211718
3122,3,879.4834060615933,293.16113535386444,1893.8840873756294
3124,3,19575.816674945032,6525.272224981677,8008.7020132337275
3126,3,-497.3792106313588,-165.79307021045292,1310.346864853657
3127,1,-55.91036122191093,-55.91036122191093,
3133,1,-714.4101711688619,-714.4101711688619,
3134,3,725.6689466225835,241.88964887419448,416.18784439639086
3137,3,-34.52761905991681,-11.509206353305602,54.89205099883605
3139,3,50.46645092335799,16.822150307785996,42.784244142934945
3141,1,-74.54714829588123,-74.54714829588123,
3142,1,-807.5941065387135,-807.5941065387135,
3145,3,-53.520004037702506,-17.840001345900834,364.9738168551553
3148,3,-11.212221622060142,-3.7374072073533804,85.51468589345347
3149,3,872.2573092636558,290.7524364212186,290.4774853086242
3152,3,-534.6245219464012,-178.20817398213373,522.8018426659121
3155,2,14.689227641118801,7.344613820559401,36.74324951449638
3157,1,-93.18393536985155,-93.18393536985155,
3158,1,-10039.015970512008,-10039.015970512008,
3159,2,-46.38864273188547,-23.194321365942734,46.267467271448936
3160,2,-13.875927828957577,-6.937963914478789,16.54463437595737
3161,1,-18.636787073970307,-18.636787073970307,
3165,2,-13.875927828957577,-6.937963914478789,16.54463437595737
3166,2,-829.1336998386384,-414.5668499193192,599.7518050918853
3169,2,-1619.0564794249754,-809.5282397124877,1402.9392313845276
3170,1,-55.91036122191093,-55.91036122191093,
3172,3,15.614430838486918,5.204810279495639,38.74545276316383
3173,3,-33.11351707534174,-11.037839025113913,55.55781413619967
3178,3,10908.79833694776,3636.26611231592,5051.760898109882
3180,2,-327.639915689892,-163.819957844946,646.8701617972354
3181,1,-74.54714829588123,-74.54714829588123,
3184,2,209.10081137856002,104.55040568928001,20.4651911437694
3187,2,1446.5636047379235,723.2818023689617,69.05144167461138
3189,1,4.76085924501273,4.76085924501273,
3190,1,119.02148112531823,119.02148112531823,
3191,2,30.497810745938963,15.248905372969482,14.832337076951061
3194,2,54.3021069710026,27.1510534855013,1.9998422051647733
3196,2,83.3858157323665,41.69290786618325,32.031188907742894
3197,2,43.366286496402076,21.683143248201038,23.931723543638178
3199,2,49.54124772598988,24.77062386299494,1.3665936512583914
3200,1,4.76085924501273,4.76085924501273,
3201,2,46.19449046555222,23.09724523277611,14.46566452827506
3205,2,22.390194240488576,11.195097120244288,2.3665147538407787
3208,1,9.52171849002546,9.52171849002546,
3209,2,374.1285314198137,187.06426570990686,251.0830781766219
3212,2,88.14667497737922,44.07333748868961,28.66475305131973
3213,2,495.64840707537786,247.82420353768893,316.8119911630784
3214,2,30.497810745938963,15.248905372969482,14.832337076951061
3215,2,78.62495648735376,39.31247824367688,35.39762476416607
3218,2,172.42803940303327,86.21401970151663,12.73239832834067
3220,2,686.9470323613662,343.4735161806831,272.5373006585628
3221,1,190.4343698005092,190.4343698005092,
3224,2,54.3021069710026,27.1510534855013,1.9998422051647733
3230,2,1086.6555569402976,543.3277784701488,748.18289798799
3231,2,955.8648007599418,477.9324003799709,8.610141624494565
3232,2,145.7955392088195,72.89776960440975,42.49716902568841
3233,2,139.62057797923168,69.81028898961584,65.0622989180682
3234,2,43.366286496402076,21.683143248201038,23.931723543638178
3235,2,305.0252934224854,152.5126467112427,208.95258169960948
3240,2,88.14667497737922,44.07333748868961,28.66475305131973
3242,2,131.5129614737813,65.75648073689065,52.59647659495791
3244,2,22.390194240488576,11.195097120244288,2.3665147538407787
3247,1,87.28241949190004,87.28241949190004,
3248,1,309.4558509258274,309.4558509258274,
3249,1,9648.674736559133,9648.674736559133,
3250,2,676.6554303120532,338.3277151560266,310.14585047919576
3251,2,1079.4906750912307,539.7453375456154,722.9179463075753
3252,1,14.282577735038187,14.282577735038187,
3254,2,269.2480701402462,134.6240350701231,143.25703422763493
3257,1,1351.1899537986271,1351.1899537986271,
3259,1,115.81628175416803,115.81628175416803,
3261,1,214.47459584105192,214.47459584105192,
3263,1,1458.427251719153,1458.427251719153,
3264,1,3774.752886802514,3774.752886802514,
3265,1,12.868475750463116,12.868475750463116,
3266,1,364.60681292978825,364.60681292978825,
3268,1,51.47390300185246,51.47390300185246,
3269,1,300.26443417747265,300.26443417747265,
3273,1,428.94919168210384,428.94919168210384,
3274,1,214.47459584105192,214.47459584105192,
3278,1,64.34237875231557,64.34237875231557,
3279,1,64.34237875231557,64.34237875231557,
3280,1,12.868475750463116,12.868475750463116,
3282,1,102.94780600370493,102.94780600370493,
3283,1,12.868475750463116,12.868475750463116,
3284,1,51.47390300185246,51.47390300185246,
3288,1,51.47390300185246,51.47390300185246,
3289,1,1394.0848729668376,1394.0848729668376,
3290,1,1737.2442263125204,1737.2442263125204,
3293,1,12.868475750463116,12.868475750463116,
3297,1,772.1085450277868,772.1085450277868,
3300,1,38.605427251389344,38.605427251389344,
3301,1,12.868475750463116,12.868475750463116,
3303,1,115.81628175416803,115.81628175416803,
3304,1,514.7390300185245,514.7390300185245,
3307,1,64.34237875231557,64.34237875231557,
3308,1,25.73695150092623,25.73695150092623,
3312,1,1436.9797921350478,1436.9797921350478,
3313,1,278.8169745933675,278.8169745933675,
3314,1,214.47459584105192,214.47459584105192,
3315,1,214.47459584105192,214.47459584105192,
3317,1,25.73695150092623,25.73695150092623,
3319,1,214.47459584105192,214.47459584105192,
3320,1,321.71189376157787,321.71189376157787,
3321,1,750.6610854436817,750.6610854436817,
3322,1,321.71189376157787,321.71189376157787,
3323,1,51.47390300185246,51.47390300185246,
3324,1,514.7390300185245,514.7390300185245,
3327,1,38.605427251389344,38.605427251389344,
3329,1,214.47459584105192,214.47459584105192,
3331,1,25.73695150092623,25.73695150092623,
3332,1,64.34237875231557,64.34237875231557,
3333,1,1715.7967667284154,1715.7967667284154,
3334,1,64.34237875231557,64.34237875231557,
3335,1,793.556004611892,793.556004611892,
3336,1,8235.824480296393,8235.824480296393,
