company_id,month,export_amt,import_amt
1,2022-01-01,0.81,0.0
1,2022-02-01,0.65,0.0
1,2022-03-01,0.92,0.0
1,2022-04-01,0.85,0.0
1,2022-05-01,0.94,0.0
1,2022-06-01,0.21,0.0
1,2022-08-01,0.55,0.0
1,2022-09-01,0.5,0.0
1,2022-10-01,2.3,0.0
1,2022-11-01,0.35,0.0
1,2022-12-01,0.36,0.0
1,2023-01-01,0.57,0.0
1,2023-02-01,0.61,0.0
1,2023-03-01,0.35,0.0
1,2023-04-01,5.8,0.0
2,2022-01-01,0.09,0.0
3,2022-01-01,0.0,0.36
3,2022-02-01,0.0,0.03
3,2022-03-01,0.0,0.07
3,2022-04-01,0.0,0.17
3,2022-05-01,0.0,0.01
4,2022-01-01,0.0,0.04
4,2022-02-01,0.15,0.06
4,2022-03-01,0.02,0.05
4,2022-04-01,0.07,0.1
4,2022-05-01,0.03,0.0
4,2022-09-01,0.03,0.0
4,2022-10-01,0.0,0.05
4,2022-11-01,0.03,0.05
4,2022-12-01,0.06,0.0
4,2023-02-01,0.13,0.0
4,2023-03-01,0.0,0.05
4,2023-04-01,0.03,0.01
4,2023-05-01,0.0,0.05
4,2023-07-01,0.0,0.05
4,2023-12-01,0.0,0.05
4,2024-01-01,0.0,0.05
4,2024-02-01,0.05,0.0
4,2024-04-01,0.0,0.18
4,2024-06-01,0.01,0.05
4,2024-07-01,0.07,0.05
4,2024-08-01,0.03,0.06
4,2024-09-01,0.03,0.07
4,2024-10-01,0.0,0.14
4,2024-11-01,0.0,0.1
4,2024-12-01,0.03,0.0
5,2022-01-01,0.0,11.0
5,2022-06-01,0.0,9.4
5,2022-09-01,0.0,7.4
5,2022-11-01,0.0,6.1
5,2023-03-01,0.0,14.0
5,2023-04-01,0.0,0.31
5,2023-05-01,0.0,0.02
5,2023-08-01,0.0,7.3
5,2023-11-01,0.0,1.6
5,2023-12-01,0.0,1.9
5,2024-07-01,0.0,8.1
6,2022-02-01,0.0,0.1
6,2022-04-01,0.0,0.14
6,2022-05-01,0.0,0.1
6,2022-06-01,0.0,0.16
6,2022-07-01,0.0,0.14
6,2022-08-01,0.0,0.06
7,2022-02-01,0.0,0.03
7,2022-03-01,0.0,0.08
7,2022-04-01,0.0,0.03
7,2022-05-01,0.0,0.04
8,2022-01-01,0.22,0.0
8,2022-02-01,0.01,0.0
8,2022-03-01,0.02,0.0
9,2022-01-01,0.0,0.1
9,2022-03-01,0.0,0.02
9,2022-04-01,0.0,0.02
9,2022-05-01,0.0,0.02
10,2022-01-01,0.06,0.0
10,2022-02-01,0.2,0.0
10,2022-05-01,0.05,0.0
10,2022-06-01,0.03,0.0
10,2022-07-01,0.08,0.0
10,2022-09-01,0.07,0.0
10,2022-11-01,0.06,0.0
10,2022-12-01,0.01,0.0
10,2023-02-01,0.03,0.0
10,2023-04-01,0.07,0.0
10,2023-06-01,0.01,0.0
10,2023-07-01,0.02,0.0
10,2023-10-01,0.01,0.0
10,2023-12-01,0.03,0.0
10,2024-01-01,0.01,0.0
10,2024-03-01,0.02,0.0
10,2024-04-01,0.03,0.0
10,2024-07-01,0.05,0.0
10,2024-09-01,0.03,0.0
10,2024-10-01,0.01,0.0
10,2024-12-01,0.05,0.0
11,2022-01-01,0.0,0.02
11,2022-02-01,0.12,0.0
11,2022-03-01,0.0,0.02
11,2022-04-01,0.0,0.04
11,2022-05-01,0.0,0.01
11,2022-06-01,0.23,0.0
11,2022-07-01,0.42,0.0
11,2022-08-01,0.18,0.0
11,2022-09-01,0.13,0.0
11,2022-10-01,0.02,0.0
12,2022-01-01,0.13,0.0
12,2022-02-01,0.02,0.0
12,2022-04-01,0.04,0.0
12,2022-05-01,0.12,0.0
12,2022-06-01,0.06,0.0
12,2022-07-01,0.29,0.0
12,2022-08-01,0.02,0.0
12,2022-09-01,0.14,0.0
12,2022-10-01,0.01,0.0
12,2022-11-01,0.03,0.0
12,2022-12-01,0.04,0.0
12,2023-01-01,0.14,0.0
12,2023-02-01,0.34,0.0
12,2023-03-01,0.27,0.0
12,2023-04-01,0.09,0.0
12,2023-05-01,0.22,0.0
12,2023-06-01,0.07,0.0
12,2023-07-01,0.16,0.0
12,2023-08-01,0.04,0.0
12,2023-09-01,0.15,0.0
12,2023-10-01,0.21,0.0
12,2023-11-01,0.28,0.0
12,2023-12-01,0.09,0.0
12,2024-01-01,0.02,0.0
12,2024-02-01,0.33,0.0
12,2024-03-01,0.22,0.0
12,2024-04-01,0.16,0.0
12,2024-07-01,0.24,0.0
12,2024-08-01,0.1,0.0
12,2024-09-01,0.18,0.0
12,2024-10-01,0.17,0.0
12,2024-11-01,0.01,0.0
12,2024-12-01,0.23,0.0
13,2022-01-01,0.0,0.08
13,2022-09-01,0.0,0.24
13,2023-05-01,0.0,0.08
13,2023-06-01,0.0,0.14
13,2023-08-01,0.0,0.03
13,2024-10-01,0.0,0.23
13,2024-11-01,0.09,0.01
13,2024-12-01,0.06,0.0
14,2022-01-01,0.0,0.03
14,2022-07-01,0.0,0.03
14,2022-08-01,0.0,0.01
14,2022-09-01,0.0,0.02
14,2022-11-01,0.0,0.04
14,2022-12-01,0.0,0.01
14,2023-01-01,0.0,0.02
14,2023-02-01,0.0,0.01
15,2022-01-01,0.05,0.0
15,2022-02-01,0.06,0.01
15,2022-05-01,0.09,0.05
15,2022-06-01,0.05,0.01
15,2022-07-01,0.1,0.01
15,2022-10-01,0.09,0.0
15,2022-11-01,0.27,0.0
15,2023-01-01,0.02,0.0
15,2023-02-01,0.02,0.0
15,2023-03-01,0.12,0.0
15,2023-04-01,0.05,0.0
15,2023-05-01,0.02,0.0
15,2023-06-01,0.05,0.0
15,2023-07-01,0.1,0.0
15,2023-08-01,0.01,0.0
15,2023-10-01,0.06,0.0
15,2023-12-01,0.01,0.0
15,2024-01-01,0.05,0.0
15,2024-02-01,0.11,0.0
15,2024-03-01,0.02,0.0
16,2022-01-01,0.0,0.28
16,2022-02-01,0.0,0.03
17,2022-01-01,0.03,0.02
17,2022-02-01,0.07,0.0
18,2022-01-01,0.0,0.04
19,2022-01-01,0.0,0.03
19,2022-02-01,0.0,0.02
19,2022-03-01,0.0,0.03
19,2022-04-01,0.0,0.04
19,2022-05-01,0.0,0.03
19,2022-06-01,0.01,0.04
19,2022-07-01,0.0,0.01
19,2022-09-01,0.0,0.02
19,2022-10-01,0.0,0.01
19,2022-11-01,0.0,0.04
19,2023-01-01,0.0,0.05
19,2023-03-01,0.0,0.02
19,2023-04-01,0.0,0.05
19,2023-05-01,0.0,0.03
19,2023-06-01,0.0,0.04
19,2023-07-01,0.0,0.03
19,2023-08-01,0.0,0.05
19,2023-09-01,0.0,0.07
19,2023-10-01,0.0,0.02
19,2023-11-01,0.0,0.08
19,2023-12-01,0.0,0.06
19,2024-01-01,0.0,0.04
19,2024-02-01,0.0,0.11
19,2024-06-01,0.0,0.01
19,2024-07-01,0.0,0.09
19,2024-08-01,0.0,0.01
20,2022-01-01,1.9,0.0
20,2022-02-01,0.0,0.47
20,2022-03-01,1.0,1.1
20,2022-04-01,2.0,2.5
20,2022-05-01,1.5,0.98
20,2022-06-01,0.0,0.55
21,2022-02-01,0.0,0.01
21,2022-03-01,0.0,0.53
21,2022-04-01,0.0,0.09
21,2022-05-01,0.0,0.02
21,2022-06-01,0.0,0.03
21,2022-07-01,0.0,0.08
21,2022-08-01,0.0,0.05
22,2022-01-01,0.0,0.15
23,2022-01-01,0.0,0.22
23,2022-02-01,0.0,0.29
23,2022-03-01,0.0,0.27
23,2022-04-01,0.0,0.29
23,2022-05-01,0.0,0.13
23,2022-08-01,0.0,0.07
23,2023-11-01,0.0,0.01
23,2024-03-01,0.0,0.01
23,2024-04-01,0.0,0.02
23,2024-05-01,0.0,0.04
23,2024-07-01,0.0,0.05
23,2024-08-01,0.0,0.03
23,2024-09-01,0.0,0.03
23,2024-11-01,0.0,0.01
24,2022-01-01,0.6,0.0
24,2022-02-01,0.79,0.0
24,2022-03-01,0.71,0.0
24,2022-04-01,0.67,0.0
24,2022-05-01,1.3,0.0
24,2022-06-01,0.76,0.0
24,2022-07-01,1.0,0.0
24,2022-08-01,0.7,0.0
24,2022-09-01,1.0,0.0
24,2022-10-01,1.0,0.0
24,2022-11-01,0.75,0.0
24,2024-10-01,0.08,0.0
25,2022-01-01,0.03,0.0
25,2022-02-01,0.04,0.0
26,2022-01-01,0.0,0.21
26,2022-02-01,0.0,0.13
26,2022-03-01,0.0,0.08
26,2022-04-01,0.0,0.13
26,2022-05-01,0.0,0.14
26,2022-06-01,0.0,0.12
26,2022-07-01,0.0,0.06
26,2022-08-01,0.0,0.19
26,2022-09-01,0.0,0.17
26,2022-10-01,0.0,0.14
26,2022-11-01,0.0,0.36
26,2022-12-01,0.0,0.07
26,2023-02-01,0.0,0.03
26,2023-03-01,0.0,0.26
26,2023-06-01,0.0,0.1
26,2023-07-01,0.0,0.08
26,2023-08-01,0.0,0.08
26,2023-10-01,0.0,0.02
26,2024-01-01,0.0,0.07
26,2024-04-01,0.0,0.03
26,2024-05-01,0.0,0.05
26,2024-08-01,0.0,0.03
27,2022-01-01,0.0,0.84
28,2022-01-01,2.8,1.6
28,2022-02-01,2.8,1.5
28,2022-03-01,3.0,2.0
28,2022-04-01,1.2,1.2
28,2022-05-01,1.2,0.51
28,2022-06-01,1.1,0.9
28,2022-07-01,2.0,1.3
28,2022-09-01,0.92,0.0
28,2022-10-01,1.2,0.0
28,2022-11-01,1.2,0.0
28,2023-01-01,0.32,0.0
28,2023-02-01,0.18,0.0
28,2023-03-01,0.02,0.0
29,2022-01-01,0.0,0.45
30,2022-01-01,0.04,0.0
30,2024-02-01,0.15,0.0
30,2024-04-01,0.12,0.0
30,2024-10-01,0.05,0.06
30,2024-11-01,0.0,0.14
30,2024-12-01,0.0,0.2
31,2022-01-01,0.0,0.01
31,2022-02-01,0.0,0.01
31,2022-03-01,0.0,0.02
31,2022-04-01,0.0,0.01
31,2022-05-01,0.0,0.01
31,2022-06-01,0.0,0.01
31,2022-07-01,0.0,0.01
31,2022-08-01,0.0,0.01
31,2022-11-01,0.0,0.01
31,2022-12-01,0.0,0.01
31,2023-01-01,0.0,0.01
31,2023-03-01,0.0,0.01
31,2023-04-01,0.0,0.01
32,2022-01-01,0.0,0.37
32,2022-03-01,0.0,0.34
32,2022-04-01,0.0,0.26
32,2022-05-01,0.0,0.08
32,2022-06-01,0.0,0.07
32,2022-07-01,0.0,0.29
32,2022-08-01,0.0,0.18
32,2022-09-01,0.0,0.23
32,2022-10-01,0.0,0.2
32,2022-11-01,0.0,0.51
32,2022-12-01,0.0,0.13
32,2023-01-01,0.0,0.45
32,2023-02-01,0.0,0.3
32,2023-03-01,0.0,0.5
32,2023-04-01,0.0,0.16
32,2023-06-01,0.0,0.14
32,2023-07-01,0.0,0.32
32,2023-08-01,0.0,0.14
32,2023-09-01,0.0,0.13
32,2023-10-01,0.0,0.47
32,2023-11-01,0.0,0.14
32,2023-12-01,0.0,0.27
32,2024-01-01,0.0,0.28
32,2024-02-01,0.0,0.15
32,2024-03-01,0.0,0.57
32,2024-05-01,0.01,0.37
32,2024-06-01,0.0,0.01
32,2024-07-01,0.0,0.37
32,2024-08-01,0.0,0.35
32,2024-11-01,0.0,0.07
33,2022-01-01,0.01,0.0
33,2022-05-01,0.18,0.0
33,2022-06-01,0.22,0.0
33,2022-07-01,0.33,0.27
33,2022-08-01,0.29,0.13
33,2022-09-01,0.19,0.0
33,2022-10-01,0.39,0.0
33,2022-11-01,0.02,0.0
33,2022-12-01,0.05,0.0
33,2023-04-01,1.1,0.0
33,2023-05-01,0.03,1.0
33,2023-06-01,1.1,0.0
33,2023-07-01,0.03,0.0
33,2023-08-01,0.01,0.82
33,2023-09-01,0.01,0.0
33,2023-10-01,0.55,0.0
33,2023-11-01,0.3,0.0
33,2023-12-01,0.02,0.0
33,2024-01-01,0.01,0.0
33,2024-02-01,0.01,0.0
33,2024-04-01,0.03,0.0
33,2024-05-01,0.01,0.0
34,2022-01-01,0.0,0.53
34,2022-03-01,0.0,0.11
34,2022-04-01,0.0,0.01
34,2022-09-01,0.08,0.05
34,2023-05-01,0.0,0.01
34,2023-12-01,0.03,0.01
34,2024-06-01,0.0,0.02
35,2022-01-01,0.0,0.63
35,2022-02-01,0.0,0.66
35,2022-05-01,0.0,3.4
35,2022-06-01,0.0,0.61
35,2022-07-01,0.0,2.6
35,2022-09-01,0.0,2.6
35,2023-01-01,0.0,2.7
35,2023-02-01,0.0,0.54
35,2023-04-01,0.0,0.52
36,2022-01-01,0.01,0.0
37,2022-01-01,0.03,0.0
37,2022-03-01,0.03,0.02
37,2022-04-01,0.02,0.0
37,2022-06-01,0.06,0.0
37,2022-09-01,0.0,0.01
37,2023-02-01,0.02,0.0
37,2023-08-01,0.0,0.01
37,2024-05-01,0.0,0.01
37,2024-09-01,0.0,0.01
38,2022-01-01,0.0,0.01
39,2022-01-01,0.0,0.03
39,2022-03-01,0.0,0.01
39,2022-04-01,0.0,0.01
39,2022-05-01,0.0,0.01
39,2022-06-01,0.0,0.01
39,2022-07-01,0.0,0.01
39,2022-08-01,0.0,0.01
39,2022-09-01,0.0,0.02
40,2022-01-01,0.01,0.0
41,2022-01-01,0.05,0.04
41,2022-02-01,0.05,0.0
42,2022-01-01,0.33,0.12
42,2022-02-01,0.2,0.14
42,2022-03-01,0.3,0.0
42,2022-04-01,0.36,0.16
42,2022-05-01,0.28,0.12
42,2022-06-01,0.18,0.02
42,2022-07-01,0.19,0.24
42,2022-08-01,0.2,0.0
42,2022-09-01,0.33,0.08
43,2022-02-01,0.02,0.0
43,2022-03-01,0.02,0.0
43,2022-04-01,0.0,0.01
43,2022-06-01,0.07,0.0
43,2022-07-01,0.07,0.0
43,2022-08-01,0.04,0.0
43,2022-09-01,0.01,0.0
43,2022-10-01,0.01,0.0
43,2022-11-01,0.0,0.01
44,2022-01-01,0.0,0.2
44,2022-02-01,0.08,0.06
44,2022-03-01,0.1,0.0
44,2022-04-01,0.26,0.01
44,2022-05-01,0.0,0.03
44,2022-06-01,0.0,0.01
44,2022-08-01,0.02,0.01
45,2022-01-01,0.0,0.23
45,2022-02-01,0.0,0.12
45,2022-03-01,0.0,0.48
45,2022-04-01,0.0,0.69
45,2022-05-01,0.0,0.24
45,2022-06-01,0.0,0.51
46,2022-01-01,1.8,0.01
46,2022-02-01,1.7,0.0
46,2022-03-01,2.4,0.0
46,2022-04-01,1.5,0.0
46,2022-05-01,0.66,0.0
46,2022-06-01,1.2,0.0
46,2022-07-01,0.93,0.0
46,2022-08-01,1.6,0.1
47,2022-01-01,0.0,0.14
47,2022-02-01,0.0,0.14
47,2022-03-01,0.0,0.24
47,2022-04-01,0.0,0.35
48,2022-01-01,0.0,0.09
49,2022-01-01,0.21,0.0
49,2022-02-01,0.04,0.0
49,2022-03-01,0.16,0.0
49,2022-04-01,0.14,0.0
49,2022-05-01,0.19,0.0
49,2022-06-01,0.0,0.01
49,2022-07-01,0.01,0.0
49,2022-09-01,0.01,0.0
50,2022-01-01,0.0,0.11
51,2022-01-01,0.0,0.1
52,2022-01-01,0.0,0.02
52,2022-02-01,0.0,0.09
52,2022-03-01,0.0,0.06
52,2022-04-01,0.0,0.08
52,2022-05-01,0.0,0.2
52,2022-06-01,0.0,0.08
52,2022-07-01,0.0,0.02
52,2022-08-01,0.0,0.03
52,2022-09-01,0.0,0.01
52,2022-10-01,0.0,0.02
52,2022-11-01,0.0,0.01
52,2022-12-01,0.0,0.05
52,2023-01-01,0.0,0.06
52,2023-02-01,0.0,0.01
52,2023-03-01,0.0,0.02
52,2023-04-01,0.0,0.01
52,2023-05-01,0.0,0.04
53,2022-01-01,0.0,0.06
54,2022-01-01,0.0,0.14
54,2022-02-01,0.0,0.05
54,2022-03-01,0.0,0.07
54,2022-04-01,0.15,0.0
54,2022-05-01,0.0,0.03
54,2022-06-01,0.0,0.05
54,2022-07-01,0.0,0.1
55,2022-01-01,0.02,0.21
55,2022-02-01,0.0,0.38
55,2022-03-01,0.08,0.2
55,2022-04-01,0.09,0.17
55,2022-05-01,0.92,0.05
55,2022-06-01,0.14,0.09
55,2022-07-01,0.09,0.08
55,2022-08-01,0.16,0.02
56,2022-01-01,0.08,0.01
56,2022-02-01,0.18,0.1
56,2022-03-01,0.0,0.01
56,2022-04-01,0.0,0.02
57,2022-01-01,0.48,0.0
58,2022-01-01,0.46,0.0
58,2022-02-01,0.63,0.0
58,2022-03-01,0.54,0.0
58,2022-04-01,0.0,0.04
59,2022-02-01,0.01,0.0
59,2022-03-01,0.23,0.0
59,2022-04-01,0.01,0.0
59,2022-05-01,0.04,0.0
59,2022-06-01,0.24,0.0
59,2022-08-01,0.23,0.0
59,2022-09-01,0.29,0.0
59,2022-10-01,0.17,0.0
59,2022-11-01,0.26,0.0
59,2022-12-01,0.23,0.0
59,2023-01-01,0.31,0.0
59,2023-02-01,0.11,0.0
59,2023-03-01,0.32,0.0
59,2023-04-01,0.2,0.0
59,2023-05-01,0.25,0.0
59,2023-06-01,0.28,0.0
59,2023-07-01,0.35,0.0
59,2023-08-01,0.43,0.0
59,2023-09-01,0.17,0.0
60,2022-01-01,0.0,0.15
60,2022-03-01,0.0,0.05
60,2022-04-01,0.0,0.1
60,2022-05-01,0.0,0.18
60,2022-06-01,0.0,0.1
60,2022-07-01,0.0,0.31
60,2022-08-01,0.0,0.11
60,2022-09-01,0.0,0.27
60,2022-10-01,0.0,0.05
61,2022-01-01,0.0,0.02
61,2022-02-01,0.0,0.01
61,2022-04-01,0.0,0.01
61,2022-05-01,0.0,0.02
61,2022-06-01,0.0,0.02
61,2022-07-01,0.0,0.03
61,2022-08-01,0.0,0.03
61,2022-09-01,0.02,0.01
61,2022-12-01,0.0,0.03
61,2023-03-01,0.0,0.01
61,2023-04-01,0.0,0.02
61,2023-05-01,0.0,0.01
61,2023-06-01,0.0,0.02
61,2023-07-01,0.01,0.02
61,2023-08-01,0.0,0.01
61,2024-01-01,0.0,0.01
61,2024-02-01,0.0,0.05
61,2024-04-01,0.0,0.02
61,2024-05-01,0.0,0.01
61,2024-06-01,0.0,0.01
61,2024-09-01,0.0,0.01
61,2024-10-01,0.0,0.01
61,2024-12-01,0.0,0.01
62,2022-01-01,0.99,0.16
62,2022-02-01,1.2,0.85
62,2022-03-01,2.1,0.6
62,2022-04-01,1.2,0.64
62,2022-05-01,1.4,0.71
62,2022-06-01,1.0,0.12
62,2022-07-01,2.6,0.44
62,2022-08-01,1.5,0.55
62,2022-09-01,1.6,0.09
62,2022-10-01,1.2,0.04
62,2022-11-01,1.1,0.05
62,2022-12-01,1.4,0.23
62,2023-01-01,1.1,0.4
62,2023-02-01,1.3,0.23
62,2023-03-01,1.3,0.16
62,2023-04-01,1.5,0.34
62,2023-05-01,0.81,0.22
62,2023-06-01,1.1,0.27
62,2023-07-01,0.74,0.39
62,2023-08-01,0.61,0.08
62,2023-09-01,0.93,0.28
62,2023-11-01,1.1,0.33
62,2023-12-01,0.53,0.18
62,2024-02-01,0.46,0.07
62,2024-03-01,0.32,0.01
62,2024-04-01,0.19,0.22
62,2024-05-01,0.36,0.07
62,2024-07-01,0.26,0.07
62,2024-08-01,0.08,0.07
62,2024-09-01,0.38,0.06
62,2024-11-01,0.12,0.02
62,2024-12-01,0.37,0.01
63,2022-01-01,1.4,0.8
63,2022-02-01,1.9,0.4
63,2022-03-01,3.0,0.59
63,2022-04-01,0.0,0.24
64,2022-01-01,0.08,0.47
64,2022-02-01,0.13,0.72
64,2022-03-01,0.14,0.28
65,2022-01-01,0.22,0.0
65,2022-02-01,0.13,0.0
66,2022-01-01,0.0,0.01
66,2022-02-01,0.02,0.0
66,2022-03-01,0.02,0.0
66,2022-04-01,0.03,0.0
66,2022-05-01,0.05,0.0
66,2022-07-01,0.0,0.01
66,2022-08-01,0.03,0.0
66,2022-09-01,0.03,0.0
66,2022-10-01,0.04,0.0
67,2022-01-01,0.28,0.0
68,2022-01-01,0.0,0.13
68,2022-02-01,0.0,0.61
68,2022-03-01,0.03,0.0
68,2022-04-01,3.5,0.5
68,2022-06-01,0.24,2.3
68,2022-07-01,0.02,0.97
69,2022-02-01,6.9,0.23
69,2022-04-01,0.14,1.5
69,2022-05-01,1.1,0.06
69,2022-06-01,1.4,0.13
69,2022-07-01,0.12,0.68
69,2022-08-01,0.02,0.01
69,2022-09-01,0.02,0.0
69,2022-10-01,0.03,0.0
69,2022-11-01,0.01,0.0
69,2022-12-01,0.68,0.0
69,2023-01-01,0.01,0.0
69,2023-02-01,0.61,0.0
69,2023-03-01,0.21,0.0
69,2023-04-01,0.53,0.0
69,2023-05-01,0.22,0.0
69,2023-06-01,0.39,0.0
69,2023-07-01,0.27,0.0
70,2022-01-01,0.03,0.12
70,2022-02-01,0.02,0.0
70,2022-03-01,0.04,0.15
70,2022-04-01,0.04,0.03
70,2022-05-01,0.01,0.04
70,2022-06-01,4.6,0.68
70,2022-07-01,0.26,0.02
70,2022-09-01,0.21,0.0
70,2022-10-01,0.0,0.16
71,2022-01-01,0.01,0.07
71,2022-02-01,0.0,0.02
71,2022-03-01,0.15,0.01
71,2022-04-01,0.16,0.01
71,2022-06-01,0.0,0.27
71,2022-07-01,0.0,0.77
71,2022-08-01,0.0,0.56
71,2022-09-01,0.0,0.2
71,2022-10-01,0.0,0.18
72,2022-01-01,0.0,0.02
72,2022-02-01,0.0,0.02
72,2022-03-01,0.0,0.02
72,2022-04-01,0.0,0.02
72,2022-05-01,0.0,0.03
72,2022-06-01,0.0,0.02
72,2022-07-01,0.0,0.02
72,2022-08-01,0.0,0.02
72,2022-09-01,0.0,0.01
72,2022-10-01,0.0,0.03
72,2022-11-01,0.0,0.01
72,2022-12-01,0.0,0.02
73,2022-01-01,0.1,0.0
73,2022-02-01,0.01,0.0
74,2022-01-01,0.07,0.42
74,2022-02-01,0.0,0.42
74,2022-03-01,0.05,0.49
74,2022-04-01,0.07,0.64
74,2022-05-01,0.0,0.52
74,2022-06-01,0.02,0.38
74,2022-08-01,0.08,0.49
74,2022-09-01,0.02,0.39
74,2022-10-01,0.15,0.3
74,2022-11-01,0.02,0.63
75,2022-01-01,1.1,0.0
75,2022-02-01,0.83,0.05
75,2022-03-01,2.1,0.11
75,2022-04-01,2.0,0.15
75,2022-05-01,0.27,0.0
75,2022-06-01,0.96,0.0
75,2022-07-01,1.2,0.0
75,2022-08-01,1.3,0.0
75,2022-09-01,5.4,0.02
75,2022-10-01,1.1,0.01
75,2022-11-01,2.6,0.02
75,2022-12-01,2.1,0.02
75,2023-01-01,1.6,0.01
75,2023-03-01,1.7,0.01
75,2023-04-01,0.63,0.01
75,2023-05-01,2.6,0.01
75,2023-06-01,3.1,0.01
75,2023-07-01,3.4,0.0
75,2023-08-01,0.8,0.02
75,2023-09-01,6.9,0.01
75,2023-10-01,5.0,0.01
75,2023-11-01,7.4,0.01
75,2023-12-01,3.2,0.01
75,2024-01-01,5.2,0.01
75,2024-02-01,3.4,0.02
75,2024-03-01,1.9,0.01
75,2024-04-01,4.5,0.01
75,2024-05-01,0.86,0.01
75,2024-06-01,4.7,0.01
75,2024-07-01,4.7,0.01
75,2024-08-01,3.1,0.01
75,2024-09-01,5.4,0.01
75,2024-10-01,2.6,0.0
75,2024-11-01,2.9,0.0
75,2024-12-01,3.3,0.0
76,2022-01-01,0.53,0.09
76,2022-02-01,0.34,0.0
76,2022-04-01,0.24,0.0
76,2022-05-01,0.51,0.0
76,2022-06-01,0.46,0.0
76,2022-07-01,0.46,0.0
76,2022-08-01,0.5,0.0
76,2022-09-01,0.46,0.0
76,2022-11-01,0.43,0.0
76,2022-12-01,0.53,0.0
76,2023-01-01,0.57,0.0
76,2023-02-01,0.98,0.0
76,2023-03-01,0.72,0.0
76,2023-04-01,0.93,0.0
76,2023-05-01,0.71,0.0
76,2023-06-01,0.68,0.0
76,2023-07-01,0.57,0.0
76,2023-08-01,0.61,0.0
76,2023-09-01,0.69,0.0
76,2023-10-01,0.83,0.0
76,2023-11-01,0.67,0.0
76,2023-12-01,0.9,0.0
76,2024-01-01,0.79,0.0
76,2024-02-01,0.74,0.0
76,2024-03-01,0.89,0.0
76,2024-04-01,0.78,0.0
76,2024-05-01,0.67,0.0
76,2024-06-01,0.56,0.0
76,2024-07-01,0.57,0.0
76,2024-08-01,0.66,0.0
76,2024-09-01,0.63,0.0
76,2024-10-01,0.82,0.0
76,2024-11-01,0.87,0.0
76,2024-12-01,0.91,0.0
77,2022-02-01,0.0,0.1
77,2022-03-01,0.0,0.1
77,2022-05-01,0.0,0.04
77,2022-06-01,0.0,0.24
77,2022-07-01,0.0,0.26
77,2022-08-01,0.0,0.08
77,2022-09-01,0.0,0.2
77,2022-10-01,0.0,0.23
77,2022-11-01,0.0,0.03
77,2022-12-01,0.0,0.08
77,2023-01-01,0.0,0.04
77,2023-02-01,0.0,0.11
77,2023-03-01,0.0,0.2
77,2023-04-01,0.0,0.21
77,2023-05-01,0.0,0.03
77,2023-06-01,0.0,0.07
77,2023-07-01,0.0,0.04
77,2023-08-01,0.0,0.2
77,2023-09-01,0.0,0.12
77,2023-10-01,0.0,0.15
77,2023-11-01,0.0,0.19
77,2023-12-01,0.0,0.12
77,2024-01-01,0.0,0.12
77,2024-02-01,0.0,0.07
77,2024-03-01,0.0,0.14
77,2024-04-01,0.0,0.21
77,2024-05-01,0.0,0.21
77,2024-06-01,0.0,0.24
77,2024-07-01,0.0,0.24
77,2024-08-01,0.0,0.35
77,2024-09-01,0.0,0.15
77,2024-10-01,0.0,0.13
77,2024-11-01,0.0,0.05
77,2024-12-01,0.0,0.11
78,2022-01-01,0.93,0.0
78,2022-03-01,0.07,0.0
78,2022-04-01,0.08,0.0
78,2022-09-01,0.13,0.0
78,2022-10-01,0.27,0.08
78,2022-11-01,0.04,0.0
79,2022-01-01,0.02,0.0
79,2022-02-01,0.05,0.0
79,2022-03-01,0.02,0.0
79,2022-04-01,0.03,0.0
79,2022-05-01,0.02,0.0
79,2022-06-01,0.27,0.0
79,2022-07-01,0.0,0.81
79,2022-08-01,0.05,0.33
79,2022-09-01,0.0,0.25
79,2022-10-01,0.25,0.26
79,2022-11-01,0.0,0.44
79,2022-12-01,0.65,0.38
79,2023-01-01,0.05,0.0
79,2023-02-01,0.0,0.21
79,2023-03-01,0.1,0.19
79,2023-04-01,0.04,0.12
80,2022-01-01,0.35,0.0
80,2022-02-01,0.01,0.0
80,2022-03-01,0.05,0.0
80,2022-04-01,0.17,0.0
81,2022-01-01,0.13,0.0
82,2022-01-01,0.03,0.0
82,2022-02-01,0.03,0.0
83,2022-01-01,0.51,0.0
83,2022-02-01,0.61,0.0
84,2022-01-01,0.24,0.26
84,2022-02-01,0.23,0.12
84,2022-03-01,0.0,0.26
84,2022-04-01,0.0,0.12
84,2022-05-01,0.23,0.24
85,2022-01-01,0.0,0.32
86,2022-03-01,0.26,0.0
86,2022-05-01,0.12,0.0
86,2022-06-01,0.07,0.0
86,2022-08-01,0.12,0.0
87,2022-01-01,0.0,0.06
87,2022-02-01,0.0,0.1
87,2022-03-01,0.0,0.06
87,2022-04-01,0.0,0.06
87,2022-05-01,0.0,0.05
87,2022-07-01,0.0,0.1
87,2022-08-01,0.01,0.0
87,2022-09-01,0.0,0.04
87,2022-10-01,0.0,0.11
87,2022-11-01,0.0,0.14
87,2022-12-01,0.0,0.1
87,2023-01-01,0.0,0.1
87,2023-03-01,0.01,0.0
88,2022-01-01,0.0,0.08
88,2022-02-01,0.0,0.06
88,2022-04-01,0.0,0.16
88,2022-07-01,0.0,0.06
88,2022-09-01,0.0,0.04
88,2022-10-01,0.01,0.0
89,2022-01-01,0.0,0.02
89,2022-02-01,0.0,0.02
89,2022-03-01,0.0,0.08
89,2022-04-01,0.0,0.06
89,2022-05-01,0.0,0.04
89,2022-06-01,0.0,0.07
89,2022-07-01,0.0,0.06
89,2022-08-01,0.0,0.11
89,2022-10-01,0.0,0.06
89,2022-11-01,0.0,0.02
89,2022-12-01,0.0,0.06
89,2023-01-01,0.0,0.06
89,2023-02-01,0.0,0.07
90,2022-09-01,0.48,0.0
90,2022-10-01,1.4,0.0
90,2022-12-01,0.56,0.0
90,2023-02-01,0.15,0.0
90,2023-03-01,0.31,0.73
90,2023-06-01,0.2,0.0
90,2023-07-01,0.01,0.0
90,2023-10-01,0.01,0.0
90,2023-12-01,0.21,0.0
90,2024-03-01,0.11,0.0
90,2024-04-01,0.1,0.0
90,2024-06-01,0.0,0.01
90,2024-10-01,0.01,0.0
91,2022-01-01,0.07,0.0
91,2022-02-01,0.06,0.0
91,2022-03-01,0.12,0.0
91,2022-04-01,0.04,0.0
91,2022-06-01,0.07,0.0
91,2022-07-01,0.12,0.0
91,2022-08-01,0.12,0.0
91,2022-09-01,0.08,0.0
91,2022-10-01,0.05,0.0
91,2022-11-01,0.12,0.0
91,2022-12-01,0.08,0.0
91,2023-01-01,0.19,0.0
91,2023-02-01,0.11,0.0
91,2023-03-01,0.18,0.0
91,2023-04-01,0.06,0.0
91,2023-05-01,0.19,0.0
91,2023-06-01,0.08,0.0
91,2023-08-01,0.09,0.0
91,2023-10-01,0.17,0.0
91,2023-11-01,0.13,0.0
91,2023-12-01,0.01,0.0
91,2024-01-01,0.08,0.0
91,2024-03-01,0.13,0.0
91,2024-04-01,0.07,0.0
91,2024-05-01,0.19,0.0
91,2024-06-01,0.27,0.0
91,2024-07-01,0.2,0.0
91,2024-08-01,0.14,0.0
91,2024-09-01,0.26,0.0
91,2024-10-01,0.16,0.0
91,2024-11-01,0.19,0.0
91,2024-12-01,0.24,0.0
92,2022-01-01,0.39,0.0
92,2022-02-01,0.64,0.0
92,2022-03-01,0.67,0.0
92,2022-04-01,0.45,0.0
92,2022-05-01,0.0,0.26
92,2022-06-01,0.48,0.0
92,2022-07-01,0.51,0.0
92,2022-08-01,0.46,0.0
92,2022-09-01,0.3,0.0
92,2022-10-01,0.49,0.0
92,2022-12-01,0.63,0.0
92,2023-01-01,0.58,0.0
92,2023-02-01,0.57,0.0
92,2023-03-01,0.53,0.0
92,2023-06-01,0.59,0.0
92,2023-07-01,0.54,0.0
92,2023-08-01,0.48,0.0
92,2023-09-01,0.67,0.0
92,2023-10-01,0.15,0.0
92,2023-12-01,0.4,0.0
92,2024-01-01,0.46,0.0
92,2024-02-01,0.38,0.0
92,2024-03-01,0.14,0.0
92,2024-04-01,0.0,0.01
92,2024-06-01,0.46,0.0
92,2024-07-01,0.34,0.0
92,2024-08-01,0.54,0.0
93,2022-01-01,0.31,0.0
93,2022-02-01,0.36,0.0
93,2022-03-01,0.23,0.0
94,2022-01-01,0.02,0.0
94,2022-02-01,0.01,0.0
94,2022-03-01,5.5,0.05
95,2022-01-01,0.65,0.07
95,2022-02-01,0.01,0.0
95,2022-03-01,0.2,0.0
96,2022-01-01,0.0,0.04
96,2022-04-01,0.0,0.01
96,2022-05-01,0.0,0.04
96,2022-06-01,0.0,0.01
96,2022-07-01,0.0,0.01
96,2022-08-01,0.0,0.01
96,2022-10-01,0.0,0.01
96,2023-01-01,0.0,0.01
96,2023-02-01,0.0,0.01
96,2023-03-01,0.0,0.02
96,2023-07-01,0.0,0.01
96,2023-09-01,0.0,0.03
96,2024-01-01,0.0,0.04
96,2024-02-01,0.0,0.01
96,2024-04-01,0.0,0.04
96,2024-07-01,0.0,0.02
96,2024-11-01,0.0,0.05
96,2024-12-01,0.0,0.04
97,2022-01-01,0.0,0.11
97,2022-02-01,0.0,0.11
97,2022-03-01,0.0,0.01
98,2022-01-01,0.0,1.8
99,2022-01-01,0.07,0.0
99,2022-02-01,0.64,1.0
99,2022-03-01,0.05,0.0
99,2022-04-01,0.05,0.0
100,2022-01-01,0.0,0.58
100,2022-02-01,0.0,0.33
100,2022-03-01,0.0,0.4
100,2022-04-01,0.0,0.26
100,2022-05-01,0.0,0.34
100,2022-06-01,0.0,0.69
100,2022-07-01,0.0,0.29
100,2022-08-01,0.0,0.66
100,2022-09-01,0.0,0.71
101,2022-02-01,0.0,0.49
101,2022-03-01,0.0,0.76
101,2022-04-01,0.0,0.64
101,2022-05-01,0.0,0.51
101,2022-06-01,0.0,0.41
101,2022-07-01,0.0,0.64
101,2022-08-01,0.0,0.56
101,2022-09-01,0.0,0.81
101,2022-10-01,0.0,0.23
102,2022-01-01,0.03,0.0
103,2022-01-01,0.0,0.07
103,2022-05-01,0.0,0.11
103,2022-08-01,0.0,0.13
103,2023-02-01,0.0,0.11
103,2023-04-01,0.0,0.03
103,2023-06-01,0.0,0.11
103,2023-07-01,0.0,0.03
103,2023-08-01,0.0,0.04
103,2023-09-01,0.0,0.06
103,2023-10-01,0.0,0.09
103,2023-11-01,0.0,0.02
103,2023-12-01,0.0,0.08
103,2024-03-01,0.0,0.06
103,2024-05-01,0.0,0.05
104,2022-01-01,0.42,0.65
105,2022-01-01,0.02,0.0
105,2022-02-01,0.04,0.0
106,2022-01-01,0.48,0.0
106,2022-02-01,0.68,0.0
106,2022-03-01,1.0,0.58
106,2022-04-01,1.3,0.0
107,2022-01-01,1.3,1.2
107,2022-02-01,0.96,0.65
107,2022-03-01,2.2,1.5
107,2022-04-01,1.8,1.2
107,2022-05-01,3.6,2.2
107,2022-06-01,1.7,1.1
107,2022-07-01,1.3,1.3
107,2022-08-01,2.3,1.8
107,2022-09-01,1.3,0.76
107,2022-10-01,0.71,0.51
107,2022-11-01,0.97,0.44
107,2023-01-01,0.99,0.2
107,2023-02-01,1.0,0.0
107,2023-03-01,0.85,0.38
107,2023-04-01,1.1,0.24
107,2023-05-01,1.9,0.17
107,2023-06-01,1.1,0.0
107,2023-08-01,1.3,0.71
107,2023-09-01,0.78,0.0
108,2022-01-01,0.05,0.0
108,2022-02-01,0.18,0.0
108,2022-03-01,0.28,0.0
108,2022-04-01,0.14,0.0
108,2022-05-01,0.03,0.0
108,2022-06-01,0.13,0.0
108,2022-10-01,0.05,0.0
108,2022-11-01,0.05,0.0
108,2022-12-01,0.05,0.0
108,2023-03-01,0.04,0.0
108,2023-05-01,0.04,0.0
108,2023-06-01,0.03,0.0
108,2023-07-01,0.03,0.0
108,2023-09-01,0.04,0.0
108,2023-11-01,0.05,0.0
108,2024-01-01,0.02,0.0
108,2024-02-01,0.05,0.0
108,2024-04-01,0.11,0.0
108,2024-05-01,0.02,0.0
108,2024-06-01,0.05,0.0
108,2024-07-01,0.05,0.0
108,2024-08-01,0.07,0.0
108,2024-09-01,0.03,0.0
108,2024-10-01,0.05,0.0
108,2024-11-01,0.01,0.0
108,2024-12-01,0.07,0.0
109,2022-01-01,0.0,0.06
109,2022-02-01,0.0,0.12
109,2022-03-01,0.0,0.07
109,2022-04-01,0.0,0.11
109,2022-05-01,0.0,0.05
109,2022-06-01,0.0,0.03
109,2022-07-01,0.0,0.05
109,2022-08-01,0.0,0.01
109,2022-09-01,0.0,0.11
109,2022-10-01,0.0,0.06
109,2022-11-01,0.0,0.07
109,2022-12-01,0.0,0.05
109,2023-01-01,0.0,0.07
109,2023-02-01,0.0,0.07
109,2023-03-01,0.0,0.11
109,2023-04-01,0.0,0.05
109,2023-05-01,0.0,0.04
109,2023-06-01,0.0,0.04
109,2023-07-01,0.0,0.04
109,2023-10-01,0.0,0.08
109,2023-11-01,0.0,0.05
109,2023-12-01,0.0,0.08
109,2024-01-01,0.0,0.09
110,2022-01-01,0.0,0.04
110,2022-02-01,0.0,0.05
111,2022-01-01,0.1,0.0
111,2022-03-01,0.18,0.0
111,2022-04-01,0.9,0.0
111,2022-06-01,0.25,0.0
111,2022-11-01,1.5,0.0
111,2022-12-01,3.3,0.01
111,2023-01-01,0.0,0.02
111,2023-02-01,0.0,0.02
111,2023-03-01,0.0,0.03
111,2023-04-01,0.0,0.03
111,2023-05-01,0.0,0.02
111,2023-07-01,0.0,0.01
111,2023-08-01,0.0,0.02
111,2023-09-01,0.0,0.01
111,2023-10-01,0.02,0.0
111,2023-11-01,4.8,0.0
111,2024-01-01,0.33,0.0
111,2024-02-01,0.58,0.0
111,2024-04-01,0.0,0.01
111,2024-08-01,0.0,0.02
111,2024-09-01,0.0,0.02
111,2024-11-01,0.66,0.0
111,2024-12-01,2.2,0.0
112,2022-01-01,0.02,0.0
113,2022-01-01,0.0,0.01
114,2022-01-01,0.0,0.05
114,2022-02-01,0.06,0.0
114,2022-03-01,0.04,0.0
114,2022-04-01,0.07,0.0
115,2022-01-01,0.05,0.0
116,2022-01-01,0.45,0.28
116,2022-02-01,0.19,0.09
117,2022-01-01,0.11,0.0
117,2022-02-01,0.06,0.0
117,2022-03-01,0.09,0.0
117,2022-04-01,0.08,0.0
117,2022-05-01,0.04,0.0
117,2022-06-01,0.12,0.0
118,2022-01-01,0.28,0.03
118,2022-02-01,0.18,0.04
118,2022-04-01,0.28,0.02
118,2022-05-01,0.07,0.01
118,2022-06-01,0.02,0.0
118,2022-07-01,0.13,0.05
118,2022-08-01,0.0,0.05
118,2022-09-01,0.0,0.01
119,2022-01-01,0.0,0.03
119,2022-02-01,0.02,0.0
120,2022-01-01,1.1,0.0
120,2022-02-01,0.62,0.12
120,2022-03-01,0.88,0.34
120,2022-04-01,1.4,0.0
120,2022-05-01,1.2,0.39
121,2022-01-01,0.0,0.98
121,2022-02-01,0.0,0.55
121,2022-03-01,0.0,1.1
121,2022-04-01,0.0,1.0
121,2022-05-01,0.0,0.28
121,2022-06-01,0.0,0.56
121,2022-07-01,0.0,1.1
121,2022-08-01,0.0,1.4
121,2022-09-01,0.0,0.01
121,2023-02-01,0.0,0.24
121,2023-03-01,0.0,0.2
121,2023-05-01,0.0,0.03
121,2023-06-01,0.0,0.26
121,2023-07-01,0.0,0.26
121,2023-08-01,0.0,0.24
121,2023-09-01,0.0,0.07
121,2024-03-01,0.0,0.52
121,2024-04-01,0.0,0.2
121,2024-05-01,0.0,0.06
121,2024-06-01,0.0,0.01
121,2024-07-01,0.0,0.03
121,2024-09-01,0.0,0.02
122,2022-01-01,0.06,0.01
122,2022-02-01,0.21,0.04
122,2022-03-01,0.26,0.02
122,2022-04-01,0.02,0.01
122,2022-05-01,0.26,0.12
122,2022-06-01,0.22,0.01
122,2022-07-01,0.28,0.01
122,2022-08-01,0.25,0.01
122,2022-09-01,0.26,0.04
122,2022-10-01,0.05,0.02
122,2022-12-01,0.14,0.03
122,2023-02-01,0.35,0.1
122,2023-03-01,0.22,0.11
122,2023-04-01,0.15,0.08
122,2023-05-01,0.17,0.06
122,2023-06-01,0.13,0.05
122,2023-08-01,0.07,0.01
122,2023-10-01,0.27,0.0
122,2023-12-01,0.18,0.03
122,2024-01-01,0.2,0.03
122,2024-02-01,0.13,0.03
122,2024-03-01,0.11,0.03
122,2024-04-01,0.25,0.13
122,2024-05-01,0.02,0.17
122,2024-06-01,0.06,0.12
122,2024-07-01,0.09,0.08
122,2024-08-01,0.13,0.14
122,2024-09-01,0.02,0.04
122,2024-10-01,0.15,0.11
122,2024-11-01,0.07,0.11
122,2024-12-01,0.08,0.13
123,2022-01-01,0.01,0.12
123,2022-03-01,0.0,0.04
123,2022-04-01,0.01,0.05
123,2022-05-01,0.0,0.08
123,2022-06-01,0.0,0.03
123,2022-07-01,0.0,0.03
123,2022-09-01,0.0,0.03
123,2022-10-01,0.0,0.02
123,2022-11-01,0.0,0.01
123,2022-12-01,0.0,0.02
123,2023-02-01,0.0,0.04
123,2023-03-01,0.0,0.01
123,2023-05-01,0.0,0.03
123,2023-06-01,0.0,0.05
123,2023-11-01,0.0,0.04
123,2024-01-01,0.0,0.01
123,2024-02-01,0.0,0.05
123,2024-06-01,0.0,0.06
123,2024-11-01,0.0,0.01
124,2022-02-01,0.13,0.05
124,2022-04-01,0.05,0.03
124,2022-05-01,0.0,0.2
124,2022-06-01,0.0,0.16
124,2022-07-01,0.02,0.09
124,2022-08-01,0.08,0.05
125,2022-01-01,0.0,0.08
125,2022-02-01,0.0,0.03
125,2022-04-01,0.0,0.04
125,2022-05-01,0.0,0.02
126,2022-01-01,0.0,0.02
126,2022-03-01,0.0,0.02
126,2022-05-01,0.05,0.04
126,2022-06-01,0.0,0.01
126,2022-07-01,0.0,0.09
126,2022-08-01,0.0,0.02
126,2022-10-01,0.06,0.0
126,2022-12-01,0.0,0.01
126,2023-01-01,0.0,0.01
126,2023-02-01,0.0,0.03
126,2023-04-01,0.0,0.01
126,2023-05-01,0.0,0.08
126,2023-06-01,0.0,0.05
126,2023-07-01,0.0,0.06
126,2023-08-01,0.0,0.01
126,2023-10-01,0.0,0.03
126,2023-12-01,0.0,0.01
126,2024-01-01,0.0,0.02
126,2024-04-01,0.0,0.02
126,2024-12-01,0.0,0.01
127,2022-01-01,0.03,0.56
127,2022-02-01,0.0,0.07
127,2022-06-01,0.01,0.0
127,2022-07-01,0.01,0.04
127,2022-08-01,0.03,0.11
127,2022-09-01,0.0,0.04
127,2022-10-01,0.0,0.13
127,2022-12-01,0.0,0.07
127,2023-01-01,0.0,0.24
127,2023-02-01,0.0,0.02
127,2023-03-01,0.0,0.04
127,2023-06-01,0.0,0.1
127,2023-08-01,0.0,0.13
127,2023-09-01,0.01,0.01
127,2023-11-01,0.0,0.03
127,2024-04-01,0.0,0.02
127,2024-05-01,0.01,0.0
127,2024-07-01,0.03,0.09
127,2024-09-01,0.04,0.09
127,2024-11-01,0.0,0.08
128,2022-01-01,0.0,0.06
128,2022-02-01,0.0,0.91
128,2022-03-01,0.0,1.2
128,2022-05-01,0.0,0.92
128,2022-06-01,0.0,0.06
128,2022-07-01,0.0,0.06
128,2022-08-01,0.0,0.78
128,2022-09-01,0.0,1.2
128,2022-10-01,0.0,0.16
128,2022-12-01,0.0,0.91
128,2023-02-01,0.0,0.04
128,2023-03-01,0.0,0.15
128,2023-04-01,0.0,0.49
128,2023-05-01,0.0,0.04
128,2023-06-01,0.0,1.1
128,2023-07-01,0.0,0.12
128,2023-08-01,0.0,0.79
128,2023-09-01,0.0,1.4
128,2023-10-01,0.0,0.12
128,2023-11-01,0.0,0.24
128,2023-12-01,0.0,0.58
128,2024-01-01,0.0,0.25
128,2024-02-01,0.0,0.74
128,2024-03-01,0.0,1.0
128,2024-04-01,0.0,0.15
128,2024-05-01,0.0,0.15
128,2024-06-01,0.0,0.05
128,2024-07-01,0.0,0.1
128,2024-08-01,0.0,0.54
128,2024-09-01,0.0,0.14
128,2024-10-01,0.0,0.09
128,2024-11-01,0.0,0.05
128,2024-12-01,0.0,0.13
129,2022-01-01,1.3,0.0
129,2022-03-01,0.51,0.0
129,2022-04-01,1.1,0.0
129,2022-07-01,0.02,0.0
129,2022-09-01,1.0,0.0
129,2022-10-01,0.67,0.0
129,2022-11-01,0.88,0.0
129,2022-12-01,0.61,0.0
129,2023-01-01,0.74,0.0
129,2023-04-01,1.0,0.0
130,2022-01-01,0.0,0.09
130,2022-03-01,0.0,0.17
130,2022-04-01,0.0,0.05
130,2022-05-01,0.0,0.11
130,2022-06-01,0.0,0.22
130,2022-07-01,0.0,0.22
130,2022-09-01,0.0,0.05
130,2022-11-01,0.0,0.13
130,2022-12-01,0.0,0.13
130,2023-01-01,0.0,0.12
130,2023-08-01,0.0,0.06
130,2023-10-01,0.0,0.02
130,2023-11-01,0.0,0.11
130,2023-12-01,0.0,0.07
130,2024-01-01,0.0,0.09
130,2024-03-01,0.0,0.02
130,2024-04-01,0.0,0.01
131,2022-01-01,0.04,0.0
131,2022-02-01,0.09,0.03
131,2022-03-01,0.04,0.0
131,2022-04-01,0.16,0.0
131,2022-05-01,0.16,0.0
131,2022-06-01,0.08,0.0
131,2022-07-01,0.04,0.0
131,2022-08-01,0.04,0.0
131,2022-09-01,0.04,0.0
131,2022-10-01,0.12,0.0
131,2022-11-01,0.11,0.0
131,2022-12-01,0.04,0.0
131,2023-01-01,0.04,0.0
131,2023-02-01,0.07,0.0
131,2023-04-01,0.08,0.0
131,2023-05-01,0.04,0.0
131,2023-06-01,0.04,0.0
131,2023-07-01,0.12,0.0
131,2023-08-01,0.04,0.0
131,2023-09-01,0.07,0.0
131,2023-10-01,0.04,0.0
131,2023-11-01,0.04,0.0
131,2023-12-01,0.03,0.0
131,2024-03-01,0.07,0.0
131,2024-04-01,0.07,0.0
131,2024-05-01,0.1,0.0
131,2024-06-01,0.03,0.0
131,2024-07-01,0.03,0.0
131,2024-10-01,0.03,0.0
131,2024-11-01,0.04,0.0
132,2022-01-01,0.34,0.05
132,2022-02-01,0.31,0.01
132,2022-03-01,0.39,0.03
132,2022-04-01,0.31,0.06
132,2022-05-01,0.16,0.04
132,2022-06-01,0.26,0.04
132,2022-07-01,0.27,0.05
132,2022-08-01,0.22,0.04
132,2022-09-01,0.4,0.05
132,2022-10-01,0.31,0.03
132,2022-11-01,0.27,0.03
132,2022-12-01,0.45,0.02
132,2023-01-01,0.02,0.01
132,2023-10-01,0.01,0.0
132,2023-11-01,0.02,0.0
132,2024-07-01,0.0,0.01
132,2024-09-01,0.0,0.01
133,2022-01-01,0.0,0.02
133,2022-03-01,0.0,0.02
133,2022-04-01,0.0,0.01
133,2022-05-01,0.0,0.01
133,2023-07-01,0.0,0.03
133,2023-08-01,0.0,0.01
133,2023-09-01,0.0,0.01
133,2023-11-01,0.0,0.01
134,2022-01-01,0.04,0.06
134,2022-02-01,0.02,0.0
134,2022-03-01,0.04,0.07
134,2022-04-01,0.11,0.07
134,2022-05-01,0.06,0.03
135,2022-01-01,0.01,0.0
135,2022-05-01,0.01,0.0
136,2022-01-01,0.36,0.0
136,2022-02-01,0.22,0.0
136,2022-03-01,0.27,0.0
136,2022-05-01,0.35,0.0
137,2022-01-01,0.13,1.5
137,2022-02-01,0.11,1.7
137,2022-03-01,0.21,2.1
137,2022-04-01,0.42,2.1
137,2022-05-01,0.29,1.8
137,2022-06-01,0.03,2.3
137,2022-07-01,0.12,1.8
137,2022-08-01,0.0,1.8
137,2022-09-01,0.14,1.6
137,2022-11-01,0.0,1.6
137,2022-12-01,0.12,1.2
137,2023-01-01,0.0,1.8
137,2023-02-01,0.07,1.1
137,2023-03-01,0.01,1.4
137,2023-04-01,0.03,1.5
137,2023-05-01,0.14,0.7
137,2023-06-01,0.13,0.81
137,2023-07-01,0.05,1.1
137,2023-08-01,0.07,0.37
137,2023-09-01,0.0,0.62
137,2023-10-01,0.03,0.75
137,2023-11-01,0.16,0.65
137,2023-12-01,0.26,0.68
137,2024-01-01,0.1,0.46
137,2024-02-01,0.07,0.28
137,2024-03-01,0.13,0.44
137,2024-04-01,0.35,0.8
137,2024-05-01,0.19,0.35
137,2024-06-01,0.24,0.57
137,2024-07-01,0.17,0.32
137,2024-08-01,0.0,0.42
137,2024-09-01,0.01,0.38
137,2024-11-01,0.0,0.83
138,2022-01-01,0.05,0.0
138,2022-02-01,0.08,0.0
138,2022-03-01,0.2,0.0
138,2022-04-01,0.2,0.0
138,2022-05-01,0.2,0.0
138,2022-06-01,0.0,0.01
138,2022-07-01,0.1,0.0
138,2022-08-01,0.18,0.0
138,2022-09-01,0.12,0.0
139,2022-02-01,0.57,0.54
139,2022-03-01,0.02,0.0
139,2022-04-01,0.04,0.01
139,2022-05-01,0.12,0.0
139,2022-06-01,0.71,0.0
139,2022-07-01,0.0,0.28
140,2022-01-01,0.0,0.01
140,2022-02-01,0.0,0.01
140,2022-03-01,0.0,0.01
141,2022-01-01,0.16,0.0
141,2022-02-01,0.3,0.0
141,2022-03-01,0.17,0.0
141,2022-04-01,0.31,0.0
141,2022-05-01,0.64,0.01
142,2022-01-01,0.09,0.08
142,2022-02-01,0.0,0.05
142,2022-03-01,0.05,0.04
142,2022-04-01,0.05,0.0
142,2022-05-01,0.0,0.05
142,2022-07-01,0.05,0.04
142,2022-08-01,0.05,0.04
142,2022-09-01,0.05,0.04
142,2022-10-01,0.05,0.04
142,2022-12-01,0.05,0.04
142,2023-01-01,0.05,0.04
142,2023-03-01,0.0,0.04
142,2023-04-01,0.05,0.04
142,2023-05-01,0.05,0.04
142,2023-07-01,0.02,0.02
142,2023-08-01,0.0,0.04
142,2023-10-01,0.0,0.04
142,2023-11-01,0.0,0.04
142,2023-12-01,0.0,0.04
142,2024-01-01,0.05,0.04
142,2024-03-01,0.03,0.0
142,2024-04-01,0.0,0.02
142,2024-07-01,0.0,0.05
143,2022-01-01,0.27,0.0
143,2022-02-01,0.46,0.03
143,2022-03-01,0.42,0.22
143,2022-04-01,0.0,0.03
143,2022-05-01,0.0,0.11
143,2022-06-01,0.31,0.14
144,2022-01-01,0.44,0.0
144,2022-02-01,0.51,0.0
145,2022-01-01,0.03,0.1
145,2022-03-01,0.05,0.29
145,2022-04-01,0.01,0.24
145,2022-05-01,0.08,0.09
145,2022-06-01,0.0,0.17
145,2022-07-01,0.03,0.17
146,2022-01-01,0.02,0.0
146,2022-02-01,0.03,0.0
147,2022-01-01,0.0,0.01
147,2022-02-01,0.0,0.01
148,2022-01-01,0.0,0.04
148,2022-02-01,0.0,0.04
149,2022-01-01,0.25,0.0
149,2022-02-01,0.0,0.02
149,2022-03-01,0.0,0.09
150,2022-01-01,0.02,0.0
150,2022-02-01,0.03,0.0
150,2022-05-01,0.02,0.0
150,2022-06-01,0.02,0.0
150,2022-12-01,0.02,0.0
150,2023-07-01,0.02,0.0
150,2023-11-01,0.02,0.0
150,2024-01-01,0.02,0.0
150,2024-02-01,0.02,0.0
150,2024-05-01,0.02,0.0
150,2024-06-01,0.02,0.0
151,2022-01-01,0.04,0.01
151,2022-02-01,0.05,0.0
151,2022-03-01,0.0,0.17
151,2022-04-01,0.0,0.07
151,2022-05-01,0.0,0.18
151,2022-06-01,0.0,0.08
151,2022-07-01,0.0,0.25
151,2022-08-01,0.0,0.16
151,2022-09-01,0.0,0.05
151,2022-11-01,0.0,0.08
151,2022-12-01,0.01,0.0
151,2023-01-01,0.04,0.0
151,2023-02-01,0.0,0.02
151,2023-05-01,0.02,0.0
151,2023-07-01,0.01,0.02
151,2023-09-01,0.0,0.02
151,2023-10-01,0.01,0.0
151,2023-11-01,0.07,0.0
151,2024-01-01,0.01,0.01
151,2024-02-01,0.01,0.0
151,2024-03-01,0.14,0.01
151,2024-04-01,0.44,0.0
151,2024-05-01,0.12,0.0
151,2024-06-01,0.18,0.0
151,2024-07-01,0.12,0.0
151,2024-08-01,0.2,0.0
151,2024-09-01,0.15,0.0
152,2022-01-01,0.0,0.33
152,2022-02-01,0.0,0.31
153,2022-01-01,1.0,0.99
153,2022-02-01,1.5,0.71
153,2022-03-01,1.9,1.1
153,2022-04-01,1.2,1.5
153,2022-05-01,1.5,0.76
153,2022-06-01,1.2,1.5
153,2022-07-01,1.5,1.0
154,2022-01-01,0.01,0.12
154,2022-02-01,0.52,0.25
154,2022-03-01,0.07,0.0
154,2022-04-01,0.01,0.03
155,2022-01-01,0.02,0.02
155,2022-02-01,0.02,0.0
155,2022-04-01,0.17,0.11
155,2022-05-01,0.06,0.15
155,2022-06-01,0.13,0.08
155,2022-07-01,0.08,0.25
155,2022-08-01,0.22,0.1
155,2022-09-01,0.19,0.0
155,2022-10-01,0.12,0.35
155,2022-11-01,0.1,0.1
155,2022-12-01,0.12,0.01
155,2023-01-01,0.07,0.1
155,2023-02-01,0.14,0.0
155,2023-03-01,0.29,0.3
155,2023-04-01,0.13,0.11
155,2023-05-01,0.23,0.16
155,2023-06-01,0.18,0.0
155,2023-07-01,0.26,0.2
155,2023-08-01,0.08,0.11
155,2023-09-01,0.11,0.0
155,2023-10-01,0.09,0.1
155,2023-11-01,0.16,0.1
155,2023-12-01,0.18,0.11
155,2024-01-01,0.15,0.1
155,2024-02-01,0.19,0.1
155,2024-03-01,0.16,0.14
155,2024-04-01,0.16,0.0
155,2024-05-01,0.15,0.15
155,2024-06-01,0.36,0.15
155,2024-07-01,0.36,0.04
155,2024-08-01,0.04,0.0
155,2024-09-01,0.08,0.11
155,2024-10-01,0.12,0.23
155,2024-11-01,0.12,0.0
155,2024-12-01,0.49,0.0
156,2022-01-01,0.18,0.14
156,2022-02-01,0.11,0.0
156,2022-03-01,0.09,0.22
157,2022-01-01,0.36,0.17
157,2022-02-01,0.21,0.0
157,2022-03-01,0.38,0.0
158,2022-01-01,0.0,0.81
159,2022-01-01,0.0,0.01
159,2022-02-01,0.04,0.03
160,2022-01-01,0.28,0.0
160,2022-02-01,0.27,0.0
160,2022-03-01,0.36,0.0
160,2022-04-01,0.29,0.0
160,2022-05-01,0.15,0.0
160,2022-06-01,0.2,0.0
160,2022-07-01,0.39,0.0
160,2022-08-01,0.14,0.0
160,2022-09-01,0.33,0.0
160,2022-10-01,0.15,0.0
161,2022-01-01,0.0,0.07
161,2022-03-01,0.0,0.04
161,2022-04-01,0.0,0.07
161,2022-07-01,0.0,0.08
161,2022-08-01,0.0,0.13
161,2022-11-01,0.0,0.04
161,2022-12-01,0.0,0.08
161,2023-03-01,0.0,0.07
161,2023-04-01,0.0,0.01
161,2023-06-01,0.0,0.02
161,2023-10-01,0.0,0.12
161,2023-11-01,0.0,0.02
161,2023-12-01,0.0,0.04
161,2024-02-01,0.0,0.06
161,2024-03-01,0.0,0.01
161,2024-05-01,0.0,0.06
161,2024-08-01,0.0,0.02
161,2024-09-01,0.0,0.05
161,2024-10-01,0.0,0.09
161,2024-11-01,0.0,0.07
161,2024-12-01,0.0,0.04
162,2022-01-01,0.33,0.04
162,2022-02-01,0.67,0.04
162,2022-03-01,1.1,0.04
162,2022-04-01,1.4,0.06
162,2022-05-01,0.56,0.03
163,2022-01-01,0.56,0.03
163,2022-02-01,0.0,0.39
163,2022-03-01,0.0,0.13
163,2022-04-01,0.0,0.1
163,2022-05-01,0.0,0.03
163,2022-07-01,0.75,0.05
163,2022-08-01,0.16,0.05
163,2022-09-01,0.03,0.03
163,2022-10-01,0.29,0.03
163,2022-11-01,0.01,0.0
164,2022-01-01,0.03,0.0
164,2022-03-01,0.1,0.02
164,2022-04-01,0.09,0.0
164,2022-05-01,0.14,0.01
164,2022-06-01,0.06,0.01
164,2022-07-01,0.03,0.03
164,2022-08-01,0.15,0.0
164,2022-09-01,0.02,0.0
164,2022-10-01,0.02,0.01
164,2022-11-01,0.04,0.02
165,2022-01-01,0.32,0.06
165,2022-02-01,1.5,0.0
165,2022-03-01,0.48,0.0
165,2022-04-01,0.48,0.0
165,2022-05-01,0.01,0.0
166,2022-01-01,0.04,0.03
166,2022-02-01,0.24,0.03
166,2022-03-01,0.08,0.0
166,2022-04-01,0.03,0.0
166,2022-05-01,0.01,0.0
167,2022-01-01,0.37,0.0
167,2022-02-01,0.44,0.02
167,2022-03-01,0.35,0.0
167,2022-04-01,0.05,0.0
167,2022-05-01,0.07,0.03
167,2022-06-01,0.01,0.0
167,2022-07-01,0.18,0.0
167,2022-08-01,0.28,0.0
167,2022-09-01,0.38,0.04
167,2022-10-01,0.32,0.0
167,2022-11-01,0.15,0.0
167,2023-02-01,0.43,0.0
167,2023-03-01,0.67,0.08
167,2023-04-01,0.09,0.0
167,2023-05-01,0.02,0.0
167,2023-06-01,0.17,0.0
167,2023-07-01,0.05,0.0
167,2023-08-01,0.1,0.0
167,2023-09-01,0.19,0.0
167,2023-10-01,0.06,0.0
167,2023-12-01,0.26,0.02
167,2024-01-01,0.61,0.0
167,2024-02-01,0.25,0.0
167,2024-03-01,0.24,0.0
167,2024-04-01,0.12,0.03
167,2024-05-01,0.17,0.0
167,2024-06-01,0.08,0.04
167,2024-07-01,0.16,0.0
167,2024-08-01,0.09,0.0
167,2024-09-01,0.18,0.0
167,2024-10-01,0.23,0.0
167,2024-11-01,0.38,0.0
167,2024-12-01,0.46,0.01
168,2022-01-01,0.0,0.03
168,2022-02-01,0.0,0.08
168,2022-03-01,0.0,0.02
168,2022-04-01,0.0,0.06
168,2022-05-01,0.0,0.11
168,2022-06-01,0.0,0.07
168,2022-07-01,0.0,0.06
168,2022-08-01,0.0,0.1
168,2022-09-01,0.0,0.07
168,2022-10-01,0.0,0.14
168,2022-12-01,0.0,0.09
168,2023-01-01,0.0,0.06
168,2023-02-01,0.0,0.03
168,2023-03-01,0.0,0.04
168,2023-04-01,0.0,0.09
168,2023-05-01,0.0,0.04
168,2023-06-01,0.0,0.04
168,2023-08-01,0.0,0.05
168,2023-09-01,0.0,0.07
168,2023-11-01,0.0,0.05
168,2023-12-01,0.0,0.01
168,2024-01-01,0.0,0.02
168,2024-02-01,0.0,0.04
168,2024-03-01,0.0,0.07
168,2024-04-01,0.0,0.06
168,2024-05-01,0.0,0.04
168,2024-06-01,0.0,0.09
168,2024-07-01,0.0,0.01
168,2024-08-01,0.0,0.03
168,2024-09-01,0.0,0.06
168,2024-10-01,0.0,0.11
168,2024-11-01,0.0,0.08
168,2024-12-01,0.0,0.07
169,2022-02-01,0.03,0.0
169,2022-03-01,0.07,0.0
169,2022-04-01,0.03,0.0
169,2022-05-01,0.04,0.0
169,2022-06-01,0.02,0.0
169,2022-07-01,0.12,0.0
169,2022-08-01,0.06,0.0
169,2022-09-01,0.12,0.0
169,2022-10-01,0.04,0.0
169,2022-11-01,0.06,0.0
169,2022-12-01,0.05,0.0
169,2023-01-01,0.02,0.0
169,2023-02-01,0.08,0.0
169,2023-04-01,0.08,0.0
169,2023-05-01,0.08,0.0
169,2023-06-01,0.05,0.0
169,2023-07-01,0.05,0.0
169,2023-08-01,0.04,0.0
169,2023-09-01,0.03,0.0
169,2023-10-01,0.08,0.0
169,2023-12-01,0.05,0.0
169,2024-01-01,0.03,0.0
169,2024-02-01,0.05,0.0
169,2024-03-01,0.04,0.0
169,2024-04-01,0.02,0.0
169,2024-05-01,0.02,0.0
169,2024-06-01,0.09,0.0
169,2024-07-01,0.01,0.0
169,2024-08-01,0.05,0.0
169,2024-09-01,0.03,0.0
169,2024-10-01,0.06,0.0
169,2024-12-01,0.06,0.0
170,2022-01-01,0.01,0.0
170,2022-02-01,0.01,0.0
170,2022-03-01,0.14,0.0
170,2022-04-01,0.13,0.0
170,2022-05-01,0.1,0.0
170,2022-06-01,0.03,0.0
170,2022-07-01,0.0,0.08
170,2022-08-01,0.0,0.1
170,2022-09-01,0.0,0.05
170,2022-12-01,0.0,0.02
170,2023-01-01,0.18,0.0
170,2023-02-01,0.14,0.0
170,2023-03-01,0.29,0.0
170,2023-04-01,0.07,0.0
170,2023-05-01,0.08,0.0
170,2023-06-01,0.07,0.0
170,2023-08-01,0.34,0.0
170,2023-09-01,0.36,0.0
170,2023-10-01,0.39,0.0
170,2023-11-01,0.24,0.0
170,2023-12-01,0.13,0.0
170,2024-01-01,0.08,0.0
170,2024-02-01,0.06,0.0
170,2024-03-01,0.21,0.0
170,2024-04-01,0.08,0.26
170,2024-05-01,0.01,0.23
170,2024-07-01,0.09,0.0
170,2024-08-01,0.03,0.0
170,2024-09-01,0.24,0.0
170,2024-10-01,0.17,0.0
170,2024-11-01,0.18,0.0
170,2024-12-01,0.04,0.0
171,2022-01-01,0.04,0.0
171,2022-03-01,0.04,0.0
171,2022-04-01,0.04,0.0
171,2022-05-01,0.05,0.0
171,2022-06-01,0.11,0.0
171,2022-07-01,0.02,0.0
171,2022-08-01,0.06,0.0
171,2022-09-01,0.01,0.0
171,2022-11-01,0.02,0.0
171,2022-12-01,0.04,0.0
171,2023-01-01,0.03,0.0
171,2023-02-01,0.04,0.0
171,2023-04-01,0.03,0.0
171,2023-05-01,0.05,0.0
171,2023-06-01,0.03,0.02
171,2023-07-01,0.02,0.0
171,2023-08-01,0.02,0.0
171,2023-09-01,0.04,0.0
171,2023-10-01,0.02,0.0
171,2023-11-01,0.03,0.0
171,2023-12-01,0.03,0.0
171,2024-01-01,0.02,0.0
171,2024-02-01,0.02,0.0
171,2024-03-01,0.03,0.0
171,2024-04-01,0.03,0.0
171,2024-05-01,0.01,0.0
171,2024-06-01,0.03,0.0
171,2024-07-01,0.03,0.0
171,2024-08-01,0.02,0.0
171,2024-09-01,0.02,0.0
171,2024-10-01,0.02,0.0
171,2024-11-01,0.01,0.0
171,2024-12-01,0.04,0.0
172,2022-01-01,0.0,0.17
172,2022-05-01,0.0,0.19
172,2022-07-01,0.0,0.22
172,2022-09-01,0.0,0.13
172,2022-10-01,0.0,0.25
172,2022-11-01,0.0,0.16
172,2022-12-01,0.0,0.12
172,2023-01-01,0.0,0.13
172,2023-03-01,0.0,0.19
172,2023-05-01,0.0,0.17
172,2023-06-01,0.0,0.13
172,2023-07-01,0.0,0.13
172,2023-08-01,0.0,0.05
172,2023-09-01,0.0,0.18
172,2023-10-01,0.0,0.12
172,2023-12-01,0.0,0.13
172,2024-01-01,0.0,0.15
172,2024-02-01,0.0,0.01
172,2024-03-01,0.0,0.04
172,2024-04-01,0.0,0.1
172,2024-05-01,0.0,0.02
172,2024-06-01,0.0,0.17
172,2024-07-01,0.0,0.08
172,2024-08-01,0.0,0.3
172,2024-09-01,0.0,0.15
172,2024-10-01,0.0,0.33
172,2024-12-01,0.0,0.13
173,2022-01-01,0.0,0.24
173,2022-03-01,0.04,0.0
173,2022-04-01,0.0,0.13
174,2022-01-01,0.0,0.01
175,2022-01-01,0.04,0.0
176,2022-01-01,0.0,0.07
177,2022-01-01,0.0,0.1
177,2022-03-01,0.0,0.44
177,2022-04-01,0.0,0.05
177,2022-05-01,0.0,0.09
177,2022-06-01,0.0,0.14
177,2022-07-01,0.0,0.04
177,2022-08-01,0.0,0.3
177,2022-09-01,0.0,0.04
177,2022-10-01,0.0,0.16
177,2022-11-01,0.0,0.13
178,2022-01-01,0.01,0.01
179,2022-01-01,0.01,0.0
179,2022-02-01,0.02,0.0
179,2022-03-01,0.0,0.05
179,2022-04-01,0.01,0.0
179,2022-05-01,0.01,0.0
180,2022-01-01,0.0,0.01
180,2022-02-01,0.04,0.0
181,2022-01-01,0.02,0.0
181,2022-03-01,0.01,0.0
181,2022-04-01,0.03,0.0
181,2022-05-01,0.02,0.0
181,2022-06-01,0.01,0.0
181,2022-07-01,0.04,0.0
181,2022-08-01,0.03,0.0
181,2022-09-01,0.01,0.0
181,2022-10-01,0.01,0.0
181,2022-11-01,0.12,0.0
181,2023-01-01,0.02,0.0
181,2023-02-01,0.03,0.0
181,2023-03-01,0.05,0.0
181,2023-05-01,0.01,0.0
181,2023-06-01,0.01,0.0
181,2023-08-01,0.05,0.0
181,2023-09-01,0.16,0.0
181,2023-10-01,0.02,0.0
181,2023-12-01,0.01,0.0
181,2024-01-01,0.04,0.0
182,2022-01-01,0.0,0.01
182,2022-02-01,0.0,0.01
183,2022-01-01,0.07,0.49
183,2022-02-01,0.01,0.0
184,2022-01-01,0.0,0.24
184,2022-02-01,0.06,0.0
184,2022-03-01,0.0,0.23
184,2022-04-01,0.09,0.0
184,2022-05-01,0.0,0.15
184,2022-06-01,0.0,0.11
184,2022-07-01,0.0,0.09
184,2022-08-01,0.0,0.02
185,2022-01-01,0.04,0.0
185,2022-02-01,0.0,0.16
186,2022-01-01,0.0,0.07
186,2022-02-01,0.0,0.05
186,2022-03-01,0.0,0.04
186,2022-04-01,0.0,0.11
186,2022-06-01,0.0,0.04
186,2022-07-01,0.0,0.04
186,2022-08-01,0.0,0.02
187,2022-01-01,0.0,0.01
187,2022-02-01,0.1,0.0
188,2022-01-01,0.0,0.04
189,2022-01-01,0.0,0.25
189,2022-02-01,0.0,1.4
189,2022-03-01,0.0,0.03
189,2022-04-01,0.0,0.48
189,2022-05-01,0.0,0.46
189,2022-06-01,0.0,0.46
189,2022-07-01,0.0,0.23
189,2022-08-01,0.0,0.29
189,2022-09-01,0.0,0.55
189,2022-10-01,0.0,0.32
189,2022-11-01,0.0,0.04
189,2022-12-01,0.0,0.17
189,2023-01-01,0.0,0.04
189,2023-02-01,0.0,0.11
189,2023-03-01,0.0,0.41
189,2023-04-01,0.0,0.02
189,2023-05-01,0.0,0.02
189,2023-08-01,0.0,0.03
189,2023-09-01,0.0,0.01
189,2023-10-01,0.0,0.02
189,2023-11-01,0.0,0.02
189,2023-12-01,0.0,0.04
190,2022-01-01,0.0,0.26
190,2022-02-01,0.0,0.21
191,2022-01-01,1.3,0.0
191,2022-02-01,1.1,0.0
191,2022-03-01,1.2,0.0
191,2022-04-01,0.95,0.0
191,2022-05-01,0.12,0.0
191,2022-06-01,1.6,0.0
191,2022-07-01,1.6,0.08
191,2022-08-01,0.94,0.0
191,2022-09-01,0.03,0.0
191,2022-10-01,2.0,0.0
191,2022-11-01,1.6,0.0
191,2022-12-01,0.09,0.0
191,2023-01-01,1.5,0.0
191,2023-02-01,1.2,0.0
191,2023-03-01,0.1,0.0
191,2023-04-01,0.08,0.01
191,2023-05-01,0.18,0.01
192,2022-01-01,0.02,0.0
192,2022-02-01,0.02,0.0
192,2022-03-01,0.23,0.0
192,2022-04-01,0.09,0.0
192,2022-05-01,0.16,0.0
193,2022-01-01,0.05,0.0
193,2022-02-01,0.05,0.0
193,2022-03-01,0.07,0.0
193,2022-04-01,0.03,0.0
194,2022-01-01,0.26,0.0
195,2022-01-01,0.0,0.08
196,2022-02-01,0.05,0.0
196,2022-04-01,0.02,0.0
196,2022-05-01,0.05,0.0
196,2022-06-01,0.02,0.0
196,2022-07-01,0.02,0.0
196,2022-08-01,0.06,0.0
196,2022-09-01,0.03,0.0
196,2022-10-01,0.01,0.0
196,2022-11-01,0.19,0.0
196,2022-12-01,0.14,0.0
196,2023-01-01,0.04,0.0
196,2023-02-01,0.26,0.0
196,2023-03-01,0.14,0.0
196,2023-04-01,0.19,0.0
196,2023-05-01,0.1,0.0
196,2023-06-01,0.01,0.0
196,2023-07-01,0.01,0.0
196,2023-08-01,0.02,0.0
196,2023-09-01,0.03,0.0
196,2023-10-01,0.04,0.0
196,2023-11-01,0.03,0.0
197,2022-01-01,0.0,0.1
197,2022-02-01,0.0,0.02
197,2022-03-01,0.0,0.06
197,2022-04-01,0.0,0.06
197,2022-05-01,0.0,0.11
197,2022-06-01,0.0,0.09
197,2022-07-01,0.0,0.1
197,2022-08-01,0.0,0.02
197,2022-09-01,0.0,0.03
197,2022-10-01,0.0,0.08
197,2022-11-01,0.0,0.01
197,2022-12-01,0.0,0.12
197,2023-01-01,0.0,0.12
197,2023-02-01,0.0,0.03
197,2023-03-01,0.0,0.17
197,2023-04-01,0.0,0.13
197,2023-05-01,0.0,0.04
197,2023-06-01,0.0,0.08
197,2023-07-01,0.0,0.05
197,2023-08-01,0.0,0.11
197,2023-09-01,0.0,0.05
197,2023-10-01,0.0,0.09
197,2023-11-01,0.0,0.07
197,2023-12-01,0.0,0.09
197,2024-01-01,0.0,0.12
197,2024-02-01,0.0,0.03
197,2024-03-01,0.0,0.07
197,2024-04-01,0.0,0.19
197,2024-05-01,0.0,0.07
197,2024-06-01,0.0,0.23
197,2024-07-01,0.0,0.02
197,2024-08-01,0.0,0.07
197,2024-09-01,0.0,0.08
197,2024-10-01,0.0,0.17
197,2024-11-01,0.05,0.19
197,2024-12-01,0.0,0.14
198,2022-01-01,0.0,0.02
198,2022-03-01,0.0,0.02
198,2022-07-01,0.0,0.01
198,2022-08-01,0.0,0.01
198,2022-09-01,0.0,0.02
198,2023-03-01,0.0,0.03
198,2023-07-01,0.0,0.02
198,2023-08-01,0.0,0.01
198,2023-09-01,0.01,0.03
198,2023-10-01,0.0,0.01
198,2023-11-01,0.0,0.01
198,2023-12-01,0.0,0.01
198,2024-02-01,0.0,0.11
198,2024-04-01,0.0,0.02
198,2024-06-01,0.0,0.21
198,2024-07-01,0.0,0.02
198,2024-09-01,0.0,0.04
198,2024-10-01,0.0,0.04
199,2022-02-01,0.0,0.1
199,2022-03-01,0.0,0.09
199,2022-04-01,0.0,0.1
199,2022-05-01,0.0,0.15
199,2022-06-01,0.0,0.26
199,2022-07-01,0.0,0.09
199,2022-08-01,0.0,0.26
199,2022-09-01,0.0,0.59
199,2022-10-01,0.0,0.5
199,2022-11-01,0.0,0.24
199,2022-12-01,0.0,0.25
199,2023-01-01,0.0,0.76
199,2023-02-01,0.0,0.34
199,2023-04-01,0.0,0.09
199,2023-05-01,0.0,0.09
199,2023-06-01,0.0,0.1
199,2023-07-01,0.0,0.17
199,2023-08-01,0.0,0.04
199,2023-09-01,0.0,0.34
199,2023-10-01,0.0,0.45
199,2023-11-01,0.0,0.21
199,2023-12-01,0.0,0.17
199,2024-02-01,0.0,0.53
199,2024-03-01,0.0,0.06
199,2024-04-01,0.0,0.08
199,2024-05-01,0.0,0.13
199,2024-07-01,0.0,0.13
199,2024-08-01,0.0,0.05
199,2024-09-01,0.0,0.4
199,2024-10-01,0.0,0.47
199,2024-11-01,0.0,0.17
199,2024-12-01,0.0,0.18
200,2022-01-01,0.01,0.0
201,2022-01-01,0.14,0.04
202,2022-01-01,0.89,0.0
202,2022-02-01,0.08,0.02
202,2022-03-01,0.23,0.04
202,2022-04-01,0.4,0.02
203,2022-01-01,0.0,1.2
203,2022-02-01,0.0,0.63
203,2022-03-01,0.0,1.2
203,2022-04-01,0.0,0.58
203,2022-05-01,0.0,0.77
203,2022-06-01,0.0,0.31
203,2022-07-01,0.0,0.86
203,2022-08-01,0.0,0.26
203,2022-09-01,0.0,0.46
203,2022-10-01,0.0,0.54
203,2022-11-01,0.0,0.55
203,2022-12-01,0.0,0.61
203,2023-01-01,0.0,0.71
203,2023-02-01,0.0,0.02
203,2023-03-01,0.0,0.2
203,2023-04-01,0.0,0.84
203,2023-05-01,0.0,0.65
203,2023-06-01,0.0,0.6
203,2023-07-01,0.0,0.47
203,2023-08-01,0.0,0.22
203,2023-09-01,0.0,0.24
203,2023-10-01,0.0,0.2
203,2023-11-01,0.0,0.47
203,2023-12-01,0.0,0.48
203,2024-01-01,0.0,0.91
203,2024-02-01,0.0,0.1
203,2024-03-01,0.0,0.4
203,2024-04-01,0.0,0.25
203,2024-06-01,0.0,0.48
203,2024-07-01,0.0,1.6
203,2024-08-01,0.0,0.92
203,2024-09-01,0.0,1.3
203,2024-10-01,0.0,0.48
203,2024-11-01,0.0,0.22
204,2022-01-01,0.0,0.01
205,2022-01-01,0.0,0.03
205,2022-02-01,2.2,0.0
205,2022-06-01,1.2,0.0
205,2022-08-01,0.0,0.03
205,2022-09-01,0.0,0.01
205,2022-10-01,0.0,0.01
205,2022-12-01,0.0,0.04
205,2023-02-01,2.0,0.0
205,2023-05-01,0.0,0.01
205,2023-08-01,0.0,0.02
205,2023-09-01,0.0,0.02
205,2023-10-01,0.0,0.01
205,2023-12-01,1.5,0.0
205,2024-01-01,0.0,0.02
205,2024-03-01,0.0,0.01
205,2024-06-01,2.0,0.0
205,2024-07-01,0.0,0.02
205,2024-08-01,0.0,0.02
206,2022-01-01,0.03,0.0
206,2022-03-01,0.03,0.0
206,2022-04-01,0.02,0.0
206,2022-05-01,0.02,0.0
206,2022-06-01,0.02,0.0
206,2022-08-01,0.01,0.0
206,2022-09-01,0.02,0.0
206,2022-11-01,0.04,0.0
206,2023-01-01,0.02,0.0
206,2023-03-01,0.03,0.0
206,2023-04-01,0.04,0.0
206,2023-06-01,0.05,0.0
206,2023-08-01,0.04,0.0
206,2023-10-01,0.02,0.0
206,2023-11-01,0.04,0.0
206,2023-12-01,0.01,0.0
206,2024-01-01,0.01,0.0
206,2024-02-01,0.02,0.0
206,2024-05-01,0.03,0.0
206,2024-07-01,0.01,0.0
206,2024-08-01,0.04,0.0
206,2024-10-01,0.01,0.0
206,2024-11-01,0.02,0.0
206,2024-12-01,0.02,0.0
207,2022-01-01,0.01,0.0
207,2022-02-01,0.0,0.01
207,2022-03-01,0.03,0.0
207,2022-04-01,0.02,0.0
207,2022-05-01,0.0,0.01
207,2022-06-01,0.02,0.0
207,2022-07-01,0.03,0.0
207,2022-08-01,0.02,0.0
207,2022-10-01,0.04,0.0
207,2022-11-01,0.08,0.0
207,2022-12-01,0.02,0.0
208,2022-01-01,0.13,0.0
208,2022-02-01,0.07,0.15
208,2022-03-01,0.1,0.0
208,2022-04-01,0.16,0.0
208,2022-05-01,0.07,0.0
209,2022-01-01,0.0,0.41
209,2022-02-01,0.0,0.21
209,2022-03-01,0.0,0.25
209,2022-04-01,0.0,0.45
209,2022-05-01,0.0,0.58
209,2022-06-01,0.0,0.41
209,2022-07-01,0.0,0.32
209,2022-08-01,0.0,0.27
209,2022-09-01,0.0,0.18
210,2022-01-01,0.82,1.9
210,2022-02-01,2.0,4.3
210,2022-03-01,1.2,3.3
210,2022-04-01,1.8,3.6
210,2022-05-01,43.0,0.0
210,2022-06-01,19.0,0.0
210,2022-07-01,38.0,0.0
211,2022-01-01,24.0,0.0
211,2022-02-01,28.0,0.0
211,2022-03-01,28.0,0.01
211,2022-04-01,0.0,0.28
211,2022-05-01,0.0,0.43
212,2022-01-01,0.11,0.0
212,2022-02-01,0.01,0.07
212,2022-03-01,0.37,0.0
212,2022-04-01,0.1,0.0
213,2022-01-01,0.02,0.01
213,2022-02-01,0.02,0.01
213,2022-03-01,0.06,0.01
213,2022-04-01,0.01,0.0
213,2022-06-01,0.0,3.0
213,2022-08-01,0.01,0.0
213,2022-09-01,0.01,0.0
213,2023-01-01,0.0,1.7
213,2023-02-01,0.03,0.0
213,2023-03-01,0.06,0.0
213,2023-09-01,0.02,0.0
214,2022-01-01,0.01,0.03
214,2022-02-01,0.15,0.02
214,2022-03-01,1.3,0.0
214,2022-04-01,1.7,0.0
214,2022-05-01,1.5,0.0
214,2022-06-01,0.17,0.0
215,2022-01-01,0.01,0.0
215,2022-02-01,0.0,0.25
215,2022-06-01,0.01,0.0
215,2022-08-01,0.0,0.03
215,2024-01-01,0.01,0.0
215,2024-04-01,0.0,0.14
215,2024-08-01,0.0,0.32
215,2024-10-01,0.0,0.59
215,2024-12-01,0.01,0.0
216,2022-01-01,0.16,0.0
217,2022-01-01,0.0,0.22
217,2022-02-01,0.33,0.0
217,2022-03-01,0.37,0.0
217,2022-04-01,0.01,0.0
217,2022-05-01,0.0,0.07
217,2022-06-01,0.0,0.85
217,2022-07-01,0.0,0.67
217,2022-08-01,0.0,0.04
217,2022-09-01,0.0,0.12
217,2022-10-01,0.0,0.34
217,2022-11-01,0.0,0.26
217,2022-12-01,0.04,0.0
217,2023-01-01,0.05,0.0
218,2022-01-01,0.0,0.14
218,2022-02-01,0.0,0.38
218,2022-03-01,0.01,0.51
218,2022-04-01,0.0,0.5
219,2022-01-01,0.0,0.06
219,2022-03-01,0.0,0.03
219,2022-04-01,0.0,0.04
219,2022-06-01,0.0,0.02
219,2022-07-01,0.0,0.04
219,2022-08-01,0.0,0.05
219,2022-10-01,0.0,0.06
219,2022-11-01,0.0,0.02
220,2022-01-01,0.04,0.0
220,2022-03-01,0.01,0.0
220,2022-06-01,0.07,0.0
220,2022-07-01,0.01,0.0
220,2022-08-01,0.02,0.0
220,2023-05-01,0.01,0.0
220,2024-01-01,0.01,0.0
221,2022-01-01,0.0,0.03
221,2022-03-01,0.0,0.18
221,2022-05-01,0.0,0.02
221,2022-07-01,0.0,0.14
221,2022-08-01,0.0,0.29
221,2022-11-01,0.0,0.21
221,2023-06-01,0.0,0.06
222,2022-01-01,0.03,0.11
222,2022-02-01,0.03,0.0
222,2022-03-01,0.29,0.13
222,2022-05-01,0.09,0.0
222,2022-06-01,0.18,0.0
222,2022-07-01,0.06,0.0
222,2022-08-01,0.48,0.06
222,2022-09-01,0.19,0.0
222,2022-10-01,0.28,0.0
222,2022-11-01,0.0,0.09
222,2022-12-01,0.2,0.0
222,2023-02-01,0.17,0.0
222,2023-03-01,0.02,0.02
222,2023-04-01,0.1,0.0
222,2023-05-01,0.0,0.08
222,2023-06-01,0.07,0.0
222,2023-07-01,0.11,0.0
222,2023-08-01,0.02,0.0
222,2023-09-01,0.11,0.0
222,2023-10-01,0.28,0.0
222,2023-11-01,0.21,0.0
222,2023-12-01,0.18,0.0
222,2024-01-01,0.03,0.0
222,2024-02-01,0.0,0.01
222,2024-03-01,0.23,0.0
222,2024-04-01,0.0,0.08
222,2024-05-01,0.09,0.0
222,2024-06-01,0.25,0.0
222,2024-07-01,0.11,0.0
222,2024-08-01,0.0,0.04
222,2024-09-01,0.21,0.0
222,2024-10-01,0.0,0.03
222,2024-11-01,0.0,0.01
222,2024-12-01,0.0,0.03
223,2022-01-01,0.0,3.1
223,2022-02-01,0.0,2.3
223,2022-03-01,0.0,2.3
223,2022-04-01,0.0,2.4
223,2022-05-01,0.0,1.5
223,2022-06-01,0.0,2.4
223,2022-09-01,0.0,3.4
223,2022-10-01,0.0,2.7
223,2022-11-01,0.0,1.3
223,2022-12-01,0.01,0.0
223,2023-01-01,0.0,3.5
223,2023-02-01,0.0,0.09
223,2023-03-01,0.0,2.2
223,2023-04-01,0.0,0.82
223,2023-05-01,0.0,2.1
223,2023-06-01,0.0,5.8
223,2023-07-01,0.0,2.2
223,2023-08-01,0.0,2.2
223,2023-09-01,0.0,3.2
223,2023-10-01,0.0,4.2
223,2024-07-01,1.8,0.0
223,2024-08-01,0.0,0.54
224,2022-01-01,0.0,0.02
224,2022-02-01,0.28,0.0
224,2022-03-01,0.0,0.02
225,2022-01-01,0.0,0.06
225,2022-02-01,0.0,0.04
226,2022-02-01,0.0,0.05
226,2022-03-01,0.0,0.05
226,2022-04-01,0.0,0.01
226,2022-05-01,0.0,0.04
226,2022-06-01,0.0,0.06
226,2022-08-01,0.0,0.02
226,2022-09-01,0.0,0.01
226,2022-10-01,0.0,0.07
226,2022-11-01,0.0,0.02
226,2022-12-01,0.0,0.01
227,2022-01-01,0.04,0.0
227,2022-03-01,0.02,0.0
227,2022-04-01,0.01,0.0
227,2022-07-01,0.01,0.0
227,2022-10-01,0.34,1.3
227,2022-11-01,0.61,0.43
227,2022-12-01,0.19,2.5
227,2023-01-01,0.13,0.6
227,2023-02-01,0.29,1.1
227,2023-03-01,0.41,1.5
227,2023-04-01,0.32,0.3
227,2023-06-01,0.02,0.0
227,2023-07-01,0.34,0.43
227,2023-08-01,0.03,0.0
227,2023-09-01,0.0,1.2
227,2023-10-01,0.0,0.21
227,2023-11-01,0.01,0.01
227,2024-01-01,0.2,0.0
227,2024-03-01,0.01,0.0
228,2022-01-01,0.0,6.1
228,2022-03-01,0.16,13.0
228,2022-04-01,0.0,0.13
228,2022-05-01,0.0,11.0
228,2022-06-01,0.0,7.4
228,2022-07-01,0.4,2.4
228,2022-08-01,0.0,1.9
228,2022-09-01,8.0,1.1
228,2022-10-01,18.0,0.36
228,2022-11-01,0.0,4.7
228,2022-12-01,0.0,19.0
228,2023-01-01,0.0,6.2
228,2023-02-01,1.8,1.1
228,2023-03-01,0.0,0.05
228,2023-04-01,13.0,17.0
228,2023-05-01,0.72,12.0
228,2023-06-01,1.5,10.0
228,2023-07-01,0.63,0.0
228,2023-08-01,1.1,5.2
228,2023-09-01,0.11,11.0
228,2023-10-01,16.0,13.0
228,2023-12-01,2.2,6.1
228,2024-01-01,1.6,0.0
228,2024-02-01,0.65,27.0
228,2024-03-01,0.62,0.45
228,2024-04-01,5.0,1.0
228,2024-05-01,8.9,6.8
228,2024-06-01,0.18,0.55
228,2024-07-01,0.17,0.84
228,2024-08-01,2.8,0.0
228,2024-09-01,0.56,0.0
228,2024-10-01,7.5,0.0
228,2024-11-01,0.14,0.0
228,2024-12-01,0.01,0.0
229,2022-01-01,0.22,0.07
229,2022-02-01,0.62,0.03
229,2022-03-01,0.56,0.05
229,2022-04-01,0.17,0.01
229,2022-06-01,0.39,0.05
229,2022-07-01,0.32,0.13
230,2022-01-01,0.0,0.12
231,2022-01-01,0.03,0.0
231,2022-02-01,0.09,0.0
231,2022-03-01,0.05,0.0
231,2022-05-01,0.14,0.0
231,2022-06-01,0.01,0.0
231,2022-07-01,0.07,0.0
232,2022-02-01,0.05,0.0
232,2022-03-01,0.05,0.0
232,2022-04-01,0.05,0.0
232,2022-05-01,0.04,0.0
232,2022-08-01,0.04,0.0
232,2022-09-01,0.03,0.0
232,2022-10-01,0.04,0.0
232,2022-11-01,0.04,0.0
232,2023-01-01,0.05,0.0
232,2023-02-01,0.04,0.0
232,2023-05-01,0.04,0.0
232,2023-06-01,0.03,0.0
232,2023-09-01,0.03,0.0
232,2023-10-01,0.03,0.0
232,2023-11-01,0.03,0.0
232,2024-01-01,0.03,0.0
232,2024-02-01,0.03,0.0
232,2024-04-01,0.03,0.0
232,2024-05-01,0.02,0.0
232,2024-06-01,0.03,0.0
232,2024-07-01,0.02,0.0
232,2024-08-01,0.03,0.0
232,2024-09-01,0.04,0.0
232,2024-10-01,0.03,0.0
232,2024-11-01,0.03,0.0
232,2024-12-01,0.03,0.0
233,2022-01-01,0.0,0.05
234,2022-01-01,0.0,0.35
235,2022-01-01,0.0,0.1
235,2022-02-01,0.0,0.19
235,2022-03-01,0.0,0.12
235,2022-04-01,0.0,0.15
236,2022-02-01,0.04,0.0
236,2022-03-01,0.05,0.0
236,2022-04-01,0.12,0.02
236,2022-05-01,0.05,0.0
236,2022-06-01,0.17,0.01
236,2022-07-01,0.14,0.01
236,2022-08-01,0.02,0.0
236,2022-09-01,0.19,0.0
236,2022-11-01,0.18,0.01
236,2022-12-01,0.16,0.0
236,2023-01-01,0.0,0.04
236,2023-02-01,0.09,0.0
236,2023-03-01,0.0,0.01
236,2023-04-01,0.0,0.1
236,2023-05-01,0.0,0.19
236,2023-06-01,0.0,0.09
236,2023-07-01,0.0,0.06
236,2023-08-01,0.0,0.04
237,2022-01-01,0.0,0.01
238,2022-01-01,0.25,0.0
238,2022-02-01,1.0,0.0
238,2022-03-01,1.1,0.0
238,2022-05-01,0.23,0.0
238,2022-06-01,0.36,0.0
238,2022-07-01,0.36,0.0
238,2022-08-01,0.23,0.0
239,2022-01-01,0.14,0.0
240,2022-02-01,0.07,0.0
240,2022-03-01,0.11,0.0
240,2022-04-01,0.06,0.0
240,2022-05-01,0.13,0.0
240,2022-06-01,0.24,0.0
240,2022-07-01,0.14,0.0
240,2022-08-01,0.21,0.0
240,2022-09-01,0.17,0.0
240,2022-10-01,0.2,0.0
240,2022-11-01,0.1,0.0
241,2022-01-01,0.0,0.08
241,2022-02-01,0.0,0.04
242,2022-01-01,0.06,0.0
242,2022-02-01,0.06,0.0
242,2022-03-01,0.26,0.0
242,2022-05-01,0.1,0.0
242,2022-06-01,0.38,0.0
242,2022-07-01,0.23,0.0
242,2022-08-01,0.08,0.0
242,2022-09-01,0.07,0.0
242,2022-10-01,0.15,0.0
242,2022-12-01,0.21,0.0
242,2023-01-01,0.08,0.0
242,2023-02-01,0.23,0.0
243,2022-02-01,0.24,0.21
243,2022-03-01,0.29,0.37
243,2022-04-01,0.67,0.47
243,2022-05-01,0.35,0.35
243,2022-06-01,0.18,0.6
243,2022-08-01,0.72,0.5
243,2022-09-01,0.45,0.23
243,2022-10-01,0.79,0.16
243,2022-11-01,0.02,0.24
243,2022-12-01,0.56,0.13
243,2023-01-01,0.58,0.44
243,2023-02-01,0.18,0.24
243,2023-03-01,0.47,0.19
243,2023-04-01,0.93,0.34
243,2023-05-01,0.89,0.23
243,2023-06-01,0.35,0.2
243,2023-07-01,0.48,0.12
243,2023-08-01,0.25,0.17
243,2023-09-01,0.23,0.33
243,2023-10-01,0.55,0.19
243,2023-11-01,0.19,0.18
243,2023-12-01,0.22,0.15
243,2024-01-01,0.23,0.38
243,2024-02-01,0.38,0.31
243,2024-03-01,0.48,0.22
243,2024-04-01,0.24,0.27
243,2024-05-01,0.17,0.19
243,2024-07-01,0.17,0.21
243,2024-08-01,0.4,0.25
243,2024-09-01,0.28,0.24
244,2022-01-01,0.0,0.1
244,2022-03-01,0.0,0.03
244,2022-04-01,0.0,0.05
244,2022-05-01,0.0,0.02
244,2022-12-01,0.0,0.04
244,2023-02-01,0.0,0.08
244,2023-03-01,0.0,0.06
244,2023-09-01,0.0,0.04
244,2023-10-01,0.0,0.1
244,2024-03-01,0.0,0.28
244,2024-08-01,0.0,0.15
245,2022-01-01,0.15,0.0
245,2022-02-01,0.45,0.0
245,2022-03-01,0.3,0.0
246,2022-01-01,0.01,0.05
246,2022-02-01,0.0,0.04
246,2022-03-01,0.07,0.01
246,2022-05-01,0.07,0.05
246,2022-06-01,0.09,0.02
246,2022-07-01,0.0,0.03
246,2022-09-01,0.01,0.0
246,2022-10-01,0.22,0.0
246,2023-01-01,0.0,0.02
246,2023-02-01,0.0,0.04
246,2023-03-01,0.04,0.04
246,2023-06-01,0.1,0.03
246,2023-08-01,0.19,0.02
246,2023-09-01,0.0,0.01
246,2023-10-01,0.0,0.08
246,2023-11-01,0.0,0.03
246,2023-12-01,0.03,0.02
246,2024-01-01,0.04,0.11
246,2024-02-01,0.0,0.01
246,2024-03-01,0.0,0.01
246,2024-04-01,0.0,0.03
246,2024-05-01,0.04,0.0
246,2024-06-01,0.0,0.02
246,2024-07-01,0.0,0.04
246,2024-08-01,0.1,0.0
246,2024-09-01,0.0,0.01
247,2022-01-01,0.7,0.0
247,2022-02-01,0.74,0.0
247,2022-03-01,0.43,0.0
247,2022-04-01,0.21,0.0
247,2022-05-01,0.34,0.0
247,2022-06-01,0.66,0.0
247,2022-07-01,0.96,0.0
247,2022-08-01,0.32,0.0
247,2022-09-01,0.45,0.0
247,2022-10-01,0.02,0.0
247,2022-11-01,0.49,0.0
247,2022-12-01,0.77,0.0
247,2023-01-01,0.56,0.0
247,2023-02-01,0.52,0.0
247,2023-03-01,0.84,0.0
247,2023-05-01,0.44,0.0
247,2023-06-01,0.28,0.0
247,2023-07-01,0.56,0.0
247,2023-09-01,0.54,0.0
247,2023-10-01,0.48,0.0
247,2023-11-01,0.95,0.0
247,2023-12-01,0.22,0.0
247,2024-01-01,0.32,0.0
247,2024-02-01,0.27,0.0
247,2024-03-01,0.34,0.0
247,2024-04-01,0.46,0.0
247,2024-05-01,0.44,0.0
247,2024-06-01,0.12,0.0
247,2024-07-01,0.14,0.0
247,2024-08-01,0.21,0.0
247,2024-09-01,0.22,0.0
247,2024-10-01,0.41,0.0
247,2024-11-01,0.1,0.0
248,2022-02-01,0.0,0.01
248,2022-06-01,0.0,0.02
248,2022-09-01,0.0,0.01
248,2022-12-01,0.0,0.01
248,2023-04-01,0.0,0.01
248,2023-07-01,0.0,0.01
249,2022-01-01,0.0,0.05
249,2022-02-01,0.0,0.03
250,2022-01-01,0.0,0.17
250,2022-02-01,0.02,0.2
250,2022-03-01,0.0,0.18
250,2022-04-01,0.0,0.01
250,2022-05-01,0.0,0.04
250,2022-06-01,0.01,0.05
250,2022-07-01,0.0,0.05
250,2022-08-01,0.0,0.05
250,2022-09-01,0.0,0.03
251,2022-01-01,0.0,0.03
251,2022-02-01,0.0,0.02
252,2022-01-01,0.0,0.09
252,2022-02-01,0.0,0.01
253,2022-01-01,0.06,0.0
253,2022-02-01,0.01,0.0
253,2022-03-01,0.01,0.0
253,2023-03-01,0.04,0.0
253,2023-04-01,0.03,0.0
253,2023-05-01,0.02,0.0
253,2023-07-01,0.03,0.0
253,2023-10-01,0.04,0.0
253,2023-11-01,0.06,0.0
253,2023-12-01,0.09,0.0
253,2024-01-01,0.08,0.0
253,2024-02-01,0.1,0.0
253,2024-03-01,0.04,0.0
253,2024-04-01,0.01,0.0
253,2024-07-01,0.03,0.0
253,2024-08-01,0.05,0.0
253,2024-09-01,0.03,0.0
253,2024-10-01,0.07,0.0
253,2024-11-01,0.04,0.0
253,2024-12-01,0.07,0.0
254,2022-01-01,0.0,0.06
254,2022-03-01,0.0,0.03
254,2022-04-01,0.03,0.0
254,2022-05-01,0.0,0.24
254,2022-06-01,0.0,0.05
254,2022-07-01,0.0,0.04
254,2022-08-01,0.0,0.01
254,2022-09-01,0.01,0.0
254,2022-10-01,0.01,0.0
255,2022-01-01,0.0,0.04
255,2022-02-01,0.0,0.08
256,2022-01-01,0.23,0.0
257,2022-01-01,0.0,0.14
257,2022-02-01,0.0,0.02
257,2022-03-01,0.0,0.08
257,2022-04-01,0.0,0.08
257,2022-05-01,0.0,0.11
257,2022-06-01,0.0,0.09
257,2022-07-01,0.0,0.02
258,2022-01-01,0.3,0.0
258,2022-02-01,0.07,0.0
259,2022-01-01,0.14,0.24
260,2022-01-01,0.01,0.0
260,2022-02-01,0.0,0.06
260,2022-03-01,0.0,0.04
261,2022-01-01,0.15,0.07
261,2022-02-01,0.14,0.01
261,2022-03-01,0.14,0.0
262,2022-01-01,0.0,0.03
262,2022-02-01,0.0,0.03
262,2022-03-01,0.0,0.05
263,2022-01-01,0.36,0.01
263,2022-02-01,0.01,0.0
263,2022-03-01,0.02,0.0
263,2022-04-01,0.01,0.0
263,2022-05-01,0.01,0.0
263,2022-06-01,0.01,0.0
263,2022-07-01,0.03,0.0
263,2022-08-01,0.27,0.0
263,2022-09-01,0.17,0.04
264,2022-01-01,0.0,6.0
264,2022-02-01,0.0,5.1
264,2022-03-01,0.17,4.7
264,2022-04-01,0.0,4.3
264,2022-05-01,0.0,5.7
264,2022-06-01,0.18,4.7
264,2022-07-01,0.18,6.3
264,2022-08-01,0.0,4.1
264,2022-09-01,0.0,4.7
264,2022-10-01,0.0,5.3
264,2022-11-01,0.1,4.0
264,2022-12-01,0.11,0.0
265,2022-01-01,0.88,0.01
265,2022-02-01,0.36,0.0
265,2022-03-01,0.47,0.06
265,2022-04-01,1.3,0.01
265,2022-05-01,0.21,0.0
265,2022-06-01,0.39,0.0
265,2022-07-01,1.4,0.0
265,2022-08-01,1.2,0.01
265,2022-09-01,0.37,0.0
266,2022-01-01,0.1,0.0
266,2022-02-01,0.1,0.0
266,2022-03-01,0.09,0.01
267,2022-01-01,0.0,0.02
267,2022-02-01,0.0,0.03
268,2022-01-01,0.0,0.89
268,2022-02-01,0.0,0.36
268,2022-03-01,0.0,0.13
268,2022-04-01,0.0,0.13
268,2022-05-01,0.0,0.43
269,2022-01-01,1.2,0.13
270,2022-01-01,0.0,0.48
270,2022-02-01,0.0,0.73
270,2022-03-01,0.0,1.0
270,2022-04-01,0.0,0.62
270,2022-05-01,0.0,0.64
270,2022-06-01,0.0,0.54
270,2022-07-01,0.0,0.29
270,2022-08-01,0.0,0.71
270,2022-09-01,0.0,0.18
270,2022-10-01,0.0,0.36
270,2022-12-01,0.0,0.6
270,2023-01-01,0.0,0.7
271,2022-01-01,0.0,0.17
271,2022-02-01,0.0,2.8
271,2022-03-01,0.0,3.4
271,2022-04-01,0.0,0.91
271,2022-05-01,0.0,0.46
272,2022-01-01,0.0,0.2
273,2022-01-01,0.0,0.23
274,2022-01-01,0.0,0.02
274,2022-02-01,0.41,0.0
274,2022-03-01,0.0,0.03
274,2022-04-01,0.0,0.01
274,2022-05-01,0.0,0.04
274,2022-06-01,0.0,0.01
274,2022-07-01,0.42,0.0
274,2022-08-01,0.42,0.04
274,2022-09-01,0.0,1.3
274,2022-10-01,0.0,2.6
274,2022-11-01,0.03,0.77
274,2022-12-01,0.0,1.1
274,2023-01-01,0.0,2.5
275,2022-01-01,0.0,0.31
275,2022-02-01,0.0,0.11
275,2022-03-01,0.0,0.15
275,2022-04-01,0.0,0.08
275,2022-05-01,0.0,0.06
275,2022-08-01,0.0,0.09
275,2022-10-01,0.0,0.72
275,2022-11-01,0.0,0.03
275,2023-01-01,0.0,0.2
275,2023-02-01,0.0,0.02
275,2023-03-01,0.0,0.24
275,2023-04-01,0.0,0.13
275,2023-05-01,0.0,0.15
275,2023-06-01,0.0,0.13
275,2023-07-01,0.0,0.13
275,2023-08-01,0.0,0.11
275,2023-09-01,0.0,0.11
275,2023-10-01,0.0,0.2
275,2024-01-01,0.0,0.06
275,2024-02-01,0.0,0.13
275,2024-04-01,0.0,0.23
275,2024-05-01,0.0,0.05
275,2024-06-01,0.0,0.16
275,2024-07-01,0.0,0.14
275,2024-08-01,0.0,0.12
275,2024-09-01,0.0,0.1
275,2024-10-01,0.0,0.17
275,2024-11-01,0.0,0.11
275,2024-12-01,0.0,0.01
276,2022-01-01,0.06,0.0
276,2022-04-01,0.01,0.0
276,2023-01-01,0.02,0.0
276,2023-05-01,0.01,0.0
276,2023-11-01,0.0,0.04
277,2022-01-01,0.02,0.0
277,2022-02-01,0.03,0.0
277,2022-03-01,0.07,0.0
277,2022-04-01,0.09,0.0
277,2022-05-01,0.02,0.04
277,2022-06-01,0.02,0.0
278,2022-01-01,0.0,0.23
278,2022-02-01,0.04,0.0
278,2022-03-01,0.05,0.0
278,2022-04-01,0.02,0.0
278,2022-05-01,0.03,0.0
278,2022-06-01,0.01,0.0
279,2022-01-01,0.03,0.27
279,2022-02-01,0.0,0.17
279,2022-03-01,0.07,0.25
279,2022-05-01,0.04,0.21
279,2022-06-01,0.0,0.12
279,2022-07-01,0.01,0.25
279,2022-08-01,0.0,0.18
279,2022-09-01,0.04,0.07
280,2022-01-01,0.01,0.0
280,2022-02-01,0.0,0.22
281,2022-01-01,0.03,0.0
281,2022-02-01,0.01,0.0
281,2022-03-01,0.0,0.03
282,2022-02-01,0.01,0.0
282,2022-03-01,0.06,0.0
282,2022-04-01,0.05,0.0
282,2022-05-01,0.11,0.0
282,2022-06-01,0.08,0.0
282,2022-07-01,0.03,0.0
282,2022-08-01,0.06,0.0
282,2022-09-01,0.04,0.0
282,2022-10-01,0.08,0.0
282,2022-11-01,0.1,0.0
282,2022-12-01,0.03,0.0
282,2023-01-01,0.09,0.0
282,2023-02-01,0.1,0.0
282,2023-03-01,0.06,0.0
283,2022-01-01,0.04,0.0
283,2022-02-01,0.03,0.0
283,2022-03-01,0.02,0.0
283,2022-04-01,0.05,0.0
284,2022-01-01,0.0,0.04
284,2022-02-01,0.0,0.04
284,2022-03-01,0.0,0.08
285,2022-01-01,0.0,0.07
285,2022-02-01,0.0,0.07
285,2022-03-01,0.0,0.04
285,2022-04-01,0.0,0.1
285,2022-05-01,0.0,0.04
285,2022-06-01,0.0,0.15
286,2022-01-01,0.03,0.0
287,2022-01-01,0.0,0.04
288,2022-01-01,0.0,0.01
288,2022-02-01,0.0,0.02
288,2022-03-01,0.05,0.0
288,2022-05-01,0.06,0.0
289,2022-01-01,0.0,0.02
289,2022-02-01,0.0,0.02
289,2022-03-01,0.06,0.02
289,2022-04-01,0.22,0.0
289,2022-05-01,0.18,0.03
289,2022-06-01,0.02,0.0
289,2022-07-01,0.18,0.0
289,2022-08-01,0.11,0.02
289,2022-09-01,0.01,0.02
289,2022-10-01,0.17,0.02
289,2022-11-01,0.25,0.03
289,2022-12-01,0.0,0.02
289,2023-01-01,0.01,0.01
289,2023-02-01,0.01,0.0
289,2023-03-01,0.2,0.01
289,2023-04-01,0.1,0.04
289,2023-06-01,0.01,0.02
289,2023-07-01,0.25,0.01
289,2023-08-01,0.05,0.0
289,2023-09-01,0.05,0.0
289,2023-10-01,0.03,0.0
289,2023-11-01,0.61,0.0
289,2023-12-01,0.09,0.0
289,2024-01-01,0.04,0.0
289,2024-02-01,0.34,0.04
289,2024-03-01,0.0,0.01
289,2024-04-01,0.0,0.01
289,2024-05-01,0.01,0.01
290,2022-01-01,0.02,0.0
290,2022-02-01,1.1,0.0
290,2022-06-01,0.14,0.0
290,2022-07-01,0.55,0.0
290,2022-08-01,0.08,0.0
290,2022-09-01,2.0,0.0
290,2022-12-01,0.87,0.0
290,2023-01-01,0.4,0.0
290,2023-03-01,0.42,0.0
290,2023-04-01,0.5,0.0
290,2023-06-01,0.71,0.0
290,2023-07-01,0.88,0.0
290,2024-01-01,0.69,0.0
290,2024-02-01,0.81,0.0
290,2024-03-01,0.69,0.0
290,2024-04-01,0.82,0.0
290,2024-05-01,0.74,0.0
291,2022-01-01,0.65,0.57
291,2022-02-01,0.69,0.64
291,2022-03-01,1.7,0.24
291,2022-04-01,1.0,0.69
291,2022-05-01,1.3,0.53
291,2022-06-01,1.3,0.56
291,2022-07-01,0.79,1.0
291,2022-08-01,0.89,0.61
291,2022-09-01,1.4,0.82
291,2022-10-01,2.1,0.83
291,2022-11-01,1.8,0.29
291,2022-12-01,2.1,0.4
291,2023-01-01,0.74,1.2
291,2023-02-01,4.9,0.28
291,2023-03-01,0.46,0.59
291,2023-04-01,2.0,0.87
291,2023-05-01,0.01,0.53
291,2023-06-01,0.32,0.28
291,2023-07-01,0.08,0.41
291,2023-08-01,0.75,0.23
291,2023-09-01,0.66,0.12
291,2023-10-01,0.21,0.2
291,2023-11-01,4.9,0.16
291,2023-12-01,0.01,0.0
291,2024-01-01,0.0,0.01
291,2024-02-01,0.0,0.01
292,2022-01-01,0.0,0.53
292,2022-02-01,0.03,0.08
292,2022-03-01,0.06,0.33
292,2022-04-01,0.0,0.08
292,2022-05-01,0.32,0.22
292,2022-06-01,0.12,0.09
292,2022-07-01,0.0,0.17
292,2022-08-01,0.0,0.16
292,2022-09-01,0.0,0.17
292,2022-10-01,0.03,0.16
292,2022-11-01,0.07,0.47
292,2022-12-01,0.04,0.37
292,2023-01-01,0.0,0.14
292,2023-02-01,0.6,0.26
292,2023-03-01,0.03,0.24
292,2023-04-01,0.01,0.33
292,2023-05-01,0.06,0.19
292,2023-06-01,0.16,0.16
292,2023-07-01,0.08,0.13
292,2023-08-01,0.0,0.25
292,2023-09-01,0.18,0.17
292,2023-10-01,0.0,0.11
292,2023-11-01,0.0,0.2
292,2023-12-01,0.21,0.2
292,2024-01-01,0.0,0.23
292,2024-02-01,0.0,0.07
292,2024-03-01,0.03,0.45
292,2024-04-01,0.08,0.17
292,2024-05-01,0.0,0.14
292,2024-07-01,0.27,0.19
292,2024-08-01,0.13,0.29
292,2024-09-01,0.06,0.3
292,2024-10-01,0.46,0.22
292,2024-11-01,0.21,0.07
292,2024-12-01,0.09,0.27
293,2022-01-01,0.02,0.0
293,2022-02-01,0.0,0.3
293,2022-03-01,0.01,0.0
294,2022-01-01,0.01,0.02
294,2022-02-01,0.08,0.0
294,2022-03-01,0.0,0.01
294,2022-04-01,0.0,0.01
294,2022-05-01,0.01,0.0
294,2022-06-01,0.08,0.0
294,2022-07-01,0.08,0.0
294,2022-08-01,0.05,0.0
294,2022-09-01,0.01,0.0
294,2022-10-01,0.09,0.0
294,2022-11-01,0.01,0.0
294,2022-12-01,0.14,0.0
294,2023-01-01,0.05,0.0
294,2023-02-01,0.03,0.0
295,2022-01-01,0.0,0.04
295,2022-03-01,0.0,0.09
295,2022-05-01,0.0,0.08
295,2022-06-01,0.0,0.02
295,2022-07-01,0.0,0.02
295,2022-08-01,0.0,0.04
295,2022-09-01,0.0,0.01
295,2022-11-01,0.0,0.01
295,2022-12-01,0.0,0.05
295,2023-01-01,0.0,0.03
295,2023-04-01,0.0,0.04
295,2023-05-01,0.0,0.04
295,2023-06-01,0.0,0.12
295,2023-07-01,0.0,0.06
295,2023-08-01,0.0,0.04
295,2023-09-01,0.0,0.04
295,2023-10-01,0.0,0.01
295,2024-04-01,0.0,0.03
295,2024-05-01,0.0,0.01
295,2024-07-01,0.0,0.01
296,2022-01-01,0.07,0.0
296,2022-09-01,0.1,0.0
296,2023-06-01,0.0,0.01
296,2023-07-01,0.0,0.02
296,2023-10-01,0.09,0.0
296,2024-04-01,0.13,0.0
296,2024-09-01,0.1,0.02
296,2024-10-01,0.15,0.0
297,2022-01-01,0.0,0.27
297,2022-02-01,0.0,0.02
297,2022-03-01,0.0,0.09
297,2022-04-01,0.0,0.29
297,2022-06-01,0.0,0.42
297,2022-07-01,0.0,0.02
297,2022-08-01,0.0,0.1
297,2022-09-01,0.0,0.37
297,2022-10-01,0.0,0.18
297,2022-11-01,0.0,0.2
297,2022-12-01,0.0,0.21
297,2023-01-01,0.0,0.22
297,2023-02-01,0.0,0.17
297,2023-03-01,0.0,0.3
297,2023-04-01,0.0,0.24
297,2023-05-01,0.0,0.01
297,2023-06-01,0.0,0.17
297,2023-07-01,0.0,0.4
297,2023-08-01,0.0,0.32
297,2023-09-01,0.0,0.2
297,2023-10-01,0.0,0.32
297,2023-11-01,0.0,0.4
297,2024-01-01,0.0,0.35
297,2024-02-01,0.0,0.4
297,2024-03-01,0.0,0.34
297,2024-05-01,0.0,0.22
297,2024-06-01,0.0,0.27
297,2024-07-01,0.0,0.45
297,2024-08-01,0.0,0.32
297,2024-09-01,0.0,0.29
297,2024-10-01,0.0,0.61
297,2024-11-01,0.0,0.2
297,2024-12-01,0.0,0.3
298,2022-01-01,0.08,0.0
299,2022-01-01,0.0,0.01
300,2022-01-01,0.04,0.0
301,2022-01-01,0.02,0.0
302,2022-01-01,0.0,0.06
302,2022-02-01,0.0,0.06
303,2022-01-01,0.0,2.8
303,2022-02-01,0.0,4.4
303,2022-04-01,0.0,2.4
303,2022-05-01,0.0,3.1
303,2022-06-01,0.0,2.2
303,2022-07-01,0.0,2.5
303,2022-08-01,0.0,0.14
304,2022-01-01,0.61,0.55
304,2022-02-01,0.1,0.3
304,2022-03-01,0.26,0.41
304,2022-04-01,0.83,0.54
304,2022-05-01,0.45,0.61
304,2022-06-01,0.0,0.14
304,2022-07-01,0.07,0.08
304,2022-08-01,0.33,0.43
304,2022-09-01,0.53,0.38
304,2022-10-01,0.63,0.18
305,2022-01-01,0.0,0.24
306,2022-01-01,0.46,0.0
306,2022-02-01,0.63,0.0
306,2022-03-01,0.28,0.0
306,2022-04-01,0.76,0.0
306,2022-05-01,0.45,0.0
306,2022-06-01,0.35,1.5
306,2022-07-01,0.8,2.7
306,2022-08-01,0.72,0.75
306,2022-09-01,0.32,0.0
306,2022-10-01,0.3,0.0
306,2022-11-01,0.8,0.0
306,2022-12-01,0.76,0.0
307,2022-01-01,0.0,0.02
307,2022-02-01,0.0,0.04
307,2022-03-01,0.0,0.02
307,2022-04-01,0.0,0.02
307,2022-06-01,0.0,0.03
307,2022-08-01,0.0,0.02
307,2022-10-01,0.0,0.02
307,2022-12-01,0.0,0.02
307,2023-02-01,0.0,0.02
307,2023-04-01,0.0,0.02
307,2023-07-01,0.0,0.04
307,2023-08-01,0.0,0.01
307,2023-09-01,0.0,0.01
307,2023-11-01,0.0,0.02
307,2023-12-01,0.0,0.02
307,2024-01-01,0.0,0.02
307,2024-03-01,0.0,0.02
307,2024-04-01,0.0,0.02
307,2024-06-01,0.0,0.02
307,2024-07-01,0.0,0.02
307,2024-09-01,0.0,0.02
307,2024-12-01,0.0,0.02
308,2022-01-01,0.04,0.09
308,2022-02-01,0.0,0.03
308,2022-03-01,0.0,0.16
308,2022-04-01,0.0,0.37
309,2022-01-01,0.0,0.01
310,2022-01-01,0.0,0.48
310,2022-02-01,0.0,0.34
310,2022-03-01,0.0,0.38
310,2022-04-01,0.0,0.26
311,2022-01-01,0.0,0.17
311,2022-02-01,0.22,0.0
311,2022-03-01,0.18,0.04
311,2022-04-01,0.41,0.11
311,2022-05-01,0.02,0.05
311,2022-06-01,0.19,0.1
311,2022-07-01,0.14,0.07
311,2022-08-01,0.16,0.11
311,2022-09-01,0.19,0.05
311,2022-10-01,0.2,0.0
311,2022-11-01,0.16,0.0
312,2022-01-01,0.78,0.0
313,2022-01-01,0.0,0.84
313,2022-02-01,0.14,0.0
313,2022-03-01,0.05,0.0
313,2022-04-01,0.86,0.01
313,2022-05-01,0.06,0.0
313,2022-06-01,0.07,0.0
313,2022-07-01,0.0,1.6
313,2022-08-01,0.0,2.6
313,2022-09-01,0.37,1.0
313,2022-10-01,0.0,0.02
313,2022-11-01,0.28,0.71
313,2022-12-01,0.46,0.73
313,2023-01-01,0.09,0.4
313,2023-02-01,0.04,0.01
313,2023-03-01,0.54,0.58
313,2023-04-01,0.6,0.46
313,2023-05-01,0.57,0.48
313,2023-06-01,0.02,0.36
313,2023-07-01,0.06,0.6
313,2023-08-01,0.0,0.42
314,2022-01-01,0.23,0.16
314,2022-02-01,0.24,0.09
314,2022-03-01,0.21,0.06
314,2022-04-01,0.97,0.01
314,2022-05-01,0.0,0.63
314,2022-06-01,0.0,0.04
314,2022-07-01,0.0,0.08
314,2022-08-01,0.0,0.05
314,2022-09-01,0.0,0.08
314,2022-10-01,0.68,0.0
314,2022-11-01,0.0,2.0
314,2022-12-01,0.0,1.2
314,2023-02-01,0.0,6.9
314,2023-03-01,0.04,0.0
314,2023-04-01,0.0,0.46
315,2022-02-01,0.02,0.0
315,2022-03-01,0.07,0.0
315,2022-04-01,0.16,0.02
315,2022-05-01,0.65,0.0
315,2022-06-01,0.55,0.0
316,2022-01-01,0.0,0.66
316,2022-02-01,0.04,0.64
316,2022-03-01,0.0,1.2
316,2022-04-01,0.47,1.0
316,2022-05-01,0.11,0.01
316,2022-06-01,0.02,0.0
316,2022-07-01,0.3,0.0
316,2022-08-01,0.0,1.1
316,2022-09-01,0.0,0.73
316,2022-10-01,0.0,0.83
316,2022-11-01,0.0,1.2
316,2022-12-01,0.75,0.0
316,2023-01-01,0.0,1.4
316,2023-02-01,0.0,0.99
316,2023-03-01,0.0,0.91
316,2023-04-01,0.0,1.0
317,2022-01-01,0.04,0.0
318,2022-02-01,0.12,0.29
318,2022-03-01,0.33,0.0
318,2022-04-01,0.76,0.0
318,2022-05-01,0.31,0.0
318,2022-06-01,0.02,0.5
318,2022-07-01,0.52,0.0
318,2022-08-01,0.01,0.09
319,2022-01-01,0.57,0.0
320,2022-01-01,4.2,0.0
320,2022-02-01,1.6,0.0
320,2022-03-01,2.0,0.0
320,2022-04-01,0.09,0.0
320,2022-05-01,0.0,1.0
320,2022-06-01,0.0,1.5
320,2022-07-01,0.04,0.0
320,2022-08-01,0.01,0.0
320,2022-09-01,0.02,0.0
320,2022-10-01,0.0,0.04
320,2022-11-01,0.16,0.0
321,2022-01-01,0.01,0.21
321,2022-02-01,0.13,0.18
321,2022-03-01,0.03,0.37
321,2022-04-01,0.01,0.14
321,2022-05-01,1.3,1.1
321,2022-06-01,0.3,0.35
321,2022-07-01,0.19,0.75
322,2022-02-01,0.04,0.0
322,2022-03-01,0.04,0.0
322,2022-04-01,0.05,0.0
322,2022-05-01,0.05,0.0
322,2022-06-01,0.01,0.0
322,2022-07-01,0.19,0.0
322,2022-08-01,0.21,0.0
322,2022-09-01,0.0,0.15
322,2022-10-01,0.15,0.0
322,2022-11-01,0.01,0.0
323,2022-01-01,0.21,0.15
323,2022-02-01,0.23,0.11
323,2022-03-01,0.0,0.01
323,2022-04-01,0.0,0.05
324,2022-01-01,0.0,0.17
324,2022-02-01,0.0,0.02
325,2022-01-01,0.1,0.0
325,2022-02-01,0.14,0.0
326,2022-01-01,0.0,0.22
327,2022-01-01,0.15,0.0
327,2022-02-01,0.26,0.02
327,2022-03-01,0.36,0.0
328,2022-01-01,0.02,0.0
328,2022-02-01,0.19,0.0
328,2022-03-01,0.11,0.23
328,2022-04-01,0.25,0.0
328,2022-05-01,0.26,0.0
328,2022-07-01,0.27,0.01
328,2022-08-01,0.22,0.01
328,2022-09-01,0.1,0.0
328,2022-10-01,0.08,0.0
328,2022-11-01,0.25,0.0
328,2022-12-01,0.2,0.0
328,2023-01-01,0.19,0.01
328,2023-03-01,0.0,0.01
328,2023-04-01,0.01,0.01
328,2023-05-01,0.03,0.03
328,2023-06-01,0.02,0.05
329,2022-01-01,0.0,0.08
329,2022-02-01,0.0,0.03
329,2022-03-01,0.02,0.06
329,2022-04-01,0.0,0.05
329,2022-06-01,0.0,0.05
329,2022-07-01,0.0,0.02
329,2022-08-01,0.0,0.02
329,2022-09-01,0.0,0.03
329,2022-11-01,0.0,0.32
329,2022-12-01,0.0,0.09
330,2022-01-01,0.0,0.05
330,2022-02-01,0.0,0.03
330,2022-03-01,0.01,0.0
330,2022-04-01,0.0,0.03
330,2022-05-01,0.0,0.03
331,2022-01-01,0.11,0.0
331,2022-02-01,0.13,0.0
331,2022-03-01,0.4,0.03
331,2022-04-01,0.09,0.0
331,2022-05-01,0.12,0.03
331,2022-06-01,0.22,0.06
331,2022-07-01,0.22,0.0
331,2022-08-01,0.18,0.0
331,2022-09-01,0.38,0.05
331,2022-10-01,0.03,0.3
331,2022-11-01,0.16,0.64
332,2022-01-01,0.0,0.2
332,2022-02-01,0.0,0.05
332,2022-03-01,0.0,0.03
332,2022-04-01,0.0,0.03
332,2022-05-01,0.13,0.0
332,2022-06-01,0.19,0.0
332,2022-07-01,0.14,0.0
332,2022-09-01,0.2,0.01
333,2022-01-01,0.0,0.01
333,2022-05-01,0.0,0.04
333,2022-07-01,0.16,0.0
333,2022-08-01,0.15,0.01
333,2022-10-01,0.01,0.06
333,2022-11-01,0.14,0.02
333,2022-12-01,0.16,0.02
333,2023-02-01,0.13,0.02
333,2023-03-01,0.03,0.01
333,2023-10-01,0.01,0.0
334,2022-01-01,0.07,0.04
334,2022-02-01,0.02,0.0
334,2022-03-01,0.3,0.01
334,2022-05-01,0.02,0.0
334,2022-06-01,0.16,0.0
334,2022-07-01,0.22,0.55
334,2022-08-01,0.15,2.7
334,2022-09-01,0.82,1.3
335,2022-01-01,0.0,0.06
335,2022-02-01,0.0,0.02
335,2022-03-01,0.0,0.01
335,2022-04-01,0.0,0.03
335,2022-05-01,0.0,0.03
335,2022-06-01,0.0,0.04
335,2022-07-01,0.0,0.03
335,2022-08-01,0.0,0.03
335,2022-09-01,0.0,0.02
335,2022-10-01,0.0,0.04
335,2022-11-01,0.0,0.03
335,2022-12-01,0.0,0.03
335,2023-01-01,0.0,0.03
335,2023-02-01,0.0,0.03
335,2023-04-01,0.0,0.02
335,2023-05-01,0.0,0.03
335,2023-06-01,0.0,0.03
335,2023-07-01,0.0,0.03
335,2023-08-01,0.0,0.03
335,2023-09-01,0.0,0.03
335,2023-10-01,0.0,0.03
335,2023-11-01,0.0,0.03
335,2024-01-01,0.02,0.0
335,2024-03-01,0.0,0.13
335,2024-04-01,0.0,0.03
335,2024-05-01,0.0,0.03
335,2024-06-01,0.0,0.07
335,2024-07-01,0.0,0.01
335,2024-08-01,0.0,0.14
335,2024-09-01,0.0,0.04
335,2024-10-01,0.0,0.02
336,2022-01-01,0.41,1.8
336,2022-02-01,1.4,0.0
336,2022-03-01,0.52,0.0
336,2022-04-01,0.02,0.0
336,2022-05-01,0.29,0.0
337,2022-01-01,0.0,0.07
337,2022-02-01,0.0,0.03
337,2022-03-01,0.0,0.05
338,2022-01-01,1.4,0.57
338,2022-02-01,0.08,0.55
338,2022-03-01,1.1,0.6
338,2022-04-01,2.0,0.63
338,2022-05-01,1.6,0.6
338,2022-06-01,2.8,0.36
338,2022-07-01,0.95,0.0
338,2022-08-01,0.0,0.01
338,2022-09-01,0.05,0.0
338,2022-10-01,0.0,0.02
338,2022-11-01,0.47,0.0
338,2022-12-01,0.2,0.0
338,2023-01-01,0.04,0.0
338,2023-02-01,0.09,0.0
338,2023-03-01,0.06,0.0
338,2023-04-01,0.08,0.0
338,2023-05-01,0.1,0.0
338,2023-07-01,0.13,0.0
338,2023-08-01,0.05,0.0
338,2023-10-01,0.16,0.0
338,2023-11-01,0.04,0.0
338,2023-12-01,0.21,0.0
338,2024-01-01,0.11,0.0
338,2024-02-01,0.28,0.0
338,2024-03-01,0.16,0.0
338,2024-04-01,0.54,0.0
338,2024-05-01,0.32,0.0
339,2022-01-01,0.0,0.04
339,2022-02-01,0.0,0.02
340,2022-01-01,0.51,0.0
340,2022-02-01,0.39,0.01
340,2022-03-01,0.92,0.0
340,2022-04-01,0.01,0.23
340,2022-05-01,1.2,1.5
341,2022-01-01,1.0,0.0
341,2022-02-01,0.89,0.0
341,2022-03-01,0.64,0.16
341,2022-04-01,0.92,0.04
341,2022-05-01,1.3,0.25
341,2022-06-01,1.3,0.0
341,2022-07-01,0.06,0.01
341,2022-08-01,0.76,0.0
341,2022-09-01,1.2,0.0
341,2022-10-01,1.2,0.13
341,2022-11-01,0.09,0.0
341,2022-12-01,0.96,0.0
341,2023-01-01,0.91,0.0
341,2023-02-01,0.67,0.05
341,2023-03-01,0.75,0.0
341,2023-04-01,0.04,0.0
341,2023-05-01,0.74,0.07
341,2023-06-01,1.1,0.07
341,2023-07-01,1.2,0.14
341,2023-08-01,0.67,0.0
342,2022-01-01,0.39,0.58
342,2022-02-01,0.66,0.06
342,2022-03-01,0.02,0.0
342,2022-04-01,1.7,1.7
342,2022-05-01,0.22,0.33
342,2022-06-01,0.0,0.33
342,2022-07-01,1.6,0.51
342,2022-08-01,2.4,0.44
342,2022-09-01,0.1,0.39
342,2022-10-01,1.9,0.34
342,2022-11-01,0.01,0.0
342,2022-12-01,0.06,0.55
342,2023-01-01,0.06,0.5
342,2023-02-01,0.0,0.39
342,2023-03-01,0.04,0.0
342,2023-04-01,0.96,0.07
342,2023-05-01,0.2,0.0
342,2023-06-01,0.16,0.0
342,2023-07-01,0.08,0.0
342,2023-08-01,0.06,0.0
342,2023-09-01,0.55,0.0
342,2023-10-01,0.03,0.0
343,2022-01-01,0.0,0.15
343,2022-02-01,0.0,0.14
343,2022-03-01,0.0,0.11
343,2022-04-01,0.0,0.06
343,2022-05-01,0.0,0.09
343,2022-06-01,0.0,0.23
343,2022-07-01,0.0,0.29
344,2022-01-01,0.11,0.0
345,2022-01-01,0.0,1.8
345,2022-03-01,0.0,2.1
345,2022-04-01,0.0,1.9
345,2022-05-01,0.0,1.1
345,2022-06-01,0.0,1.6
345,2022-07-01,0.0,1.9
345,2022-08-01,0.0,1.8
345,2022-09-01,0.0,2.0
345,2022-10-01,0.0,1.4
345,2022-11-01,0.0,2.4
345,2022-12-01,0.0,2.0
345,2023-01-01,0.0,2.7
345,2023-02-01,0.0,2.5
345,2023-03-01,0.0,3.3
345,2023-04-01,0.0,3.0
345,2023-05-01,0.0,3.0
345,2023-06-01,0.0,2.5
345,2023-07-01,0.0,2.9
345,2023-08-01,0.0,2.3
345,2023-09-01,0.0,1.4
345,2023-10-01,0.0,2.7
345,2023-11-01,0.0,2.3
345,2023-12-01,0.0,2.9
345,2024-01-01,0.0,2.3
345,2024-02-01,0.0,3.5
345,2024-03-01,0.0,2.7
345,2024-04-01,0.0,2.6
345,2024-05-01,0.0,1.9
345,2024-06-01,0.0,0.67
345,2024-07-01,0.0,1.9
345,2024-08-01,0.0,2.9
345,2024-09-01,0.0,1.9
345,2024-10-01,0.0,2.7
345,2024-11-01,0.0,2.0
345,2024-12-01,0.0,2.2
346,2022-01-01,0.09,0.0
347,2022-01-01,0.12,0.0
347,2022-02-01,0.21,0.0
347,2022-03-01,0.91,0.0
347,2022-04-01,0.48,0.0
347,2022-05-01,1.0,0.0
347,2022-06-01,1.1,0.0
347,2022-07-01,0.5,0.0
347,2022-08-01,0.05,0.0
347,2022-09-01,0.05,0.0
348,2022-01-01,0.0,0.07
348,2022-03-01,0.0,0.16
348,2022-04-01,0.0,0.08
348,2022-05-01,0.0,0.12
348,2022-06-01,0.0,0.08
348,2022-07-01,0.0,0.02
348,2022-08-01,0.0,0.11
348,2022-09-01,0.0,0.05
348,2022-10-01,0.0,0.07
348,2022-11-01,0.0,0.12
348,2023-01-01,0.0,0.12
348,2023-02-01,0.0,0.07
348,2023-03-01,0.0,0.1
348,2023-04-01,0.0,0.1
348,2023-06-01,0.0,0.09
348,2023-07-01,0.0,0.09
348,2023-08-01,0.0,0.13
348,2023-09-01,0.0,0.11
348,2023-11-01,0.0,0.11
348,2023-12-01,0.0,0.06
348,2024-02-01,0.0,0.09
348,2024-03-01,0.0,0.06
348,2024-04-01,0.0,0.14
348,2024-05-01,0.0,0.07
349,2022-01-01,0.0,0.12
349,2022-03-01,0.0,0.12
349,2022-04-01,0.0,0.03
349,2022-05-01,0.0,0.08
349,2022-06-01,0.0,0.07
349,2022-07-01,0.0,0.06
349,2022-08-01,0.0,0.04
349,2022-10-01,0.0,0.02
349,2022-11-01,0.0,0.02
349,2023-01-01,0.0,0.08
349,2023-03-01,0.0,0.04
349,2023-04-01,0.0,0.05
349,2023-05-01,0.0,0.04
349,2023-07-01,0.0,0.03
349,2023-08-01,0.0,0.02
349,2023-09-01,0.0,0.09
349,2023-10-01,0.0,0.06
349,2023-11-01,0.0,0.03
349,2023-12-01,0.0,0.05
349,2024-01-01,0.0,0.05
349,2024-02-01,0.0,0.05
349,2024-04-01,0.0,0.04
349,2024-05-01,0.0,0.04
349,2024-07-01,0.0,0.06
349,2024-08-01,0.0,0.02
349,2024-09-01,0.0,0.03
349,2024-10-01,0.0,0.07
349,2024-11-01,0.0,0.03
350,2022-01-01,0.0,0.02
350,2022-03-01,0.05,0.0
350,2022-04-01,0.03,0.0
350,2022-07-01,0.04,0.0
350,2023-01-01,0.0,0.09
350,2023-07-01,0.0,0.4
350,2023-08-01,0.0,0.09
350,2023-09-01,0.0,0.17
350,2023-10-01,0.0,0.17
350,2023-11-01,0.0,0.28
350,2024-01-01,0.0,0.05
351,2022-01-01,0.0,0.16
351,2022-02-01,0.0,0.03
351,2022-03-01,0.0,0.05
351,2022-04-01,0.0,0.02
351,2022-05-01,0.0,0.12
351,2022-06-01,0.0,0.01
351,2022-07-01,0.0,0.15
351,2022-08-01,0.0,0.07
351,2022-09-01,0.0,0.02
351,2022-10-01,0.0,0.17
351,2022-11-01,0.0,0.23
351,2022-12-01,0.0,0.12
351,2023-01-01,0.0,0.02
351,2023-02-01,0.0,0.09
351,2023-03-01,0.0,0.04
351,2023-04-01,0.0,0.01
351,2023-05-01,0.18,0.1
351,2023-06-01,0.0,0.01
351,2023-07-01,0.0,0.04
352,2022-01-01,0.0,0.02
352,2022-02-01,0.0,0.11
353,2022-01-01,0.14,0.04
353,2022-02-01,0.07,0.0
353,2022-03-01,0.14,0.0
353,2022-04-01,0.12,0.0
353,2022-05-01,0.1,0.0
353,2022-06-01,0.12,0.0
353,2022-07-01,0.09,0.0
354,2022-01-01,0.0,0.03
355,2022-01-01,0.0,0.02
356,2022-01-01,0.02,0.0
357,2022-01-01,0.0,1.3
357,2022-02-01,2.6,1.3
357,2022-03-01,0.0,0.52
358,2022-01-01,0.0,0.05
358,2022-03-01,0.0,0.08
358,2024-06-01,0.0,0.05
358,2024-07-01,0.0,0.05
358,2024-09-01,0.0,0.06
358,2024-10-01,0.0,0.05
358,2024-11-01,0.0,0.07
359,2022-01-01,0.43,0.0
359,2022-02-01,0.05,0.0
359,2022-03-01,0.04,0.0
359,2022-06-01,0.1,0.0
359,2022-10-01,0.05,0.0
360,2022-01-01,0.0,0.06
360,2022-02-01,0.0,0.01
360,2022-03-01,0.0,0.02
360,2022-04-01,0.0,0.03
360,2022-05-01,0.0,0.03
360,2022-06-01,0.0,0.05
360,2022-07-01,0.0,0.04
360,2022-08-01,0.0,0.02
360,2022-09-01,0.0,0.05
360,2022-10-01,0.0,0.02
360,2022-11-01,0.0,0.03
360,2023-01-01,0.0,0.05
360,2023-02-01,0.0,0.05
360,2023-03-01,0.0,0.03
360,2023-04-01,0.0,0.01
360,2023-05-01,0.0,0.02
360,2023-06-01,0.0,0.01
360,2023-10-01,0.0,0.03
360,2023-11-01,0.0,0.04
360,2024-02-01,0.0,0.02
360,2024-03-01,0.0,0.02
360,2024-04-01,0.0,0.02
361,2022-01-01,0.0,0.03
362,2022-01-01,0.0,0.03
363,2022-01-01,0.0,0.03
363,2022-02-01,0.0,0.03
363,2022-03-01,0.0,0.26
364,2022-01-01,0.0,0.02
365,2022-01-01,0.09,0.0
366,2022-01-01,0.0,0.09
366,2022-02-01,0.09,0.0
366,2022-03-01,0.0,0.05
366,2022-04-01,0.0,0.06
366,2022-05-01,0.0,0.13
366,2022-06-01,0.0,0.03
366,2022-07-01,0.0,0.05
366,2022-08-01,0.0,0.07
366,2022-09-01,0.0,0.01
366,2022-10-01,0.17,0.0
366,2022-11-01,0.13,0.0
366,2022-12-01,0.04,0.0
366,2023-02-01,0.0,0.16
366,2023-03-01,0.0,0.04
366,2023-04-01,0.0,0.11
366,2023-05-01,0.0,0.18
366,2023-06-01,0.0,0.18
366,2023-07-01,0.0,0.01
367,2022-01-01,0.0,0.01
367,2022-02-01,0.0,0.04
367,2022-04-01,0.2,0.0
367,2022-05-01,0.15,0.01
367,2022-06-01,0.07,0.0
367,2022-07-01,0.0,0.08
367,2022-08-01,0.18,0.0
367,2022-09-01,0.0,0.05
367,2022-10-01,0.0,0.03
367,2022-11-01,0.0,0.03
368,2022-01-01,0.0,0.11
368,2022-02-01,0.0,0.15
368,2022-03-01,0.0,0.1
368,2022-04-01,0.0,0.07
368,2022-05-01,0.0,0.07
368,2022-06-01,0.0,0.05
368,2022-07-01,0.0,0.08
369,2022-01-01,0.12,0.13
369,2022-02-01,0.29,0.0
369,2022-03-01,0.1,0.0
370,2022-01-01,0.0,0.11
370,2022-02-01,0.0,0.01
370,2022-03-01,0.0,0.08
370,2022-04-01,0.08,0.0
370,2022-05-01,0.0,0.01
370,2022-06-01,0.0,0.11
370,2022-08-01,0.0,0.01
370,2022-09-01,0.03,0.0
371,2022-01-01,0.0,0.1
372,2022-01-01,0.0,0.36
372,2022-02-01,0.0,0.35
372,2022-03-01,0.0,0.01
372,2022-04-01,0.0,0.08
372,2022-05-01,0.0,0.19
372,2022-06-01,0.0,0.25
372,2022-07-01,0.0,0.19
372,2022-08-01,0.0,0.01
372,2022-10-01,0.0,0.02
372,2022-11-01,0.0,0.02
373,2022-01-01,0.08,0.0
373,2022-03-01,0.18,0.0
373,2022-05-01,0.09,0.0
373,2022-06-01,0.1,0.0
373,2022-07-01,0.08,0.0
373,2022-08-01,0.13,0.0
373,2022-09-01,0.14,0.0
373,2022-10-01,0.05,0.0
373,2022-11-01,0.11,0.0
373,2022-12-01,0.07,0.0
373,2023-02-01,0.08,0.0
373,2023-03-01,0.06,0.0
373,2023-04-01,0.15,0.0
373,2023-05-01,0.11,0.01
373,2023-06-01,0.08,0.0
373,2023-07-01,0.1,0.0
373,2023-08-01,0.08,0.0
373,2023-09-01,0.19,0.0
373,2023-10-01,0.12,0.0
373,2023-11-01,0.07,0.0
373,2024-01-01,0.18,0.0
373,2024-02-01,0.09,0.0
373,2024-03-01,0.06,0.0
373,2024-04-01,0.11,0.0
373,2024-05-01,0.03,0.0
373,2024-06-01,0.08,0.0
373,2024-07-01,0.13,0.0
373,2024-08-01,0.09,0.0
373,2024-09-01,0.1,0.0
373,2024-10-01,0.07,0.0
373,2024-11-01,0.13,0.0
373,2024-12-01,0.14,0.0
374,2022-01-01,0.85,0.02
374,2022-02-01,1.6,0.02
375,2022-01-01,0.0,0.01
376,2022-01-01,0.02,0.0
376,2022-02-01,0.01,0.01
377,2022-01-01,0.0,0.05
377,2022-02-01,0.0,0.01
377,2022-05-01,0.0,0.21
377,2022-06-01,0.0,0.01
377,2022-08-01,0.0,0.24
377,2022-09-01,0.0,0.4
377,2022-10-01,0.02,0.43
377,2022-11-01,0.0,0.15
377,2022-12-01,0.0,0.35
377,2023-01-01,0.0,0.36
377,2023-02-01,0.0,0.34
378,2022-01-01,0.0,0.05
378,2022-02-01,0.0,0.08
378,2022-03-01,0.0,0.07
378,2022-04-01,0.0,0.04
378,2022-05-01,0.0,0.05
378,2022-06-01,0.0,0.06
378,2022-07-01,0.0,0.03
378,2022-08-01,0.0,0.03
378,2022-10-01,0.0,0.04
378,2022-11-01,0.0,0.03
378,2022-12-01,0.0,0.06
378,2023-01-01,0.0,0.01
378,2023-02-01,0.0,0.03
378,2023-03-01,0.0,0.11
378,2023-06-01,0.0,0.09
378,2023-07-01,0.0,0.02
378,2023-08-01,0.0,0.09
378,2023-09-01,0.0,0.09
378,2023-10-01,0.0,0.05
378,2023-11-01,0.0,0.05
378,2023-12-01,0.0,0.06
378,2024-01-01,0.0,0.01
378,2024-02-01,0.0,0.02
378,2024-03-01,0.0,0.01
378,2024-04-01,0.0,0.07
378,2024-05-01,0.0,0.03
378,2024-06-01,0.0,0.05
378,2024-10-01,0.0,0.01
378,2024-11-01,0.0,0.03
378,2024-12-01,0.0,0.01
379,2022-01-01,0.0,0.32
379,2022-02-01,0.0,0.01
379,2022-03-01,0.0,0.01
379,2022-04-01,0.01,0.01
379,2022-05-01,0.0,0.01
379,2022-06-01,0.01,0.0
379,2022-10-01,0.0,0.01
379,2022-11-01,0.0,0.01
379,2023-01-01,0.0,0.1
379,2023-02-01,0.0,0.01
379,2023-03-01,0.0,0.01
379,2023-05-01,0.0,0.04
379,2023-08-01,0.0,0.01
379,2023-09-01,0.0,0.01
379,2024-01-01,0.0,0.04
379,2024-02-01,0.0,0.13
379,2024-04-01,0.0,0.04
379,2024-07-01,0.0,0.02
379,2024-10-01,0.0,0.02
379,2024-11-01,0.0,0.09
379,2024-12-01,0.0,0.09
380,2022-01-01,0.0,0.51
380,2022-02-01,0.0,0.04
380,2022-03-01,0.0,0.19
380,2022-04-01,0.0,0.17
380,2022-05-01,0.0,0.19
380,2022-06-01,0.0,0.2
380,2022-07-01,0.0,0.07
380,2022-08-01,0.0,0.18
380,2022-09-01,0.0,0.32
380,2022-11-01,0.0,0.4
380,2022-12-01,0.0,0.26
380,2023-01-01,0.0,0.78
380,2023-03-01,0.0,0.1
380,2023-04-01,0.42,0.0
380,2023-06-01,0.31,0.0
381,2022-01-01,0.05,0.0
382,2022-01-01,0.0,0.1
382,2022-02-01,0.04,0.0
382,2022-04-01,0.06,0.0
382,2022-06-01,0.05,0.0
382,2022-07-01,0.05,0.0
383,2022-01-01,0.19,0.0
383,2022-02-01,0.02,0.0
383,2022-03-01,0.09,0.0
383,2022-04-01,0.09,0.0
384,2022-01-01,0.35,0.0
384,2022-02-01,0.01,0.0
384,2022-03-01,0.25,0.0
384,2022-04-01,0.04,0.0
384,2022-05-01,0.07,0.0
384,2022-06-01,0.01,0.0
384,2022-07-01,0.07,0.0
384,2022-09-01,0.12,0.0
385,2022-01-01,0.0,0.05
385,2022-02-01,0.05,0.0
386,2022-01-01,0.0,0.01
386,2022-02-01,0.0,0.01
386,2022-03-01,0.0,0.01
386,2022-04-01,0.0,0.05
386,2022-05-01,0.0,0.06
386,2022-06-01,0.0,0.01
386,2022-07-01,0.0,0.16
386,2022-08-01,0.0,0.02
386,2022-09-01,0.0,0.01
386,2022-10-01,0.0,0.01
386,2022-11-01,0.0,0.04
386,2022-12-01,0.0,0.11
386,2023-01-01,0.0,0.04
386,2023-02-01,0.0,0.08
386,2023-03-01,0.0,0.05
387,2022-01-01,0.0,0.08
387,2022-02-01,0.0,0.03
387,2022-03-01,0.0,0.09
388,2022-02-01,0.0,0.04
388,2022-03-01,0.0,0.19
388,2022-04-01,0.0,0.38
388,2022-05-01,0.0,0.43
389,2022-01-01,0.0,0.06
389,2022-02-01,0.0,0.14
389,2022-03-01,0.0,0.17
390,2022-01-01,0.0,0.06
390,2022-02-01,0.0,0.05
390,2022-03-01,0.0,0.06
391,2022-01-01,0.0,0.1
391,2022-02-01,0.0,0.27
391,2022-03-01,0.0,0.08
391,2022-05-01,0.0,0.02
391,2022-06-01,0.0,0.01
391,2022-07-01,0.0,0.13
392,2022-01-01,0.0,0.16
392,2022-02-01,0.0,0.06
392,2022-03-01,0.0,0.01
392,2022-05-01,0.0,0.03
392,2022-06-01,0.0,0.04
392,2022-07-01,0.0,0.03
393,2022-01-01,0.0,0.07
394,2022-01-01,0.0,0.08
395,2022-01-01,0.03,0.0
395,2022-02-01,0.0,0.35
395,2022-04-01,0.0,0.15
395,2022-05-01,0.0,0.26
395,2022-06-01,0.0,0.03
395,2022-07-01,0.0,0.1
395,2022-08-01,0.0,0.04
395,2022-09-01,0.0,0.06
395,2022-10-01,0.0,0.04
395,2022-11-01,0.0,0.06
395,2022-12-01,0.0,0.05
395,2023-01-01,0.0,0.03
395,2023-02-01,0.0,0.05
395,2023-03-01,0.0,0.06
395,2023-04-01,0.0,0.03
395,2023-05-01,0.0,0.01
395,2023-06-01,0.0,0.03
395,2023-07-01,0.0,0.04
395,2023-08-01,0.0,0.02
395,2023-09-01,0.0,0.02
395,2023-10-01,0.0,0.02
395,2023-11-01,0.0,0.02
396,2022-01-01,0.0,0.04
396,2022-04-01,0.0,0.02
396,2022-05-01,0.0,0.03
396,2022-07-01,0.0,0.03
396,2022-09-01,0.0,0.03
396,2022-10-01,0.0,0.03
396,2022-11-01,0.0,0.03
396,2022-12-01,0.0,0.03
396,2023-01-01,0.0,0.03
396,2023-02-01,0.0,0.03
396,2023-03-01,0.0,0.01
396,2023-05-01,0.0,0.04
396,2023-06-01,0.0,0.02
396,2023-07-01,0.0,0.03
396,2023-08-01,0.0,0.03
396,2023-10-01,0.0,0.03
396,2023-11-01,0.0,0.06
396,2024-01-01,0.0,0.06
396,2024-02-01,0.0,0.03
396,2024-04-01,0.0,0.03
396,2024-05-01,0.0,0.03
396,2024-06-01,0.0,0.01
396,2024-07-01,0.0,0.03
396,2024-08-01,0.0,0.06
396,2024-12-01,0.0,0.03
397,2022-01-01,0.01,0.0
397,2022-02-01,0.05,0.0
397,2022-03-01,0.1,0.0
397,2022-04-01,0.13,0.0
397,2022-05-01,0.04,0.0
397,2022-06-01,0.01,0.0
397,2022-07-01,0.09,0.0
397,2022-08-01,0.02,0.0
397,2022-09-01,0.06,0.0
397,2022-10-01,0.14,0.0
397,2022-11-01,0.04,0.0
398,2022-01-01,1.9,0.08
398,2022-02-01,2.7,0.06
398,2022-03-01,2.5,0.1
398,2022-04-01,2.3,0.12
398,2022-05-01,1.6,0.13
398,2022-06-01,2.0,0.19
398,2022-07-01,1.7,0.16
398,2022-08-01,1.4,0.23
399,2022-01-01,0.05,0.05
399,2022-02-01,0.01,0.0
399,2022-03-01,0.04,0.0
399,2022-04-01,0.02,0.0
399,2022-05-01,0.01,0.02
400,2022-02-01,0.02,0.0
400,2022-03-01,0.07,0.0
400,2022-04-01,0.02,0.01
400,2022-05-01,0.03,0.0
400,2022-06-01,0.06,0.02
400,2022-07-01,0.03,0.03
400,2022-08-01,0.08,0.0
400,2022-09-01,0.03,0.02
400,2022-10-01,0.01,0.01
400,2022-11-01,0.05,0.01
401,2022-01-01,0.03,0.02
402,2022-01-01,0.0,0.04
402,2022-02-01,0.0,0.02
402,2022-03-01,0.0,0.02
402,2022-04-01,0.0,0.03
402,2022-05-01,0.0,0.04
402,2022-06-01,0.0,0.13
402,2022-07-01,0.0,0.02
402,2022-08-01,0.0,0.05
402,2022-09-01,0.0,0.01
402,2022-10-01,0.0,0.07
402,2022-12-01,0.0,0.05
402,2023-01-01,0.0,0.1
402,2023-03-01,0.0,0.02
402,2023-04-01,0.0,0.06
402,2023-05-01,0.0,0.07
402,2023-06-01,0.0,0.06
402,2023-07-01,0.0,0.01
402,2023-08-01,0.0,0.01
403,2022-01-01,0.61,0.78
403,2022-02-01,0.07,3.3
403,2022-03-01,0.67,1.6
403,2022-04-01,1.8,1.1
403,2022-05-01,1.2,1.2
403,2022-06-01,1.4,0.27
403,2022-07-01,0.74,1.4
403,2022-08-01,0.88,2.1
403,2022-09-01,0.9,0.36
403,2022-10-01,1.2,0.41
403,2022-11-01,0.62,0.39
403,2022-12-01,0.89,0.36
403,2023-01-01,0.82,0.37
403,2023-02-01,0.96,0.27
403,2023-03-01,0.5,0.82
403,2023-04-01,0.81,0.35
403,2023-05-01,1.4,0.16
403,2023-06-01,3.0,0.0
403,2023-07-01,1.7,0.07
403,2023-08-01,0.86,0.22
403,2023-09-01,0.55,0.0
403,2023-10-01,0.72,0.0
403,2023-12-01,0.21,0.0
403,2024-01-01,0.33,0.0
403,2024-02-01,2.2,0.02
403,2024-03-01,0.33,0.0
403,2024-04-01,0.99,0.52
403,2024-05-01,1.1,0.17
403,2024-06-01,0.15,0.9
403,2024-07-01,2.2,0.89
403,2024-08-01,1.3,0.28
403,2024-09-01,2.4,0.16
403,2024-12-01,0.94,0.0
404,2022-01-01,0.0,0.04
405,2022-01-01,0.03,0.02
405,2022-02-01,0.03,0.06
405,2022-03-01,0.0,0.03
405,2022-04-01,0.02,0.0
405,2022-05-01,0.0,0.03
405,2022-06-01,0.0,0.03
405,2022-08-01,0.01,0.0
405,2022-09-01,0.0,0.03
405,2022-10-01,0.08,0.03
405,2022-11-01,0.06,0.0
405,2022-12-01,0.01,0.0
405,2023-02-01,0.0,0.02
405,2023-03-01,0.09,0.03
405,2023-05-01,0.01,0.0
405,2023-06-01,0.0,0.02
405,2023-07-01,0.01,0.0
405,2023-08-01,0.02,0.0
405,2023-09-01,0.05,0.0
405,2023-10-01,0.01,0.0
405,2023-11-01,0.03,0.0
405,2023-12-01,0.15,0.0
405,2024-01-01,0.05,0.0
405,2024-02-01,0.03,0.03
405,2024-03-01,0.1,0.0
405,2024-05-01,0.01,0.0
405,2024-06-01,0.0,0.02
405,2024-07-01,0.09,0.03
405,2024-08-01,0.01,0.0
405,2024-10-01,0.18,0.02
405,2024-11-01,0.02,0.0
405,2024-12-01,0.06,0.0
406,2022-01-01,0.0,0.05
406,2022-02-01,0.0,0.09
406,2022-03-01,0.0,0.13
407,2022-01-01,0.0,0.3
407,2022-02-01,0.0,0.12
408,2022-01-01,0.0,0.12
408,2022-02-01,0.0,0.16
408,2022-03-01,0.0,0.13
408,2022-04-01,0.0,0.16
408,2022-05-01,0.0,0.14
408,2022-06-01,0.0,0.16
408,2022-07-01,0.0,0.07
408,2022-08-01,0.0,0.26
408,2022-09-01,0.0,0.13
408,2022-10-01,0.0,0.12
409,2022-01-01,0.0,0.55
409,2022-02-01,0.0,0.02
409,2022-03-01,0.0,0.35
409,2022-04-01,0.0,0.26
409,2022-05-01,0.0,0.68
409,2022-06-01,0.0,0.25
410,2022-01-01,0.0,0.05
410,2022-02-01,0.0,0.17
410,2022-03-01,0.0,0.1
410,2022-04-01,0.0,0.07
411,2022-01-01,0.0,0.01
411,2022-02-01,0.0,0.04
411,2022-03-01,0.0,0.01
412,2022-01-01,0.0,0.03
413,2022-01-01,0.03,0.01
414,2022-01-01,0.01,0.0
415,2022-01-01,0.3,0.02
415,2022-02-01,0.0,0.14
415,2022-03-01,0.0,0.02
416,2022-01-01,0.02,0.0
416,2022-02-01,0.04,0.0
416,2022-03-01,0.04,0.0
416,2022-04-01,0.06,0.0
416,2022-05-01,0.07,0.0
416,2022-06-01,0.03,0.0
416,2022-07-01,0.03,0.0
416,2022-08-01,0.07,0.0
416,2022-09-01,0.01,0.0
416,2022-10-01,0.04,1.2
416,2022-11-01,0.0,0.07
416,2022-12-01,0.0,0.03
416,2023-01-01,0.0,0.03
416,2023-02-01,0.0,0.03
416,2023-03-01,0.0,0.03
416,2023-05-01,0.0,0.06
416,2023-06-01,0.0,0.03
416,2023-07-01,0.0,0.03
416,2023-08-01,0.0,0.07
416,2023-09-01,0.05,0.0
416,2023-10-01,0.02,0.0
416,2023-11-01,0.07,0.0
416,2023-12-01,0.02,0.0
416,2024-01-01,0.07,0.0
416,2024-02-01,0.02,0.0
416,2024-03-01,0.07,0.0
416,2024-04-01,0.03,0.0
416,2024-05-01,0.03,0.0
416,2024-06-01,0.03,0.0
416,2024-07-01,0.01,0.0
416,2024-08-01,0.02,0.0
416,2024-09-01,0.05,0.0
416,2024-10-01,0.03,0.0
416,2024-11-01,0.01,0.0
416,2024-12-01,0.05,0.0
417,2022-01-01,0.0,1.1
417,2022-02-01,0.73,0.0
417,2022-03-01,0.11,0.0
417,2022-04-01,0.0,0.08
418,2022-01-01,0.14,0.0
419,2022-01-01,0.54,0.04
419,2022-02-01,0.18,0.0
419,2022-03-01,0.18,0.0
419,2022-04-01,0.7,0.07
419,2022-05-01,0.49,0.13
419,2022-06-01,0.0,0.09
419,2022-07-01,0.0,0.04
420,2022-01-01,0.59,0.0
420,2022-02-01,0.0,0.08
420,2022-03-01,0.0,0.04
420,2022-04-01,0.24,0.0
420,2022-05-01,0.28,0.0
420,2022-06-01,0.0,0.08
420,2022-07-01,0.0,0.08
420,2022-08-01,0.0,0.15
420,2022-09-01,0.0,0.04
421,2022-01-01,0.0,0.08
421,2022-02-01,0.28,0.06
421,2022-03-01,0.0,0.04
421,2022-04-01,0.0,0.04
422,2022-01-01,0.02,0.0
422,2022-02-01,0.03,0.0
422,2022-03-01,0.01,0.0
422,2022-04-01,0.14,0.0
422,2022-05-01,0.14,0.0
422,2022-06-01,0.38,0.0
422,2022-07-01,0.36,0.0
422,2022-08-01,0.34,0.0
422,2022-09-01,0.17,0.0
422,2022-10-01,0.08,0.0
422,2022-11-01,0.03,0.0
422,2022-12-01,0.02,0.0
422,2023-01-01,0.04,0.0
422,2023-02-01,0.05,0.0
422,2023-04-01,0.01,0.0
422,2023-05-01,0.07,0.0
422,2023-06-01,0.16,0.0
423,2022-02-01,0.0,0.01
423,2022-03-01,0.0,0.04
423,2022-04-01,0.0,0.02
423,2022-05-01,0.0,0.04
423,2022-06-01,0.0,0.02
423,2022-07-01,0.0,0.02
423,2022-08-01,0.0,0.02
423,2022-09-01,0.0,0.01
423,2022-10-01,0.0,0.01
423,2022-11-01,0.0,0.01
423,2022-12-01,0.0,0.02
423,2023-01-01,0.0,0.02
423,2023-02-01,0.0,0.01
423,2023-03-01,0.0,0.03
423,2023-04-01,0.0,0.02
423,2023-05-01,0.0,0.02
423,2023-06-01,0.0,0.01
423,2023-07-01,0.0,0.02
423,2023-08-01,0.0,0.01
423,2023-10-01,0.0,0.02
423,2023-11-01,0.0,0.02
423,2023-12-01,0.0,0.02
423,2024-01-01,0.0,0.01
423,2024-02-01,0.0,0.03
423,2024-03-01,0.0,0.02
423,2024-04-01,0.0,0.02
423,2024-05-01,0.0,0.04
423,2024-06-01,0.0,0.01
423,2024-07-01,0.0,0.03
423,2024-08-01,0.0,0.01
423,2024-09-01,0.0,0.03
423,2024-10-01,0.0,0.01
423,2024-11-01,0.0,0.02
423,2024-12-01,0.0,0.01
424,2022-01-01,0.0,0.01
424,2022-06-01,0.0,0.01
425,2022-01-01,0.0,0.05
425,2022-02-01,0.0,0.07
425,2022-03-01,0.0,0.07
425,2022-04-01,0.0,0.15
425,2022-05-01,0.0,0.01
425,2022-06-01,0.0,0.03
425,2022-07-01,0.0,0.06
425,2022-08-01,0.0,0.28
425,2022-09-01,0.0,0.11
425,2022-11-01,0.0,0.18
425,2022-12-01,0.0,0.13
425,2023-01-01,0.0,0.09
425,2023-04-01,0.0,0.1
425,2023-05-01,0.0,0.33
425,2023-06-01,0.0,0.47
425,2023-07-01,0.0,0.13
425,2023-08-01,0.0,0.03
425,2023-10-01,0.0,0.09
425,2024-01-01,0.0,0.5
425,2024-02-01,0.0,0.22
425,2024-04-01,0.0,0.26
425,2024-06-01,0.0,0.29
425,2024-07-01,0.0,0.17
426,2022-01-01,0.08,0.01
426,2022-03-01,0.19,0.05
426,2022-04-01,0.03,0.01
426,2022-05-01,0.01,0.0
426,2022-06-01,0.01,0.03
426,2022-08-01,0.02,0.03
426,2022-09-01,0.01,0.01
426,2023-02-01,0.11,0.01
426,2023-05-01,0.01,0.0
426,2023-09-01,0.0,0.01
426,2023-10-01,0.12,0.0
426,2024-01-01,0.04,0.01
426,2024-03-01,0.02,0.0
426,2024-04-01,0.05,0.01
426,2024-05-01,0.04,0.02
426,2024-06-01,0.02,0.0
426,2024-08-01,0.0,0.02
426,2024-10-01,0.01,0.01
426,2024-11-01,0.03,0.01
427,2022-01-01,0.0,1.8
427,2022-02-01,0.0,1.1
427,2022-04-01,0.0,2.4
427,2022-05-01,0.0,2.7
427,2022-06-01,0.0,2.8
427,2022-07-01,0.0,1.9
427,2022-08-01,0.0,0.89
427,2022-09-01,0.0,1.5
427,2022-10-01,0.0,1.9
427,2022-11-01,0.0,0.03
428,2022-01-01,0.0,0.13
429,2022-01-01,2.3,2.3
429,2022-02-01,1.4,1.0
429,2022-03-01,1.6,2.0
429,2022-04-01,2.0,1.3
429,2022-05-01,1.6,2.1
429,2022-06-01,2.3,1.1
429,2022-08-01,0.51,1.6
429,2022-09-01,1.2,1.4
429,2022-11-01,0.98,1.0
429,2022-12-01,1.1,0.85
429,2023-01-01,1.7,0.81
429,2023-02-01,1.1,0.87
429,2023-03-01,2.2,1.2
429,2023-04-01,2.4,1.1
429,2023-05-01,2.5,0.6
430,2022-02-01,0.0,0.01
430,2022-03-01,0.0,0.04
430,2022-04-01,0.0,0.05
430,2022-05-01,0.0,0.07
430,2022-06-01,0.0,0.01
430,2022-07-01,0.0,0.08
430,2022-08-01,0.0,0.04
430,2022-09-01,0.0,0.04
430,2022-10-01,0.0,0.08
430,2022-11-01,0.0,0.02
430,2023-01-01,0.0,0.16
430,2023-02-01,0.0,0.02
430,2023-03-01,0.0,0.13
430,2023-04-01,0.0,0.1
430,2023-05-01,0.0,0.15
430,2023-06-01,0.0,0.07
430,2023-07-01,0.0,0.1
430,2023-08-01,0.0,0.16
430,2023-09-01,0.0,0.19
430,2023-10-01,0.0,0.01
430,2023-11-01,0.0,0.01
430,2023-12-01,0.0,0.01
431,2022-01-01,0.11,0.0
432,2022-01-01,0.0,0.35
432,2022-02-01,0.16,0.0
432,2022-03-01,0.31,0.0
432,2022-04-01,0.18,0.0
432,2022-05-01,0.24,0.0
432,2022-06-01,0.25,0.0
433,2022-01-01,0.18,0.01
433,2022-02-01,0.05,0.15
433,2022-03-01,0.09,0.08
433,2022-04-01,0.13,0.07
433,2022-05-01,0.08,0.05
433,2022-06-01,0.08,0.07
433,2022-07-01,0.05,0.04
433,2022-08-01,0.02,0.02
433,2022-09-01,0.15,0.04
433,2022-10-01,0.12,0.13
433,2022-11-01,0.16,0.07
433,2022-12-01,0.04,0.02
433,2023-01-01,0.04,0.04
433,2023-02-01,0.08,0.07
433,2023-03-01,0.12,0.03
433,2023-04-01,0.15,0.04
433,2023-05-01,0.09,0.03
433,2023-07-01,0.09,0.05
433,2023-08-01,0.06,0.11
433,2023-09-01,0.03,0.01
433,2023-11-01,0.27,0.17
433,2023-12-01,0.11,0.01
433,2024-01-01,0.12,0.03
433,2024-02-01,0.07,0.05
433,2024-03-01,0.08,0.06
433,2024-05-01,0.03,0.02
433,2024-06-01,0.01,0.06
433,2024-07-01,0.04,0.08
433,2024-09-01,0.01,0.06
433,2024-10-01,0.01,0.06
433,2024-12-01,0.05,0.01
434,2022-01-01,0.0,0.01
434,2022-02-01,0.0,0.03
434,2022-03-01,0.0,0.04
434,2022-04-01,0.0,0.04
434,2022-05-01,0.0,0.13
434,2022-06-01,0.0,0.04
434,2022-07-01,0.0,0.02
434,2022-08-01,0.0,0.05
434,2022-09-01,0.0,0.01
434,2022-10-01,0.0,0.03
435,2022-01-01,0.0,0.46
435,2022-02-01,0.0,0.21
436,2022-01-01,0.0,0.28
436,2022-02-01,0.0,0.21
436,2022-03-01,0.0,0.39
436,2022-04-01,0.0,0.06
436,2022-05-01,0.0,0.07
436,2022-06-01,0.0,0.09
436,2022-07-01,0.0,0.11
436,2022-08-01,0.0,0.04
436,2022-09-01,0.0,0.06
436,2022-10-01,0.0,0.11
436,2022-12-01,0.0,0.24
436,2023-01-01,0.0,0.14
436,2023-02-01,0.0,0.15
436,2023-03-01,0.0,0.08
436,2023-04-01,0.0,0.14
436,2023-05-01,0.0,0.1
436,2023-06-01,0.0,0.08
436,2023-07-01,0.0,0.11
436,2023-08-01,0.0,0.12
436,2023-09-01,0.0,0.11
436,2023-10-01,0.0,0.1
436,2023-11-01,0.0,0.02
436,2023-12-01,0.0,0.09
436,2024-01-01,0.0,0.08
436,2024-02-01,0.0,0.03
436,2024-03-01,0.0,0.04
436,2024-04-01,0.0,0.16
436,2024-05-01,0.0,0.1
436,2024-06-01,0.0,0.13
436,2024-07-01,0.0,0.14
436,2024-08-01,0.0,0.17
436,2024-09-01,0.0,0.11
436,2024-10-01,0.0,0.09
436,2024-11-01,0.0,0.1
436,2024-12-01,0.0,0.11
437,2022-01-01,0.0,0.26
437,2022-02-01,0.0,0.14
437,2022-03-01,0.0,0.17
437,2022-04-01,0.0,0.15
437,2022-05-01,0.0,0.09
437,2022-06-01,0.0,0.19
437,2022-07-01,0.0,0.09
437,2022-08-01,0.0,0.08
437,2022-09-01,0.0,0.01
437,2022-10-01,0.0,0.02
437,2022-11-01,0.0,0.01
437,2022-12-01,0.0,0.03
437,2023-01-01,0.0,0.07
437,2023-02-01,0.0,0.02
437,2023-03-01,0.0,0.02
437,2023-04-01,0.0,0.01
437,2023-05-01,0.0,0.02
437,2023-06-01,0.0,0.01
437,2023-07-01,0.0,0.01
437,2023-08-01,0.0,0.02
437,2023-10-01,0.0,0.01
437,2023-11-01,0.0,0.02
438,2022-01-01,0.0,0.1
438,2022-02-01,0.0,0.03
438,2022-03-01,0.0,0.04
438,2022-04-01,0.0,0.11
438,2022-05-01,0.0,0.16
438,2022-06-01,0.0,0.11
438,2022-07-01,0.0,0.07
438,2022-08-01,0.0,0.06
438,2022-09-01,0.0,0.08
438,2022-10-01,0.0,0.02
438,2022-11-01,0.0,0.1
438,2022-12-01,0.0,0.16
438,2023-01-01,0.0,0.04
438,2023-02-01,0.0,0.02
438,2023-04-01,0.0,0.06
438,2023-05-01,0.0,0.07
438,2023-06-01,0.0,0.14
438,2023-07-01,0.0,0.12
438,2023-08-01,0.0,0.26
439,2022-01-01,0.0,0.54
439,2022-02-01,0.0,0.25
439,2022-03-01,0.0,0.08
439,2022-04-01,0.0,0.41
439,2022-05-01,0.0,0.33
439,2022-06-01,0.0,0.36
439,2022-07-01,0.0,0.13
439,2022-08-01,0.0,0.32
439,2022-09-01,0.0,0.28
439,2022-10-01,0.0,0.3
439,2022-12-01,0.0,0.31
439,2023-02-01,0.0,0.12
439,2023-03-01,0.0,0.27
439,2023-04-01,0.0,0.17
439,2023-05-01,0.0,0.27
439,2023-06-01,0.0,0.07
439,2023-07-01,0.0,0.19
439,2023-08-01,0.0,0.15
439,2023-09-01,0.0,0.26
439,2023-10-01,0.0,0.2
439,2023-11-01,0.0,0.19
439,2023-12-01,0.0,0.27
439,2024-01-01,0.0,0.39
439,2024-03-01,0.0,0.11
439,2024-04-01,0.0,0.14
439,2024-05-01,0.0,0.27
439,2024-06-01,0.0,0.17
439,2024-07-01,0.0,0.13
439,2024-08-01,0.0,0.28
439,2024-09-01,0.0,0.25
439,2024-10-01,0.0,0.19
439,2024-11-01,0.0,0.08
439,2024-12-01,0.0,0.26
440,2022-01-01,0.0,0.04
440,2022-08-01,0.0,0.06
440,2022-09-01,0.0,0.09
440,2022-11-01,0.0,0.08
440,2023-01-01,0.0,0.16
440,2023-02-01,0.0,0.1
440,2023-03-01,0.0,0.06
440,2023-05-01,0.0,0.04
440,2023-06-01,0.0,0.04
440,2023-07-01,0.0,0.02
440,2023-08-01,0.0,0.02
440,2023-10-01,0.0,0.03
440,2023-11-01,0.0,0.02
440,2024-01-01,0.0,0.01
440,2024-04-01,0.0,0.01
440,2024-05-01,0.0,0.04
440,2024-07-01,0.0,0.13
440,2024-09-01,0.0,0.12
440,2024-10-01,0.0,0.04
440,2024-12-01,0.0,0.04
441,2022-01-01,0.02,0.0
441,2022-02-01,0.01,0.0
441,2022-03-01,0.01,0.01
441,2022-05-01,0.01,0.0
441,2022-12-01,0.03,0.0
441,2023-03-01,0.03,0.0
441,2023-05-01,0.03,0.0
441,2023-07-01,0.0,0.01
441,2023-08-01,0.0,0.01
441,2023-09-01,0.0,0.02
441,2023-12-01,0.0,0.01
442,2022-01-01,0.0,0.01
443,2022-01-01,0.04,0.0
443,2022-02-01,0.3,0.0
443,2022-03-01,0.1,0.0
443,2022-04-01,0.34,0.0
443,2022-06-01,1.2,4.8
443,2022-07-01,0.56,1.9
444,2022-01-01,0.02,0.0
444,2022-02-01,0.11,0.02
444,2022-03-01,0.63,0.0
444,2022-04-01,0.23,0.04
444,2022-05-01,0.0,0.02
444,2022-06-01,0.07,0.05
444,2022-07-01,0.0,0.3
444,2022-08-01,1.6,5.4
444,2022-09-01,1.2,2.6
444,2022-10-01,1.0,3.5
444,2022-11-01,0.86,4.1
445,2022-01-01,0.0,0.13
445,2022-02-01,0.0,0.32
445,2022-03-01,0.0,0.15
446,2022-01-01,0.0,0.03
446,2022-02-01,0.0,0.07
447,2022-01-01,1.6,0.0
447,2022-02-01,0.17,0.0
447,2022-03-01,0.2,0.0
447,2022-05-01,0.99,0.0
447,2022-06-01,0.35,0.0
447,2022-07-01,1.1,0.0
448,2022-01-01,0.0,0.1
449,2022-01-01,0.01,0.02
450,2022-01-01,0.11,0.02
450,2022-02-01,0.19,0.0
450,2022-03-01,0.01,0.02
450,2022-04-01,0.14,0.02
450,2022-05-01,0.01,0.0
450,2022-06-01,0.03,0.0
450,2022-07-01,0.02,0.0
450,2022-08-01,0.51,0.02
450,2022-09-01,0.02,0.0
450,2022-10-01,0.04,0.0
451,2022-01-01,0.0,0.05
451,2022-02-01,0.3,0.0
451,2022-04-01,0.05,0.0
451,2022-10-01,0.02,0.0
451,2023-04-01,0.34,0.0
451,2023-05-01,0.01,0.0
451,2023-06-01,0.7,0.0
451,2023-07-01,0.2,0.0
451,2023-08-01,0.55,0.0
451,2023-09-01,0.52,0.0
451,2023-11-01,0.01,0.0
451,2024-03-01,0.0,0.01
451,2024-07-01,0.0,0.01
451,2024-10-01,0.0,0.08
451,2024-11-01,0.0,0.05
452,2022-01-01,0.0,0.02
452,2022-02-01,0.0,0.07
452,2022-04-01,0.0,0.07
452,2022-05-01,0.0,0.04
452,2022-06-01,0.0,0.01
453,2022-01-01,0.0,0.13
453,2022-02-01,0.0,0.03
454,2022-01-01,0.0,0.21
454,2022-02-01,0.0,0.41
454,2022-03-01,0.0,0.51
454,2022-04-01,0.0,0.61
454,2022-05-01,0.0,0.43
454,2022-06-01,0.0,0.52
454,2022-07-01,0.0,0.55
454,2022-09-01,0.0,0.32
454,2022-10-01,0.0,0.41
455,2022-01-01,0.0,0.06
455,2022-03-01,0.0,0.02
455,2022-04-01,0.0,0.09
455,2022-05-01,0.0,0.11
455,2022-06-01,0.0,0.09
455,2022-07-01,0.0,0.06
455,2022-08-01,0.0,0.04
455,2022-09-01,0.0,0.02
455,2022-12-01,0.0,0.09
455,2023-01-01,0.0,0.04
455,2023-02-01,0.0,0.02
455,2023-03-01,0.0,0.1
455,2023-04-01,0.0,0.04
455,2023-05-01,0.0,0.04
455,2023-06-01,0.0,0.04
455,2023-08-01,0.0,0.04
455,2023-11-01,0.0,0.12
455,2023-12-01,0.0,0.03
455,2024-01-01,0.0,0.02
455,2024-02-01,0.0,0.05
455,2024-09-01,0.0,0.03
455,2024-11-01,0.01,0.04
456,2022-01-01,1.7,0.4
456,2022-02-01,0.86,0.0
456,2022-03-01,1.4,0.23
456,2022-04-01,1.2,0.28
456,2022-05-01,1.4,0.26
456,2022-06-01,0.79,0.0
456,2022-07-01,1.7,0.24
456,2022-08-01,1.6,0.2
456,2022-09-01,1.3,0.22
456,2022-10-01,0.91,0.01
456,2022-11-01,1.2,0.39
456,2023-01-01,1.2,0.01
456,2023-02-01,1.3,0.19
456,2023-03-01,1.4,0.0
456,2023-04-01,1.5,0.19
456,2023-05-01,0.73,0.0
456,2023-06-01,1.4,0.41
456,2023-07-01,1.0,0.0
456,2023-08-01,1.2,0.07
456,2023-10-01,1.0,0.3
456,2023-11-01,1.4,0.17
456,2023-12-01,1.6,0.05
456,2024-01-01,1.2,0.01
456,2024-02-01,1.2,0.03
456,2024-03-01,1.5,0.18
456,2024-04-01,1.4,0.39
456,2024-05-01,1.8,0.19
456,2024-06-01,0.98,0.23
456,2024-08-01,1.5,0.0
456,2024-09-01,1.4,0.0
456,2024-10-01,1.6,0.0
456,2024-11-01,2.2,0.18
456,2024-12-01,0.86,0.23
457,2022-02-01,0.0,7.9
457,2022-03-01,0.0,6.5
457,2022-04-01,0.0,4.4
457,2022-05-01,0.0,15.0
457,2022-06-01,0.0,8.9
457,2022-07-01,0.0,7.2
457,2022-08-01,0.0,3.4
457,2022-10-01,0.0,5.8
457,2022-12-01,0.0,5.8
457,2023-02-01,0.0,7.6
457,2023-03-01,0.0,11.0
457,2023-04-01,0.0,6.6
457,2023-05-01,0.0,5.6
457,2023-06-01,0.0,6.7
457,2023-07-01,0.0,0.44
457,2023-08-01,0.0,14.0
457,2023-10-01,0.0,5.0
457,2023-12-01,0.0,10.0
457,2024-01-01,0.0,1.2
457,2024-02-01,0.0,5.4
457,2024-03-01,0.0,6.7
457,2024-04-01,0.0,4.3
457,2024-05-01,0.0,0.74
457,2024-07-01,0.0,8.1
457,2024-08-01,0.0,1.4
457,2024-09-01,0.0,13.0
457,2024-10-01,0.0,0.44
457,2024-12-01,0.0,0.45
458,2022-01-01,0.03,0.66
458,2022-02-01,2.7,0.42
458,2022-03-01,0.66,0.81
458,2022-04-01,1.6,1.0
458,2022-05-01,0.59,1.3
458,2022-06-01,0.94,1.0
458,2022-07-01,0.39,1.7
458,2022-09-01,0.86,0.94
458,2022-10-01,0.7,0.97
458,2022-11-01,1.2,0.7
458,2022-12-01,1.4,0.88
458,2023-01-01,1.4,0.48
458,2023-02-01,1.6,0.62
458,2023-03-01,2.8,1.4
458,2023-04-01,1.5,0.63
458,2023-05-01,1.2,1.9
458,2023-06-01,0.76,1.5
458,2023-07-01,1.0,1.0
458,2023-09-01,0.95,0.7
458,2023-10-01,1.4,0.73
458,2023-11-01,1.5,0.97
458,2023-12-01,1.7,1.2
458,2024-01-01,1.3,0.45
458,2024-02-01,1.0,1.2
458,2024-03-01,1.3,0.32
458,2024-04-01,1.2,1.1
458,2024-05-01,1.7,0.06
458,2024-06-01,0.84,0.97
458,2024-07-01,2.5,1.1
458,2024-09-01,2.5,1.0
458,2024-10-01,1.3,1.1
458,2024-11-01,1.1,1.1
459,2022-01-01,0.0,0.06
459,2022-06-01,0.0,0.03
459,2022-10-01,0.0,0.05
459,2022-12-01,0.0,0.08
459,2023-04-01,0.0,0.06
459,2023-08-01,0.0,0.05
459,2023-11-01,0.0,0.03
459,2023-12-01,0.0,0.03
459,2024-03-01,0.0,0.04
459,2024-05-01,0.0,0.02
459,2024-09-01,0.0,0.04
459,2024-10-01,0.0,0.03
459,2024-11-01,0.0,0.07
459,2024-12-01,0.0,0.03
460,2022-01-01,0.06,0.0
460,2022-02-01,0.27,0.0
460,2022-03-01,0.08,0.0
460,2022-04-01,0.1,0.0
460,2022-05-01,0.26,0.0
460,2022-06-01,0.12,0.0
460,2022-07-01,0.05,0.0
460,2022-08-01,0.09,0.0
460,2022-09-01,0.14,0.0
460,2022-10-01,0.03,0.0
460,2022-11-01,0.06,0.0
460,2022-12-01,0.05,0.0
460,2023-01-01,0.16,0.0
460,2023-02-01,0.06,0.0
460,2023-03-01,0.03,0.0
460,2023-04-01,0.05,0.0
460,2023-05-01,0.09,0.0
460,2023-06-01,0.07,0.0
460,2023-07-01,0.06,0.0
460,2023-08-01,0.08,0.0
460,2023-09-01,0.03,0.0
460,2023-10-01,0.22,0.0
460,2023-11-01,0.03,0.0
460,2023-12-01,0.04,0.0
460,2024-02-01,0.04,0.0
460,2024-04-01,0.04,0.0
460,2024-06-01,0.07,0.0
460,2024-08-01,0.03,0.0
460,2024-09-01,0.17,0.0
460,2024-10-01,0.04,0.0
460,2024-11-01,0.01,0.0
461,2022-01-01,0.0,0.23
461,2022-02-01,0.0,0.1
461,2022-03-01,0.0,0.62
461,2022-04-01,0.63,0.0
461,2022-05-01,0.0,0.06
461,2022-06-01,0.05,0.0
461,2022-07-01,0.06,0.06
461,2022-08-01,0.0,0.01
461,2022-09-01,0.06,0.04
461,2022-10-01,0.06,0.13
461,2022-11-01,0.0,0.01
461,2022-12-01,0.02,0.05
461,2023-01-01,0.0,0.14
461,2023-02-01,0.04,0.1
461,2023-03-01,0.07,0.11
461,2023-04-01,0.06,0.17
461,2023-05-01,0.07,0.15
461,2023-07-01,0.07,0.11
461,2023-08-01,0.0,0.08
461,2023-09-01,0.04,0.04
461,2023-10-01,0.06,0.1
461,2023-11-01,0.06,0.05
461,2023-12-01,0.06,0.03
462,2022-01-01,0.0,0.43
462,2022-02-01,0.0,0.01
462,2022-03-01,0.24,0.0
462,2022-04-01,0.0,0.56
463,2022-01-01,0.0,0.3
463,2022-02-01,0.0,0.08
463,2022-03-01,0.0,0.13
464,2022-01-01,0.0,0.34
465,2022-01-01,0.0,0.12
466,2022-01-01,0.0,0.47
467,2022-01-01,0.31,0.0
467,2022-02-01,0.04,0.02
467,2022-03-01,0.05,0.04
468,2022-01-01,0.12,0.0
468,2022-03-01,0.12,0.0
468,2022-04-01,0.07,0.0
468,2022-07-01,0.24,0.0
468,2022-09-01,0.12,0.0
468,2022-10-01,0.12,0.0
468,2022-11-01,0.24,0.0
468,2022-12-01,0.12,0.0
468,2023-02-01,0.12,0.0
468,2023-03-01,0.18,0.0
468,2023-04-01,0.1,0.0
468,2023-05-01,0.08,0.0
468,2023-07-01,0.06,0.0
468,2023-08-01,0.18,0.0
468,2023-09-01,0.12,0.0
468,2023-11-01,0.12,0.0
468,2023-12-01,0.12,0.0
468,2024-01-01,0.12,0.0
468,2024-04-01,0.08,0.0
468,2024-05-01,0.41,0.0
468,2024-08-01,0.03,0.0
468,2024-10-01,0.03,0.0
468,2024-11-01,0.11,0.0
468,2024-12-01,0.09,0.0
469,2022-02-01,0.31,0.0
469,2022-04-01,0.22,0.0
469,2022-07-01,0.07,0.0
469,2022-08-01,0.2,0.0
469,2022-10-01,0.29,0.0
469,2022-12-01,0.49,0.0
469,2023-01-01,0.07,0.0
469,2023-02-01,0.36,0.0
470,2022-01-01,0.26,0.16
470,2022-02-01,0.0,0.24
470,2022-03-01,0.0,0.15
470,2022-04-01,0.0,0.08
471,2022-03-01,0.0,0.16
471,2022-04-01,0.0,0.04
471,2022-05-01,0.13,0.23
471,2022-06-01,0.2,0.35
471,2022-07-01,0.01,0.02
471,2022-08-01,0.17,0.13
471,2022-09-01,0.0,0.14
471,2022-10-01,0.22,0.47
471,2022-11-01,0.01,0.35
471,2023-01-01,0.45,1.2
471,2023-02-01,0.12,0.34
471,2023-03-01,0.01,0.66
471,2023-04-01,0.05,0.13
471,2023-05-01,0.0,0.28
471,2023-06-01,0.0,0.34
471,2023-07-01,0.01,0.15
471,2023-08-01,0.0,0.59
471,2023-09-01,0.01,0.28
471,2023-10-01,0.0,1.0
471,2023-11-01,0.0,0.65
471,2023-12-01,0.01,0.41
471,2024-01-01,0.02,0.26
471,2024-02-01,0.24,0.3
471,2024-03-01,0.0,0.41
471,2024-04-01,0.04,0.71
471,2024-05-01,0.14,0.52
471,2024-06-01,0.0,0.8
471,2024-07-01,0.15,0.05
471,2024-08-01,0.15,0.42
471,2024-09-01,0.14,0.01
471,2024-12-01,0.14,0.0
472,2022-01-01,0.0,0.02
472,2022-02-01,0.0,0.18
472,2022-03-01,0.15,0.11
472,2022-05-01,0.1,0.0
472,2022-06-01,0.01,0.0
472,2022-07-01,0.04,0.0
472,2022-08-01,0.13,0.0
472,2022-09-01,0.0,0.38
472,2022-10-01,0.0,0.06
472,2022-11-01,0.0,0.26
472,2023-01-01,0.0,0.16
473,2022-01-01,0.0,0.22
473,2022-02-01,0.0,0.48
473,2022-03-01,0.0,0.13
473,2022-05-01,0.0,0.29
473,2022-06-01,0.0,0.14
473,2022-07-01,0.0,0.28
473,2022-08-01,0.0,0.06
473,2022-09-01,0.0,0.02
473,2022-10-01,0.0,0.27
473,2022-12-01,0.0,0.07
473,2023-01-01,0.0,0.17
473,2023-02-01,0.0,0.28
473,2023-03-01,0.0,0.17
473,2023-05-01,0.0,0.23
473,2023-06-01,0.0,0.34
473,2023-08-01,0.0,0.26
473,2023-09-01,0.0,0.03
473,2023-10-01,0.0,0.19
473,2023-11-01,0.0,0.09
473,2023-12-01,0.0,0.15
473,2024-01-01,0.0,0.32
473,2024-02-01,0.0,0.27
474,2022-01-01,0.0,0.11
474,2022-07-01,0.0,0.14
474,2022-08-01,0.0,0.07
474,2022-09-01,0.0,0.03
474,2022-10-01,0.0,0.01
474,2022-11-01,0.0,0.08
474,2023-02-01,0.0,0.1
474,2023-03-01,0.0,0.17
474,2023-04-01,0.0,0.09
474,2023-05-01,0.0,0.06
474,2023-11-01,0.0,0.04
474,2023-12-01,0.0,0.2
474,2024-02-01,0.0,0.11
474,2024-03-01,0.0,0.11
474,2024-04-01,0.0,0.1
474,2024-08-01,0.0,0.14
474,2024-10-01,0.0,0.03
475,2022-01-01,0.16,0.0
475,2022-02-01,0.11,0.0
475,2022-03-01,0.09,0.0
475,2022-04-01,0.34,0.0
475,2022-05-01,0.25,0.0
475,2022-06-01,0.3,0.0
475,2022-07-01,0.11,0.0
475,2022-08-01,0.2,0.0
475,2022-09-01,0.15,0.0
475,2022-10-01,0.35,0.0
475,2022-11-01,0.27,0.0
475,2022-12-01,0.12,0.0
475,2023-01-01,0.05,0.0
475,2023-02-01,0.17,0.0
475,2023-06-01,0.07,0.0
475,2023-08-01,0.1,0.0
475,2023-10-01,0.2,0.0
475,2023-11-01,0.2,0.0
475,2024-01-01,0.2,0.0
475,2024-02-01,0.0,2.2
475,2024-05-01,0.0,2.2
475,2024-07-01,0.0,2.6
476,2022-02-01,0.0,0.07
476,2022-03-01,0.0,0.08
476,2022-05-01,0.0,0.07
476,2022-06-01,0.0,0.16
476,2022-08-01,0.0,0.08
476,2022-11-01,0.0,0.06
476,2022-12-01,0.0,0.28
476,2023-02-01,0.0,0.19
476,2023-03-01,0.0,0.19
476,2023-04-01,0.0,0.2
476,2023-05-01,0.0,0.1
476,2023-08-01,0.0,0.12
476,2023-11-01,0.0,0.08
476,2023-12-01,0.0,0.21
476,2024-01-01,0.0,0.08
476,2024-02-01,0.0,0.09
476,2024-03-01,0.0,0.09
476,2024-04-01,0.0,0.18
476,2024-05-01,0.0,0.25
476,2024-06-01,0.0,0.1
476,2024-07-01,0.0,0.32
476,2024-08-01,0.0,0.34
476,2024-10-01,0.0,0.37
476,2024-11-01,0.0,0.31
476,2024-12-01,0.0,0.45
477,2022-01-01,0.99,20.0
477,2022-02-01,0.0,12.0
477,2022-03-01,0.0,18.0
477,2022-04-01,1.5,21.0
477,2022-05-01,1.5,14.0
477,2022-06-01,0.0,20.0
477,2022-07-01,1.5,20.0
477,2022-10-01,2.4,22.0
477,2022-11-01,3.4,13.0
477,2022-12-01,9.1,14.0
477,2023-01-01,5.1,12.0
477,2023-03-01,2.4,11.0
477,2023-04-01,3.8,12.0
477,2023-05-01,3.7,10.0
477,2023-06-01,3.0,11.0
477,2023-07-01,1.3,9.3
477,2023-08-01,2.4,3.7
477,2023-09-01,2.6,10.0
477,2023-10-01,0.07,16.0
477,2023-11-01,1.7,9.7
477,2023-12-01,1.8,14.0
477,2024-01-01,5.2,8.9
477,2024-02-01,0.53,1.9
477,2024-03-01,2.0,11.0
477,2024-04-01,0.0,15.0
477,2024-05-01,3.3,16.0
477,2024-06-01,0.9,15.0
477,2024-07-01,4.7,17.0
477,2024-08-01,20.0,13.0
477,2024-10-01,4.5,22.0
477,2024-11-01,3.8,12.0
477,2024-12-01,4.7,19.0
478,2022-01-01,0.0,0.17
478,2022-02-01,0.0,0.32
478,2022-03-01,0.0,0.18
478,2022-04-01,0.0,0.18
478,2022-05-01,0.0,0.22
478,2022-06-01,0.0,0.17
478,2022-07-01,0.0,0.23
478,2022-08-01,0.0,0.11
478,2022-09-01,0.0,0.25
478,2022-10-01,0.0,0.16
478,2022-11-01,0.0,0.12
478,2023-01-01,0.0,0.12
478,2023-02-01,0.0,0.12
478,2023-03-01,0.0,0.21
478,2023-04-01,0.0,0.12
478,2023-05-01,0.0,0.07
478,2023-06-01,0.0,0.02
478,2023-08-01,0.0,0.12
478,2023-09-01,0.0,0.18
478,2023-10-01,0.0,0.1
478,2023-11-01,0.0,0.26
478,2023-12-01,0.0,0.16
478,2024-01-01,0.0,0.11
479,2022-01-01,0.61,0.0
479,2022-02-01,0.45,0.0
479,2022-04-01,0.39,0.0
479,2022-05-01,0.35,0.0
479,2022-06-01,0.03,0.0
480,2022-01-01,2.2,0.0
480,2022-03-01,0.0,6.8
480,2022-04-01,0.0,6.5
480,2022-05-01,0.0,3.0
480,2022-07-01,2.7,0.0
480,2022-10-01,0.0,2.0
480,2023-01-01,1.8,0.0
480,2023-03-01,0.0,3.9
480,2023-04-01,0.0,1.4
480,2023-05-01,0.99,0.0
480,2023-07-01,1.8,0.0
480,2024-01-01,2.1,0.0
481,2022-01-01,0.0,0.07
482,2022-01-01,0.0,0.53
482,2022-02-01,0.0,0.27
482,2022-03-01,0.0,0.39
482,2022-04-01,0.0,0.53
482,2022-05-01,0.0,0.39
482,2022-06-01,0.0,0.42
482,2022-07-01,0.0,0.28
482,2022-08-01,0.0,0.32
482,2022-10-01,0.0,0.21
482,2022-11-01,0.0,0.32
482,2022-12-01,0.0,0.35
482,2023-01-01,0.0,0.08
482,2023-02-01,0.0,0.2
482,2023-03-01,0.0,0.14
482,2023-04-01,0.0,0.14
483,2022-01-01,0.0,4.3
484,2022-01-01,0.0,1.3
485,2022-01-01,8.6,0.0
485,2022-02-01,0.0,0.27
485,2022-03-01,0.0,0.17
485,2022-04-01,0.0,14.0
486,2022-01-01,0.03,0.95
486,2022-02-01,0.09,0.06
486,2022-03-01,0.11,0.53
486,2022-04-01,0.07,0.39
486,2022-05-01,0.02,0.43
486,2022-06-01,0.03,0.69
486,2022-07-01,0.02,2.6
487,2022-01-01,1.3,0.72
487,2022-02-01,1.6,1.2
487,2022-04-01,1.3,0.89
487,2022-05-01,1.4,0.0
487,2022-06-01,1.8,0.0
487,2022-07-01,1.3,0.0
487,2022-08-01,1.5,0.0
487,2022-09-01,2.1,0.0
487,2022-10-01,0.43,1.2
487,2022-11-01,1.2,2.1
487,2022-12-01,0.74,0.86
487,2023-01-01,0.26,0.0
487,2023-02-01,1.0,0.0
487,2023-03-01,0.24,0.0
487,2023-04-01,0.47,0.0
487,2023-05-01,1.4,0.0
487,2023-06-01,1.3,0.0
487,2023-07-01,0.08,0.29
487,2023-08-01,2.4,0.0
487,2023-09-01,0.34,0.0
487,2023-10-01,1.3,0.04
487,2023-11-01,0.77,0.0
487,2023-12-01,0.66,0.0
487,2024-01-01,0.63,0.0
487,2024-02-01,1.6,0.8
487,2024-03-01,0.6,0.0
487,2024-04-01,1.2,0.0
487,2024-05-01,0.05,0.02
487,2024-06-01,0.13,2.2
487,2024-07-01,0.14,0.23
487,2024-08-01,0.5,0.0
487,2024-09-01,2.2,0.0
487,2024-10-01,1.9,0.0
487,2024-11-01,0.18,0.0
487,2024-12-01,1.2,1.7
488,2022-01-01,3.6,0.0
488,2022-02-01,5.1,0.0
489,2022-01-01,0.0,2.2
489,2022-02-01,0.0,2.3
489,2022-04-01,1.9,0.0
489,2022-05-01,2.8,0.0
489,2022-07-01,2.9,0.0
489,2022-08-01,2.4,0.0
490,2022-01-01,0.0,0.07
490,2022-03-01,0.0,0.2
490,2022-04-01,0.0,0.09
490,2022-07-01,0.0,0.17
490,2022-08-01,0.0,0.1
490,2022-09-01,0.0,0.07
490,2022-12-01,0.0,0.26
490,2023-01-01,0.0,0.02
490,2023-03-01,0.0,0.19
490,2023-04-01,0.0,0.09
490,2023-05-01,0.0,0.18
490,2023-06-01,0.0,0.02
490,2023-07-01,0.0,0.04
490,2024-07-01,0.0,0.07
491,2022-01-01,0.0,0.1
491,2022-02-01,0.1,0.0
491,2022-03-01,0.0,0.14
491,2022-04-01,0.0,0.01
492,2022-01-01,0.0,0.05
493,2022-01-01,0.0,3.4
493,2022-02-01,0.0,0.91
493,2022-03-01,0.0,1.9
493,2022-04-01,0.0,2.3
493,2022-05-01,0.0,2.4
493,2022-06-01,0.0,0.14
494,2022-01-01,0.48,0.0
494,2022-03-01,0.36,0.0
494,2022-04-01,0.02,0.0
495,2022-01-01,2.0,0.0
495,2022-03-01,1.4,0.0
495,2022-07-01,2.5,0.0
495,2022-09-01,0.14,0.0
495,2022-11-01,1.1,0.0
495,2023-02-01,0.77,0.0
495,2023-03-01,0.73,0.0
495,2023-04-01,0.02,0.0
495,2023-05-01,0.99,0.0
495,2023-06-01,0.86,0.0
495,2023-07-01,0.79,0.08
495,2023-08-01,1.2,0.0
495,2023-09-01,0.68,0.0
495,2023-10-01,0.64,0.0
495,2023-11-01,1.0,0.0
495,2023-12-01,0.31,0.0
495,2024-01-01,1.3,0.0
495,2024-02-01,1.0,0.0
495,2024-04-01,2.2,0.0
495,2024-05-01,0.87,0.0
495,2024-06-01,0.91,0.0
495,2024-07-01,0.28,0.0
495,2024-08-01,1.2,0.0
495,2024-09-01,0.16,0.0
495,2024-10-01,0.05,0.0
495,2024-11-01,0.73,0.0
496,2022-01-01,0.0,0.06
496,2022-03-01,0.0,0.08
496,2022-08-01,0.0,0.05
496,2022-12-01,0.0,0.04
496,2023-01-01,0.0,0.09
496,2023-04-01,0.0,0.08
496,2023-09-01,0.0,0.36
497,2022-01-01,0.0,0.11
497,2022-12-01,0.0,0.05
497,2023-01-01,0.0,0.05
497,2023-09-01,0.0,0.03
498,2022-01-01,0.0,0.1
498,2022-03-01,0.0,0.07
498,2022-04-01,0.0,0.08
498,2022-05-01,0.0,0.07
498,2022-06-01,0.0,0.04
498,2022-08-01,0.0,0.08
498,2022-09-01,0.0,0.04
498,2022-10-01,0.0,0.05
498,2022-11-01,0.0,0.06
498,2022-12-01,0.0,0.04
498,2023-01-01,0.0,0.04
498,2023-02-01,0.0,0.08
498,2023-03-01,0.0,0.04
498,2023-04-01,0.0,0.06
498,2023-05-01,0.0,0.07
498,2023-07-01,0.0,0.03
498,2023-08-01,0.0,0.04
498,2023-09-01,0.0,0.08
498,2023-10-01,0.0,0.06
498,2023-11-01,0.0,0.06
498,2023-12-01,0.0,0.04
498,2024-01-01,0.0,0.07
498,2024-03-01,0.0,0.05
498,2024-04-01,0.0,0.03
498,2024-05-01,0.0,0.04
498,2024-06-01,0.0,0.04
498,2024-07-01,0.0,0.02
499,2022-01-01,0.0,2.0
499,2022-02-01,0.0,2.2
499,2022-03-01,0.0,2.3
499,2022-04-01,0.0,2.1
499,2022-05-01,0.0,2.4
499,2022-06-01,0.0,2.4
499,2022-07-01,0.0,2.6
499,2022-08-01,0.0,2.1
500,2022-01-01,0.0,0.01
500,2022-03-01,0.0,0.07
500,2022-04-01,0.0,0.07
500,2022-05-01,0.0,0.04
500,2022-06-01,0.0,0.05
501,2022-01-01,0.0,0.46
501,2022-02-01,0.0,0.69
501,2022-03-01,0.0,0.53
501,2022-04-01,0.0,0.75
501,2022-05-01,0.0,0.51
501,2022-06-01,0.0,1.0
501,2022-07-01,0.0,0.64
501,2022-08-01,0.0,0.11
501,2022-09-01,0.0,0.03
501,2022-10-01,0.0,0.02
501,2022-11-01,0.0,0.07
501,2022-12-01,0.0,0.18
502,2022-01-01,0.77,0.87
502,2022-02-01,0.44,0.46
502,2022-03-01,0.32,0.24
502,2022-04-01,0.33,0.33
502,2022-05-01,0.55,0.71
502,2022-06-01,0.42,0.45
502,2022-07-01,0.31,0.32
502,2022-08-01,0.17,0.3
502,2022-09-01,0.3,0.33
502,2022-10-01,0.24,0.88
502,2022-11-01,0.07,0.53
502,2022-12-01,0.05,1.1
502,2023-01-01,0.16,0.08
502,2023-02-01,0.22,0.65
502,2023-03-01,0.22,0.5
502,2023-04-01,0.08,0.96
502,2023-05-01,0.21,0.33
502,2023-06-01,0.27,0.8
502,2023-07-01,0.37,0.82
502,2023-08-01,0.53,0.97
502,2023-09-01,0.23,0.57
502,2023-10-01,0.2,1.0
502,2023-11-01,0.18,0.47
502,2023-12-01,0.1,0.39
502,2024-01-01,0.37,1.1
502,2024-02-01,0.33,0.69
502,2024-03-01,0.21,0.34
502,2024-04-01,0.19,0.73
502,2024-06-01,0.11,0.58
502,2024-07-01,0.29,0.64
502,2024-08-01,0.27,0.66
502,2024-11-01,0.08,0.5
502,2024-12-01,0.13,0.36
503,2022-01-01,0.0,0.05
503,2022-03-01,0.0,0.01
503,2022-04-01,0.0,0.06
503,2022-05-01,0.0,0.02
503,2022-07-01,0.0,0.01
503,2022-08-01,0.0,0.04
503,2022-09-01,0.0,0.03
503,2022-10-01,0.0,0.04
503,2022-11-01,0.0,0.01
503,2023-01-01,0.0,0.11
503,2023-03-01,0.0,0.04
503,2023-04-01,0.0,0.06
503,2023-06-01,0.0,0.03
503,2023-11-01,0.0,0.04
503,2023-12-01,0.0,0.04
503,2024-01-01,0.0,0.04
503,2024-03-01,0.0,0.04
503,2024-05-01,0.0,0.07
503,2024-11-01,0.0,0.03
504,2022-01-01,4.4,2.0
504,2022-02-01,4.2,0.79
504,2022-03-01,2.8,3.8
504,2022-04-01,3.9,2.7
504,2022-05-01,5.0,3.5
504,2022-06-01,4.4,1.9
504,2022-07-01,3.8,0.52
504,2022-08-01,1.6,1.2
504,2022-09-01,3.3,1.1
504,2022-11-01,2.9,1.5
504,2022-12-01,1.3,1.0
504,2023-01-01,0.47,2.8
504,2023-02-01,2.4,1.1
504,2023-03-01,3.7,2.7
504,2023-04-01,2.6,0.02
504,2023-05-01,1.6,0.0
504,2023-06-01,1.6,0.71
504,2023-07-01,2.2,0.0
504,2023-08-01,2.1,0.03
504,2023-09-01,1.4,1.2
504,2023-10-01,2.4,0.0
504,2023-11-01,1.9,0.02
504,2023-12-01,2.4,2.1
504,2024-01-01,2.2,0.0
504,2024-02-01,2.6,2.0
504,2024-05-01,3.1,2.3
504,2024-06-01,3.5,0.99
504,2024-07-01,2.2,1.5
504,2024-08-01,2.9,2.6
504,2024-09-01,3.3,1.2
504,2024-10-01,2.6,0.37
504,2024-11-01,2.7,0.54
505,2022-01-01,10.0,0.0
505,2022-02-01,14.0,0.0
505,2022-03-01,6.9,0.0
505,2022-04-01,9.5,0.0
505,2022-05-01,15.0,0.0
505,2022-06-01,4.7,0.0
505,2022-07-01,12.0,0.0
505,2022-08-01,3.4,0.0
505,2022-09-01,13.0,0.0
505,2022-10-01,12.0,0.0
505,2022-11-01,0.07,0.0
505,2022-12-01,6.9,0.0
505,2023-01-01,13.0,0.0
505,2023-02-01,5.1,0.0
505,2023-03-01,15.0,0.0
505,2023-04-01,8.7,0.0
505,2023-05-01,8.2,0.0
505,2023-06-01,4.4,0.0
505,2023-07-01,1.7,0.0
505,2023-09-01,3.5,0.0
505,2023-10-01,19.0,0.0
505,2023-11-01,0.99,0.0
505,2023-12-01,5.1,0.0
505,2024-01-01,5.6,0.0
505,2024-02-01,11.0,0.0
505,2024-03-01,0.74,0.0
505,2024-04-01,6.5,0.0
505,2024-05-01,4.5,0.0
505,2024-06-01,2.1,0.0
505,2024-07-01,7.2,0.0
505,2024-08-01,2.3,0.0
506,2022-01-01,0.0,0.01
506,2022-04-01,0.0,0.05
506,2022-05-01,0.0,0.03
506,2022-06-01,0.0,0.02
506,2022-07-01,0.0,0.03
506,2022-08-01,0.0,0.03
506,2022-09-01,0.0,0.05
506,2022-10-01,0.0,0.05
506,2022-11-01,0.0,0.06
506,2022-12-01,0.0,0.03
506,2023-01-01,0.0,0.04
506,2023-02-01,0.0,0.03
506,2023-03-01,0.0,0.02
506,2023-04-01,0.0,0.05
506,2023-05-01,0.0,0.02
507,2022-02-01,1.6,0.37
507,2022-03-01,1.9,0.42
507,2022-05-01,2.4,0.28
507,2022-06-01,1.9,0.33
507,2022-07-01,1.8,0.43
507,2022-08-01,2.5,0.54
507,2022-09-01,2.0,0.44
507,2022-10-01,2.1,0.33
507,2022-11-01,1.4,0.53
507,2022-12-01,1.6,0.31
507,2023-01-01,1.4,0.34
507,2023-02-01,1.2,0.25
507,2023-03-01,2.2,0.34
507,2023-04-01,1.6,0.47
507,2023-05-01,1.1,0.12
507,2023-06-01,1.6,0.0
507,2023-07-01,0.96,0.0
507,2023-08-01,1.3,0.0
507,2023-09-01,0.82,0.0
507,2023-10-01,1.1,0.0
508,2023-05-01,0.0,0.22
508,2023-09-01,0.0,0.54
508,2023-11-01,0.0,0.11
508,2023-12-01,0.0,0.35
508,2024-01-01,0.0,0.09
509,2022-01-01,12.0,0.0
509,2022-02-01,13.0,0.0
509,2022-03-01,0.0,3.9
509,2022-04-01,0.0,7.9
509,2022-05-01,0.0,0.07
510,2022-01-01,0.02,0.15
510,2022-02-01,0.03,0.02
510,2022-03-01,0.02,0.07
510,2022-04-01,0.07,0.06
510,2022-05-01,0.04,0.12
510,2022-06-01,0.02,0.03
510,2022-07-01,0.03,0.11
510,2022-08-01,0.09,0.11
510,2022-09-01,0.04,0.19
510,2022-10-01,0.03,0.07
510,2022-11-01,0.06,0.13
510,2022-12-01,0.02,0.13
510,2023-01-01,0.02,0.05
510,2023-02-01,0.05,0.23
510,2023-04-01,0.04,0.14
510,2023-05-01,0.04,0.1
510,2023-06-01,0.02,0.1
510,2023-07-01,0.06,0.12
510,2023-08-01,0.03,0.22
510,2023-09-01,0.03,0.15
510,2023-10-01,0.01,0.04
510,2023-11-01,0.02,0.14
510,2023-12-01,0.01,0.15
510,2024-01-01,0.08,0.14
510,2024-02-01,0.04,0.22
510,2024-03-01,0.03,0.18
510,2024-04-01,0.02,0.31
510,2024-05-01,0.04,0.32
510,2024-06-01,0.03,0.25
511,2022-01-01,0.17,0.0
511,2022-03-01,0.0,0.01
512,2022-01-01,0.0,2.2
512,2022-02-01,0.0,2.3
512,2022-03-01,0.0,0.93
512,2022-05-01,0.0,0.48
513,2022-01-01,4.3,4.8
513,2022-03-01,6.4,0.01
513,2022-04-01,2.9,0.6
513,2022-05-01,4.0,0.7
513,2022-06-01,5.9,0.57
513,2022-07-01,4.2,5.4
513,2022-08-01,4.6,5.1
513,2022-09-01,4.7,4.9
513,2022-10-01,5.2,0.47
513,2022-11-01,6.2,0.0
513,2022-12-01,7.7,0.0
513,2023-01-01,5.7,0.0
513,2023-02-01,7.2,4.4
513,2023-03-01,5.6,0.0
513,2023-04-01,6.9,7.5
513,2023-05-01,7.4,2.8
513,2023-06-01,5.3,0.3
513,2023-07-01,4.5,6.0
513,2023-08-01,4.1,0.0
513,2023-10-01,3.0,0.0
513,2023-11-01,5.3,0.0
513,2023-12-01,6.5,3.4
513,2024-01-01,5.8,0.83
513,2024-02-01,3.5,9.5
513,2024-03-01,5.1,4.3
513,2024-04-01,8.6,6.2
513,2024-05-01,6.2,0.0
513,2024-06-01,6.1,0.0
513,2024-07-01,7.3,0.0
513,2024-08-01,9.4,1.2
513,2024-09-01,5.4,0.0
513,2024-10-01,7.2,1.2
513,2024-11-01,6.3,1.2
513,2024-12-01,4.9,9.6
514,2022-01-01,0.0,0.05
514,2022-02-01,0.0,0.08
514,2022-03-01,0.0,0.15
514,2022-08-01,0.0,0.1
514,2022-10-01,0.0,0.04
514,2022-11-01,0.0,0.06
514,2022-12-01,0.0,0.11
514,2023-01-01,0.0,0.04
514,2023-02-01,0.0,0.06
514,2023-07-01,0.0,0.08
514,2023-08-01,0.0,0.1
514,2023-09-01,0.0,0.1
514,2023-12-01,0.0,0.05
514,2024-02-01,0.0,0.08
514,2024-03-01,0.0,0.1
514,2024-05-01,0.0,0.08
514,2024-06-01,0.0,0.05
514,2024-07-01,0.0,0.02
514,2024-08-01,0.0,0.08
514,2024-10-01,0.0,0.06
514,2024-12-01,0.0,0.06
515,2022-01-01,0.06,0.0
516,2022-01-01,0.04,0.0
516,2022-02-01,0.04,0.0
516,2022-05-01,0.04,0.0
516,2022-06-01,0.03,0.0
516,2022-07-01,0.04,0.0
516,2022-08-01,0.05,0.0
516,2022-09-01,0.04,0.0
516,2023-03-01,0.05,0.0
517,2022-01-01,0.0,0.04
518,2022-01-01,0.0,0.12
518,2022-02-01,0.39,0.0
518,2022-03-01,0.32,0.0
518,2022-05-01,0.16,0.0
518,2022-06-01,0.39,0.0
519,2022-01-01,0.31,0.0
520,2022-01-01,0.0,0.55
520,2022-02-01,0.49,2.4
520,2022-04-01,0.27,0.61
520,2022-05-01,0.51,1.4
520,2022-07-01,0.24,0.92
520,2022-08-01,0.33,0.51
520,2022-10-01,0.33,0.58
520,2022-11-01,0.0,0.6
520,2023-01-01,0.65,0.58
520,2023-02-01,0.0,0.53
520,2023-04-01,0.0,0.46
520,2023-05-01,0.0,0.4
520,2023-07-01,0.0,0.84
520,2023-08-01,0.0,0.26
520,2023-10-01,0.0,0.9
520,2023-11-01,0.0,0.08
520,2024-01-01,0.0,0.76
520,2024-02-01,0.0,0.71
520,2024-04-01,0.0,1.1
520,2024-05-01,0.0,0.78
520,2024-07-01,0.0,0.94
520,2024-08-01,0.0,0.36
520,2024-10-01,0.0,0.2
521,2022-02-01,0.0,0.28
521,2022-03-01,0.0,0.11
521,2022-04-01,0.0,0.1
521,2022-05-01,0.0,0.16
521,2022-06-01,0.0,0.06
521,2022-07-01,0.0,0.03
521,2022-08-01,0.0,0.07
521,2022-09-01,0.0,0.12
521,2022-10-01,0.0,0.2
521,2023-01-01,0.0,0.09
521,2023-02-01,0.0,0.19
521,2023-04-01,0.0,0.06
521,2023-05-01,0.0,0.11
521,2023-06-01,0.0,0.08
521,2023-07-01,0.0,0.03
521,2023-08-01,0.0,0.03
521,2023-12-01,0.0,0.11
521,2024-03-01,0.0,0.18
521,2024-05-01,0.0,0.09
522,2022-02-01,0.0,0.07
522,2022-05-01,0.0,0.06
523,2022-02-01,0.0,0.06
523,2022-03-01,0.0,0.01
523,2022-04-01,0.0,0.91
523,2022-06-01,0.0,0.89
523,2022-07-01,0.0,0.18
523,2022-08-01,0.0,0.02
523,2022-09-01,0.0,0.39
523,2022-10-01,0.0,0.36
523,2022-12-01,0.0,0.52
523,2023-02-01,0.0,0.04
523,2023-03-01,0.0,0.03
523,2023-04-01,0.0,0.08
523,2023-06-01,0.0,0.08
523,2023-10-01,0.0,0.41
523,2023-12-01,0.0,0.36
523,2024-01-01,0.0,0.08
523,2024-03-01,0.0,0.06
523,2024-05-01,0.0,0.2
524,2022-02-01,0.0,0.11
524,2022-07-01,0.0,0.06
524,2022-09-01,0.0,0.07
524,2022-12-01,0.0,0.02
524,2023-02-01,0.0,0.02
524,2023-05-01,0.0,0.04
524,2023-08-01,0.04,0.83
524,2023-09-01,0.0,0.7
524,2023-10-01,0.04,1.1
524,2023-11-01,0.0,0.91
524,2023-12-01,0.01,0.32
524,2024-01-01,0.0,0.47
524,2024-03-01,0.0,0.06
524,2024-05-01,0.0,1.4
524,2024-07-01,0.0,1.1
524,2024-08-01,0.0,1.4
524,2024-12-01,0.0,1.4
525,2022-02-01,0.16,0.0
525,2022-03-01,0.09,0.01
525,2022-04-01,0.03,0.0
525,2022-05-01,0.04,0.0
525,2022-07-01,0.1,0.0
525,2022-08-01,0.18,0.03
525,2022-09-01,0.05,0.0
525,2022-10-01,0.11,0.02
526,2022-02-01,0.18,0.02
527,2022-02-01,0.18,0.0
527,2022-03-01,0.19,0.0
528,2022-02-01,0.0,0.01
528,2022-03-01,0.0,0.01
529,2022-02-01,0.01,0.0
530,2022-02-01,0.0,0.06
530,2022-03-01,0.0,0.07
530,2022-04-01,0.0,0.07
531,2022-02-01,0.3,0.0
531,2022-03-01,0.0,0.01
531,2022-04-01,9.9,0.0
531,2022-05-01,8.3,1.5
531,2022-06-01,0.02,0.0
531,2022-07-01,0.04,0.0
531,2022-08-01,0.26,0.0
531,2022-09-01,0.36,0.0
532,2022-02-01,0.34,0.0
532,2022-03-01,7.2,0.0
532,2022-04-01,0.6,0.0
533,2022-02-01,0.0,0.08
533,2022-03-01,1.2,0.0
533,2022-04-01,0.02,0.09
533,2022-05-01,0.0,0.01
533,2022-06-01,0.0,0.04
533,2022-07-01,0.0,0.03
533,2022-08-01,0.0,0.03
533,2022-09-01,0.17,0.03
533,2022-10-01,0.51,0.03
533,2022-12-01,0.32,0.17
533,2023-01-01,0.13,0.08
533,2023-02-01,0.0,0.15
533,2023-03-01,0.43,0.04
534,2022-04-01,0.0,0.39
534,2022-05-01,0.0,0.34
534,2022-07-01,0.0,0.33
534,2022-09-01,0.0,0.3
534,2022-10-01,0.0,0.01
534,2023-03-01,0.0,0.96
534,2023-07-01,0.0,0.44
534,2023-08-01,0.0,0.45
534,2023-09-01,0.0,0.17
534,2023-10-01,0.0,0.37
534,2023-11-01,0.0,0.06
534,2024-03-01,0.0,0.13
534,2024-04-01,0.0,0.49
534,2024-05-01,0.0,0.2
534,2024-06-01,0.0,0.16
534,2024-07-01,0.0,0.26
534,2024-08-01,0.0,0.41
534,2024-09-01,0.0,0.09
534,2024-10-01,0.0,0.09
534,2024-11-01,0.0,0.28
534,2024-12-01,0.0,0.16
535,2022-02-01,0.0,0.17
535,2022-03-01,0.0,0.18
536,2022-02-01,0.0,0.01
536,2022-04-01,0.0,0.01
536,2022-06-01,0.0,0.02
536,2022-07-01,0.0,0.01
536,2022-11-01,0.0,0.01
536,2022-12-01,0.0,0.01
536,2023-04-01,0.0,0.02
536,2023-05-01,0.0,0.02
536,2023-07-01,0.0,0.02
536,2023-09-01,0.0,0.01
536,2023-11-01,0.0,0.03
536,2023-12-01,0.0,0.01
536,2024-01-01,0.0,0.01
536,2024-03-01,0.0,0.01
536,2024-04-01,0.0,0.01
536,2024-08-01,0.0,0.01
536,2024-09-01,0.0,0.02
537,2022-02-01,0.0,0.02
537,2022-03-01,0.0,0.09
538,2022-02-01,0.21,0.0
539,2022-02-01,0.0,0.03
539,2022-03-01,0.0,0.11
539,2023-01-01,0.0,0.08
540,2022-03-01,0.0,0.11
540,2022-05-01,0.0,0.07
540,2022-06-01,0.0,0.02
540,2022-07-01,0.0,0.07
540,2022-09-01,0.0,0.07
540,2022-11-01,0.0,0.05
540,2023-01-01,0.0,0.04
540,2023-03-01,0.0,0.06
540,2023-04-01,0.0,0.07
540,2023-05-01,0.0,0.06
540,2023-06-01,0.0,0.09
540,2023-07-01,0.0,0.06
540,2023-08-01,0.0,0.13
540,2023-10-01,0.0,0.08
540,2023-11-01,0.0,0.07
540,2023-12-01,0.0,0.05
540,2024-01-01,0.0,0.04
540,2024-02-01,0.0,0.05
540,2024-03-01,0.0,0.05
540,2024-04-01,0.0,0.07
540,2024-05-01,0.0,0.05
540,2024-06-01,0.0,0.07
540,2024-07-01,0.0,0.05
540,2024-08-01,0.0,0.06
540,2024-09-01,0.02,0.07
540,2024-10-01,0.0,0.05
540,2024-11-01,0.0,0.07
540,2024-12-01,0.0,0.04
541,2022-02-01,0.01,0.01
542,2022-02-01,0.28,0.0
542,2022-03-01,0.12,0.0
542,2022-04-01,0.24,0.02
542,2022-05-01,0.06,0.0
542,2022-06-01,0.14,0.05
542,2022-08-01,0.33,0.0
542,2022-09-01,0.09,0.0
542,2022-10-01,0.31,0.0
542,2022-11-01,0.1,0.02
543,2022-02-01,0.74,0.27
543,2022-03-01,0.0,0.05
544,2022-02-01,0.0,0.01
544,2022-04-01,0.05,0.0
544,2022-05-01,0.03,0.0
544,2022-06-01,0.04,0.0
544,2023-04-01,0.0,0.01
544,2023-08-01,0.02,0.0
544,2023-10-01,0.05,0.0
544,2023-11-01,0.0,0.01
544,2023-12-01,0.0,0.01
545,2022-02-01,0.0,0.03
545,2022-03-01,3.0,0.0
545,2022-04-01,0.02,0.0
546,2022-02-01,0.0,0.01
546,2022-03-01,0.08,0.11
546,2022-04-01,0.13,0.14
546,2022-06-01,0.09,0.07
546,2022-07-01,0.28,0.33
546,2022-08-01,0.2,0.18
546,2022-09-01,0.02,0.0
546,2022-10-01,0.03,0.0
546,2022-11-01,0.0,0.03
546,2022-12-01,0.0,0.05
547,2022-04-01,0.04,0.0
547,2022-05-01,0.02,0.0
547,2022-08-01,0.01,0.0
547,2022-09-01,0.07,0.0
547,2022-10-01,0.02,0.0
547,2022-11-01,0.07,0.0
547,2022-12-01,0.03,0.0
547,2023-05-01,0.03,0.0
547,2023-06-01,0.04,0.0
547,2023-11-01,0.03,0.0
547,2023-12-01,0.02,0.0
547,2024-01-01,0.01,0.0
547,2024-09-01,0.02,0.0
547,2024-10-01,0.06,0.0
547,2024-11-01,0.03,0.0
548,2022-02-01,0.04,0.02
548,2022-03-01,0.04,0.0
548,2022-04-01,0.0,0.04
548,2022-09-01,0.05,0.0
548,2022-12-01,0.01,0.01
548,2023-01-01,0.0,0.03
548,2023-03-01,0.0,0.03
548,2023-10-01,0.0,0.02
548,2023-11-01,0.0,0.01
548,2023-12-01,0.04,0.01
548,2024-01-01,0.0,0.03
548,2024-02-01,0.0,0.02
548,2024-03-01,0.0,0.03
548,2024-04-01,0.0,0.01
548,2024-05-01,0.0,0.05
548,2024-07-01,0.07,0.02
548,2024-08-01,0.08,0.04
548,2024-10-01,0.02,0.01
548,2024-12-01,0.0,0.06
549,2022-02-01,0.02,0.0
550,2022-02-01,0.24,0.0
551,2022-02-01,0.03,0.0
551,2022-03-01,0.02,0.0
551,2022-05-01,0.01,0.0
551,2022-06-01,0.01,0.0
551,2022-07-01,0.03,0.0
551,2022-08-01,0.01,0.0
551,2022-09-01,0.02,0.0
551,2022-10-01,0.04,0.0
551,2022-11-01,0.06,0.0
551,2023-01-01,0.03,0.0
551,2023-02-01,0.03,0.0
552,2022-02-01,0.35,0.0
552,2022-03-01,1.4,0.0
552,2022-04-01,0.0,7.5
553,2022-02-01,0.0,0.17
553,2022-03-01,0.01,0.02
553,2022-04-01,0.0,0.03
554,2022-02-01,0.22,0.0
554,2022-03-01,0.07,0.0
554,2022-04-01,0.08,0.0
554,2022-05-01,0.0,0.01
554,2022-06-01,0.0,0.02
554,2022-07-01,0.0,0.05
554,2022-08-01,0.0,0.02
554,2022-09-01,0.0,0.02
554,2022-10-01,0.13,0.0
554,2023-01-01,0.0,0.01
554,2023-02-01,0.0,0.1
554,2023-03-01,0.0,0.23
554,2023-04-01,0.0,0.14
554,2023-05-01,0.0,0.29
554,2023-06-01,0.0,0.38
554,2023-11-01,0.0,0.03
554,2023-12-01,0.0,0.06
554,2024-02-01,0.0,0.03
554,2024-03-01,0.0,0.01
554,2024-04-01,0.0,0.24
554,2024-07-01,0.0,0.46
554,2024-08-01,0.0,0.02
555,2022-02-01,0.0,3.6
555,2022-03-01,0.0,0.44
556,2022-02-01,0.0,0.01
556,2022-03-01,0.0,0.02
556,2022-04-01,0.84,0.01
556,2022-05-01,0.0,0.01
556,2022-06-01,0.0,0.01
557,2022-02-01,13.0,0.0
557,2022-03-01,7.3,0.01
557,2022-04-01,0.0,0.01
558,2022-02-01,0.01,0.0
558,2022-03-01,0.01,0.0
558,2022-04-01,0.14,0.0
558,2022-05-01,0.12,0.0
558,2022-06-01,0.04,0.02
558,2022-07-01,0.05,0.0
558,2022-08-01,0.0,0.08
558,2022-09-01,0.01,0.0
558,2022-11-01,0.0,0.04
558,2022-12-01,0.02,0.15
558,2023-01-01,0.0,0.11
558,2023-02-01,0.0,0.12
558,2023-03-01,0.02,0.0
558,2023-04-01,1.0,0.0
558,2023-05-01,0.03,0.0
558,2023-06-01,0.02,0.0
558,2023-07-01,0.03,0.0
558,2023-08-01,0.03,0.0
558,2023-09-01,0.02,0.0
558,2023-10-01,0.01,0.0
558,2023-11-01,0.01,0.0
558,2023-12-01,0.01,0.26
558,2024-01-01,0.0,0.02
559,2022-02-01,0.0,0.01
560,2022-02-01,0.07,0.05
560,2022-03-01,0.49,0.0
560,2022-04-01,0.08,0.0
560,2022-05-01,0.0,0.01
560,2022-06-01,0.01,0.0
561,2022-02-01,0.0,0.02
561,2022-05-01,0.0,0.02
561,2022-07-01,0.0,0.01
562,2022-02-01,0.02,0.56
562,2022-03-01,0.02,0.59
562,2022-06-01,0.03,0.54
562,2022-07-01,0.06,0.75
562,2022-08-01,0.07,0.77
562,2022-09-01,0.03,0.89
562,2022-10-01,0.07,0.46
562,2022-11-01,0.04,0.38
562,2023-01-01,0.02,0.53
562,2023-03-01,0.09,0.83
562,2023-04-01,0.1,0.66
562,2023-06-01,0.03,0.78
562,2023-07-01,0.07,0.65
562,2023-08-01,0.05,0.68
562,2023-09-01,0.03,0.73
562,2023-10-01,0.07,0.59
562,2023-11-01,0.05,0.77
562,2023-12-01,0.07,0.5
562,2024-01-01,0.03,0.51
562,2024-02-01,0.05,0.32
562,2024-03-01,0.03,0.43
562,2024-04-01,0.05,0.67
562,2024-05-01,0.03,0.76
562,2024-07-01,0.02,0.59
562,2024-08-01,0.05,0.84
562,2024-09-01,0.02,0.64
562,2024-10-01,0.02,0.59
562,2024-11-01,0.0,0.78
562,2024-12-01,0.0,0.45
563,2022-02-01,0.0,1.5
563,2022-03-01,0.0,3.8
563,2022-04-01,0.0,3.1
563,2022-05-01,0.0,2.3
564,2022-02-01,0.15,0.0
564,2022-03-01,0.53,0.02
565,2022-02-01,0.03,0.0
566,2022-02-01,0.0,0.01
567,2022-02-01,0.55,0.0
567,2022-03-01,0.03,0.0
567,2022-04-01,0.18,0.04
567,2022-05-01,0.0,0.04
567,2022-06-01,0.15,0.0
567,2022-07-01,0.06,0.0
567,2022-08-01,0.05,0.0
567,2022-09-01,0.14,0.0
567,2022-10-01,0.1,0.04
567,2022-11-01,0.12,0.01
567,2022-12-01,0.08,0.04
567,2023-01-01,0.0,0.13
567,2023-03-01,0.12,0.0
567,2023-04-01,0.32,0.0
567,2023-06-01,0.09,0.0
567,2023-07-01,0.11,0.01
567,2023-08-01,0.22,0.01
567,2023-09-01,0.04,0.21
567,2023-10-01,0.04,0.04
567,2023-11-01,0.06,0.0
567,2023-12-01,0.14,0.0
567,2024-01-01,0.24,0.0
568,2022-02-01,0.01,0.0
569,2022-02-01,0.51,0.0
570,2022-02-01,0.0,0.02
570,2022-03-01,0.0,0.01
571,2022-02-01,0.0,0.64
572,2022-02-01,0.0,0.01
572,2022-03-01,0.17,0.0
573,2022-02-01,0.02,0.0
574,2022-03-01,0.26,0.01
574,2022-04-01,0.35,0.0
574,2022-05-01,0.36,0.0
574,2022-06-01,0.0,0.02
574,2022-07-01,0.26,0.01
575,2022-02-01,0.01,0.0
575,2022-03-01,0.01,0.0
575,2022-04-01,0.02,0.0
575,2022-05-01,0.01,0.0
576,2022-02-01,0.0,0.08
577,2022-02-01,0.0,0.09
578,2022-02-01,0.05,0.03
578,2022-03-01,0.1,0.05
578,2022-04-01,0.0,0.02
578,2022-05-01,0.0,0.01
578,2022-06-01,0.06,0.09
578,2022-07-01,0.05,0.13
578,2022-08-01,0.15,0.21
578,2022-09-01,0.15,0.21
578,2022-10-01,0.16,0.14
578,2022-11-01,0.07,0.01
578,2022-12-01,0.05,0.0
578,2023-01-01,0.01,0.0
578,2023-02-01,0.01,0.0
579,2022-02-01,0.0,0.04
580,2022-02-01,0.01,0.03
581,2022-02-01,0.05,0.09
582,2022-02-01,0.03,0.0
583,2022-02-01,0.01,0.0
583,2022-03-01,0.0,0.08
583,2022-04-01,0.0,0.17
583,2022-05-01,0.0,0.35
583,2022-06-01,0.0,0.53
583,2022-07-01,0.0,0.62
583,2022-08-01,0.0,0.56
583,2022-09-01,0.0,0.44
583,2022-10-01,0.0,0.35
583,2022-11-01,0.0,0.34
584,2022-02-01,0.1,0.0
584,2022-03-01,0.0,1.4
585,2022-02-01,0.0,0.02
586,2022-02-01,0.01,0.0
586,2022-03-01,0.09,0.0
586,2022-04-01,0.55,0.01
586,2022-05-01,0.0,0.13
586,2022-06-01,0.07,0.04
586,2022-07-01,0.0,0.04
586,2022-08-01,0.06,0.0
586,2022-09-01,0.0,0.21
587,2022-02-01,0.0,0.06
588,2022-02-01,0.06,0.04
588,2022-03-01,0.03,0.02
588,2022-04-01,0.19,0.0
588,2022-05-01,0.03,0.07
588,2022-06-01,0.09,0.08
588,2022-07-01,0.0,0.02
588,2022-08-01,0.03,0.0
588,2022-09-01,0.05,0.05
588,2022-10-01,0.02,0.02
588,2022-11-01,0.03,0.03
588,2022-12-01,0.0,0.02
588,2023-01-01,0.05,0.06
588,2023-04-01,0.04,0.01
588,2023-06-01,0.04,0.02
588,2023-07-01,0.0,0.04
588,2023-08-01,0.11,0.06
588,2023-09-01,0.07,0.07
588,2023-11-01,0.07,0.09
588,2023-12-01,0.06,0.0
588,2024-01-01,0.07,0.08
588,2024-04-01,0.14,0.02
588,2024-05-01,0.07,0.06
588,2024-06-01,0.08,0.09
588,2024-07-01,0.04,0.0
588,2024-08-01,0.1,0.05
588,2024-09-01,0.0,0.07
588,2024-11-01,0.03,0.03
588,2024-12-01,0.03,0.07
589,2022-02-01,0.0,0.05
590,2022-02-01,0.0,0.02
591,2022-02-01,0.03,0.0
591,2022-03-01,1.0,0.0
591,2022-04-01,0.01,0.0
591,2022-05-01,0.05,0.0
591,2022-06-01,0.01,0.0
591,2022-07-01,0.08,0.27
591,2022-08-01,0.01,0.0
591,2022-10-01,0.75,0.0
591,2022-11-01,0.07,0.0
591,2022-12-01,0.65,0.65
591,2023-01-01,0.09,0.0
591,2023-02-01,0.12,0.58
591,2023-03-01,0.45,0.36
591,2023-04-01,0.38,0.3
591,2023-06-01,0.17,0.0
591,2023-07-01,0.57,0.0
591,2023-08-01,0.01,0.0
591,2023-09-01,0.62,0.0
591,2023-10-01,0.8,0.0
591,2023-11-01,0.76,0.0
591,2023-12-01,0.12,0.0
591,2024-01-01,0.05,0.0
591,2024-02-01,0.1,0.0
591,2024-03-01,0.67,0.0
591,2024-04-01,0.14,0.0
591,2024-05-01,0.34,0.0
591,2024-06-01,0.18,0.0
591,2024-07-01,0.53,0.0
592,2022-02-01,0.0,0.24
592,2022-03-01,0.0,1.3
592,2022-04-01,0.0,1.0
592,2022-05-01,0.0,1.0
592,2022-06-01,0.0,1.1
592,2022-08-01,0.0,0.2
592,2024-02-01,0.0,0.06
592,2024-09-01,0.04,0.0
592,2024-10-01,0.04,0.0
593,2022-02-01,0.0,0.01
593,2022-04-01,0.0,0.01
593,2022-05-01,0.0,0.01
593,2022-06-01,0.0,0.01
593,2022-07-01,0.0,0.04
593,2022-08-01,0.0,0.02
593,2022-09-01,0.0,0.01
593,2022-10-01,0.0,0.05
593,2023-03-01,0.0,0.02
593,2023-04-01,0.0,0.01
593,2023-05-01,0.0,0.01
593,2023-06-01,0.0,0.01
593,2023-08-01,0.0,0.02
593,2023-09-01,0.0,0.03
593,2023-10-01,0.0,0.01
593,2024-01-01,0.0,0.01
593,2024-02-01,0.0,0.02
593,2024-03-01,0.0,0.03
593,2024-05-01,0.0,0.01
593,2024-06-01,0.0,0.02
593,2024-07-01,0.0,0.01
593,2024-09-01,0.0,0.02
593,2024-10-01,0.0,0.02
593,2024-11-01,0.0,0.01
594,2022-02-01,0.04,0.0
594,2022-05-01,0.04,0.0
594,2022-09-01,0.01,0.0
594,2023-03-01,0.02,0.0
594,2023-06-01,0.03,0.0
594,2023-09-01,0.02,0.0
594,2023-12-01,0.02,0.0
594,2024-03-01,0.01,0.0
594,2024-05-01,0.04,0.01
594,2024-07-01,0.01,0.0
594,2024-08-01,0.01,0.0
594,2024-11-01,0.03,0.0
594,2024-12-01,0.01,0.0
595,2022-02-01,0.05,0.64
595,2022-03-01,0.0,0.95
595,2022-04-01,0.01,0.0
595,2022-05-01,0.03,0.0
595,2022-06-01,0.03,0.0
595,2022-07-01,0.01,0.57
595,2022-08-01,0.0,0.06
596,2022-02-01,0.0,0.09
596,2022-03-01,0.0,0.07
596,2022-04-01,0.0,0.07
596,2022-05-01,0.0,0.05
596,2022-06-01,0.0,0.12
596,2022-08-01,0.0,0.03
596,2022-10-01,0.0,0.12
596,2022-12-01,0.0,0.04
596,2023-03-01,0.0,0.06
596,2023-05-01,0.0,0.04
596,2023-06-01,0.0,0.06
596,2023-07-01,0.0,0.03
596,2024-02-01,0.0,0.03
596,2024-03-01,0.0,0.05
596,2024-05-01,0.0,0.05
596,2024-07-01,0.0,0.05
596,2024-08-01,0.0,0.03
597,2022-02-01,0.01,0.0
597,2022-03-01,0.01,0.0
597,2022-06-01,0.09,0.0
597,2022-08-01,0.03,0.0
597,2022-09-01,0.06,0.0
597,2022-10-01,0.03,0.0
597,2022-11-01,0.01,0.0
597,2022-12-01,0.03,0.0
597,2023-01-01,0.09,0.0
597,2023-04-01,0.02,0.0
597,2023-06-01,0.01,0.0
597,2023-08-01,0.06,0.0
597,2023-09-01,0.04,0.0
597,2023-12-01,0.05,0.0
597,2024-02-01,0.05,0.0
597,2024-03-01,0.02,0.0
597,2024-04-01,0.01,0.0
597,2024-05-01,0.07,0.0
597,2024-08-01,0.05,0.0
597,2024-09-01,0.38,0.0
597,2024-11-01,0.05,0.0
597,2024-12-01,0.1,0.0
598,2022-02-01,0.0,0.02
598,2022-03-01,0.0,0.01
599,2022-02-01,0.0,0.03
599,2022-03-01,0.0,0.02
599,2022-04-01,0.0,0.06
599,2022-05-01,0.0,0.06
600,2022-02-01,0.0,0.03
601,2022-02-01,0.0,0.01
601,2022-03-01,0.0,0.02
601,2022-04-01,0.0,0.03
601,2022-05-01,0.0,0.01
601,2022-06-01,0.0,0.01
601,2022-07-01,0.0,0.02
601,2022-08-01,0.0,0.02
601,2022-10-01,0.0,0.17
601,2022-12-01,0.0,0.2
602,2022-02-01,0.0,0.01
602,2022-04-01,0.0,0.01
602,2022-05-01,0.0,0.01
602,2022-06-01,0.0,0.01
603,2022-02-01,0.0,0.01
603,2022-03-01,0.0,0.11
603,2022-04-01,0.0,0.17
603,2022-05-01,0.0,0.27
604,2022-02-01,0.0,0.71
604,2022-04-01,0.0,0.39
604,2022-06-01,0.0,0.09
604,2022-08-01,0.0,0.33
604,2022-09-01,0.0,0.16
604,2022-12-01,0.0,0.77
604,2023-03-01,0.0,0.82
604,2023-05-01,0.0,0.35
604,2023-07-01,0.0,0.7
604,2023-12-01,0.0,0.55
604,2024-03-01,0.0,0.08
604,2024-04-01,0.0,0.39
604,2024-07-01,0.0,0.24
604,2024-08-01,0.0,0.48
604,2024-11-01,0.0,0.48
605,2022-02-01,0.0,1.9
605,2022-04-01,0.0,2.3
605,2022-06-01,0.0,2.3
605,2022-07-01,0.0,1.6
605,2022-08-01,0.0,0.67
605,2022-09-01,0.0,1.3
605,2022-11-01,0.0,1.9
605,2022-12-01,0.0,2.3
605,2023-01-01,0.0,2.1
605,2023-02-01,0.0,1.0
605,2023-03-01,0.0,0.48
605,2023-04-01,0.0,0.68
605,2023-05-01,0.0,1.1
605,2023-06-01,0.0,0.98
605,2023-07-01,0.0,2.1
605,2023-08-01,0.0,0.27
605,2023-09-01,0.0,0.92
605,2023-11-01,0.0,0.05
605,2024-01-01,0.0,2.6
605,2024-03-01,0.0,1.8
605,2024-04-01,0.0,0.85
605,2024-05-01,0.0,1.3
605,2024-07-01,0.0,1.0
605,2024-08-01,0.0,2.2
605,2024-09-01,0.0,1.6
605,2024-10-01,0.0,2.7
605,2024-12-01,0.0,1.3
606,2022-02-01,0.0,0.21
606,2022-03-01,0.0,0.16
606,2022-10-01,0.0,0.4
607,2022-02-01,0.09,0.0
607,2022-05-01,0.01,0.0
607,2022-08-01,0.04,0.0
607,2022-10-01,0.02,0.0
607,2022-12-01,0.01,0.0
607,2023-03-01,0.02,0.0
607,2023-04-01,0.01,0.0
607,2023-05-01,0.02,0.0
607,2023-06-01,0.04,0.0
607,2023-09-01,0.12,0.0
607,2023-10-01,0.03,0.0
607,2023-11-01,0.01,0.0
607,2023-12-01,0.02,0.0
607,2024-01-01,0.02,0.0
607,2024-04-01,0.04,0.0
607,2024-08-01,0.25,0.0
607,2024-10-01,0.08,0.0
607,2024-11-01,0.0,0.03
607,2024-12-01,0.0,0.06
608,2022-02-01,0.02,0.0
608,2022-04-01,0.01,0.0
609,2022-02-01,0.0,5.0
609,2022-11-01,0.0,0.39
609,2022-12-01,0.0,0.07
609,2023-01-01,0.0,0.03
609,2023-07-01,0.0,0.81
609,2023-08-01,0.0,0.07
609,2023-10-01,0.0,0.15
609,2023-11-01,0.0,0.38
609,2023-12-01,0.0,0.56
609,2024-01-01,0.0,0.22
609,2024-02-01,0.0,0.09
609,2024-03-01,0.0,0.16
609,2024-05-01,0.0,0.17
609,2024-06-01,0.0,0.27
609,2024-07-01,0.0,0.2
609,2024-08-01,0.0,0.03
609,2024-10-01,0.0,0.27
610,2022-02-01,0.0,2.9
610,2022-03-01,0.0,1.5
610,2022-04-01,0.0,3.5
610,2022-07-01,0.0,7.0
610,2022-08-01,0.0,2.5
610,2022-10-01,0.0,5.9
611,2022-02-01,0.11,0.0
612,2022-07-01,0.0,1.8
612,2022-08-01,0.0,0.42
612,2022-09-01,0.0,0.72
612,2022-10-01,0.0,1.8
612,2022-11-01,0.0,1.0
612,2022-12-01,0.0,1.1
612,2023-01-01,0.0,0.22
612,2023-02-01,0.0,0.17
612,2023-04-01,0.0,0.02
612,2023-06-01,0.0,0.04
612,2023-07-01,0.0,0.02
612,2023-08-01,0.0,0.02
612,2023-09-01,0.0,0.03
612,2024-01-01,0.0,0.07
612,2024-03-01,0.0,0.06
612,2024-04-01,0.0,0.07
612,2024-05-01,0.0,0.1
612,2024-06-01,0.0,0.07
612,2024-07-01,0.0,0.06
612,2024-08-01,0.0,0.03
612,2024-09-01,0.0,0.01
613,2022-02-01,0.2,0.0
614,2022-02-01,1.2,2.5
615,2022-02-01,0.14,0.0
615,2022-04-01,0.15,0.0
615,2022-05-01,0.03,0.0
615,2022-09-01,0.03,0.0
615,2022-10-01,0.06,0.0
616,2022-02-01,0.0,0.15
616,2022-03-01,0.0,0.23
617,2022-02-01,0.0,0.07
618,2022-02-01,0.0,4.7
618,2022-03-01,0.0,0.07
619,2022-02-01,0.0,0.01
619,2022-03-01,0.0,0.02
619,2022-04-01,0.0,0.08
619,2022-11-01,0.0,0.18
620,2022-03-01,0.2,0.0
620,2022-08-01,0.0,0.01
620,2022-10-01,0.07,0.0
620,2022-12-01,0.11,0.0
620,2023-02-01,0.07,0.0
620,2023-04-01,0.13,0.0
621,2022-03-01,0.0,0.01
621,2022-04-01,0.0,0.04
621,2022-06-01,0.0,0.01
622,2023-06-01,0.0,0.03
622,2023-08-01,0.0,0.02
622,2023-12-01,0.0,0.02
622,2024-02-01,0.0,0.01
622,2024-05-01,0.0,0.01
622,2024-06-01,0.0,0.01
622,2024-08-01,0.0,0.01
622,2024-09-01,0.0,0.01
623,2022-03-01,1.2,0.0
623,2022-06-01,1.9,0.0
623,2022-08-01,1.3,0.0
623,2022-11-01,0.67,0.0
623,2022-12-01,0.88,0.0
623,2023-02-01,1.1,0.0
623,2023-04-01,1.8,0.0
623,2023-05-01,1.5,0.0
623,2023-08-01,1.3,0.0
623,2024-01-01,1.2,0.0
623,2024-03-01,1.3,0.0
623,2024-05-01,0.73,0.0
623,2024-07-01,1.5,0.0
623,2024-10-01,1.6,0.0
623,2024-11-01,1.9,0.0
623,2024-12-01,1.9,0.0
624,2022-03-01,0.0,0.2
625,2022-03-01,0.0,0.45
625,2022-04-01,0.0,0.41
625,2022-05-01,0.0,0.42
626,2022-03-01,0.0,0.1
626,2022-04-01,0.0,0.19
627,2022-03-01,0.0,3.6
627,2022-05-01,0.0,3.0
627,2022-06-01,0.0,1.2
627,2022-07-01,0.0,1.1
627,2022-08-01,0.0,0.19
627,2022-10-01,0.0,1.0
627,2022-11-01,0.0,1.6
627,2023-01-01,0.0,1.9
627,2023-02-01,0.0,0.66
627,2023-05-01,0.0,0.08
627,2023-06-01,0.0,0.07
628,2022-03-01,0.0,0.04
628,2022-04-01,0.0,0.02
628,2022-05-01,0.0,0.03
628,2022-06-01,0.0,0.02
628,2022-07-01,0.0,0.01
628,2022-08-01,0.0,0.03
628,2022-09-01,0.0,0.04
628,2022-11-01,0.0,0.03
628,2022-12-01,0.0,0.02
628,2023-01-01,0.0,0.02
628,2023-02-01,0.0,0.03
628,2023-03-01,0.0,0.02
628,2023-04-01,0.0,0.03
628,2023-05-01,0.0,0.01
628,2023-06-01,0.0,0.03
628,2023-07-01,0.0,0.02
628,2023-08-01,0.0,0.01
628,2023-09-01,0.0,0.02
629,2022-03-01,0.01,0.03
629,2022-04-01,0.0,0.04
630,2022-03-01,0.0,0.11
630,2022-04-01,0.0,0.11
630,2022-05-01,0.0,0.17
630,2022-06-01,0.0,0.06
630,2022-07-01,0.0,0.06
630,2022-08-01,0.0,0.05
631,2022-03-01,0.0,0.06
632,2022-03-01,0.0,0.07
633,2022-03-01,0.05,0.0
633,2022-04-01,0.54,0.0
633,2022-05-01,0.64,0.0
633,2022-06-01,0.68,0.0
633,2022-07-01,0.0,0.01
634,2022-03-01,0.0,0.06
634,2022-04-01,0.62,0.0
634,2022-05-01,0.58,0.0
634,2022-06-01,0.78,0.0
635,2022-03-01,0.16,0.0
635,2022-04-01,0.19,0.0
636,2022-03-01,0.13,0.0
637,2022-03-01,0.46,0.0
638,2022-03-01,0.0,0.18
638,2022-04-01,0.0,0.27
638,2023-11-01,0.0,0.11
639,2022-03-01,0.08,0.0
639,2022-05-01,0.05,0.0
639,2022-06-01,0.06,0.0
639,2022-07-01,0.05,0.0
639,2022-08-01,0.06,0.0
640,2022-03-01,0.36,0.0
640,2022-04-01,0.6,0.0
640,2022-05-01,0.51,0.0
641,2022-03-01,0.0,0.08
641,2022-04-01,0.0,0.03
642,2022-03-01,0.01,0.02
642,2022-04-01,0.01,0.0
642,2022-05-01,0.01,0.0
642,2022-10-01,0.01,0.0
642,2023-01-01,0.01,0.0
642,2023-03-01,0.01,0.0
642,2023-05-01,0.01,0.0
642,2023-07-01,0.01,0.0
642,2023-09-01,0.01,0.0
642,2023-10-01,0.01,0.0
642,2024-05-01,0.01,0.0
642,2024-07-01,0.01,0.0
642,2024-11-01,0.01,0.0
643,2022-03-01,0.0,1.0
643,2022-04-01,0.38,0.75
643,2022-05-01,0.0,1.2
643,2022-06-01,0.0,0.95
643,2022-07-01,0.0,0.94
643,2022-08-01,0.0,0.95
643,2022-09-01,0.0,0.92
643,2022-10-01,0.0,1.0
643,2022-11-01,0.0,2.2
643,2022-12-01,0.0,1.7
643,2023-01-01,0.0,0.79
643,2023-02-01,0.0,1.1
643,2023-03-01,0.01,0.0
644,2022-03-01,0.0,0.05
644,2022-04-01,0.0,0.02
644,2022-05-01,0.0,0.17
644,2022-06-01,0.0,0.11
645,2022-03-01,1.9,0.73
645,2022-04-01,1.7,0.34
645,2022-05-01,1.0,1.3
645,2022-06-01,0.38,0.13
645,2022-07-01,0.45,0.17
645,2022-08-01,0.2,0.16
645,2022-09-01,0.23,0.68
646,2022-03-01,0.0,0.01
646,2022-04-01,0.01,0.0
646,2022-05-01,0.0,0.03
646,2022-06-01,0.1,0.0
646,2022-07-01,0.04,0.0
646,2022-08-01,0.08,0.0
646,2022-09-01,0.12,0.0
646,2022-10-01,0.19,0.0
647,2022-03-01,0.0,0.03
647,2022-04-01,0.0,0.08
647,2022-05-01,0.04,0.0
647,2022-06-01,0.0,0.09
647,2022-07-01,0.0,0.07
647,2022-08-01,0.0,0.05
647,2022-09-01,0.0,0.06
647,2022-10-01,0.0,0.06
647,2022-11-01,0.0,0.06
648,2022-03-01,0.0,0.01
648,2022-05-01,0.0,0.05
648,2022-06-01,0.0,0.08
648,2022-07-01,0.0,0.08
648,2022-08-01,0.0,0.18
648,2022-12-01,0.0,0.21
648,2023-03-01,0.0,0.2
648,2023-04-01,0.0,0.02
648,2023-06-01,0.0,0.15
648,2023-07-01,0.0,0.06
648,2023-08-01,0.0,0.05
648,2023-09-01,0.0,0.1
648,2023-10-01,0.0,0.01
648,2023-11-01,0.0,0.23
648,2023-12-01,0.0,0.15
648,2024-01-01,0.0,0.05
648,2024-02-01,0.0,0.16
648,2024-03-01,0.0,0.04
648,2024-04-01,0.0,0.21
648,2024-05-01,0.0,0.03
648,2024-06-01,0.0,0.04
648,2024-07-01,0.0,0.05
648,2024-08-01,0.0,0.2
648,2024-09-01,0.0,0.01
648,2024-10-01,0.0,0.11
648,2024-11-01,0.0,0.02
648,2024-12-01,0.0,0.05
649,2022-03-01,0.0,0.04
649,2022-04-01,0.0,0.04
649,2022-07-01,0.0,0.05
650,2022-03-01,0.02,0.0
650,2022-04-01,0.02,0.01
650,2022-05-01,0.01,0.0
650,2022-06-01,0.03,0.01
650,2022-09-01,0.01,0.0
650,2022-11-01,0.03,0.0
650,2023-01-01,0.01,0.0
650,2023-04-01,0.03,0.0
650,2024-09-01,0.28,0.01
650,2024-10-01,0.03,0.01
650,2024-11-01,0.36,0.02
651,2022-03-01,0.02,0.0
652,2022-03-01,0.49,0.0
652,2022-04-01,0.39,0.0
652,2022-05-01,0.5,0.0
652,2022-06-01,0.34,0.0
652,2022-07-01,0.4,0.0
653,2022-03-01,0.02,0.0
653,2022-04-01,0.01,0.0
653,2022-05-01,0.0,0.08
653,2022-06-01,0.02,0.0
653,2022-07-01,0.0,0.02
653,2022-08-01,0.0,0.02
654,2022-03-01,0.0,0.03
655,2022-03-01,0.01,0.0
656,2022-03-01,0.05,0.0
656,2022-04-01,0.01,0.0
656,2022-05-01,0.01,0.0
657,2022-03-01,0.01,0.0
657,2022-04-01,0.04,0.0
657,2022-05-01,5.5,0.0
657,2022-06-01,0.07,0.0
658,2022-03-01,0.0,0.05
658,2022-04-01,0.0,0.01
658,2022-05-01,0.05,0.0
658,2022-06-01,0.0,0.01
658,2022-07-01,0.35,0.0
658,2022-08-01,0.0,0.1
658,2022-09-01,0.05,0.0
658,2022-11-01,0.07,0.3
658,2022-12-01,0.0,0.03
658,2023-01-01,0.0,0.04
659,2022-03-01,1.1,0.1
660,2022-03-01,0.0,0.04
661,2022-03-01,0.0,0.01
662,2022-03-01,0.0,0.02
662,2023-03-01,0.0,0.01
662,2024-09-01,0.0,0.07
662,2024-10-01,0.0,0.07
662,2024-11-01,0.0,0.01
663,2022-03-01,0.29,0.0
663,2022-04-01,0.66,0.0
664,2022-03-01,0.0,0.01
665,2022-04-01,0.0,0.29
665,2022-05-01,0.0,0.09
665,2022-06-01,0.0,0.24
665,2022-07-01,0.02,0.0
665,2022-08-01,0.09,0.0
665,2022-09-01,0.06,0.0
665,2022-10-01,0.01,0.0
665,2022-11-01,0.07,0.0
666,2022-03-01,0.0,0.02
666,2022-06-01,0.0,0.04
666,2022-12-01,0.0,0.02
666,2023-05-01,0.0,0.01
666,2023-07-01,0.0,0.02
666,2023-10-01,0.0,0.03
667,2022-03-01,0.03,0.0
667,2022-04-01,0.0,0.23
667,2022-07-01,0.07,0.0
667,2022-09-01,0.03,0.0
667,2022-12-01,0.07,0.52
667,2023-03-01,0.03,0.0
667,2023-04-01,0.42,0.0
667,2023-06-01,0.07,0.0
667,2023-12-01,0.1,0.0
667,2024-03-01,0.7,0.0
668,2022-03-01,0.0,0.07
669,2022-03-01,0.0,0.5
670,2022-03-01,0.0,0.07
670,2022-04-01,0.0,0.01
670,2022-05-01,0.0,0.03
671,2022-03-01,0.01,0.01
671,2022-04-01,0.07,0.0
671,2022-05-01,0.0,0.1
672,2022-03-01,0.0,0.01
673,2022-03-01,0.0,0.02
673,2022-04-01,0.3,0.0
673,2022-05-01,0.15,0.0
673,2022-10-01,0.21,0.0
673,2023-02-01,0.4,0.0
673,2023-03-01,0.13,0.0
673,2023-04-01,0.26,0.0
673,2023-05-01,0.14,0.0
673,2023-06-01,0.2,0.0
673,2023-07-01,0.3,0.0
673,2023-09-01,0.18,0.0
673,2023-11-01,0.19,0.0
673,2023-12-01,0.0,0.02
673,2024-01-01,0.12,0.0
673,2024-02-01,0.06,0.0
673,2024-04-01,0.04,0.0
673,2024-08-01,0.06,0.0
673,2024-10-01,0.06,0.0
674,2022-03-01,0.09,0.0
674,2022-04-01,0.22,0.0
674,2022-05-01,0.17,0.0
674,2022-06-01,0.24,0.0
674,2022-07-01,0.07,0.0
674,2022-08-01,0.29,0.0
674,2022-09-01,0.0,1.9
675,2022-03-01,0.0,0.61
675,2022-04-01,0.0,0.22
675,2022-05-01,0.03,0.0
675,2022-06-01,0.0,1.4
676,2022-03-01,0.1,0.04
677,2022-03-01,0.0,2.3
677,2022-04-01,0.54,0.03
677,2022-06-01,0.0,0.01
677,2022-07-01,0.0,0.35
677,2022-08-01,0.0,0.04
677,2022-09-01,0.0,0.01
678,2022-03-01,0.3,0.22
678,2022-04-01,0.87,0.09
679,2022-03-01,0.0,2.0
679,2022-04-01,0.0,3.5
679,2022-05-01,0.0,4.0
679,2022-06-01,0.0,4.3
679,2022-07-01,0.0,1.6
680,2022-03-01,0.0,0.05
680,2022-04-01,0.0,0.06
680,2022-05-01,0.0,0.04
680,2022-06-01,0.0,0.08
680,2022-07-01,0.0,0.05
680,2022-08-01,0.0,0.08
681,2022-03-01,0.0,0.02
682,2022-03-01,0.01,0.0
683,2022-03-01,0.01,0.0
683,2022-04-01,0.01,0.0
683,2022-05-01,0.01,0.0
683,2022-06-01,0.02,0.0
683,2022-07-01,0.04,0.0
684,2022-03-01,0.01,0.0
684,2022-04-01,0.54,0.0
684,2022-05-01,0.06,0.01
684,2022-06-01,0.07,0.0
684,2022-07-01,0.07,0.0
684,2022-08-01,0.06,0.0
684,2022-09-01,0.04,0.0
684,2022-11-01,0.06,0.0
684,2022-12-01,0.06,0.0
684,2023-01-01,0.08,0.0
684,2023-02-01,0.25,0.0
684,2023-03-01,0.02,0.0
684,2023-04-01,0.17,0.0
684,2023-05-01,0.02,0.0
684,2023-06-01,0.33,0.0
684,2023-07-01,0.16,0.0
684,2023-08-01,0.17,0.0
684,2023-10-01,0.18,0.0
684,2023-11-01,0.19,0.0
684,2023-12-01,0.12,0.0
684,2024-01-01,0.11,0.0
684,2024-02-01,0.14,0.0
684,2024-03-01,0.16,0.0
684,2024-04-01,0.19,0.0
684,2024-05-01,0.04,0.0
684,2024-06-01,0.01,0.0
684,2024-07-01,0.2,0.0
684,2024-08-01,0.18,0.0
684,2024-10-01,0.21,0.0
684,2024-11-01,0.38,0.0
685,2022-03-01,0.01,0.0
685,2022-04-01,0.01,0.0
686,2022-03-01,0.0,0.01
687,2022-03-01,0.0,0.02
687,2022-05-01,0.0,0.04
687,2022-08-01,0.0,0.02
687,2022-09-01,0.0,0.01
687,2022-10-01,0.0,0.01
687,2022-11-01,0.0,0.01
688,2022-03-01,0.0,0.24
689,2022-03-01,0.0,0.01
689,2022-04-01,0.03,0.04
689,2022-05-01,0.06,0.04
689,2022-06-01,0.04,0.08
689,2022-07-01,0.06,0.04
689,2022-08-01,0.0,0.03
690,2022-03-01,0.08,0.0
690,2022-04-01,0.03,0.0
691,2022-03-01,0.0,0.08
691,2022-04-01,0.04,0.08
691,2022-05-01,0.0,0.51
691,2022-06-01,0.0,0.29
691,2022-07-01,0.0,0.31
691,2022-08-01,0.0,0.12
691,2022-09-01,0.0,0.93
691,2022-10-01,0.0,0.12
691,2022-11-01,0.0,0.28
691,2022-12-01,0.0,0.17
691,2023-01-01,0.0,0.31
691,2023-02-01,0.0,0.28
692,2022-03-01,0.0,0.08
693,2022-03-01,0.65,0.0
694,2022-03-01,0.0,0.07
694,2022-06-01,0.0,0.01
694,2022-07-01,0.05,0.0
694,2022-08-01,0.02,0.0
694,2022-09-01,0.04,0.0
694,2022-10-01,0.03,0.0
694,2022-11-01,0.07,0.03
694,2022-12-01,0.09,0.0
694,2023-01-01,3.1,0.0
694,2023-02-01,3.1,0.96
694,2023-03-01,0.99,1.5
694,2023-04-01,1.9,2.1
694,2023-05-01,0.18,0.0
694,2023-06-01,0.0,1.3
694,2023-07-01,3.0,0.71
694,2023-08-01,1.4,0.0
694,2023-09-01,1.8,0.84
694,2023-10-01,0.9,0.35
694,2023-11-01,0.0,0.43
694,2023-12-01,0.0,0.3
694,2024-01-01,0.0,0.15
694,2024-02-01,1.6,0.0
695,2022-03-01,0.07,0.0
695,2022-04-01,0.17,0.0
695,2022-05-01,0.06,0.0
695,2022-06-01,0.04,0.0
696,2022-03-01,0.01,0.0
697,2022-03-01,0.0,0.03
697,2022-04-01,0.0,0.01
698,2022-03-01,0.1,0.0
699,2022-03-01,0.0,0.08
699,2022-04-01,0.0,0.08
699,2022-05-01,0.0,0.16
700,2022-03-01,0.0,0.02
700,2022-05-01,0.0,0.02
701,2022-03-01,0.05,0.0
701,2022-04-01,0.08,0.0
701,2022-05-01,0.04,0.0
701,2022-06-01,0.04,0.0
702,2022-03-01,0.73,3.3
702,2022-04-01,0.2,0.0
702,2022-05-01,0.02,0.0
702,2022-06-01,0.52,1.9
702,2022-07-01,1.3,1.9
702,2022-08-01,0.05,0.0
702,2022-09-01,0.05,0.0
702,2022-10-01,0.06,0.0
702,2022-11-01,0.0,0.02
702,2022-12-01,0.02,0.0
702,2023-01-01,0.92,0.8
702,2023-02-01,0.23,2.4
702,2023-03-01,0.71,0.66
702,2023-04-01,2.1,0.2
702,2023-05-01,0.1,0.0
702,2023-06-01,0.06,0.0
702,2023-07-01,0.06,0.0
702,2023-08-01,0.02,0.0
702,2023-09-01,0.0,0.09
702,2023-10-01,0.04,0.0
702,2023-11-01,0.02,0.0
702,2023-12-01,0.02,0.0
702,2024-01-01,0.0,0.26
702,2024-02-01,0.0,0.08
702,2024-03-01,0.0,0.26
702,2024-04-01,0.0,0.19
702,2024-05-01,0.04,0.0
702,2024-06-01,0.01,0.29
702,2024-07-01,0.03,0.0
702,2024-08-01,0.04,0.0
703,2022-03-01,0.05,0.0
703,2022-05-01,0.02,0.0
703,2022-06-01,0.0,0.02
703,2022-07-01,0.05,0.0
703,2022-08-01,0.0,0.07
703,2022-09-01,0.0,0.06
703,2022-10-01,0.01,0.0
703,2022-11-01,0.01,0.0
703,2022-12-01,0.02,0.0
703,2023-01-01,0.06,0.0
703,2023-02-01,0.07,0.0
703,2023-03-01,0.0,0.01
704,2022-03-01,0.0,0.02
705,2022-03-01,0.0,0.03
705,2022-04-01,0.0,0.05
705,2022-05-01,0.0,0.03
706,2022-03-01,0.0,0.15
707,2022-03-01,0.0,0.06
708,2022-03-01,0.0,0.01
709,2022-03-01,0.0,0.35
709,2022-04-01,0.0,0.31
710,2022-03-01,0.0,0.01
710,2022-04-01,0.0,0.02
711,2022-03-01,1.4,0.18
712,2022-03-01,0.1,0.0
712,2022-04-01,1.5,0.05
712,2022-05-01,0.6,0.13
712,2022-06-01,2.4,0.08
712,2022-07-01,0.0,0.01
713,2022-03-01,0.01,0.0
713,2022-09-01,0.01,0.04
713,2022-10-01,0.01,0.02
713,2023-10-01,0.0,0.01
714,2022-04-01,0.0,38.0
714,2022-10-01,0.0,55.0
714,2022-11-01,0.0,56.0
714,2022-12-01,0.0,55.0
714,2023-03-01,0.0,51.0
714,2024-02-01,0.0,44.0
714,2024-04-01,0.0,43.0
715,2022-03-01,0.0,0.07
715,2022-04-01,0.0,0.08
715,2022-05-01,0.0,0.05
715,2022-07-01,0.0,0.01
715,2023-04-01,0.0,0.27
715,2023-05-01,0.0,0.15
715,2023-07-01,0.0,0.14
715,2023-08-01,0.0,0.01
715,2023-09-01,0.0,0.18
715,2023-10-01,0.0,0.11
715,2023-11-01,0.0,0.51
716,2022-03-01,0.0,0.03
717,2022-03-01,0.0,0.01
718,2022-03-01,0.01,0.0
718,2022-04-01,0.01,0.0
718,2022-05-01,0.02,0.0
718,2022-06-01,0.02,0.0
718,2022-07-01,0.04,0.0
719,2022-03-01,0.0,0.01
720,2022-03-01,0.01,0.0
721,2022-03-01,0.01,0.0
722,2022-03-01,0.0,0.33
722,2022-06-01,0.0,0.75
722,2022-08-01,0.68,0.87
722,2022-09-01,1.9,0.31
722,2022-10-01,0.05,0.57
722,2022-11-01,0.26,0.46
722,2022-12-01,0.45,0.73
722,2023-01-01,0.43,0.26
722,2023-02-01,0.29,0.46
722,2023-04-01,0.0,0.25
722,2023-06-01,0.1,0.04
722,2023-07-01,0.0,0.07
722,2023-08-01,0.5,0.0
722,2023-09-01,0.18,0.03
722,2023-10-01,0.26,0.0
722,2023-11-01,0.41,0.1
722,2023-12-01,0.75,0.23
722,2024-01-01,0.7,0.39
722,2024-02-01,1.2,0.02
722,2024-03-01,0.19,0.28
722,2024-04-01,0.66,0.12
722,2024-05-01,0.18,0.04
722,2024-06-01,0.53,0.77
722,2024-07-01,0.21,0.31
722,2024-08-01,0.27,0.04
722,2024-09-01,0.08,0.0
722,2024-10-01,0.3,0.0
722,2024-11-01,0.34,0.04
723,2022-03-01,0.0,0.1
724,2022-03-01,0.0,0.02
725,2022-03-01,0.0,0.01
726,2022-03-01,0.0,0.13
726,2022-04-01,0.0,0.19
726,2022-05-01,0.0,0.01
727,2022-03-01,0.36,0.0
728,2022-03-01,0.0,0.01
728,2022-04-01,0.0,0.12
728,2022-05-01,0.0,0.04
728,2022-06-01,0.0,0.04
729,2022-03-01,1.1,0.0
730,2022-03-01,0.0,0.07
731,2022-03-01,0.0,0.01
731,2022-04-01,0.0,0.02
732,2022-03-01,0.01,0.01
732,2022-05-01,0.01,0.01
732,2022-09-01,0.01,0.0
732,2023-09-01,0.0,0.01
733,2022-04-01,0.0,0.13
733,2022-05-01,0.0,0.11
733,2022-06-01,0.0,0.19
733,2022-07-01,0.0,0.09
733,2022-08-01,0.0,0.11
733,2022-09-01,0.0,0.22
733,2022-10-01,0.0,0.08
733,2022-11-01,0.0,0.36
733,2022-12-01,0.0,0.31
733,2023-01-01,0.0,0.11
733,2023-02-01,0.0,0.1
733,2023-03-01,0.0,0.15
733,2023-04-01,0.0,0.07
733,2023-05-01,0.0,0.14
733,2023-06-01,0.0,0.09
733,2023-07-01,0.0,0.13
733,2023-08-01,0.0,0.23
733,2023-09-01,0.0,0.17
734,2022-03-01,0.0,1.0
734,2022-06-01,0.0,1.7
734,2023-06-01,0.0,0.31
735,2022-03-01,0.0,0.07
735,2022-06-01,0.0,0.04
735,2024-03-01,0.01,0.0
735,2024-08-01,0.04,0.0
735,2024-10-01,0.13,0.0
735,2024-11-01,0.26,0.0
735,2024-12-01,0.18,0.0
736,2022-03-01,0.0,0.19
737,2022-03-01,0.0,0.07
737,2022-04-01,0.0,0.01
737,2022-05-01,0.0,0.15
737,2022-06-01,0.0,0.12
737,2022-07-01,0.0,0.15
737,2022-09-01,0.0,0.04
737,2022-10-01,0.0,0.08
737,2022-12-01,0.0,0.11
737,2023-01-01,0.0,0.05
737,2023-02-01,0.0,0.11
737,2023-03-01,0.0,0.1
737,2023-05-01,0.0,0.13
737,2023-06-01,0.0,0.02
737,2023-07-01,0.0,0.13
737,2023-08-01,0.0,0.02
737,2023-09-01,0.0,0.23
737,2023-10-01,0.0,0.18
737,2023-11-01,0.0,0.16
737,2024-01-01,0.0,0.29
737,2024-02-01,0.0,0.18
737,2024-04-01,0.0,0.01
737,2024-06-01,0.0,0.19
737,2024-07-01,0.0,0.12
737,2024-08-01,0.0,0.12
737,2024-10-01,0.0,0.12
737,2024-11-01,0.0,0.44
737,2024-12-01,0.0,0.06
738,2022-03-01,0.0,12.0
738,2022-04-01,0.0,5.7
738,2022-05-01,0.0,3.2
738,2022-06-01,0.0,1.2
739,2022-03-01,0.1,0.13
739,2022-04-01,0.0,0.18
739,2022-05-01,0.16,0.0
740,2022-03-01,0.07,0.0
741,2022-04-01,0.0,0.06
741,2022-05-01,0.0,0.09
741,2022-06-01,0.0,0.01
741,2022-07-01,0.0,0.07
741,2022-08-01,0.0,0.13
741,2022-09-01,0.0,0.16
741,2022-10-01,0.0,0.08
741,2022-11-01,0.05,0.05
741,2022-12-01,0.0,0.15
741,2023-01-01,0.0,0.06
741,2023-03-01,0.0,0.1
741,2023-04-01,0.05,0.07
741,2023-05-01,0.0,0.06
741,2023-06-01,0.0,0.09
741,2023-07-01,0.0,0.05
741,2023-08-01,0.01,0.02
741,2023-09-01,0.09,0.17
741,2023-10-01,0.07,0.21
741,2023-11-01,0.0,0.08
742,2022-04-01,1.4,0.0
742,2022-05-01,4.7,0.0
742,2022-07-01,0.96,0.0
742,2022-08-01,0.73,0.0
742,2022-10-01,1.4,0.0
742,2022-11-01,2.6,0.0
742,2023-04-01,1.2,0.0
742,2023-05-01,0.98,0.0
742,2023-07-01,0.4,0.0
742,2023-08-01,0.96,0.0
743,2022-03-01,0.12,0.21
743,2022-04-01,0.1,0.07
743,2022-06-01,0.0,0.08
743,2022-10-01,0.0,0.04
743,2022-11-01,0.0,0.21
743,2023-01-01,0.0,0.01
743,2023-02-01,0.0,0.01
743,2023-03-01,0.0,0.02
743,2023-04-01,0.0,0.01
743,2023-05-01,0.0,0.01
743,2023-06-01,0.0,0.01
743,2023-07-01,0.0,0.03
744,2022-03-01,15.0,0.0
744,2022-04-01,12.0,0.0
744,2022-06-01,15.0,0.0
744,2022-07-01,0.0,6.5
744,2022-08-01,12.0,0.0
744,2022-09-01,0.0,12.0
744,2022-10-01,10.0,0.0
744,2022-11-01,9.9,0.0
744,2022-12-01,6.4,0.0
744,2023-01-01,0.0,0.36
744,2023-02-01,8.0,0.0
744,2023-03-01,14.0,0.0
744,2023-04-01,5.2,0.0
744,2023-05-01,9.3,0.0
745,2022-03-01,0.01,0.0
746,2022-03-01,0.0,0.04
746,2022-04-01,0.0,0.04
746,2022-05-01,0.0,0.08
746,2022-06-01,0.0,0.1
746,2022-07-01,0.16,0.0
746,2022-08-01,0.15,0.0
746,2022-09-01,0.51,0.0
746,2022-10-01,0.0,0.03
746,2022-11-01,0.0,0.16
747,2022-03-01,0.0,0.16
747,2022-04-01,0.0,0.11
747,2022-05-01,0.0,0.21
747,2022-06-01,0.0,0.04
747,2022-07-01,0.0,0.06
747,2022-08-01,0.0,0.11
748,2022-03-01,0.0,0.04
749,2022-03-01,0.0,0.65
749,2022-04-01,0.0,0.02
750,2022-04-01,0.04,0.0
750,2022-05-01,0.27,0.0
750,2022-06-01,0.02,0.0
750,2022-07-01,0.01,0.0
750,2022-09-01,0.0,0.03
750,2022-11-01,0.0,0.06
750,2023-01-01,0.06,0.0
750,2023-02-01,0.0,0.01
750,2023-05-01,0.01,0.01
750,2023-06-01,0.0,0.02
750,2023-07-01,0.0,0.01
750,2023-08-01,0.0,0.08
750,2023-09-01,0.0,0.04
750,2023-10-01,0.02,0.1
750,2023-11-01,0.0,0.23
750,2023-12-01,0.0,0.03
750,2024-02-01,0.02,0.11
750,2024-04-01,0.0,0.04
750,2024-05-01,0.0,0.07
750,2024-06-01,0.0,0.01
750,2024-07-01,0.0,0.01
750,2024-08-01,0.0,0.03
750,2024-09-01,0.73,0.16
750,2024-10-01,0.0,0.08
750,2024-11-01,0.0,0.05
750,2024-12-01,0.0,0.35
751,2022-04-01,0.0,0.53
751,2022-05-01,0.0,0.98
751,2022-06-01,0.0,0.06
751,2022-07-01,0.0,0.03
751,2022-08-01,0.0,0.13
751,2022-11-01,1.8,4.3
751,2022-12-01,4.9,4.3
751,2023-01-01,0.7,0.96
751,2023-02-01,2.0,2.7
751,2023-03-01,2.0,2.2
751,2023-04-01,2.6,2.9
751,2023-05-01,2.2,2.4
751,2023-06-01,1.6,1.9
751,2023-07-01,1.9,1.9
751,2023-08-01,2.3,2.3
751,2023-09-01,2.8,2.8
751,2023-10-01,2.1,1.1
751,2023-11-01,2.1,0.56
751,2023-12-01,1.8,0.29
751,2024-01-01,2.3,0.58
751,2024-04-01,2.0,0.57
751,2024-05-01,1.7,0.37
751,2024-06-01,1.7,0.41
751,2024-07-01,1.2,0.28
751,2024-08-01,1.0,0.74
751,2024-09-01,2.1,1.3
751,2024-10-01,1.0,0.15
751,2024-11-01,1.1,0.52
752,2022-04-01,0.38,0.0
752,2022-05-01,0.0,0.02
753,2022-04-01,0.09,0.01
753,2022-05-01,0.19,0.02
753,2022-06-01,0.1,0.02
754,2022-04-01,0.0,0.01
755,2022-04-01,0.03,0.0
756,2022-04-01,0.0,0.07
756,2022-05-01,0.01,0.0
756,2022-06-01,0.01,0.0
756,2022-12-01,0.01,0.0
757,2022-04-01,0.03,0.0
758,2022-04-01,0.0,0.05
758,2022-05-01,0.0,0.03
758,2022-06-01,0.0,0.01
758,2022-07-01,0.0,0.03
758,2022-09-01,0.0,0.03
758,2022-11-01,0.0,0.03
758,2022-12-01,0.0,0.03
758,2023-02-01,0.0,0.01
758,2023-03-01,0.0,0.01
758,2023-07-01,0.0,0.01
758,2023-09-01,0.0,0.01
759,2022-04-01,0.05,0.05
759,2022-05-01,0.05,0.1
759,2022-06-01,0.0,0.05
759,2022-07-01,0.05,0.05
760,2022-04-01,0.0,0.01
760,2022-05-01,0.0,0.01
760,2022-06-01,0.0,0.05
760,2022-07-01,0.0,0.01
760,2022-08-01,0.0,0.04
761,2022-04-01,0.1,0.01
762,2022-04-01,0.0,0.03
763,2022-04-01,0.0,0.01
764,2022-04-01,0.01,0.0
765,2022-04-01,0.15,0.0
766,2022-04-01,0.01,0.0
767,2022-04-01,0.0,1.2
767,2022-07-01,0.0,0.74
767,2023-01-01,0.0,0.39
767,2023-03-01,0.0,0.26
767,2023-05-01,0.0,0.59
767,2023-06-01,0.0,0.07
767,2023-10-01,0.0,0.08
767,2023-11-01,0.0,0.04
767,2023-12-01,0.0,0.05
767,2024-01-01,0.0,0.01
767,2024-03-01,0.0,0.06
767,2024-06-01,0.0,0.25
767,2024-08-01,0.0,0.16
767,2024-10-01,0.0,0.38
767,2024-12-01,0.0,1.2
768,2022-04-01,0.02,0.0
768,2022-06-01,0.0,0.04
768,2022-07-01,0.02,0.0
768,2023-06-01,0.02,0.0
768,2023-10-01,0.01,0.0
768,2024-02-01,0.01,0.0
769,2022-04-01,0.0,0.02
769,2022-06-01,0.0,0.01
769,2022-07-01,0.0,0.02
769,2022-08-01,0.0,0.02
770,2022-04-01,0.0,0.01
770,2022-05-01,0.03,0.01
770,2022-06-01,1.1,0.13
770,2022-07-01,0.0,0.06
771,2022-04-01,0.01,0.0
771,2022-05-01,0.01,0.0
771,2022-06-01,0.07,0.0
771,2022-07-01,0.01,0.0
771,2022-09-01,0.18,0.0
772,2022-04-01,0.03,0.0
773,2022-04-01,0.02,0.0
774,2022-04-01,0.03,0.0
774,2022-05-01,0.12,0.0
774,2022-06-01,0.01,0.0
775,2022-04-01,0.0,0.03
775,2022-05-01,0.0,0.09
775,2022-06-01,0.0,0.03
775,2022-07-01,0.0,0.02
775,2022-08-01,0.0,0.06
775,2022-09-01,0.0,0.08
776,2022-04-01,0.01,0.0
777,2022-04-01,0.0,0.01
778,2022-04-01,0.0,0.07
778,2022-05-01,0.04,0.0
778,2022-06-01,0.0,0.11
778,2022-07-01,0.05,0.0
779,2022-04-01,0.13,0.0
779,2022-05-01,0.2,0.0
779,2023-01-01,0.13,0.0
780,2022-06-01,0.02,0.0
780,2022-07-01,0.03,0.0
780,2022-11-01,0.0,0.02
780,2023-01-01,0.0,0.02
780,2023-02-01,0.02,0.0
780,2023-04-01,0.0,0.02
780,2023-06-01,0.01,0.0
780,2023-08-01,0.0,0.02
780,2024-02-01,0.03,0.02
780,2024-04-01,0.02,0.0
780,2024-07-01,0.02,0.0
780,2024-08-01,0.0,0.02
780,2024-09-01,0.02,0.0
780,2024-10-01,0.02,0.0
780,2024-12-01,0.01,0.0
781,2022-04-01,0.01,0.0
781,2022-08-01,0.01,0.0
781,2023-05-01,0.01,0.0
781,2023-11-01,0.01,0.0
781,2024-03-01,0.01,0.0
781,2024-05-01,0.01,0.0
782,2022-04-01,0.33,0.0
782,2022-05-01,0.13,0.0
783,2022-04-01,0.0,0.01
783,2022-06-01,0.0,0.04
783,2022-09-01,0.0,0.01
783,2024-09-01,0.0,0.03
783,2024-10-01,0.0,0.01
784,2022-04-01,0.0,0.01
784,2022-05-01,0.46,0.0
784,2022-06-01,0.0,0.01
785,2022-04-01,0.02,0.0
785,2022-05-01,0.06,0.0
785,2022-06-01,0.03,0.0
786,2022-04-01,0.0,0.19
787,2022-04-01,0.0,0.15
788,2022-04-01,0.0,0.37
788,2022-05-01,0.0,2.4
788,2022-06-01,0.0,2.4
788,2022-07-01,0.0,2.2
788,2022-08-01,0.0,1.1
789,2022-04-01,0.02,0.0
789,2022-07-01,0.02,0.0
790,2022-04-01,12.0,0.0
790,2022-05-01,15.0,0.02
791,2022-04-01,0.0,0.01
791,2022-05-01,0.0,0.01
792,2022-04-01,0.0,0.05
792,2022-05-01,0.0,0.06
792,2022-07-01,0.0,0.08
792,2022-08-01,0.0,0.03
792,2022-09-01,0.0,0.02
792,2022-10-01,0.0,0.09
792,2022-11-01,0.0,0.03
792,2022-12-01,0.0,0.08
793,2022-04-01,0.13,0.0
793,2022-05-01,0.14,0.0
793,2022-07-01,0.17,0.0
793,2022-08-01,0.08,0.0
793,2022-09-01,0.35,0.0
793,2022-10-01,0.28,0.0
793,2022-11-01,0.56,0.0
794,2022-04-01,0.0,0.01
794,2022-05-01,0.0,0.01
794,2022-06-01,0.0,0.01
794,2022-07-01,0.04,0.0
794,2022-09-01,0.0,0.08
794,2022-10-01,0.0,0.02
794,2022-12-01,0.0,0.15
794,2023-01-01,0.0,0.01
795,2022-05-01,0.0,0.05
795,2022-06-01,0.04,0.0
795,2022-07-01,0.03,0.05
795,2022-08-01,0.04,0.0
795,2022-09-01,0.01,0.0
796,2022-04-01,0.0,0.03
797,2022-04-01,0.0,0.26
797,2022-05-01,0.0,0.09
798,2022-04-01,0.0,1.5
799,2022-04-01,0.04,0.0
799,2022-05-01,0.08,0.0
799,2022-07-01,0.05,0.0
799,2022-10-01,0.05,0.0
799,2023-02-01,0.05,0.0
799,2023-03-01,0.05,0.0
799,2023-06-01,0.05,0.0
799,2023-07-01,0.05,0.0
799,2023-08-01,0.05,0.0
799,2023-11-01,0.05,0.0
799,2023-12-01,0.05,0.0
799,2024-02-01,0.05,0.0
799,2024-05-01,0.05,0.0
799,2024-06-01,0.05,0.0
799,2024-07-01,0.05,0.0
799,2024-09-01,0.05,0.0
799,2024-10-01,0.05,0.0
799,2024-12-01,0.05,0.0
800,2022-04-01,0.85,0.33
800,2022-05-01,0.1,0.03
800,2022-06-01,0.63,0.08
800,2022-07-01,0.15,0.0
800,2022-08-01,0.06,0.07
800,2022-09-01,0.56,0.0
800,2022-10-01,0.45,0.15
801,2022-04-01,0.0,0.01
801,2022-06-01,0.0,0.04
801,2022-07-01,0.0,0.01
801,2022-10-01,0.0,0.01
801,2022-11-01,0.0,0.01
801,2022-12-01,0.0,0.01
801,2023-03-01,0.0,0.01
801,2023-08-01,0.0,0.01
801,2023-09-01,0.0,0.01
801,2023-11-01,0.0,0.02
801,2023-12-01,0.0,0.01
801,2024-08-01,0.0,0.01
801,2024-09-01,0.0,0.01
802,2022-04-01,0.0,0.06
803,2022-04-01,0.0,0.01
804,2022-04-01,0.0,0.01
804,2022-05-01,0.0,0.01
804,2022-07-01,0.0,0.01
804,2022-09-01,0.0,0.01
804,2023-11-01,0.0,0.01
804,2024-01-01,0.0,0.02
804,2024-02-01,0.0,0.01
804,2024-03-01,0.0,0.06
804,2024-04-01,0.0,0.01
804,2024-05-01,0.0,0.04
804,2024-06-01,0.0,0.03
804,2024-07-01,0.0,0.02
804,2024-08-01,0.0,0.03
804,2024-09-01,0.0,0.03
804,2024-10-01,0.0,0.01
804,2024-12-01,0.0,0.01
805,2022-04-01,0.0,0.14
805,2022-05-01,0.0,0.08
805,2022-08-01,0.0,0.06
805,2022-11-01,0.0,0.05
805,2023-01-01,0.0,0.17
805,2023-05-01,0.0,0.13
805,2024-02-01,0.0,0.25
805,2024-10-01,0.0,0.25
806,2022-04-01,0.78,0.0
806,2022-05-01,0.74,0.0
807,2022-04-01,0.0,0.02
808,2022-04-01,0.0,0.04
808,2022-05-01,0.0,0.05
808,2022-06-01,0.0,0.04
808,2022-07-01,0.0,0.15
808,2022-08-01,0.0,0.04
808,2022-09-01,0.0,0.08
808,2022-10-01,0.0,0.01
808,2022-12-01,0.0,0.09
808,2023-01-01,0.0,0.11
808,2023-02-01,0.0,0.04
808,2023-03-01,0.0,0.02
808,2023-04-01,0.0,0.08
808,2023-05-01,0.0,0.12
808,2023-07-01,0.0,0.09
808,2023-08-01,0.0,0.04
808,2023-09-01,0.0,0.05
808,2023-10-01,0.0,0.05
808,2023-11-01,0.0,0.03
808,2023-12-01,0.0,0.07
808,2024-01-01,0.0,0.05
808,2024-02-01,0.0,0.08
808,2024-03-01,0.0,0.05
808,2024-04-01,0.0,0.04
808,2024-05-01,0.0,0.04
808,2024-06-01,0.0,0.03
808,2024-07-01,0.0,0.03
808,2024-08-01,0.0,0.04
808,2024-09-01,0.0,0.03
808,2024-10-01,0.0,0.04
808,2024-11-01,0.0,0.02
808,2024-12-01,0.0,0.06
809,2022-04-01,0.0,0.04
809,2022-05-01,0.0,0.04
810,2022-04-01,0.1,0.0
810,2022-05-01,0.2,0.0
811,2022-04-01,0.1,0.0
812,2022-04-01,0.0,0.02
812,2022-05-01,0.0,0.08
812,2022-06-01,0.0,0.06
812,2022-08-01,0.08,0.0
812,2022-09-01,0.14,0.0
813,2022-04-01,0.0,0.05
813,2023-10-01,0.03,0.0
813,2023-11-01,0.0,0.02
813,2024-01-01,0.0,0.34
813,2024-04-01,0.02,0.0
813,2024-12-01,0.02,0.0
814,2022-04-01,0.0,0.13
814,2022-05-01,0.0,0.06
815,2022-04-01,0.0,0.29
816,2022-04-01,0.0,0.14
817,2022-04-01,0.0,0.03
817,2022-05-01,0.0,0.03
818,2022-04-01,0.0,0.02
818,2022-06-01,0.01,0.0
819,2022-04-01,0.0,0.04
819,2022-05-01,0.0,0.05
820,2022-04-01,0.0,0.34
820,2022-07-01,0.0,0.03
820,2022-08-01,0.0,0.01
820,2023-01-01,0.0,0.01
821,2022-04-01,0.0,0.29
822,2022-04-01,0.0,0.01
822,2022-05-01,0.0,0.15
822,2022-06-01,0.0,0.14
822,2022-07-01,0.0,0.13
822,2022-08-01,0.0,0.13
822,2022-09-01,0.0,0.1
822,2022-11-01,0.0,0.02
822,2022-12-01,0.0,0.06
822,2023-01-01,0.0,0.02
822,2023-02-01,0.0,0.02
822,2023-03-01,0.0,0.03
822,2023-04-01,0.0,0.13
822,2023-05-01,0.0,0.09
822,2023-06-01,0.0,0.1
822,2023-07-01,0.0,0.15
822,2023-08-01,0.0,0.12
822,2023-09-01,0.0,0.03
822,2023-10-01,0.0,0.05
822,2023-11-01,0.0,0.12
822,2023-12-01,0.0,0.08
822,2024-01-01,0.0,0.06
822,2024-02-01,0.0,0.06
822,2024-03-01,0.0,0.04
822,2024-04-01,0.0,0.06
822,2024-05-01,0.0,0.13
822,2024-06-01,0.0,0.09
822,2024-07-01,0.0,0.08
822,2024-08-01,0.0,0.15
822,2024-09-01,0.0,0.09
822,2024-10-01,0.0,0.1
823,2022-04-01,0.23,0.08
823,2022-05-01,0.18,0.04
823,2022-06-01,0.28,0.05
823,2022-07-01,0.25,0.01
823,2022-08-01,0.32,0.02
823,2022-09-01,0.34,0.23
823,2022-10-01,0.37,0.14
823,2022-11-01,0.0,0.09
823,2022-12-01,0.21,0.02
823,2023-01-01,0.29,0.06
823,2023-02-01,0.0,0.12
824,2022-04-01,0.0,0.11
825,2022-04-01,0.95,0.0
826,2022-04-01,0.16,0.0
827,2022-04-01,0.0,0.11
827,2022-05-01,0.0,0.07
827,2022-06-01,0.0,0.22
827,2022-07-01,0.0,0.05
827,2022-08-01,0.0,0.19
827,2022-09-01,0.0,0.18
827,2022-10-01,0.0,0.05
827,2022-11-01,0.04,0.0
828,2022-04-01,0.0,0.18
828,2022-05-01,0.0,0.3
828,2022-06-01,0.0,0.07
828,2022-07-01,0.1,0.0
829,2022-04-01,0.0,0.04
829,2022-06-01,0.0,0.01
829,2022-08-01,0.0,0.02
829,2023-01-01,0.0,0.02
829,2023-06-01,0.0,0.02
829,2024-06-01,0.0,0.01
830,2022-04-01,0.0,0.04
830,2022-06-01,0.0,0.06
830,2022-07-01,0.0,0.03
830,2022-08-01,0.0,0.11
830,2022-09-01,0.01,0.0
830,2022-10-01,0.04,0.0
830,2022-12-01,0.0,0.01
830,2023-04-01,0.05,0.0
830,2023-05-01,0.05,0.0
830,2023-06-01,0.0,0.09
830,2023-07-01,0.0,0.02
830,2023-08-01,0.0,0.05
830,2023-09-01,0.01,0.0
830,2023-10-01,0.01,0.0
830,2023-11-01,0.05,0.0
830,2023-12-01,0.01,0.0
830,2024-01-01,0.05,0.0
830,2024-02-01,0.0,0.06
830,2024-03-01,0.0,0.01
830,2024-04-01,0.0,0.04
830,2024-05-01,0.0,0.02
831,2022-04-01,0.03,0.0
831,2022-09-01,0.1,0.0
831,2022-11-01,0.04,0.0
831,2022-12-01,0.03,0.0
831,2023-01-01,0.17,0.0
831,2023-02-01,0.03,0.0
831,2023-03-01,0.08,0.0
831,2023-04-01,0.06,0.0
831,2023-08-01,0.01,0.0
832,2022-04-01,0.0,0.01
833,2022-04-01,0.0,0.12
833,2022-05-01,0.01,0.16
833,2022-06-01,0.0,0.07
833,2022-07-01,0.0,0.46
833,2022-08-01,0.0,0.13
833,2022-09-01,0.01,0.34
833,2022-10-01,0.0,0.46
833,2022-11-01,0.01,0.38
833,2022-12-01,0.01,0.87
833,2023-01-01,0.0,0.08
833,2023-02-01,0.0,0.14
833,2023-03-01,0.0,0.1
833,2023-04-01,0.0,0.68
833,2023-05-01,0.01,0.49
833,2023-06-01,0.0,0.44
833,2023-07-01,0.0,0.32
833,2023-08-01,0.0,0.2
833,2023-09-01,0.01,0.5
833,2023-10-01,0.0,0.09
833,2023-11-01,0.07,0.0
834,2022-04-01,0.0,0.92
834,2022-05-01,0.05,0.74
834,2022-06-01,0.43,0.0
834,2022-07-01,0.16,0.0
834,2022-09-01,0.01,0.25
834,2022-10-01,0.05,0.0
834,2022-11-01,0.0,0.01
834,2022-12-01,0.0,0.02
834,2023-01-01,0.03,0.0
835,2022-04-01,0.01,0.0
836,2022-04-01,0.03,0.0
837,2022-04-01,0.0,0.03
837,2022-05-01,0.0,0.06
837,2022-06-01,0.0,0.01
837,2022-11-01,0.0,0.06
837,2022-12-01,0.0,0.06
837,2023-01-01,0.0,0.04
837,2023-03-01,0.0,0.03
837,2023-05-01,0.0,0.03
837,2023-06-01,0.0,0.09
837,2023-07-01,0.0,0.13
837,2023-11-01,0.0,0.16
837,2023-12-01,0.0,0.09
837,2024-01-01,0.0,0.01
837,2024-02-01,0.0,0.01
837,2024-03-01,0.0,0.04
837,2024-04-01,0.0,0.05
837,2024-05-01,0.0,0.05
837,2024-06-01,0.0,0.19
838,2022-04-01,0.0,0.07
838,2022-05-01,0.0,0.11
838,2022-06-01,0.0,0.21
838,2022-07-01,0.0,0.36
838,2022-08-01,0.0,0.06
838,2022-09-01,0.0,0.34
838,2022-10-01,0.0,0.15
838,2022-11-01,0.0,0.27
839,2022-04-01,0.0,0.05
839,2022-05-01,0.0,0.02
839,2022-06-01,0.0,0.01
839,2022-07-01,0.0,0.04
840,2022-04-01,0.0,0.21
841,2022-04-01,0.0,0.1
841,2022-05-01,0.0,0.09
842,2022-04-01,0.0,0.67
842,2022-05-01,0.0,0.03
842,2022-06-01,0.1,0.0
842,2022-07-01,0.53,0.0
842,2022-08-01,0.16,0.0
842,2022-09-01,0.47,0.0
843,2022-04-01,0.06,0.0
843,2022-05-01,0.01,0.0
843,2022-06-01,0.04,0.0
843,2022-07-01,0.14,0.0
843,2022-10-01,0.03,0.0
843,2022-11-01,0.01,0.0
844,2022-04-01,0.0,5.0
845,2022-04-01,0.0,0.39
845,2022-05-01,0.0,0.37
845,2022-06-01,0.0,0.09
845,2022-07-01,0.0,0.22
845,2022-08-01,0.0,0.4
845,2022-09-01,0.0,0.19
845,2022-10-01,0.0,0.47
845,2022-11-01,0.24,0.0
846,2022-04-01,0.0,2.4
846,2022-05-01,0.0,2.2
846,2022-07-01,0.0,1.8
846,2022-08-01,0.0,1.9
846,2022-09-01,2.7,0.0
846,2022-10-01,1.3,0.0
846,2022-11-01,2.1,0.0
846,2022-12-01,1.9,0.0
846,2023-01-01,1.7,0.0
846,2023-02-01,2.1,0.0
846,2023-03-01,1.6,0.0
846,2023-04-01,0.0,3.9
846,2023-05-01,0.0,1.3
846,2023-06-01,0.0,1.8
846,2023-07-01,0.0,0.75
846,2023-08-01,0.0,2.6
846,2023-09-01,0.0,2.3
846,2023-11-01,0.0,1.8
846,2023-12-01,0.0,2.6
846,2024-02-01,0.0,2.9
847,2022-04-01,1.4,0.36
847,2022-05-01,0.21,9.9
847,2022-06-01,0.12,1.0
847,2022-07-01,0.0,0.15
847,2022-08-01,0.0,3.7
847,2023-03-01,1.4,0.0
847,2023-04-01,3.1,12.0
847,2023-06-01,0.06,0.0
847,2024-05-01,0.03,0.0
848,2022-04-01,0.01,0.0
848,2022-05-01,0.01,0.0
849,2022-04-01,0.0,0.07
850,2022-05-01,0.0,1.5
850,2022-07-01,0.0,0.42
850,2022-08-01,0.0,2.3
850,2022-09-01,0.0,2.4
850,2022-10-01,0.0,1.4
850,2022-12-01,0.0,0.68
850,2023-01-01,0.0,1.5
850,2023-02-01,0.0,1.2
850,2023-03-01,0.0,3.4
850,2023-04-01,0.0,3.1
850,2023-05-01,0.0,0.85
850,2023-06-01,0.0,2.6
850,2023-07-01,0.0,1.5
850,2023-08-01,0.0,2.6
850,2023-10-01,0.0,0.89
850,2023-11-01,0.0,3.0
850,2023-12-01,0.0,5.2
850,2024-01-01,0.0,0.29
850,2024-02-01,0.0,2.4
850,2024-03-01,0.0,4.6
850,2024-04-01,0.0,5.1
850,2024-05-01,0.0,2.7
850,2024-06-01,0.0,3.7
850,2024-07-01,0.0,6.2
850,2024-08-01,0.0,3.6
850,2024-09-01,0.0,3.2
850,2024-10-01,0.0,2.8
850,2024-11-01,0.0,4.5
851,2022-05-01,0.01,0.0
851,2022-06-01,0.03,0.0
851,2022-07-01,0.0,0.04
851,2022-09-01,0.04,0.0
851,2022-10-01,0.01,0.0
851,2022-12-01,0.07,0.0
851,2023-01-01,0.01,0.0
851,2023-02-01,0.06,0.0
851,2023-04-01,0.08,0.0
851,2023-05-01,0.03,0.0
851,2023-06-01,0.0,0.02
851,2023-07-01,0.0,0.02
851,2023-08-01,0.31,0.0
851,2023-09-01,0.0,0.02
851,2023-10-01,0.0,0.02
851,2024-02-01,0.0,0.02
851,2024-03-01,0.0,0.02
851,2024-04-01,0.01,0.0
851,2024-05-01,0.01,0.0
851,2024-08-01,0.01,0.0
851,2024-11-01,0.02,0.0
852,2022-05-01,0.0,0.13
853,2022-05-01,0.0,0.08
853,2022-09-01,0.01,0.0
853,2022-10-01,0.01,0.0
854,2022-05-01,0.2,0.0
854,2022-11-01,0.2,0.0
854,2023-03-01,0.2,0.0
854,2023-07-01,0.2,0.0
854,2023-12-01,0.39,0.0
854,2024-05-01,0.2,0.0
854,2024-10-01,0.1,0.0
854,2024-12-01,0.0,0.14
855,2022-05-01,0.0,0.03
855,2022-06-01,0.0,0.65
856,2022-05-01,0.0,0.06
856,2022-06-01,0.0,0.07
856,2022-07-01,0.0,0.05
856,2022-09-01,0.0,0.01
856,2022-10-01,0.0,0.1
856,2023-10-01,0.0,0.06
857,2022-05-01,0.0,0.84
858,2022-05-01,0.0,0.01
859,2022-05-01,0.0,0.25
860,2022-05-01,0.24,0.0
860,2022-06-01,0.13,0.0
860,2022-07-01,0.05,0.0
861,2022-05-01,0.99,0.0
862,2022-05-01,0.34,0.0
863,2022-05-01,0.16,1.7
863,2022-06-01,8.8,0.0
863,2022-07-01,12.0,0.0
863,2022-08-01,11.0,1.7
863,2022-09-01,8.7,0.0
864,2022-05-01,0.0,0.03
864,2022-06-01,0.0,0.05
864,2022-08-01,0.0,0.14
864,2022-09-01,0.0,0.04
864,2022-10-01,0.0,0.02
864,2022-11-01,0.0,0.04
864,2023-01-01,0.0,0.09
864,2023-02-01,0.0,0.05
864,2023-04-01,0.0,0.01
864,2023-05-01,0.0,0.02
864,2023-08-01,0.0,0.01
864,2023-10-01,0.0,0.01
864,2023-11-01,0.0,0.01
864,2024-01-01,0.0,0.04
864,2024-03-01,0.0,0.01
864,2024-04-01,0.0,0.01
864,2024-06-01,0.0,0.05
864,2024-07-01,0.0,0.04
864,2024-08-01,0.0,0.06
864,2024-09-01,0.0,0.01
865,2022-05-01,0.95,0.09
865,2022-06-01,0.61,0.36
865,2022-07-01,1.8,0.03
865,2022-08-01,2.7,0.23
865,2022-09-01,2.2,0.01
865,2022-10-01,1.0,0.03
866,2022-05-01,0.0,0.02
867,2022-05-01,0.0,0.15
867,2022-06-01,0.0,0.18
867,2022-07-01,0.0,0.18
867,2022-08-01,0.0,0.1
867,2022-10-01,0.0,0.04
867,2022-11-01,0.0,0.14
867,2022-12-01,0.0,0.09
867,2023-01-01,0.0,0.08
867,2023-02-01,0.0,0.11
867,2023-03-01,0.0,0.04
867,2023-04-01,0.0,0.14
867,2023-05-01,0.0,0.13
867,2023-06-01,0.0,0.13
867,2023-07-01,0.0,0.06
867,2023-08-01,0.0,0.13
867,2023-09-01,0.0,0.11
867,2023-10-01,0.0,0.12
867,2023-11-01,0.0,0.19
867,2023-12-01,0.0,0.15
867,2024-01-01,0.0,0.13
868,2022-05-01,0.0,0.01
868,2022-06-01,0.0,0.03
868,2022-07-01,0.01,0.03
868,2022-08-01,0.0,0.06
868,2022-09-01,0.0,0.07
868,2022-10-01,0.0,0.08
868,2022-11-01,0.02,0.11
868,2022-12-01,0.0,0.04
868,2023-01-01,0.0,0.05
868,2023-02-01,0.0,0.08
868,2023-03-01,0.0,0.05
868,2023-04-01,0.0,0.01
868,2023-05-01,0.0,0.03
868,2023-06-01,0.0,0.02
868,2023-07-01,0.05,0.05
868,2023-08-01,0.0,0.02
868,2023-09-01,0.0,0.01
869,2022-05-01,0.0,0.04
869,2023-02-01,0.0,0.08
869,2024-06-01,0.0,0.01
870,2022-05-01,0.0,0.01
871,2022-05-01,0.0,0.05
871,2022-06-01,0.12,0.05
871,2022-07-01,0.0,0.09
871,2022-09-01,0.06,0.05
871,2022-10-01,0.0,0.05
871,2022-11-01,0.06,0.05
871,2022-12-01,0.1,0.0
871,2023-01-01,0.0,0.02
871,2023-02-01,0.21,0.0
872,2022-05-01,0.1,0.09
872,2022-06-01,0.03,0.0
872,2022-07-01,0.03,0.0
873,2022-05-01,0.0,0.01
873,2022-06-01,0.0,0.02
873,2022-07-01,0.0,0.02
873,2022-08-01,0.0,0.01
873,2022-10-01,0.0,0.01
873,2022-11-01,0.0,0.02
873,2023-01-01,0.0,0.01
873,2023-02-01,0.0,0.03
873,2023-03-01,0.0,0.02
873,2023-04-01,0.0,0.03
873,2023-05-01,0.0,0.05
873,2023-06-01,0.0,0.02
873,2023-07-01,0.0,0.02
874,2022-05-01,0.0,0.01
875,2022-05-01,0.07,0.0
875,2022-06-01,0.15,0.0
875,2022-07-01,0.02,0.0
875,2022-08-01,0.03,0.0
876,2022-05-01,0.0,0.04
876,2022-06-01,0.0,0.03
877,2022-05-01,0.0,0.09
877,2022-09-01,0.0,0.16
877,2022-12-01,0.0,0.03
877,2023-11-01,0.0,0.14
877,2023-12-01,0.0,0.07
877,2024-03-01,0.0,0.09
877,2024-04-01,0.0,0.1
877,2024-10-01,0.0,0.16
878,2022-05-01,0.36,0.0
878,2022-06-01,0.44,0.0
878,2022-07-01,0.31,0.0
878,2022-08-01,0.16,0.0
878,2022-09-01,0.54,0.0
878,2022-10-01,0.26,0.0
878,2022-11-01,0.23,0.0
878,2022-12-01,0.11,0.0
878,2023-01-01,0.35,0.3
878,2023-03-01,0.05,0.12
878,2023-04-01,0.15,0.06
878,2023-05-01,0.04,0.18
878,2023-06-01,0.42,0.37
878,2023-07-01,0.04,0.22
878,2023-08-01,0.03,0.19
878,2023-09-01,0.09,0.15
878,2023-10-01,0.16,0.27
878,2023-11-01,0.13,0.13
878,2023-12-01,0.36,0.3
879,2022-06-01,0.0,0.08
879,2022-07-01,0.0,0.07
879,2022-08-01,0.0,0.3
879,2022-12-01,0.0,0.02
879,2023-02-01,0.0,0.01
880,2022-05-01,0.59,0.05
880,2022-06-01,0.03,0.06
880,2022-07-01,0.54,0.0
880,2022-08-01,0.58,0.0
880,2022-09-01,0.23,0.01
880,2022-11-01,0.57,0.0
880,2022-12-01,0.0,0.01
881,2022-05-01,0.04,0.0
881,2022-06-01,0.12,0.0
881,2022-07-01,0.28,0.02
881,2022-08-01,0.0,0.03
881,2022-09-01,0.03,0.0
881,2022-10-01,0.29,0.03
881,2022-11-01,0.09,0.05
881,2022-12-01,0.3,0.0
881,2023-01-01,0.09,0.0
881,2023-02-01,0.2,0.0
881,2023-03-01,0.04,0.0
882,2022-05-01,0.0,0.05
883,2022-05-01,0.0,1.7
883,2022-06-01,0.0,4.4
883,2022-07-01,0.0,0.02
883,2022-08-01,0.0,3.6
883,2022-09-01,0.0,5.2
884,2022-05-01,0.48,0.02
884,2022-06-01,0.35,0.0
884,2022-08-01,0.23,0.01
884,2022-09-01,0.16,0.0
884,2022-10-01,0.03,0.57
884,2022-11-01,0.43,0.32
884,2022-12-01,0.12,0.01
884,2023-01-01,0.0,0.74
884,2023-02-01,0.0,0.3
884,2023-03-01,0.0,0.45
884,2023-04-01,0.0,0.66
884,2023-05-01,0.0,0.44
884,2023-06-01,0.0,0.46
884,2023-07-01,0.0,0.41
884,2023-08-01,0.0,0.32
884,2023-09-01,0.0,0.43
884,2023-10-01,0.0,0.38
884,2023-11-01,0.0,0.47
884,2023-12-01,0.0,0.13
884,2024-01-01,0.0,0.12
884,2024-02-01,0.0,0.66
884,2024-03-01,0.0,0.34
884,2024-04-01,0.0,0.37
884,2024-05-01,0.15,0.01
884,2024-06-01,0.18,0.0
884,2024-07-01,0.0,0.67
884,2024-08-01,0.0,0.46
884,2024-09-01,0.0,0.26
884,2024-10-01,0.0,0.1
884,2024-11-01,0.0,0.37
884,2024-12-01,0.0,0.36
885,2022-05-01,0.04,0.0
886,2022-05-01,0.0,0.01
887,2022-05-01,0.0,0.4
887,2022-06-01,0.15,0.0
887,2022-07-01,0.15,0.0
887,2022-08-01,0.0,0.16
887,2022-09-01,0.0,0.09
887,2022-10-01,0.0,0.31
887,2022-11-01,0.0,0.02
888,2022-05-01,1.3,0.0
889,2022-05-01,0.0,0.02
889,2022-06-01,0.06,0.0
889,2022-07-01,0.0,0.09
889,2022-08-01,0.0,0.09
890,2022-05-01,0.0,0.04
891,2022-05-01,0.0,0.05
891,2022-06-01,0.01,0.0
892,2022-05-01,1.0,0.0
892,2022-06-01,0.92,0.0
892,2022-08-01,0.5,0.0
892,2022-09-01,0.0,0.02
892,2022-10-01,0.45,0.0
893,2022-05-01,0.01,0.01
893,2022-06-01,0.0,0.01
894,2022-05-01,0.01,0.01
895,2022-05-01,0.0,0.01
896,2022-05-01,0.39,0.0
897,2022-05-01,0.02,0.0
898,2022-05-01,0.0,0.01
898,2023-07-01,0.0,0.01
898,2024-01-01,0.0,0.01
898,2024-05-01,0.0,0.01
898,2024-09-01,0.0,0.01
899,2022-05-01,0.01,0.0
899,2024-07-01,0.0,11.0
900,2022-05-01,0.02,0.0
900,2022-06-01,0.03,0.0
900,2022-07-01,0.03,0.0
900,2022-09-01,0.06,0.0
900,2022-10-01,0.02,0.0
900,2022-11-01,0.07,0.0
900,2022-12-01,0.04,0.0
900,2023-01-01,0.08,0.0
900,2023-02-01,0.0,0.01
901,2022-05-01,0.48,0.0
902,2022-05-01,0.0,0.15
902,2022-07-01,0.0,0.04
902,2022-08-01,0.0,0.12
902,2022-09-01,0.0,0.06
902,2022-10-01,0.0,0.06
902,2022-11-01,0.0,0.07
902,2022-12-01,0.0,0.13
903,2022-05-01,0.0,0.02
904,2022-05-01,0.05,0.0
904,2022-06-01,0.02,0.0
904,2022-07-01,0.03,0.0
904,2022-08-01,0.0,0.05
904,2022-10-01,0.0,0.04
905,2022-05-01,0.01,0.0
905,2022-06-01,0.08,0.0
905,2022-07-01,0.02,0.0
905,2022-08-01,0.5,0.0
905,2022-09-01,0.04,0.0
906,2022-05-01,0.06,0.0
907,2022-05-01,0.0,0.41
908,2022-05-01,0.54,0.0
908,2022-06-01,0.28,0.01
908,2022-07-01,0.0,0.33
908,2022-09-01,0.0,0.03
908,2022-10-01,0.0,0.06
908,2022-11-01,0.14,0.0
908,2022-12-01,0.01,0.0
908,2023-01-01,0.0,0.5
908,2023-02-01,0.0,0.52
908,2023-03-01,0.0,0.12
908,2023-04-01,0.0,0.25
908,2023-05-01,0.0,0.25
908,2023-06-01,0.0,0.24
908,2023-07-01,0.0,0.23
908,2023-08-01,0.0,0.35
908,2023-09-01,0.0,0.12
908,2023-10-01,0.0,0.35
908,2023-11-01,0.0,0.01
908,2023-12-01,0.0,0.01
909,2022-05-01,0.0,0.03
910,2022-05-01,0.06,0.0
911,2022-05-01,0.0,0.08
912,2022-05-01,0.0,0.03
913,2022-05-01,0.0,0.36
913,2022-06-01,0.13,0.14
913,2022-07-01,0.1,1.0
914,2022-05-01,0.0,0.02
914,2022-06-01,0.0,0.04
914,2022-07-01,0.0,0.04
914,2022-08-01,0.0,0.02
914,2022-10-01,0.0,0.04
914,2022-11-01,0.0,0.02
914,2022-12-01,0.0,0.02
914,2023-01-01,0.0,0.06
914,2023-03-01,0.0,0.02
914,2023-05-01,0.0,0.04
914,2023-08-01,0.05,0.0
914,2023-10-01,0.01,0.0
914,2023-11-01,0.05,0.0
914,2024-04-01,0.0,0.02
914,2024-07-01,0.0,0.02
914,2024-08-01,0.0,0.01
914,2024-09-01,0.0,0.01
915,2022-05-01,0.53,0.0
916,2022-05-01,0.1,0.0
917,2022-05-01,0.0,0.01
917,2022-06-01,0.0,0.01
917,2022-07-01,0.0,0.57
917,2022-09-01,2.2,0.77
917,2022-10-01,0.85,0.0
917,2022-11-01,1.2,0.0
918,2022-05-01,0.1,0.0
918,2022-06-01,0.02,0.42
918,2022-07-01,0.0,0.38
919,2022-05-01,0.0,0.02
919,2022-06-01,0.0,0.06
919,2022-07-01,0.0,0.02
920,2022-05-01,0.0,0.01
920,2022-06-01,0.0,0.03
920,2022-07-01,0.02,0.01
920,2022-08-01,0.0,0.18
920,2022-09-01,0.0,0.21
920,2022-10-01,0.0,0.14
920,2022-11-01,0.0,0.16
920,2022-12-01,0.0,0.36
920,2023-01-01,0.0,0.21
920,2023-02-01,0.0,0.23
920,2023-03-01,0.1,0.0
920,2023-04-01,0.06,0.0
920,2023-05-01,0.06,0.0
920,2023-06-01,0.04,0.0
920,2023-07-01,0.0,0.15
921,2022-05-01,0.0,0.02
922,2022-05-01,0.0,0.09
923,2022-05-01,0.0,0.06
924,2022-05-01,0.0,0.13
924,2022-06-01,0.0,0.19
924,2022-07-01,0.0,0.15
924,2022-08-01,0.0,0.1
924,2022-09-01,0.0,0.14
924,2022-10-01,0.0,0.2
924,2022-11-01,0.0,0.06
924,2023-03-01,0.0,0.03
924,2023-04-01,0.0,0.03
924,2023-06-01,0.0,0.02
924,2023-08-01,0.0,0.02
924,2023-09-01,0.0,0.01
924,2023-11-01,0.0,0.01
924,2023-12-01,0.0,0.01
924,2024-01-01,0.0,0.01
924,2024-03-01,0.0,0.04
924,2024-04-01,0.0,0.01
924,2024-05-01,0.0,0.01
924,2024-06-01,0.0,0.01
924,2024-07-01,0.0,0.01
924,2024-08-01,0.0,0.01
924,2024-09-01,0.0,0.01
924,2024-10-01,0.0,0.01
924,2024-11-01,0.0,0.01
925,2022-05-01,0.0,0.01
926,2022-05-01,0.02,0.0
926,2022-06-01,0.02,0.0
926,2022-07-01,0.0,0.2
926,2022-08-01,0.0,0.18
926,2022-09-01,0.0,0.25
926,2022-10-01,0.0,0.15
926,2022-11-01,0.0,0.18
926,2022-12-01,0.0,0.1
926,2023-01-01,0.0,0.21
926,2023-02-01,0.0,0.15
926,2023-03-01,0.0,0.3
926,2023-04-01,0.0,0.07
926,2023-05-01,0.0,0.05
926,2023-06-01,0.0,0.09
926,2023-07-01,0.0,0.15
926,2023-08-01,0.0,0.1
926,2023-10-01,0.0,0.13
926,2023-11-01,0.0,0.24
926,2023-12-01,0.0,0.17
926,2024-01-01,0.05,0.0
926,2024-02-01,0.0,0.03
926,2024-03-01,0.0,0.07
926,2024-04-01,0.0,0.08
926,2024-05-01,0.0,0.12
926,2024-06-01,0.02,0.0
926,2024-07-01,0.0,0.05
926,2024-08-01,0.04,0.0
926,2024-09-01,0.0,0.01
926,2024-10-01,0.02,0.0
927,2022-05-01,0.0,0.05
928,2022-05-01,0.03,0.0
929,2022-05-01,0.33,0.0
930,2022-05-01,0.0,0.01
931,2022-05-01,0.0,0.02
931,2022-06-01,0.0,0.03
931,2022-07-01,0.0,0.06
931,2022-08-01,0.0,0.05
931,2022-09-01,0.0,0.1
931,2022-10-01,0.0,0.05
932,2022-05-01,0.0,0.06
933,2022-06-01,0.0,0.18
933,2022-07-01,0.0,0.11
933,2022-08-01,0.0,0.03
933,2022-09-01,0.0,0.01
933,2022-10-01,0.0,0.05
933,2022-11-01,0.0,0.04
934,2022-05-01,0.0,0.21
935,2022-05-01,0.0,0.08
935,2022-06-01,0.0,0.16
935,2022-07-01,0.0,0.08
935,2022-08-01,0.0,0.04
935,2022-09-01,0.0,0.09
935,2022-10-01,0.0,0.14
936,2022-05-01,0.0,0.01
936,2022-06-01,0.0,0.55
936,2022-07-01,0.0,0.17
936,2022-08-01,0.0,0.3
937,2022-05-01,0.0,0.09
937,2022-06-01,0.0,0.04
937,2022-07-01,0.0,0.01
938,2022-05-01,0.01,0.0
939,2022-05-01,0.0,0.06
939,2022-06-01,0.0,0.07
939,2022-07-01,0.34,0.18
939,2022-08-01,0.51,0.09
939,2022-09-01,0.12,0.27
939,2022-10-01,0.45,0.26
939,2022-11-01,0.03,0.01
940,2022-05-01,0.0,0.06
940,2022-06-01,0.0,0.04
940,2022-07-01,0.0,0.09
940,2022-08-01,0.0,0.1
941,2022-06-01,0.0,0.17
941,2022-10-01,0.0,0.06
941,2022-11-01,0.0,0.08
941,2023-01-01,0.0,0.04
941,2023-02-01,0.0,0.07
941,2023-04-01,0.0,0.11
941,2023-05-01,0.0,0.09
941,2023-06-01,0.0,0.07
941,2024-01-01,0.0,0.01
941,2024-02-01,0.0,0.06
941,2024-03-01,0.0,0.12
941,2024-04-01,0.0,0.17
941,2024-05-01,0.0,0.36
941,2024-06-01,0.0,0.24
941,2024-07-01,0.0,0.14
941,2024-08-01,0.0,0.1
941,2024-09-01,0.0,0.13
941,2024-10-01,0.0,0.22
941,2024-11-01,0.0,0.19
941,2024-12-01,0.0,0.03
942,2022-05-01,0.01,0.0
942,2023-12-01,0.0,0.04
942,2024-01-01,0.0,0.03
942,2024-04-01,0.0,0.03
942,2024-05-01,0.0,0.02
942,2024-06-01,0.0,0.02
942,2024-07-01,0.0,0.02
942,2024-08-01,0.0,0.03
942,2024-09-01,0.0,0.04
943,2022-05-01,0.0,0.03
943,2022-06-01,0.0,0.06
943,2022-07-01,0.0,0.01
944,2022-05-01,0.0,0.01
945,2022-05-01,0.0,0.01
946,2022-05-01,0.0,0.02
947,2022-05-01,0.0,0.05
947,2022-06-01,0.0,0.14
947,2022-07-01,0.0,0.14
948,2022-05-01,0.0,0.2
949,2022-05-01,0.02,0.06
949,2022-06-01,0.0,0.72
949,2022-07-01,0.01,0.63
950,2022-05-01,2.0,0.0
950,2022-10-01,0.62,0.0
951,2022-05-01,0.0,0.11
951,2022-06-01,0.0,0.16
951,2022-09-01,0.0,0.03
951,2022-10-01,0.0,0.02
951,2023-04-01,0.0,0.33
951,2024-04-01,0.0,0.08
951,2024-05-01,0.0,0.07
952,2022-05-01,0.0,0.42
953,2022-05-01,0.0,0.03
953,2022-06-01,0.0,0.06
953,2022-07-01,0.0,0.02
953,2022-08-01,0.0,0.17
953,2022-09-01,0.0,0.02
953,2022-10-01,0.0,0.03
953,2022-11-01,0.0,0.04
954,2022-05-01,0.0,0.13
955,2022-05-01,0.0,0.16
955,2022-07-01,0.0,0.13
956,2022-05-01,0.0,4.0
957,2022-06-01,0.0,0.01
957,2022-07-01,0.0,0.01
957,2022-12-01,0.0,0.03
957,2023-03-01,0.0,0.03
957,2024-01-01,0.0,0.01
957,2024-02-01,0.0,0.02
957,2024-06-01,0.0,0.01
958,2022-06-01,0.05,0.0
958,2022-07-01,0.13,0.0
958,2022-08-01,0.04,0.0
958,2022-09-01,0.06,0.0
958,2022-10-01,0.09,0.0
958,2022-11-01,0.06,0.08
958,2022-12-01,0.08,0.01
958,2023-01-01,0.01,0.0
958,2023-02-01,0.04,0.0
958,2023-03-01,0.17,0.06
958,2023-04-01,0.07,0.07
958,2023-05-01,0.13,0.0
958,2023-07-01,0.06,0.01
958,2023-08-01,0.08,0.0
958,2023-09-01,0.14,0.01
958,2023-10-01,0.09,0.0
958,2023-11-01,0.01,0.0
958,2024-01-01,0.05,0.02
958,2024-02-01,0.03,0.0
958,2024-03-01,0.03,0.0
958,2024-04-01,0.07,0.0
959,2022-06-01,0.06,0.0
960,2022-06-01,0.16,0.0
960,2023-09-01,0.01,0.0
960,2024-05-01,0.0,0.1
960,2024-06-01,0.01,0.0
961,2022-06-01,0.0,0.1
961,2022-07-01,0.0,0.04
962,2022-06-01,0.0,0.03
963,2022-06-01,0.0,0.38
963,2022-08-01,0.0,0.22
963,2022-09-01,0.0,0.37
963,2022-10-01,0.08,0.01
963,2022-11-01,0.0,0.04
963,2022-12-01,0.01,0.0
963,2023-01-01,0.05,0.03
964,2022-06-01,0.0,0.02
964,2022-07-01,0.0,0.12
964,2022-08-01,0.0,0.52
965,2022-06-01,0.18,0.0
965,2022-07-01,0.04,0.0
965,2022-08-01,0.0,0.61
965,2022-09-01,0.01,0.01
965,2022-10-01,0.0,0.06
965,2022-11-01,0.09,0.0
965,2022-12-01,0.0,0.6
965,2023-01-01,0.02,0.25
965,2023-02-01,0.0,0.13
965,2023-03-01,0.0,0.11
965,2023-05-01,0.2,0.0
965,2023-06-01,0.06,0.01
965,2023-07-01,0.23,0.01
965,2023-08-01,0.11,0.01
965,2023-09-01,0.28,0.0
965,2023-10-01,0.25,0.0
965,2023-11-01,0.12,0.0
965,2023-12-01,0.18,0.0
965,2024-02-01,0.15,0.0
965,2024-03-01,0.12,0.01
965,2024-04-01,0.13,0.01
965,2024-05-01,0.17,0.0
966,2022-06-01,0.0,0.01
966,2022-07-01,0.0,0.01
967,2022-06-01,0.0,0.24
967,2022-07-01,0.0,0.01
967,2022-08-01,0.0,0.02
967,2022-09-01,0.21,0.02
968,2022-06-01,0.0,0.1
969,2022-06-01,0.0,0.03
969,2022-07-01,0.42,0.0
969,2022-08-01,0.39,0.0
969,2022-09-01,0.0,0.08
969,2022-10-01,0.0,0.16
969,2022-12-01,0.0,0.06
969,2023-01-01,0.58,0.0
969,2023-03-01,0.0,0.01
969,2023-04-01,0.18,0.0
969,2023-05-01,0.1,0.0
969,2023-06-01,0.05,0.0
969,2023-07-01,0.0,0.05
969,2023-08-01,0.05,0.0
970,2022-06-01,0.02,0.02
970,2022-07-01,0.0,0.01
971,2022-06-01,56.0,0.0
971,2022-07-01,2.8,0.94
971,2022-08-01,0.02,1.9
972,2022-06-01,0.35,0.0
973,2022-06-01,0.39,0.0
974,2022-06-01,0.0,0.01
975,2022-06-01,0.0,0.01
975,2022-07-01,0.0,0.03
975,2024-01-01,0.0,0.02
975,2024-04-01,0.0,0.02
975,2024-07-01,0.0,0.03
975,2024-09-01,0.01,0.02
975,2024-10-01,0.01,0.03
976,2022-06-01,0.0,0.05
977,2022-06-01,0.0,0.03
977,2022-07-01,0.0,0.03
977,2022-08-01,0.0,0.02
977,2022-09-01,0.0,0.08
977,2022-10-01,0.0,0.01
977,2022-11-01,0.0,0.02
977,2022-12-01,0.0,0.02
977,2023-01-01,0.0,0.02
978,2022-06-01,0.31,0.0
978,2022-07-01,0.01,0.0
978,2022-08-01,0.0,0.03
978,2022-09-01,0.54,0.03
978,2022-10-01,0.0,0.02
978,2022-11-01,0.33,0.27
978,2022-12-01,2.5,0.01
979,2022-06-01,0.02,0.0
980,2022-06-01,1.1,0.14
980,2022-07-01,1.0,0.0
980,2022-08-01,0.07,0.0
980,2022-09-01,0.01,0.0
981,2022-06-01,0.07,0.0
982,2022-06-01,0.03,0.0
982,2022-07-01,0.03,0.0
983,2022-06-01,0.01,0.0
983,2023-02-01,0.0,0.02
983,2023-03-01,0.02,0.0
983,2023-04-01,0.0,0.04
983,2023-10-01,0.01,0.0
983,2023-12-01,0.01,0.0
983,2024-01-01,0.01,0.0
983,2024-07-01,0.01,0.0
983,2024-11-01,0.02,0.0
983,2024-12-01,0.02,0.0
984,2022-06-01,0.0,0.07
984,2022-07-01,0.01,0.0
984,2022-08-01,0.0,1.5
984,2022-09-01,0.0,1.1
984,2022-10-01,0.0,1.9
984,2022-11-01,0.0,1.2
984,2023-01-01,0.0,0.36
984,2023-06-01,0.0,0.04
984,2023-07-01,0.0,0.47
984,2023-08-01,0.0,0.06
984,2023-09-01,0.0,0.06
984,2023-10-01,0.0,0.06
984,2023-11-01,0.0,0.08
984,2024-01-01,0.0,0.08
984,2024-02-01,0.0,0.07
984,2024-03-01,0.0,0.15
985,2022-06-01,0.02,3.0
985,2022-08-01,0.0,2.7
985,2022-09-01,0.29,0.0
985,2022-10-01,0.97,3.0
985,2022-11-01,2.7,4.5
985,2022-12-01,0.0,5.6
985,2023-01-01,0.27,0.0
985,2023-02-01,0.21,0.0
986,2022-06-01,0.54,0.0
986,2022-07-01,0.0,3.3
986,2022-08-01,0.0,0.14
986,2022-09-01,0.0,0.08
986,2022-10-01,0.0,0.17
986,2022-11-01,0.0,0.33
986,2022-12-01,0.0,0.32
986,2023-01-01,0.0,0.08
986,2023-04-01,0.22,0.0
986,2023-05-01,0.06,0.0
986,2023-06-01,0.0,0.01
986,2023-07-01,0.21,0.0
986,2023-09-01,0.34,0.0
986,2023-10-01,0.34,0.0
986,2023-11-01,0.01,0.0
986,2023-12-01,0.28,0.0
986,2024-01-01,0.0,0.02
986,2024-02-01,0.23,0.0
986,2024-03-01,0.26,0.0
986,2024-04-01,0.16,0.0
986,2024-05-01,0.19,0.0
986,2024-06-01,0.0,0.01
986,2024-07-01,0.22,0.0
986,2024-08-01,0.18,0.0
986,2024-09-01,0.18,0.0
987,2022-06-01,0.0,0.01
987,2022-11-01,0.0,0.2
987,2023-01-01,0.0,0.67
988,2022-06-01,0.04,0.0
988,2022-08-01,0.02,0.0
988,2022-09-01,0.05,0.0
988,2022-10-01,0.01,0.0
988,2022-11-01,0.01,0.0
989,2022-06-01,13.0,0.14
989,2022-07-01,13.0,0.33
989,2022-08-01,0.59,0.27
989,2022-09-01,7.7,0.72
989,2022-10-01,15.0,2.8
990,2022-06-01,0.0,0.02
990,2022-11-01,0.0,0.02
990,2023-06-01,0.0,0.02
990,2023-10-01,0.0,0.02
990,2024-08-01,0.0,0.02
991,2022-06-01,1.6,0.0
992,2022-06-01,0.0,0.42
993,2022-06-01,0.05,0.0
994,2022-06-01,0.0,0.11
994,2022-07-01,0.0,0.07
995,2022-06-01,0.0,0.05
996,2022-06-01,0.24,0.06
997,2022-06-01,0.14,0.03
997,2022-07-01,0.07,0.0
998,2022-06-01,0.0,0.28
999,2022-06-01,0.01,0.0
1000,2022-06-01,0.03,0.03
1000,2022-07-01,0.01,0.02
1001,2022-06-01,0.0,0.06
1001,2022-07-01,0.0,0.07
1001,2022-08-01,0.02,0.0
1002,2022-06-01,0.09,0.0
1003,2022-06-01,0.0,0.04
1004,2022-06-01,0.03,0.0
1004,2022-07-01,0.01,0.0
1004,2022-08-01,0.02,0.0
1004,2022-09-01,0.12,0.0
1005,2022-06-01,0.02,0.0
1005,2022-07-01,0.02,0.0
1005,2022-08-01,0.0,0.03
1005,2022-09-01,0.04,0.0
1006,2022-06-01,0.38,0.0
1006,2022-07-01,0.06,0.0
1006,2022-08-01,0.05,0.0
1006,2022-09-01,0.02,0.0
1006,2022-10-01,0.01,0.0
1006,2022-11-01,0.01,0.0
1006,2022-12-01,0.03,0.0
1006,2023-01-01,0.04,0.22
1006,2023-02-01,0.16,0.0
1006,2023-03-01,0.06,0.0
1006,2023-04-01,0.01,0.0
1006,2023-05-01,0.05,0.0
1006,2023-06-01,0.01,0.0
1006,2023-07-01,0.01,0.0
1006,2023-08-01,0.03,0.0
1006,2023-09-01,0.07,0.1
1007,2022-06-01,0.02,0.0
1007,2022-07-01,0.03,0.0
1008,2022-06-01,0.0,0.01
1009,2022-06-01,0.0,0.12
1009,2022-07-01,0.0,0.04
1009,2022-08-01,0.0,0.06
1009,2022-09-01,0.0,0.21
1009,2023-01-01,0.0,0.1
1009,2023-04-01,0.0,0.03
1009,2023-09-01,0.0,0.05
1009,2023-11-01,0.0,0.06
1009,2023-12-01,0.0,0.06
1009,2024-02-01,0.0,0.1
1009,2024-04-01,0.0,0.06
1009,2024-05-01,0.0,0.08
1009,2024-06-01,0.0,0.01
1009,2024-08-01,0.0,0.35
1009,2024-10-01,0.0,0.01
1009,2024-11-01,0.0,0.03
1010,2022-06-01,0.01,0.0
1011,2022-06-01,0.0,0.03
1012,2022-06-01,0.0,0.53
1013,2022-06-01,1.0,0.0
1014,2022-06-01,0.0,0.01
1015,2022-06-01,0.04,0.02
1015,2022-07-01,0.03,0.07
1015,2022-08-01,0.0,0.05
1015,2022-09-01,0.06,0.06
1015,2022-10-01,0.0,0.03
1015,2022-11-01,0.04,0.0
1015,2022-12-01,0.04,0.0
1015,2023-01-01,0.04,0.05
1015,2023-02-01,0.0,0.03
1015,2023-04-01,0.03,0.05
1015,2023-05-01,0.04,0.04
1015,2023-06-01,0.0,0.24
1015,2023-07-01,0.09,0.04
1015,2023-08-01,0.0,0.03
1015,2023-09-01,0.03,0.05
1016,2022-06-01,0.0,0.04
1017,2022-06-01,0.0,0.03
1017,2022-07-01,0.0,0.02
1017,2022-08-01,0.0,0.06
1017,2022-09-01,0.0,0.07
1017,2022-10-01,0.0,0.06
1018,2022-06-01,0.1,0.0
1018,2022-07-01,0.1,0.0
1019,2022-06-01,0.0,0.13
1019,2022-07-01,0.0,0.19
1019,2022-08-01,0.0,0.08
1019,2022-10-01,0.0,0.1
1020,2022-06-01,0.0,0.5
1021,2022-06-01,0.0,0.04
1021,2022-07-01,0.0,0.04
1022,2022-06-01,0.0,0.03
1023,2022-07-01,0.0,0.03
1023,2022-08-01,0.0,0.04
1023,2022-09-01,0.0,0.02
1023,2022-10-01,0.0,0.05
1023,2022-11-01,0.0,0.09
1023,2022-12-01,0.0,0.04
1024,2022-06-01,0.0,0.21
1024,2022-07-01,0.0,0.27
1024,2022-08-01,0.0,0.45
1025,2022-06-01,0.0,0.03
1026,2022-06-01,0.0,0.01
1026,2022-07-01,0.01,0.0
1027,2022-06-01,0.0,0.04
1027,2022-08-01,0.0,0.09
1027,2022-11-01,0.0,0.01
1027,2023-01-01,0.0,0.01
1027,2023-05-01,0.0,0.01
1027,2023-06-01,0.0,0.01
1027,2023-08-01,0.0,0.01
1027,2024-01-01,0.0,0.01
1027,2024-02-01,0.0,0.01
1027,2024-05-01,0.0,0.01
1027,2024-08-01,0.0,0.01
1028,2022-06-01,0.0,0.17
1028,2022-07-01,0.0,0.16
1029,2022-06-01,0.0,0.05
1029,2024-08-01,0.0,0.01
1030,2022-06-01,0.0,0.1
1030,2022-07-01,0.0,0.08
1030,2022-08-01,0.0,0.07
1030,2022-09-01,0.0,0.07
1030,2022-10-01,0.0,0.06
1031,2022-06-01,0.0,0.09
1032,2022-06-01,0.08,0.0
1032,2022-07-01,0.33,0.0
1032,2022-08-01,0.37,0.0
1032,2022-09-01,0.55,0.0
1032,2022-10-01,0.35,0.0
1032,2022-11-01,0.54,0.0
1032,2022-12-01,1.1,0.0
1032,2023-01-01,0.12,0.0
1032,2023-02-01,0.44,0.0
1032,2023-03-01,0.3,0.0
1032,2023-05-01,0.25,0.0
1032,2023-07-01,0.25,0.0
1032,2023-08-01,0.22,0.0
1032,2023-09-01,0.14,0.0
1032,2023-10-01,0.48,0.0
1032,2023-11-01,0.24,0.0
1032,2023-12-01,0.35,0.0
1032,2024-01-01,0.15,0.0
1032,2024-02-01,0.48,0.0
1032,2024-03-01,0.44,0.0
1032,2024-04-01,0.23,0.0
1032,2024-05-01,0.28,0.0
1032,2024-06-01,0.4,0.0
1032,2024-07-01,0.36,0.0
1032,2024-08-01,0.54,0.0
1032,2024-09-01,0.21,0.0
1032,2024-10-01,0.55,0.0
1032,2024-11-01,0.37,0.0
1032,2024-12-01,0.79,0.0
1033,2022-06-01,0.06,0.0
1034,2022-06-01,0.0,0.03
1034,2022-09-01,0.0,0.03
1034,2022-10-01,0.0,0.09
1034,2023-07-01,0.0,0.03
1034,2023-09-01,0.0,0.06
1034,2023-11-01,0.0,0.08
1035,2022-07-01,0.0,1.2
1035,2022-08-01,0.0,0.11
1035,2022-09-01,0.0,0.41
1035,2022-10-01,0.42,0.0
1035,2022-11-01,0.21,0.0
1035,2022-12-01,0.07,0.0
1035,2023-01-01,0.0,0.12
1035,2023-02-01,0.0,0.04
1035,2023-03-01,0.0,0.64
1036,2022-06-01,0.0,0.01
1036,2022-07-01,0.0,0.04
1037,2022-06-01,0.12,0.0
1037,2022-08-01,0.02,0.0
1037,2022-10-01,0.06,0.0
1037,2023-03-01,0.02,0.0
1037,2023-05-01,0.01,0.0
1038,2022-06-01,0.11,0.0
1038,2022-08-01,0.0,0.01
1038,2022-09-01,0.04,0.01
1038,2022-10-01,0.0,0.01
1038,2022-11-01,0.0,0.01
1038,2022-12-01,0.11,0.0
1038,2023-05-01,0.12,0.0
1038,2023-08-01,0.1,0.0
1038,2023-09-01,0.02,0.0
1038,2023-12-01,0.12,0.0
1038,2024-06-01,0.15,0.03
1038,2024-07-01,0.0,0.01
1038,2024-08-01,0.0,0.01
1038,2024-09-01,0.13,0.04
1038,2024-10-01,0.03,0.02
1038,2024-11-01,0.16,0.03
1038,2024-12-01,0.14,0.0
1039,2022-06-01,0.0,0.06
1039,2022-08-01,0.0,0.05
1039,2022-11-01,0.0,0.05
1039,2022-12-01,0.0,0.04
1039,2023-03-01,0.0,0.01
1039,2023-04-01,0.0,0.02
1039,2023-05-01,0.0,0.04
1039,2023-06-01,0.0,0.13
1039,2023-07-01,0.0,0.03
1039,2023-09-01,0.0,0.02
1039,2023-10-01,0.0,0.02
1039,2024-02-01,0.0,0.01
1039,2024-03-01,0.0,0.04
1039,2024-05-01,0.0,0.02
1039,2024-07-01,0.01,0.02
1039,2024-10-01,0.0,0.05
1039,2024-12-01,0.0,0.04
1040,2022-06-01,0.0,0.29
1041,2022-07-01,0.0,0.1
1041,2022-08-01,0.0,0.07
1041,2022-09-01,0.0,0.19
1041,2022-10-01,0.0,0.13
1041,2022-11-01,0.0,0.1
1041,2022-12-01,0.0,0.11
1041,2023-01-01,0.0,0.13
1041,2023-02-01,0.0,0.02
1041,2023-03-01,0.0,0.15
1041,2023-05-01,0.0,0.07
1041,2023-06-01,0.0,0.26
1041,2023-08-01,0.0,0.17
1041,2023-10-01,0.0,0.15
1041,2023-11-01,0.0,0.29
1041,2023-12-01,0.0,0.09
1041,2024-01-01,0.0,0.25
1041,2024-03-01,0.0,0.2
1041,2024-04-01,0.0,0.29
1041,2024-06-01,0.0,0.26
1041,2024-10-01,0.0,0.21
1041,2024-11-01,0.0,0.26
1041,2024-12-01,0.0,0.22
1042,2022-07-01,0.0,0.05
1043,2022-08-01,0.0,0.51
1043,2022-09-01,0.0,0.7
1043,2022-10-01,0.0,0.58
1043,2023-06-01,0.0,0.81
1043,2023-07-01,0.0,0.36
1043,2023-08-01,0.0,0.48
1043,2024-02-01,0.0,0.44
1043,2024-03-01,0.0,1.3
1043,2024-04-01,0.0,1.6
1043,2024-05-01,0.0,0.79
1044,2022-07-01,0.0,0.02
1044,2022-08-01,0.0,0.03
1045,2022-07-01,0.0,0.08
1045,2023-03-01,0.0,0.08
1045,2023-04-01,0.0,0.13
1045,2023-05-01,0.0,0.08
1045,2023-06-01,0.0,0.03
1045,2023-07-01,0.0,0.03
1045,2023-08-01,0.0,0.01
1045,2023-09-01,0.0,0.05
1045,2023-11-01,0.03,0.0
1046,2022-07-01,0.0,0.31
1046,2022-09-01,0.0,0.57
1047,2022-07-01,0.02,0.0
1048,2022-07-01,0.02,0.0
1048,2022-08-01,0.0,0.02
1048,2022-09-01,0.01,0.0
1049,2022-07-01,0.0,0.16
1049,2022-08-01,0.0,0.06
1049,2022-09-01,0.04,0.21
1049,2022-10-01,0.25,0.01
1049,2022-11-01,0.0,0.01
1049,2022-12-01,0.0,0.05
1050,2022-07-01,0.73,0.0
1050,2022-08-01,0.05,0.0
1051,2022-07-01,0.36,0.0
1051,2022-08-01,0.13,0.0
1051,2022-09-01,0.01,0.0
1051,2022-10-01,0.56,0.0
1052,2022-07-01,0.0,0.58
1053,2022-07-01,0.27,0.0
1054,2022-07-01,0.15,0.0
1054,2022-08-01,0.4,0.0
1054,2022-09-01,0.22,0.0
1055,2022-07-01,0.02,0.0
1056,2022-07-01,0.01,0.0
1057,2022-07-01,0.02,0.0
1057,2022-08-01,0.04,0.0
1058,2022-07-01,0.01,0.0
1059,2022-07-01,1.3,0.0
1059,2022-08-01,1.4,0.32
1059,2022-09-01,0.85,0.5
1059,2022-10-01,0.77,0.13
1059,2022-12-01,1.2,0.0
1060,2022-07-01,0.0,0.02
1060,2022-08-01,0.0,0.05
1060,2022-09-01,0.0,0.17
1060,2022-10-01,0.0,0.07
1060,2022-11-01,0.0,0.05
1060,2022-12-01,0.0,0.02
1060,2023-01-01,0.0,0.02
1060,2023-02-01,0.0,0.03
1061,2022-07-01,0.0,0.14
1062,2022-07-01,0.1,0.0
1063,2022-12-01,0.0,0.07
1063,2023-04-01,0.01,0.0
1063,2023-05-01,0.04,0.07
1063,2023-11-01,0.01,0.07
1063,2024-04-01,0.02,0.0
1063,2024-12-01,0.0,0.06
1064,2022-07-01,0.1,0.0
1064,2022-09-01,0.07,0.0
1064,2022-10-01,0.09,0.0
1064,2022-11-01,0.1,0.0
1064,2023-01-01,0.25,0.0
1064,2023-02-01,0.27,0.0
1064,2023-03-01,0.06,0.01
1064,2023-04-01,0.2,0.0
1064,2023-05-01,0.46,0.0
1064,2023-06-01,0.1,0.0
1064,2023-08-01,0.08,0.0
1064,2023-09-01,0.13,0.0
1064,2023-10-01,0.18,0.0
1064,2023-11-01,0.09,0.0
1064,2023-12-01,0.14,0.0
1064,2024-01-01,0.17,0.0
1064,2024-02-01,0.21,0.0
1064,2024-03-01,0.26,0.0
1064,2024-04-01,0.25,0.0
1064,2024-05-01,0.25,0.0
1064,2024-06-01,0.44,0.0
1064,2024-07-01,0.57,0.0
1064,2024-08-01,0.25,0.0
1064,2024-09-01,0.3,0.01
1064,2024-10-01,0.39,0.0
1064,2024-11-01,0.26,0.0
1064,2024-12-01,0.42,0.0
1065,2022-07-01,0.01,0.0
1066,2022-07-01,0.0,0.01
1066,2022-08-01,0.0,0.01
1067,2022-07-01,0.0,0.01
1067,2022-09-01,0.0,0.03
1067,2022-12-01,0.0,0.02
1067,2023-06-01,0.0,0.01
1067,2023-11-01,0.0,0.01
1067,2024-03-01,0.0,0.01
1067,2024-07-01,0.0,0.01
1067,2024-09-01,0.0,0.01
1068,2022-07-01,0.0,0.01
1069,2022-07-01,0.02,0.0
1069,2022-08-01,0.01,0.0
1069,2022-09-01,0.02,0.0
1069,2022-10-01,0.21,0.0
1069,2022-11-01,0.01,0.0
1069,2022-12-01,0.7,0.0
1069,2023-01-01,0.02,0.0
1069,2023-02-01,0.14,0.01
1069,2023-03-01,0.15,0.0
1070,2022-07-01,0.02,0.0
1071,2022-07-01,0.0,0.25
1072,2022-07-01,0.0,0.01
1073,2022-07-01,0.24,0.0
1073,2022-08-01,0.05,0.0
1073,2022-09-01,0.01,0.0
1073,2022-10-01,2.5,0.0
1073,2022-12-01,0.07,0.0
1073,2023-01-01,0.04,0.0
1074,2022-07-01,0.0,0.05
1075,2022-07-01,0.05,0.0
1076,2022-07-01,0.12,0.0
1076,2022-08-01,0.11,0.0
1077,2022-07-01,0.04,0.0
1077,2022-08-01,0.12,0.0
1077,2022-10-01,0.05,0.0
1077,2022-11-01,0.05,0.0
1077,2022-12-01,0.33,0.0
1077,2023-01-01,0.2,0.0
1077,2023-02-01,0.07,0.0
1077,2023-03-01,0.77,0.0
1078,2022-07-01,0.0,0.01
1078,2022-10-01,0.0,0.01
1078,2022-11-01,0.0,0.01
1078,2023-02-01,0.0,0.01
1078,2023-09-01,0.02,0.0
1078,2023-10-01,0.03,0.0
1079,2022-07-01,0.0,0.01
1080,2022-07-01,0.0,0.14
1081,2022-07-01,0.27,0.0
1082,2022-07-01,0.0,0.08
1083,2022-07-01,0.04,0.0
1083,2022-08-01,0.03,0.0
1084,2022-07-01,0.0,0.16
1085,2022-07-01,0.0,0.05
1085,2022-08-01,0.0,0.02
1085,2022-09-01,0.0,0.05
1085,2022-10-01,0.02,0.0
1086,2022-07-01,0.0,0.04
1086,2022-08-01,0.0,0.02
1087,2022-07-01,0.45,0.0
1087,2022-08-01,0.59,0.0
1088,2022-07-01,0.1,0.31
1089,2022-07-01,0.0,0.01
1089,2022-08-01,1.7,0.0
1090,2022-07-01,0.04,0.0
1090,2022-08-01,0.0,0.08
1091,2022-07-01,0.02,0.0
1091,2022-08-01,0.0,0.07
1091,2022-09-01,0.34,0.0
1091,2022-11-01,0.55,0.0
1091,2022-12-01,0.8,0.0
1091,2023-01-01,0.5,0.0
1092,2022-07-01,0.0,0.05
1093,2022-07-01,0.0,0.14
1094,2022-07-01,0.0,0.06
1094,2022-08-01,0.0,0.08
1094,2022-09-01,0.0,0.04
1095,2022-07-01,0.0,0.02
1096,2022-07-01,0.0,0.03
1097,2022-07-01,0.0,0.01
1098,2022-07-01,0.76,0.0
1098,2022-08-01,0.56,0.0
1098,2022-09-01,0.53,0.0
1099,2022-07-01,0.0,0.57
1099,2022-08-01,0.0,0.54
1100,2022-07-01,0.0,0.03
1101,2022-07-01,0.01,0.0
1101,2022-08-01,0.03,0.0
1101,2022-09-01,0.0,0.05
1101,2022-10-01,0.0,0.01
1101,2022-11-01,0.0,0.02
1102,2022-07-01,0.03,0.0
1103,2022-07-01,1.7,0.0
1103,2022-08-01,0.45,0.0
1103,2022-09-01,0.02,0.0
1103,2022-10-01,0.38,0.0
1103,2022-11-01,0.02,0.0
1103,2022-12-01,0.1,0.0
1103,2023-01-01,1.3,0.0
1103,2023-02-01,0.73,0.0
1103,2023-03-01,0.98,0.0
1103,2023-04-01,0.76,0.0
1103,2023-05-01,1.1,0.0
1103,2023-06-01,1.0,0.0
1103,2023-07-01,0.46,0.0
1103,2023-08-01,0.0,0.08
1103,2023-09-01,0.0,1.0
1104,2022-07-01,0.03,0.04
1104,2022-08-01,0.01,0.0
1104,2022-09-01,0.51,0.02
1104,2022-10-01,0.88,0.0
1104,2022-11-01,1.2,0.0
1104,2022-12-01,0.97,0.0
1105,2022-07-01,0.0,0.03
1106,2022-07-01,0.0,0.07
1107,2022-07-01,0.0,0.02
1107,2022-08-01,0.0,0.13
1107,2022-09-01,0.0,0.19
1108,2022-07-01,0.08,0.0
1108,2022-08-01,0.05,0.54
1108,2022-09-01,0.03,0.0
1108,2022-10-01,0.0,0.39
1108,2022-11-01,1.8,0.59
1108,2022-12-01,0.72,0.27
1108,2023-01-01,1.3,0.46
1108,2023-03-01,0.0,0.31
1108,2023-04-01,0.0,0.16
1108,2023-05-01,0.0,0.11
1108,2023-06-01,0.0,0.01
1108,2023-07-01,0.0,0.03
1108,2023-08-01,0.22,0.0
1108,2023-09-01,0.16,0.0
1108,2023-10-01,0.16,0.0
1109,2022-07-01,0.0,0.1
1110,2022-08-01,0.0,0.06
1110,2022-09-01,0.1,0.0
1110,2022-10-01,0.0,0.07
1110,2022-11-01,0.0,0.06
1110,2022-12-01,0.0,0.09
1110,2023-01-01,0.0,0.08
1110,2023-02-01,0.0,0.02
1110,2023-03-01,0.17,0.0
1111,2022-07-01,0.0,0.01
1111,2022-08-01,0.0,0.01
1111,2022-09-01,0.0,0.02
1112,2022-07-01,0.01,0.0
1112,2022-08-01,0.02,0.0
1112,2022-09-01,0.04,0.0
1112,2022-10-01,0.02,0.0
1112,2022-11-01,0.04,0.0
1113,2022-07-01,0.5,0.08
1113,2022-08-01,1.4,0.17
1113,2022-09-01,0.81,0.1
1113,2022-10-01,0.3,0.09
1113,2022-11-01,0.96,0.19
1113,2023-01-01,1.2,0.12
1113,2023-02-01,0.51,0.08
1113,2023-03-01,1.7,0.06
1113,2023-04-01,0.38,0.07
1113,2023-05-01,0.05,0.0
1113,2023-06-01,0.03,0.0
1113,2023-07-01,0.02,0.0
1113,2023-08-01,0.02,0.0
1114,2022-07-01,0.0,0.08
1114,2022-08-01,0.0,0.09
1114,2022-09-01,0.0,0.13
1114,2022-10-01,0.0,0.11
1114,2022-11-01,0.0,0.15
1115,2022-07-01,0.05,0.04
1116,2022-07-01,0.0,0.15
1116,2022-09-01,0.0,0.06
1116,2023-03-01,0.0,0.12
1116,2023-05-01,0.0,0.03
1116,2024-04-01,0.0,0.12
1116,2024-10-01,0.0,0.13
1117,2022-07-01,0.0,0.07
1117,2022-08-01,0.0,0.05
1118,2022-07-01,0.01,0.0
1119,2022-07-01,0.01,0.0
1119,2022-09-01,0.03,0.0
1119,2022-10-01,0.04,0.0
1119,2022-11-01,0.03,0.0
1119,2022-12-01,0.02,0.0
1119,2023-01-01,0.04,0.0
1119,2023-02-01,0.07,0.0
1119,2023-03-01,0.03,0.0
1119,2023-04-01,0.01,0.0
1119,2023-05-01,0.05,0.0
1119,2023-06-01,0.05,0.0
1119,2023-07-01,0.05,0.0
1119,2023-08-01,0.11,0.0
1119,2023-09-01,0.07,0.0
1119,2023-10-01,0.04,0.0
1119,2023-11-01,0.06,0.0
1119,2023-12-01,0.08,0.0
1119,2024-01-01,0.07,0.0
1119,2024-02-01,0.13,0.0
1119,2024-03-01,0.01,0.0
1119,2024-04-01,0.04,0.0
1119,2024-05-01,0.04,0.0
1119,2024-06-01,0.02,0.0
1119,2024-07-01,0.12,0.0
1119,2024-08-01,0.03,0.0
1119,2024-09-01,0.13,0.0
1119,2024-10-01,0.06,0.0
1119,2024-11-01,0.11,0.0
1120,2022-07-01,0.48,0.04
1120,2022-08-01,0.73,0.0
1120,2022-09-01,0.47,0.0
1120,2022-10-01,0.38,0.0
1120,2022-11-01,0.01,0.01
1120,2022-12-01,0.2,0.0
1120,2023-01-01,0.26,0.0
1120,2023-02-01,0.08,0.01
1120,2023-03-01,0.19,0.0
1120,2023-04-01,0.23,0.0
1120,2023-05-01,0.03,0.0
1120,2023-06-01,0.14,0.0
1120,2023-07-01,0.3,0.0
1120,2023-08-01,0.22,0.0
1120,2023-09-01,0.1,0.0
1120,2023-10-01,0.07,0.0
1120,2023-11-01,0.07,0.0
1121,2022-07-01,0.0,0.01
1121,2022-08-01,0.0,0.02
1122,2022-07-01,0.0,0.05
1122,2022-11-01,0.0,0.07
1122,2023-04-01,0.0,0.11
1122,2024-04-01,0.0,0.03
1123,2022-07-01,0.0,0.06
1123,2022-08-01,0.0,0.06
1123,2022-10-01,0.0,0.05
1123,2022-11-01,0.0,0.04
1123,2022-12-01,0.0,0.08
1123,2023-01-01,0.43,0.0
1123,2023-02-01,0.06,0.0
1123,2023-03-01,0.17,0.0
1123,2023-04-01,0.02,0.0
1123,2023-06-01,0.06,0.09
1124,2022-07-01,0.0,0.04
1124,2022-08-01,0.0,0.07
1124,2022-09-01,0.0,0.5
1124,2022-10-01,0.0,1.3
1125,2022-07-01,0.0,0.29
1125,2023-02-01,0.0,0.04
1125,2024-01-01,0.08,0.0
1126,2022-07-01,0.0,0.01
1126,2022-08-01,0.0,0.1
1126,2022-09-01,0.0,0.1
1126,2022-10-01,0.0,0.29
1126,2022-11-01,0.0,0.1
1127,2022-07-01,2.2,0.0
1127,2022-08-01,0.0,1.7
1128,2022-07-01,0.01,0.0
1129,2022-07-01,0.04,0.0
1130,2022-07-01,0.0,4.8
1131,2022-07-01,12.0,0.0
1132,2022-07-01,0.03,0.0
1132,2022-11-01,0.02,0.0
1132,2023-07-01,0.03,0.0
1133,2022-07-01,0.0,0.02
1134,2022-09-01,0.0,0.39
1134,2022-12-01,0.0,0.08
1134,2023-01-01,0.0,0.31
1134,2023-02-01,0.0,0.02
1134,2023-04-01,0.0,0.03
1134,2023-07-01,0.0,0.03
1134,2023-08-01,0.0,0.04
1134,2023-09-01,0.0,0.06
1134,2023-10-01,0.0,0.1
1135,2022-08-01,0.0,0.06
1135,2022-09-01,0.0,0.1
1135,2022-11-01,0.0,0.09
1135,2022-12-01,0.0,0.1
1135,2023-02-01,0.0,0.06
1135,2023-04-01,0.0,0.11
1135,2023-06-01,0.0,0.07
1136,2022-08-01,0.01,0.0
1136,2022-09-01,0.07,0.0
1136,2022-10-01,0.04,0.0
1136,2022-11-01,0.1,0.0
1136,2022-12-01,0.0,0.03
1136,2023-01-01,0.11,0.0
1137,2022-08-01,0.0,0.63
1138,2022-08-01,0.28,0.0
1138,2022-09-01,0.3,0.0
1138,2023-01-01,0.18,0.0
1138,2023-02-01,0.27,0.0
1138,2023-04-01,0.55,0.0
1138,2023-05-01,0.0,1.2
1138,2023-06-01,0.0,1.7
1138,2023-07-01,0.0,0.94
1138,2023-08-01,0.0,0.66
1138,2023-09-01,0.0,0.94
1138,2023-10-01,0.0,0.92
1138,2023-11-01,0.0,0.95
1138,2023-12-01,0.0,1.3
1138,2024-01-01,0.0,0.76
1138,2024-02-01,0.02,0.0
1138,2024-03-01,0.09,0.0
1139,2022-08-01,0.0,0.16
1140,2022-08-01,0.0,0.03
1141,2022-09-01,0.05,0.0
1141,2022-10-01,0.06,0.0
1141,2022-11-01,0.16,0.0
1141,2022-12-01,0.0,0.05
1142,2022-08-01,0.06,0.0
1142,2022-09-01,0.26,0.0
1143,2022-08-01,0.0,0.11
1144,2022-08-01,0.0,0.4
1144,2022-09-01,0.0,0.27
1144,2022-10-01,0.0,0.18
1144,2022-11-01,0.0,0.18
1144,2022-12-01,0.0,0.36
1144,2023-01-01,0.0,0.27
1144,2023-02-01,0.0,0.3
1144,2023-03-01,0.0,0.38
1144,2023-04-01,0.0,0.1
1144,2023-05-01,0.0,0.11
1144,2023-06-01,0.09,0.01
1144,2023-07-01,0.11,0.01
1144,2023-08-01,0.0,0.03
1145,2022-08-01,1.8,0.06
1146,2022-08-01,0.0,0.01
1147,2022-08-01,0.02,0.0
1147,2022-09-01,0.01,0.0
1147,2022-10-01,0.01,0.0
1148,2022-08-01,0.0,0.01
1149,2022-08-01,0.03,0.0
1149,2022-09-01,0.08,0.0
1149,2022-10-01,0.14,0.03
1149,2022-11-01,0.0,0.07
1149,2022-12-01,0.14,0.0
1149,2023-01-01,0.21,0.01
1149,2023-02-01,0.35,0.0
1149,2023-03-01,0.2,0.04
1149,2023-04-01,0.33,0.04
1149,2023-05-01,0.36,0.06
1149,2023-06-01,0.31,0.0
1149,2023-07-01,0.23,0.0
1149,2023-08-01,0.2,0.04
1149,2023-09-01,0.18,0.03
1149,2023-10-01,0.15,0.0
1149,2023-11-01,0.19,0.02
1149,2023-12-01,0.26,0.06
1150,2022-08-01,0.0,0.05
1150,2022-09-01,0.0,0.05
1150,2023-05-01,0.0,0.03
1150,2023-06-01,0.0,0.15
1150,2024-05-01,0.0,0.09
1151,2022-08-01,0.02,0.0
1152,2022-08-01,0.45,0.0
1152,2022-09-01,0.43,0.0
1152,2022-10-01,0.25,0.0
1152,2022-11-01,0.37,0.0
1153,2022-08-01,0.11,0.05
1153,2022-09-01,0.02,0.05
1153,2022-10-01,0.1,0.06
1153,2022-11-01,0.01,0.16
1153,2022-12-01,0.3,0.0
1153,2023-01-01,1.2,0.0
1153,2023-02-01,0.02,0.0
1154,2022-08-01,0.0,0.03
1155,2022-08-01,0.0,0.09
1156,2022-08-01,3.1,1.4
1156,2022-09-01,0.74,1.8
1156,2022-10-01,2.2,1.0
1156,2022-11-01,2.6,1.6
1156,2022-12-01,1.3,0.93
1156,2023-01-01,2.0,0.6
1156,2023-02-01,0.97,0.51
1156,2023-03-01,1.1,1.0
1156,2023-04-01,1.8,1.7
1156,2023-05-01,1.4,1.7
1156,2023-06-01,1.7,1.5
1156,2023-07-01,1.1,1.1
1156,2023-08-01,2.2,1.4
1156,2023-09-01,0.71,1.5
1156,2023-10-01,1.6,1.6
1156,2023-11-01,1.5,1.2
1156,2023-12-01,0.6,1.8
1156,2024-01-01,1.9,1.2
1156,2024-02-01,0.62,0.87
1156,2024-03-01,0.88,0.52
1156,2024-04-01,0.96,0.68
1156,2024-05-01,0.87,1.3
1156,2024-06-01,1.3,1.5
1156,2024-07-01,2.3,1.6
1156,2024-08-01,1.5,1.6
1156,2024-09-01,0.64,0.66
1156,2024-10-01,0.86,0.4
1156,2024-11-01,0.97,1.6
1156,2024-12-01,2.3,2.0
1157,2022-08-01,0.0,0.03
1157,2022-09-01,0.0,0.48
1158,2022-08-01,0.0,0.01
1158,2022-09-01,0.0,0.01
1158,2022-10-01,0.03,0.01
1158,2022-11-01,0.0,0.02
1159,2022-08-01,0.0,0.01
1159,2022-09-01,0.03,0.0
1159,2022-10-01,0.06,0.0
1159,2022-11-01,0.1,0.0
1159,2023-01-01,0.4,0.0
1159,2023-02-01,0.58,0.05
1159,2023-03-01,0.03,0.0
1159,2023-04-01,0.05,0.0
1159,2023-05-01,0.0,0.71
1159,2023-06-01,0.06,0.0
1159,2023-07-01,0.08,0.0
1159,2023-08-01,0.03,0.0
1159,2023-09-01,0.05,0.0
1159,2023-10-01,0.03,0.0
1159,2023-11-01,0.09,0.0
1159,2023-12-01,0.05,0.0
1159,2024-01-01,0.1,0.0
1159,2024-02-01,0.02,0.0
1159,2024-03-01,0.04,0.0
1159,2024-04-01,0.02,0.0
1159,2024-05-01,0.04,0.0
1159,2024-06-01,0.05,0.0
1159,2024-07-01,0.1,0.01
1159,2024-08-01,0.26,0.02
1160,2022-08-01,0.01,0.0
1161,2022-08-01,0.0,0.06
1162,2022-08-01,0.0,0.02
1162,2022-09-01,0.0,0.01
1162,2022-10-01,0.0,0.03
1163,2022-08-01,0.04,0.0
1163,2022-09-01,22.0,0.02
1163,2022-10-01,30.0,0.02
1163,2022-11-01,27.0,0.37
1163,2022-12-01,0.0,0.37
1164,2022-08-01,28.0,0.03
1165,2022-08-01,0.93,0.0
1165,2022-09-01,1.1,0.01
1165,2022-10-01,1.4,0.0
1165,2022-11-01,1.2,0.0
1165,2022-12-01,0.63,0.01
1165,2023-01-01,1.2,0.0
1165,2023-02-01,1.1,0.0
1165,2023-03-01,1.0,0.0
1165,2023-04-01,1.4,0.01
1165,2023-06-01,1.3,0.0
1166,2022-09-01,0.0,0.29
1166,2022-10-01,0.0,0.23
1166,2022-11-01,0.0,0.35
1166,2022-12-01,0.0,0.04
1166,2023-01-01,0.0,0.27
1167,2022-08-01,0.0,0.02
1167,2022-10-01,0.0,0.23
1167,2022-11-01,0.0,0.21
1167,2023-01-01,0.0,0.31
1167,2023-02-01,0.0,0.12
1167,2023-03-01,0.0,0.08
1167,2023-04-01,0.0,0.04
1167,2024-05-01,0.0,0.05
1167,2024-06-01,0.0,0.04
1167,2024-10-01,0.0,0.05
1168,2022-08-01,0.0,0.35
1168,2022-09-01,0.0,0.44
1169,2022-08-01,0.15,0.01
1170,2022-08-01,0.0,0.01
1170,2022-09-01,0.0,0.01
1171,2022-08-01,0.13,0.0
1171,2022-09-01,0.06,0.0
1171,2022-10-01,0.0,0.32
1171,2022-11-01,0.62,0.0
1172,2022-08-01,0.0,0.03
1172,2022-09-01,0.0,0.08
1172,2022-10-01,0.0,0.01
1172,2022-11-01,0.0,0.02
1172,2022-12-01,0.0,0.06
1172,2023-01-01,0.0,0.02
1172,2023-02-01,0.0,0.08
1172,2023-03-01,0.0,0.1
1172,2023-04-01,0.0,0.01
1172,2023-05-01,0.0,0.03
1172,2023-06-01,0.0,0.02
1172,2023-07-01,0.0,0.03
1172,2023-08-01,0.02,0.06
1172,2023-09-01,0.0,0.06
1173,2022-08-01,0.05,0.05
1174,2022-09-01,0.0,2.5
1174,2022-10-01,0.0,0.25
1174,2022-11-01,0.0,0.02
1174,2022-12-01,0.0,0.02
1174,2023-01-01,0.0,0.02
1174,2023-02-01,0.0,0.01
1174,2023-03-01,0.0,0.07
1174,2023-04-01,0.0,0.08
1174,2023-05-01,0.0,0.08
1174,2023-06-01,0.0,0.03
1174,2023-07-01,0.0,0.01
1174,2023-08-01,0.0,0.05
1174,2023-09-01,0.0,0.04
1174,2023-10-01,0.0,0.04
1174,2023-11-01,0.0,0.01
1174,2023-12-01,0.12,0.31
1174,2024-01-01,0.14,0.02
1175,2022-08-01,0.0,0.01
1175,2022-09-01,0.0,0.05
1175,2022-10-01,0.0,0.01
1175,2022-11-01,0.0,0.05
1175,2022-12-01,0.0,0.01
1175,2023-01-01,0.0,0.05
1175,2023-02-01,0.0,0.01
1175,2023-03-01,0.0,0.06
1175,2023-04-01,0.0,0.06
1175,2023-05-01,0.2,0.0
1175,2023-06-01,0.11,0.01
1176,2022-08-01,0.05,0.0
1177,2022-08-01,0.0,0.03
1178,2022-08-01,0.0,0.04
1179,2022-08-01,0.31,0.0
1180,2022-08-01,0.33,0.0
1181,2022-08-01,0.06,0.0
1181,2022-09-01,0.04,0.0
1181,2022-10-01,0.04,0.0
1181,2022-11-01,0.04,0.0
1182,2022-08-01,0.63,0.0
1182,2022-09-01,1.1,0.0
1182,2022-10-01,0.92,0.0
1182,2022-11-01,0.03,0.0
1182,2022-12-01,1.5,4.5
1182,2023-01-01,0.04,0.0
1182,2023-02-01,0.03,0.0
1182,2023-03-01,0.03,0.5
1182,2023-04-01,0.05,0.0
1182,2023-05-01,2.0,0.53
1182,2023-06-01,0.01,0.37
1182,2023-07-01,0.23,0.39
1182,2023-08-01,0.02,0.19
1182,2023-09-01,0.01,0.5
1182,2023-10-01,0.0,0.38
1182,2023-11-01,0.05,0.25
1182,2024-01-01,1.5,0.47
1182,2024-02-01,0.39,0.06
1182,2024-03-01,0.78,0.0
1182,2024-04-01,0.84,0.08
1182,2024-05-01,0.59,0.0
1183,2022-08-01,0.0,0.01
1184,2022-08-01,0.0,0.15
1185,2022-08-01,0.0,0.04
1185,2022-09-01,0.04,0.04
1185,2022-10-01,0.0,0.28
1185,2022-11-01,0.01,0.0
1185,2022-12-01,0.0,0.33
1185,2023-01-01,0.0,0.01
1185,2023-02-01,0.0,0.02
1185,2023-03-01,0.0,0.16
1185,2023-04-01,0.01,0.0
1186,2022-08-01,0.0,0.14
1187,2022-08-01,0.0,0.01
1188,2022-08-01,0.0,0.09
1188,2022-10-01,0.0,0.02
1188,2022-11-01,0.0,0.08
1188,2023-01-01,0.0,0.07
1188,2023-02-01,0.0,0.02
1188,2023-03-01,0.0,0.07
1188,2023-04-01,0.06,0.0
1188,2023-05-01,0.0,0.07
1188,2023-06-01,0.0,0.09
1188,2023-08-01,0.0,0.13
1188,2023-09-01,0.0,0.02
1188,2023-10-01,0.0,0.12
1188,2023-12-01,0.0,0.03
1188,2024-01-01,0.0,0.03
1188,2024-04-01,0.0,0.06
1188,2024-05-01,0.0,0.03
1188,2024-07-01,0.0,0.03
1189,2022-08-01,0.0,0.15
1190,2022-08-01,0.05,0.0
1190,2022-09-01,0.06,0.0
1190,2022-10-01,0.07,0.0
1190,2022-12-01,0.01,0.0
1190,2023-01-01,0.01,0.0
1190,2023-02-01,0.03,0.0
1190,2023-03-01,0.01,0.01
1190,2023-04-01,0.01,0.0
1190,2023-07-01,0.04,0.0
1190,2023-08-01,0.06,0.0
1191,2022-08-01,0.0,0.01
1192,2022-08-01,0.0,0.46
1192,2022-09-01,0.0,0.12
1192,2022-10-01,0.0,0.13
1193,2022-08-01,0.0,0.01
1193,2022-09-01,0.0,0.26
1193,2022-10-01,0.0,0.36
1193,2022-11-01,0.0,0.05
1193,2022-12-01,0.0,0.01
1194,2022-08-01,0.07,0.0
1194,2022-09-01,0.0,0.01
1194,2022-10-01,0.13,0.0
1194,2022-11-01,0.17,0.0
1194,2022-12-01,0.07,0.0
1194,2023-01-01,0.0,0.06
1194,2023-02-01,0.0,0.16
1194,2023-03-01,0.0,0.09
1194,2023-04-01,0.0,0.04
1194,2023-05-01,0.0,0.08
1194,2023-06-01,0.0,0.13
1194,2023-07-01,0.0,0.09
1194,2023-08-01,0.0,0.12
1194,2023-09-01,0.0,0.15
1194,2023-10-01,0.0,0.15
1194,2023-11-01,0.0,0.16
1194,2023-12-01,0.14,0.0
1194,2024-01-01,0.13,0.0
1194,2024-02-01,0.07,0.0
1194,2024-03-01,0.27,0.0
1194,2024-04-01,0.0,0.15
1194,2024-05-01,0.0,0.03
1194,2024-06-01,0.0,0.09
1194,2024-07-01,0.24,0.0
1194,2024-08-01,0.16,0.0
1194,2024-09-01,0.15,0.0
1194,2024-10-01,0.27,0.0
1194,2024-11-01,0.16,0.0
1195,2022-08-01,2.1,0.0
1195,2022-09-01,2.0,0.0
1195,2022-10-01,0.2,0.0
1195,2022-11-01,0.04,0.0
1196,2022-08-01,0.0,0.06
1196,2022-09-01,0.0,0.13
1196,2022-10-01,0.0,0.01
1197,2022-08-01,0.0,0.25
1198,2022-08-01,0.0,0.05
1198,2022-09-01,0.0,0.03
1198,2022-10-01,0.0,0.02
1198,2022-11-01,0.0,0.01
1198,2022-12-01,0.0,0.02
1198,2023-02-01,0.0,0.02
1198,2023-03-01,0.0,0.08
1198,2023-04-01,0.01,0.03
1198,2023-05-01,0.0,0.02
1198,2023-06-01,0.0,0.02
1198,2023-08-01,0.0,0.01
1198,2023-09-01,0.0,0.01
1198,2023-12-01,0.0,0.05
1198,2024-01-01,0.0,0.09
1198,2024-03-01,0.0,0.02
1198,2024-04-01,0.0,0.08
1198,2024-05-01,0.0,0.05
1198,2024-06-01,0.0,0.06
1198,2024-07-01,0.0,0.09
1198,2024-08-01,0.0,0.05
1198,2024-09-01,0.0,0.02
1198,2024-10-01,0.0,0.03
1198,2024-11-01,0.0,0.01
1198,2024-12-01,0.0,0.06
1199,2022-08-01,2.5,0.0
1200,2022-08-01,0.0,4.0
1200,2022-09-01,0.0,1.3
1200,2022-10-01,0.84,0.0
1201,2022-08-01,0.0,0.54
1201,2022-09-01,0.0,0.42
1201,2022-10-01,0.0,0.68
1201,2022-11-01,0.0,0.72
1201,2022-12-01,0.0,0.71
1201,2023-01-01,0.0,0.61
1201,2023-02-01,0.0,0.8
1202,2022-08-01,0.0,7.4
1202,2023-06-01,0.0,7.0
1202,2023-09-01,0.0,6.5
1202,2024-03-01,0.0,4.7
1203,2022-08-01,0.0,0.22
1204,2022-09-01,0.0,0.03
1204,2022-10-01,0.0,0.02
1205,2022-09-01,0.0,0.04
1206,2022-09-01,0.4,0.39
1206,2022-10-01,1.1,0.98
1206,2022-11-01,0.0,0.01
1206,2022-12-01,0.0,0.02
1206,2023-01-01,0.0,0.03
1206,2023-02-01,0.0,0.07
1206,2023-03-01,0.0,0.1
1206,2023-04-01,0.0,0.01
1206,2023-06-01,0.0,0.06
1207,2022-09-01,0.0,0.02
1208,2022-09-01,0.04,0.04
1209,2022-09-01,0.0,0.13
1209,2022-10-01,0.0,0.05
1209,2022-11-01,0.19,0.0
1209,2022-12-01,0.0,0.04
1210,2022-09-01,0.0,0.08
1211,2022-09-01,0.15,0.0
1212,2022-09-01,0.18,0.0
1213,2022-09-01,0.0,0.08
1214,2022-09-01,0.0,0.07
1214,2022-10-01,0.0,0.04
1214,2022-11-01,0.0,0.04
1214,2022-12-01,0.0,0.11
1214,2023-01-01,0.0,0.02
1214,2023-02-01,0.0,0.02
1214,2023-03-01,0.11,0.05
1214,2023-04-01,0.53,0.21
1214,2023-05-01,0.51,0.42
1214,2023-06-01,0.0,0.01
1214,2023-07-01,0.0,0.03
1214,2023-08-01,0.0,0.02
1214,2023-09-01,0.0,0.01
1214,2023-10-01,0.0,0.02
1214,2023-11-01,0.0,0.03
1214,2023-12-01,0.0,0.03
1214,2024-01-01,0.0,0.02
1214,2024-02-01,0.0,0.03
1214,2024-03-01,0.0,0.03
1214,2024-04-01,0.0,0.01
1214,2024-05-01,0.0,0.01
1215,2022-09-01,0.78,0.0
1215,2022-10-01,0.53,0.0
1215,2022-11-01,0.87,0.0
1216,2022-09-01,0.01,0.0
1217,2022-09-01,0.0,0.06
1217,2022-10-01,0.06,0.0
1217,2022-11-01,0.0,0.29
1217,2022-12-01,0.0,0.04
1217,2023-01-01,0.0,0.05
1217,2023-02-01,0.0,0.12
1217,2023-03-01,0.0,0.23
1217,2023-04-01,0.0,0.11
1217,2023-05-01,0.0,0.23
1217,2023-06-01,0.0,0.2
1217,2023-07-01,0.0,0.3
1217,2023-08-01,0.0,0.13
1217,2023-09-01,0.0,0.26
1217,2023-10-01,0.08,0.03
1217,2023-11-01,0.03,0.0
1218,2022-09-01,0.1,1.6
1218,2022-10-01,0.01,0.16
1218,2022-11-01,0.1,0.0
1218,2022-12-01,0.0,0.01
1218,2023-01-01,0.74,0.0
1219,2022-09-01,0.21,0.0
1219,2022-10-01,0.68,0.0
1219,2022-11-01,0.0,0.76
1219,2022-12-01,0.66,0.27
1220,2022-09-01,3.5,0.57
1220,2022-10-01,3.6,0.95
1220,2022-11-01,4.9,0.94
1220,2022-12-01,4.9,0.86
1220,2023-01-01,3.4,0.78
1220,2023-02-01,2.9,0.3
1220,2023-03-01,0.02,0.22
1220,2023-04-01,0.0,0.17
1220,2023-05-01,0.88,0.0
1220,2023-06-01,0.4,0.21
1220,2023-07-01,0.0,0.17
1220,2023-08-01,0.0,0.23
1220,2023-09-01,0.0,0.18
1220,2023-10-01,0.0,0.12
1220,2023-11-01,0.68,0.25
1220,2023-12-01,0.28,0.25
1220,2024-01-01,0.0,0.3
1220,2024-02-01,0.0,0.22
1220,2024-03-01,0.0,0.17
1220,2024-04-01,0.0,0.24
1220,2024-05-01,0.0,0.15
1220,2024-06-01,0.13,0.0
1220,2024-08-01,8.8,0.08
1220,2024-09-01,0.02,0.0
1220,2024-10-01,1.2,0.0
1220,2024-11-01,0.86,0.0
1221,2022-09-01,1.5,0.44
1221,2022-10-01,0.85,0.85
1221,2022-11-01,0.09,0.08
1221,2022-12-01,0.08,0.47
1221,2023-01-01,0.01,0.31
1221,2023-02-01,0.19,0.67
1221,2023-03-01,0.01,0.38
1221,2023-05-01,0.0,0.01
1221,2023-06-01,9.9,0.76
1221,2023-07-01,0.25,0.0
1221,2023-08-01,0.06,0.6
1221,2023-09-01,1.1,0.17
1221,2023-10-01,0.19,0.3
1221,2023-11-01,0.0,0.01
1221,2023-12-01,0.05,0.28
1221,2024-01-01,1.9,0.34
1221,2024-02-01,0.8,0.49
1221,2024-03-01,0.05,0.56
1221,2024-04-01,0.0,0.46
1221,2024-05-01,0.04,0.51
1221,2024-06-01,0.75,0.0
1221,2024-07-01,0.0,0.01
1222,2022-09-01,0.0,0.32
1222,2022-11-01,0.0,0.01
1222,2024-01-01,0.0,0.03
1222,2024-03-01,0.0,0.02
1223,2022-09-01,0.07,0.0
1223,2022-10-01,0.02,0.0
1224,2022-09-01,0.02,0.0
1224,2022-11-01,0.01,0.0
1224,2022-12-01,0.0,0.36
1224,2023-01-01,0.0,0.18
1225,2022-09-01,0.01,0.0
1225,2022-10-01,0.02,0.0
1225,2022-11-01,0.01,0.0
1225,2022-12-01,0.01,0.0
1226,2022-09-01,0.12,0.0
1227,2022-09-01,1.2,0.56
1228,2022-09-01,0.01,0.0
1229,2022-09-01,0.22,0.06
1229,2022-10-01,0.18,0.03
1229,2022-11-01,0.18,0.04
1229,2022-12-01,0.19,0.04
1229,2023-01-01,0.77,0.11
1229,2023-02-01,0.83,0.0
1229,2023-03-01,1.4,0.46
1229,2023-04-01,1.2,0.07
1229,2023-05-01,0.93,0.1
1229,2023-06-01,0.88,0.42
1229,2023-07-01,0.72,0.0
1229,2023-08-01,1.3,0.52
1229,2023-09-01,1.2,0.0
1229,2023-10-01,0.89,0.0
1229,2023-11-01,0.43,0.0
1229,2023-12-01,1.1,0.0
1229,2024-01-01,0.48,0.42
1229,2024-02-01,0.99,0.0
1229,2024-03-01,0.82,0.0
1229,2024-04-01,0.79,0.42
1230,2022-09-01,0.14,0.0
1230,2022-10-01,0.15,0.0
1230,2022-11-01,0.09,0.0
1231,2022-09-01,0.28,0.31
1231,2022-10-01,0.0,0.34
1231,2022-11-01,0.0,0.21
1231,2022-12-01,0.0,0.02
1231,2023-01-01,0.0,0.18
1231,2023-02-01,0.15,0.25
1231,2023-03-01,0.0,0.65
1231,2023-04-01,0.0,0.3
1231,2023-05-01,0.49,0.03
1232,2022-09-01,0.0,0.06
1232,2022-11-01,0.0,0.01
1232,2023-04-01,0.0,0.05
1232,2023-08-01,0.0,0.05
1232,2024-03-01,0.0,0.09
1232,2024-08-01,0.0,0.05
1233,2022-09-01,0.0,0.01
1233,2022-10-01,0.1,0.0
1234,2022-09-01,1.0,2.2
1235,2022-09-01,0.03,0.0
1235,2022-10-01,0.03,0.0
1236,2022-09-01,0.0,3.3
1236,2022-10-01,0.0,1.9
1236,2022-11-01,0.0,0.01
1236,2022-12-01,0.0,0.84
1236,2023-01-01,0.0,0.01
1236,2023-02-01,0.0,1.1
1237,2022-09-01,0.0,0.02
1237,2022-10-01,0.0,0.09
1237,2022-11-01,0.0,0.01
1237,2022-12-01,0.0,0.01
1237,2023-02-01,0.0,0.06
1238,2022-09-01,0.0,0.03
1239,2022-09-01,0.36,0.0
1239,2022-10-01,0.33,0.0
1239,2022-11-01,0.04,0.0
1240,2022-09-01,0.13,0.0
1241,2022-09-01,0.0,0.47
1241,2022-10-01,0.0,0.24
1241,2022-11-01,0.0,0.37
1241,2022-12-01,0.0,0.22
1241,2023-02-01,0.0,0.74
1241,2023-03-01,0.0,0.29
1241,2023-04-01,0.0,0.24
1241,2023-05-01,0.0,0.5
1241,2023-06-01,0.0,0.53
1241,2023-07-01,0.0,0.14
1241,2023-08-01,0.0,0.29
1241,2023-09-01,0.0,0.27
1242,2022-09-01,0.15,0.0
1242,2022-10-01,0.01,0.0
1243,2022-09-01,0.0,0.07
1243,2022-10-01,0.0,0.03
1244,2022-09-01,0.0,0.05
1245,2022-09-01,0.15,0.04
1245,2022-10-01,0.11,0.05
1245,2022-11-01,0.05,0.02
1245,2022-12-01,0.0,0.08
1245,2023-01-01,0.0,0.01
1245,2023-02-01,0.0,0.01
1246,2022-09-01,0.61,0.0
1247,2022-09-01,0.02,0.0
1248,2022-09-01,0.03,0.0
1249,2022-09-01,0.0,0.01
1250,2022-09-01,0.02,0.0
1250,2022-10-01,0.02,0.0
1250,2023-04-01,0.01,0.0
1250,2023-05-01,0.04,0.0
1251,2022-09-01,0.0,0.01
1252,2022-09-01,0.0,0.01
1253,2022-09-01,0.0,0.07
1253,2022-10-01,0.0,0.17
1253,2022-11-01,0.0,0.11
1253,2022-12-01,0.0,0.23
1254,2022-09-01,0.49,0.28
1254,2022-10-01,0.02,0.0
1254,2022-11-01,0.02,0.0
1255,2022-09-01,0.55,0.0
1255,2022-10-01,0.03,0.0
1255,2022-11-01,0.08,0.0
1255,2022-12-01,0.03,0.0
1255,2023-01-01,0.07,0.0
1255,2023-02-01,0.05,0.0
1255,2023-03-01,0.49,0.0
1255,2023-04-01,0.01,0.0
1255,2023-05-01,0.0,0.01
1255,2023-06-01,0.0,0.02
1256,2022-09-01,0.01,0.0
1257,2022-09-01,0.0,0.22
1258,2022-09-01,0.0,0.03
1258,2022-10-01,0.0,0.02
1258,2022-11-01,0.0,0.03
1258,2022-12-01,0.0,0.03
1258,2023-01-01,0.0,0.03
1258,2023-02-01,0.0,0.01
1258,2023-03-01,0.0,0.03
1259,2022-09-01,0.05,0.02
1259,2022-10-01,0.05,0.0
1259,2022-11-01,0.03,0.0
1260,2022-09-01,0.0,0.02
1261,2022-09-01,0.0,0.02
1261,2022-10-01,0.0,0.09
1261,2022-11-01,0.0,0.06
1261,2022-12-01,0.0,0.18
1261,2023-01-01,0.04,0.0
1262,2022-09-01,0.0,1.6
1263,2022-10-01,0.0,0.31
1263,2022-11-01,0.0,0.25
1263,2022-12-01,0.0,0.26
1263,2023-01-01,0.0,0.42
1263,2023-02-01,0.0,0.15
1264,2022-09-01,0.0,0.01
1264,2022-10-01,0.0,0.01
1265,2022-09-01,0.23,0.0
1265,2022-10-01,0.0,0.34
1265,2022-11-01,0.86,0.18
1265,2022-12-01,0.84,0.34
1265,2023-01-01,0.03,0.4
1265,2023-02-01,1.7,0.23
1265,2023-03-01,0.0,0.33
1265,2023-04-01,0.65,0.0
1265,2023-05-01,0.07,0.56
1265,2023-06-01,0.64,0.2
1265,2023-07-01,0.57,0.15
1265,2023-08-01,0.86,0.62
1265,2023-09-01,1.0,0.0
1265,2023-10-01,0.07,0.52
1266,2022-09-01,0.0,0.08
1266,2022-10-01,0.01,0.04
1266,2022-11-01,0.0,0.08
1267,2022-09-01,0.0,0.06
1268,2022-09-01,0.13,0.0
1268,2022-10-01,0.05,0.0
1268,2022-11-01,0.02,0.0
1268,2022-12-01,0.0,0.03
1269,2022-09-01,0.01,0.0
1269,2022-10-01,0.02,0.0
1270,2022-09-01,0.07,0.0
1270,2022-10-01,0.11,0.0
1271,2022-09-01,0.0,0.02
1271,2022-10-01,0.01,0.06
1271,2022-11-01,0.04,0.03
1271,2023-01-01,0.04,0.0
1271,2023-02-01,0.05,0.0
1271,2023-03-01,0.06,0.0
1272,2022-09-01,0.11,0.0
1272,2023-05-01,0.05,0.0
1272,2023-12-01,0.01,0.0
1272,2024-02-01,0.01,0.0
1272,2024-03-01,0.01,0.0
1272,2024-06-01,0.01,0.0
1272,2024-09-01,0.02,0.0
1272,2024-10-01,0.02,0.0
1272,2024-12-01,0.01,0.0
1273,2022-10-01,0.16,0.24
1273,2022-11-01,0.32,0.13
1273,2022-12-01,0.15,0.36
1273,2023-01-01,0.0,0.3
1273,2023-02-01,0.81,0.55
1274,2022-09-01,0.0,0.07
1275,2022-09-01,0.0,0.03
1276,2022-09-01,0.32,0.02
1276,2022-10-01,0.0,0.01
1276,2022-11-01,0.05,0.0
1276,2022-12-01,0.32,0.0
1276,2023-01-01,0.0,0.04
1277,2022-09-01,0.0,0.01
1278,2022-09-01,0.01,0.0
1279,2022-09-01,0.0,0.22
1279,2022-10-01,0.0,0.22
1279,2022-11-01,0.0,0.16
1280,2022-09-01,0.01,0.0
1281,2022-09-01,0.0,0.13
1281,2022-10-01,0.0,0.09
1281,2022-11-01,0.0,0.1
1281,2022-12-01,0.0,0.01
1281,2023-01-01,0.0,0.01
1282,2022-09-01,0.0,0.02
1282,2022-10-01,0.0,0.11
1282,2022-11-01,0.0,0.09
1282,2022-12-01,0.0,0.07
1283,2022-09-01,0.0,0.41
1283,2022-10-01,0.0,0.26
1283,2022-11-01,0.0,0.24
1283,2022-12-01,0.0,0.23
1284,2022-09-01,0.0,0.02
1285,2022-09-01,0.06,0.01
1285,2022-10-01,0.02,0.0
1285,2022-11-01,0.01,0.02
1285,2022-12-01,0.01,0.0
1286,2022-09-01,0.0,0.01
1287,2022-09-01,0.02,0.0
1287,2022-10-01,0.05,0.0
1287,2022-11-01,0.02,0.0
1287,2022-12-01,0.01,0.0
1287,2023-02-01,0.03,0.0
1287,2023-03-01,0.06,0.0
1287,2023-04-01,0.01,0.0
1287,2023-05-01,0.02,0.0
1287,2023-06-01,0.02,0.0
1288,2022-09-01,0.01,0.0
1289,2022-09-01,0.0,0.04
1289,2022-10-01,0.0,0.04
1289,2022-11-01,0.0,0.04
1290,2022-09-01,0.0,0.36
1290,2022-11-01,0.0,1.7
1290,2022-12-01,0.0,1.4
1290,2023-01-01,0.0,0.98
1290,2023-02-01,0.0,1.1
1290,2023-03-01,0.0,1.8
1290,2023-04-01,0.0,0.48
1290,2023-05-01,0.0,0.89
1290,2023-06-01,0.0,1.2
1290,2023-07-01,0.0,0.48
1290,2023-08-01,0.0,0.46
1290,2023-09-01,0.0,0.01
1290,2023-10-01,0.0,0.12
1290,2023-11-01,0.0,0.18
1290,2023-12-01,0.0,0.13
1290,2024-01-01,0.0,0.15
1290,2024-02-01,0.0,0.03
1290,2024-03-01,0.0,0.06
1290,2024-04-01,0.0,0.05
1290,2024-05-01,0.0,0.05
1290,2024-06-01,0.0,0.01
1290,2024-07-01,0.0,0.03
1290,2024-08-01,0.0,0.03
1290,2024-09-01,0.0,0.01
1290,2024-10-01,0.0,0.04
1290,2024-11-01,0.0,0.07
1291,2022-09-01,0.03,0.0
1292,2022-09-01,0.0,0.03
1293,2022-09-01,0.0,0.22
1294,2022-09-01,0.09,0.01
1295,2022-09-01,0.65,0.04
1295,2022-10-01,0.6,0.0
1295,2022-11-01,0.28,0.0
1295,2022-12-01,0.49,0.01
1295,2023-01-01,0.44,0.02
1295,2023-02-01,0.28,0.0
1295,2023-03-01,0.08,0.0
1295,2023-04-01,0.04,0.0
1296,2022-09-01,0.06,0.0
1296,2024-08-01,0.02,0.0
1296,2024-10-01,0.0,0.29
1297,2022-09-01,0.0,0.09
1297,2022-11-01,0.0,0.28
1297,2022-12-01,0.0,0.44
1297,2023-01-01,0.0,0.12
1297,2023-02-01,0.0,0.98
1298,2022-09-01,0.18,0.05
1298,2022-10-01,0.05,0.25
1298,2022-11-01,0.08,2.1
1298,2022-12-01,0.08,0.9
1298,2023-01-01,0.02,0.85
1298,2023-02-01,0.05,0.54
1298,2023-03-01,0.0,1.1
1298,2023-05-01,0.12,0.15
1298,2023-06-01,0.07,1.1
1298,2023-07-01,0.06,1.0
1298,2023-08-01,0.2,0.29
1298,2023-09-01,0.09,1.5
1298,2023-10-01,0.13,0.13
1298,2023-11-01,0.23,0.39
1298,2023-12-01,0.16,0.89
1298,2024-01-01,0.1,0.54
1298,2024-02-01,0.03,0.37
1299,2022-09-01,0.0,0.02
1300,2022-09-01,0.0,0.04
1300,2022-11-01,0.0,0.03
1300,2022-12-01,0.0,0.03
1300,2023-02-01,0.0,0.05
1301,2022-09-01,11.0,0.0
1302,2022-09-01,0.0,0.04
1302,2023-09-01,0.0,0.01
1302,2024-02-01,0.0,0.01
1303,2022-10-01,0.0,0.05
1303,2022-11-01,0.0,0.07
1303,2023-01-01,0.02,0.0
1303,2023-04-01,0.0,0.02
1303,2023-05-01,0.0,0.03
1303,2023-07-01,0.0,0.07
1303,2023-08-01,0.0,0.04
1303,2024-04-01,0.0,0.03
1303,2024-07-01,0.0,0.02
1304,2022-10-01,0.0,0.02
1304,2022-11-01,0.0,0.02
1304,2022-12-01,0.0,0.01
1304,2023-02-01,0.0,0.04
1304,2024-02-01,0.0,1.2
1305,2022-10-01,0.0,0.02
1305,2022-11-01,0.02,0.0
1305,2022-12-01,0.07,0.0
1306,2022-10-01,0.02,0.03
1306,2022-11-01,0.02,0.0
1306,2022-12-01,0.36,0.0
1306,2023-02-01,0.01,0.01
1306,2023-03-01,0.01,0.01
1306,2023-04-01,0.0,0.09
1307,2022-10-01,0.0,0.3
1307,2022-11-01,0.01,0.3
1307,2023-01-01,0.01,0.17
1307,2023-02-01,0.0,0.2
1307,2023-03-01,0.0,0.17
1307,2023-04-01,0.0,0.02
1307,2023-05-01,0.03,0.0
1308,2022-10-01,0.44,0.0
1308,2022-11-01,1.1,0.0
1308,2022-12-01,1.5,0.0
1308,2023-01-01,1.2,0.02
1308,2023-02-01,1.3,0.0
1308,2023-03-01,1.5,0.0
1309,2022-10-01,0.01,0.13
1309,2022-11-01,0.0,0.6
1310,2022-10-01,0.0,0.08
1310,2022-11-01,0.0,0.1
1311,2022-10-01,0.09,0.07
1311,2022-11-01,0.01,0.11
1311,2022-12-01,0.0,0.1
1311,2023-01-01,0.07,0.2
1311,2023-03-01,0.04,0.0
1311,2023-04-01,0.02,0.1
1311,2023-05-01,0.05,0.17
1311,2023-06-01,0.04,0.06
1311,2023-07-01,0.01,0.25
1311,2023-08-01,0.01,0.08
1311,2023-09-01,0.07,0.01
1312,2022-10-01,0.48,0.0
1312,2022-11-01,0.0,0.01
1313,2022-10-01,0.39,0.0
1314,2022-10-01,0.02,0.0
1314,2022-11-01,0.1,0.0
1314,2022-12-01,0.02,0.0
1314,2023-01-01,0.02,0.0
1314,2023-03-01,0.06,0.0
1314,2023-05-01,0.03,0.0
1314,2023-06-01,0.06,0.0
1314,2023-07-01,0.12,0.0
1315,2022-10-01,0.02,0.0
1315,2022-11-01,0.05,0.0
1316,2022-10-01,0.17,0.0
1316,2022-11-01,0.13,0.0
1317,2022-10-01,0.06,0.0
1317,2022-11-01,0.05,0.0
1318,2022-10-01,0.01,0.0
1319,2022-10-01,0.0,0.02
1319,2022-11-01,0.0,0.01
1319,2023-03-01,0.0,0.01
1319,2023-04-01,0.0,0.02
1319,2023-05-01,0.0,0.12
1319,2023-06-01,0.0,0.04
1319,2023-08-01,0.0,0.03
1319,2023-09-01,0.0,0.01
1319,2023-10-01,0.0,0.01
1319,2024-02-01,0.0,0.05
1319,2024-03-01,0.0,0.02
1319,2024-04-01,0.02,0.0
1319,2024-05-01,0.03,0.0
1319,2024-06-01,0.01,0.0
1319,2024-07-01,0.02,0.0
1319,2024-08-01,0.03,0.0
1319,2024-09-01,0.03,0.0
1319,2024-10-01,0.02,0.0
1320,2022-10-01,0.0,0.45
1320,2022-11-01,0.0,1.0
1320,2022-12-01,0.0,1.0
1320,2023-01-01,0.0,0.29
1320,2023-02-01,0.0,0.73
1320,2023-03-01,0.0,0.86
1320,2023-05-01,0.0,0.76
1320,2023-06-01,0.0,0.7
1320,2023-07-01,0.0,0.19
1320,2023-08-01,0.0,0.43
1320,2023-09-01,0.0,0.25
1320,2023-10-01,0.0,0.33
1321,2022-10-01,0.05,0.0
1322,2022-10-01,0.84,0.11
1322,2022-11-01,1.1,0.0
1323,2022-10-01,0.0,0.01
1324,2022-10-01,0.0,0.18
1324,2022-11-01,0.09,0.1
1324,2022-12-01,0.01,0.17
1324,2023-01-01,0.0,0.03
1324,2023-02-01,0.08,0.12
1324,2023-03-01,0.02,0.04
1324,2023-04-01,0.0,0.32
1324,2023-05-01,0.0,0.1
1324,2023-06-01,0.08,0.07
1324,2023-07-01,0.0,0.05
1324,2023-08-01,0.0,0.02
1324,2023-10-01,0.0,0.02
1324,2023-11-01,0.0,0.07
1324,2023-12-01,0.0,0.05
1324,2024-01-01,0.0,0.07
1325,2022-10-01,0.01,0.0
1326,2022-10-01,0.06,0.0
1326,2022-11-01,0.3,0.03
1326,2022-12-01,0.59,0.05
1326,2023-01-01,0.03,0.01
1326,2023-02-01,0.0,0.02
1326,2023-03-01,0.08,0.01
1326,2023-04-01,0.0,0.01
1326,2023-05-01,0.0,0.01
1326,2023-06-01,0.0,0.01
1326,2023-07-01,0.02,0.01
1327,2022-10-01,0.0,0.03
1327,2022-11-01,0.0,0.04
1327,2022-12-01,0.0,0.04
1327,2023-01-01,0.0,0.03
1327,2023-02-01,0.0,0.08
1327,2023-03-01,0.0,0.11
1327,2023-05-01,0.0,0.11
1327,2023-06-01,0.0,0.03
1327,2023-07-01,0.0,0.03
1327,2023-09-01,0.0,0.01
1327,2023-10-01,0.0,0.02
1327,2023-11-01,0.0,0.05
1327,2023-12-01,0.0,0.06
1327,2024-01-01,0.0,0.08
1327,2024-02-01,0.0,0.1
1327,2024-03-01,0.0,0.07
1327,2024-04-01,0.0,0.05
1327,2024-05-01,0.0,0.02
1327,2024-06-01,0.0,0.02
1327,2024-07-01,0.0,0.01
1327,2024-08-01,0.0,0.03
1327,2024-09-01,0.0,0.04
1327,2024-10-01,0.0,0.02
1327,2024-11-01,0.0,0.05
1327,2024-12-01,0.0,0.02
1328,2022-10-01,0.0,0.01
1329,2022-10-01,0.11,0.0
1330,2022-10-01,0.0,0.01
1331,2022-10-01,0.01,0.0
1332,2022-10-01,0.2,0.0
1333,2022-10-01,0.07,0.0
1333,2022-11-01,0.06,0.0
1333,2022-12-01,0.03,0.0
1333,2023-01-01,0.02,0.0
1334,2022-10-01,1.2,0.0
1335,2022-10-01,0.0,0.23
1335,2022-12-01,0.0,0.09
1335,2023-01-01,0.13,0.0
1335,2023-02-01,0.0,0.01
1335,2023-03-01,0.08,0.0
1336,2022-10-01,0.05,0.0
1336,2022-11-01,0.01,0.0
1336,2022-12-01,48.0,1.5
1336,2023-01-01,24.0,0.03
1336,2023-02-01,0.02,0.0
1336,2023-03-01,0.02,0.0
1337,2022-10-01,0.0,0.09
1337,2022-11-01,0.0,0.02
1337,2022-12-01,0.0,0.05
1338,2022-10-01,0.7,0.17
1338,2022-11-01,0.43,0.07
1338,2022-12-01,0.46,0.2
1338,2023-01-01,1.2,0.05
1338,2023-02-01,0.85,0.25
1339,2022-10-01,0.0,0.04
1339,2022-11-01,0.0,0.02
1340,2022-10-01,1.0,0.0
1340,2022-11-01,0.19,0.0
1341,2022-10-01,0.11,0.03
1341,2022-11-01,0.01,0.01
1342,2022-10-01,0.0,0.03
1342,2022-11-01,0.0,0.04
1342,2022-12-01,0.0,0.04
1342,2023-01-01,0.01,0.01
1342,2023-03-01,0.0,0.43
1343,2022-10-01,0.04,0.0
1343,2022-11-01,0.0,0.32
1343,2022-12-01,0.0,0.01
1343,2023-01-01,0.0,0.22
1343,2023-03-01,0.0,0.01
1343,2023-04-01,0.0,0.05
1343,2023-05-01,0.0,0.01
1343,2023-06-01,0.01,0.03
1343,2023-07-01,0.0,0.36
1343,2023-08-01,0.0,0.03
1343,2023-09-01,0.0,0.02
1343,2023-10-01,0.0,0.03
1343,2023-11-01,0.01,0.02
1343,2023-12-01,0.0,0.02
1343,2024-02-01,0.0,0.02
1343,2024-03-01,0.0,0.03
1343,2024-04-01,0.0,0.03
1343,2024-05-01,0.01,0.03
1343,2024-06-01,0.0,0.04
1343,2024-07-01,0.0,0.02
1343,2024-08-01,0.0,0.04
1343,2024-09-01,0.0,0.01
1343,2024-10-01,0.0,0.07
1343,2024-11-01,0.0,0.44
1343,2024-12-01,0.0,0.11
1344,2022-10-01,0.0,0.02
1344,2023-01-01,0.0,0.04
1344,2023-02-01,0.0,0.01
1344,2023-03-01,0.0,0.06
1344,2023-06-01,0.0,0.02
1344,2023-07-01,0.0,0.04
1345,2022-10-01,0.08,0.0
1346,2022-10-01,0.0,0.23
1346,2022-11-01,0.0,0.02
1347,2022-10-01,0.04,0.07
1348,2022-10-01,0.0,1.2
1348,2022-11-01,0.0,0.29
1348,2023-01-01,0.0,0.94
1348,2023-02-01,0.0,1.0
1348,2023-03-01,0.83,0.0
1348,2023-04-01,0.0,1.2
1348,2023-05-01,0.0,3.4
1349,2022-10-01,0.0,0.09
1349,2022-11-01,0.0,0.1
1349,2022-12-01,0.0,0.08
1349,2023-01-01,0.0,0.1
1349,2023-02-01,0.37,0.31
1349,2023-03-01,0.0,0.08
1349,2023-04-01,0.42,0.24
1349,2023-05-01,0.43,0.15
1349,2023-06-01,0.0,0.12
1349,2023-07-01,0.36,0.02
1350,2022-10-01,0.0,0.14
1351,2022-10-01,0.0,0.01
1351,2022-11-01,0.0,0.02
1352,2022-10-01,0.0,0.04
1352,2022-11-01,0.06,0.29
1353,2022-10-01,0.03,0.0
1354,2022-10-01,0.0,0.13
1354,2022-11-01,0.0,0.07
1354,2023-01-01,0.06,0.0
1354,2023-02-01,0.42,0.0
1354,2023-03-01,0.51,0.0
1354,2023-04-01,0.13,0.0
1354,2023-05-01,0.18,0.0
1354,2023-06-01,0.06,0.0
1354,2023-07-01,0.05,0.0
1355,2022-10-01,0.0,0.01
1356,2022-10-01,0.0,0.01
1356,2022-11-01,0.0,0.02
1357,2022-10-01,0.0,0.01
1358,2022-10-01,0.0,0.02
1359,2022-10-01,0.0,0.01
1359,2023-02-01,0.0,0.02
1359,2023-03-01,0.0,0.01
1359,2023-04-01,0.0,0.01
1359,2023-06-01,0.0,0.02
1359,2023-10-01,0.0,0.02
1360,2022-10-01,0.0,0.01
1361,2022-10-01,0.0,0.17
1361,2022-11-01,0.0,0.35
1361,2022-12-01,0.0,0.53
1361,2023-01-01,0.0,0.26
1361,2023-02-01,0.0,0.39
1361,2023-03-01,0.0,0.32
1361,2023-05-01,0.0,0.43
1361,2023-06-01,0.0,0.08
1361,2023-07-01,0.0,0.38
1361,2023-08-01,0.0,0.34
1361,2023-09-01,0.0,0.37
1361,2023-10-01,0.0,0.35
1361,2023-11-01,0.0,0.46
1361,2023-12-01,0.0,0.35
1361,2024-01-01,0.0,0.18
1361,2024-02-01,0.0,0.25
1361,2024-03-01,0.0,0.33
1361,2024-05-01,0.0,0.34
1361,2024-06-01,0.0,0.36
1361,2024-07-01,0.0,0.41
1361,2024-08-01,0.0,0.3
1361,2024-09-01,0.0,0.43
1361,2024-10-01,0.0,0.6
1361,2024-11-01,0.0,0.31
1361,2024-12-01,0.0,0.18
1362,2022-10-01,0.0,0.06
1363,2022-10-01,0.0,0.33
1364,2022-10-01,0.0,0.01
1365,2022-10-01,0.01,0.0
1365,2022-11-01,0.0,0.39
1365,2023-01-01,0.0,0.29
1365,2023-02-01,0.0,0.27
1365,2023-03-01,0.0,0.56
1365,2023-04-01,0.0,0.37
1365,2023-05-01,0.0,0.5
1365,2023-06-01,0.0,0.67
1365,2023-07-01,0.0,0.48
1365,2023-08-01,0.0,0.01
1365,2023-09-01,0.0,0.02
1365,2023-10-01,0.0,0.01
1365,2023-11-01,0.0,0.06
1365,2023-12-01,0.0,0.06
1366,2022-10-01,0.0,0.17
1367,2022-10-01,0.0,0.57
1367,2022-11-01,0.0,0.21
1367,2022-12-01,0.0,0.09
1367,2023-01-01,0.0,4.1
1367,2023-02-01,0.0,0.3
1367,2023-04-01,0.0,1.6
1367,2023-05-01,0.0,0.87
1367,2023-07-01,0.0,0.13
1367,2023-08-01,0.0,0.14
1367,2023-09-01,0.0,0.16
1367,2023-10-01,0.0,0.05
1367,2023-11-01,0.0,0.39
1367,2023-12-01,0.0,0.23
1367,2024-01-01,0.0,0.12
1367,2024-02-01,0.0,0.07
1368,2022-10-01,0.0,1.4
1368,2022-11-01,0.0,2.6
1368,2022-12-01,0.0,1.6
1368,2023-01-01,0.0,1.6
1368,2023-02-01,0.0,1.7
1369,2022-10-01,0.0,0.05
1369,2022-11-01,0.0,0.09
1369,2022-12-01,0.0,0.06
1370,2022-10-01,0.29,0.0
1370,2022-11-01,0.44,0.0
1370,2022-12-01,0.44,0.0
1370,2023-01-01,0.0,0.1
1370,2023-02-01,0.37,0.0
1370,2023-03-01,0.0,0.12
1370,2023-05-01,0.0,0.01
1370,2023-06-01,0.0,0.04
1370,2023-07-01,0.0,0.13
1370,2023-09-01,0.0,0.01
1370,2023-10-01,0.0,0.08
1371,2022-10-01,0.0,0.16
1372,2022-10-01,0.0,0.03
1372,2022-11-01,0.0,0.05
1372,2023-01-01,0.0,0.06
1372,2023-02-01,0.0,0.05
1373,2022-10-01,0.0,0.08
1373,2022-11-01,0.0,0.16
1374,2022-10-01,0.0,0.21
1374,2022-11-01,0.0,0.28
1375,2022-11-01,0.04,0.0
1376,2022-11-01,0.0,0.02
1377,2022-11-01,0.0,0.05
1377,2022-12-01,0.0,0.09
1378,2022-11-01,1.6,1.5
1378,2022-12-01,0.0,1.6
1378,2023-01-01,1.1,0.53
1379,2024-05-01,0.01,0.0
1379,2024-07-01,0.01,0.0
1379,2024-10-01,0.01,0.0
1379,2024-12-01,0.01,0.0
1380,2022-11-01,0.0,0.04
1381,2022-11-01,0.05,0.01
1381,2022-12-01,0.0,0.02
1381,2023-01-01,0.05,0.01
1382,2022-11-01,0.07,0.0
1383,2022-11-01,0.0,0.01
1383,2022-12-01,0.03,0.0
1383,2023-01-01,0.0,0.05
1383,2023-02-01,0.01,0.0
1383,2023-03-01,0.0,0.1
1383,2023-04-01,0.0,0.02
1383,2023-06-01,0.01,0.01
1383,2023-07-01,0.05,0.0
1384,2022-11-01,0.0,0.35
1384,2022-12-01,0.0,0.02
1384,2023-01-01,0.0,0.27
1384,2023-02-01,0.0,0.13
1384,2023-03-01,0.0,0.09
1384,2023-04-01,0.0,0.5
1384,2023-05-01,0.0,0.13
1384,2023-06-01,0.0,0.18
1384,2023-07-01,0.0,0.19
1385,2022-11-01,0.0,0.06
1385,2022-12-01,0.72,0.0
1386,2022-11-01,0.18,0.0
1386,2022-12-01,0.36,0.0
1386,2023-02-01,0.25,0.0
1386,2023-03-01,0.53,0.0
1386,2023-04-01,0.21,0.0
1386,2023-05-01,0.42,0.0
1386,2023-06-01,0.17,0.0
1386,2023-07-01,0.54,0.0
1387,2022-11-01,11.0,0.0
1387,2022-12-01,13.0,0.0
1387,2023-01-01,11.0,0.0
1388,2022-11-01,0.01,0.0
1388,2023-03-01,0.03,0.0
1388,2023-05-01,0.01,0.0
1388,2023-07-01,1.9,1.2
1388,2023-08-01,3.6,2.5
1388,2023-09-01,1.8,1.3
1388,2023-10-01,1.9,1.4
1388,2023-11-01,0.98,0.55
1388,2023-12-01,0.85,0.43
1388,2024-01-01,0.0,1.0
1388,2024-02-01,0.02,0.0
1388,2024-03-01,0.02,0.0
1388,2024-04-01,0.04,0.0
1388,2024-06-01,0.03,0.0
1388,2024-07-01,0.04,0.0
1388,2024-08-01,0.04,0.0
1388,2024-12-01,0.01,0.0
1389,2022-11-01,0.0,0.01
1390,2022-11-01,0.09,0.0
1391,2022-11-01,0.0,0.01
1392,2022-11-01,0.01,0.0
1392,2022-12-01,0.19,0.0
1392,2023-01-01,0.05,0.0
1392,2023-02-01,0.08,0.0
1393,2022-11-01,0.05,0.0
1394,2022-11-01,0.22,0.0
1395,2022-11-01,0.02,0.01
1396,2022-11-01,0.23,0.0
1396,2022-12-01,0.34,0.0
1396,2023-01-01,0.29,0.0
1396,2023-02-01,0.25,0.0
1396,2023-03-01,0.42,0.0
1396,2023-04-01,0.31,0.0
1397,2022-11-01,0.01,0.0
1398,2022-11-01,13.0,0.13
1398,2022-12-01,13.0,0.26
1399,2022-11-01,0.0,0.01
1399,2022-12-01,0.0,0.01
1399,2023-01-01,0.0,0.05
1399,2023-02-01,1.1,0.07
1400,2022-11-01,0.0,0.04
1400,2023-11-01,0.0,0.05
1401,2022-11-01,0.11,0.0
1401,2022-12-01,0.16,0.0
1402,2022-11-01,0.0,2.7
1402,2022-12-01,0.0,2.8
1402,2023-01-01,0.0,3.9
1402,2023-02-01,0.0,2.6
1402,2023-03-01,0.0,2.1
1402,2023-04-01,0.0,1.8
1402,2023-05-01,0.0,2.7
1402,2023-06-01,0.0,1.4
1402,2023-07-01,0.0,3.5
1402,2023-08-01,0.0,3.3
1402,2023-09-01,0.0,0.17
1402,2023-10-01,0.0,1.5
1403,2022-11-01,0.0,0.05
1404,2022-11-01,0.0,0.04
1405,2022-11-01,0.0,0.03
1405,2022-12-01,0.0,0.02
1405,2023-01-01,0.0,0.02
1406,2022-11-01,0.0,0.34
1406,2022-12-01,0.0,0.11
1406,2023-01-01,0.0,0.41
1407,2022-11-01,0.05,0.0
1408,2022-11-01,0.0,0.73
1409,2022-11-01,0.0,0.04
1410,2022-11-01,0.0,0.06
1411,2022-11-01,0.02,0.0
1412,2022-11-01,0.22,0.0
1413,2022-12-01,0.0,0.03
1413,2023-01-01,0.0,0.02
1413,2023-02-01,0.0,0.03
1413,2023-03-01,0.0,0.03
1413,2023-04-01,0.0,0.01
1413,2023-05-01,0.0,0.02
1413,2023-06-01,0.0,0.02
1413,2023-07-01,0.0,0.04
1413,2023-08-01,0.0,0.05
1413,2023-09-01,0.0,0.02
1413,2023-11-01,0.0,0.02
1413,2023-12-01,0.0,0.02
1414,2022-11-01,0.0,0.01
1415,2022-11-01,0.0,0.44
1416,2022-11-01,0.07,0.0
1416,2022-12-01,0.23,0.0
1416,2023-01-01,0.18,0.0
1416,2023-02-01,0.08,0.0
1416,2023-03-01,0.0,0.01
1417,2022-11-01,0.01,0.0
1418,2022-11-01,0.3,0.0
1418,2022-12-01,0.12,0.0
1418,2023-01-01,0.27,0.0
1418,2023-02-01,0.45,0.0
1418,2023-03-01,0.01,0.0
1418,2023-04-01,0.6,0.0
1418,2023-05-01,0.15,0.0
1418,2023-06-01,0.52,0.0
1418,2023-07-01,0.12,0.0
1418,2023-08-01,0.0,0.06
1418,2023-10-01,0.01,0.01
1419,2022-11-01,0.04,0.0
1420,2022-11-01,0.0,0.07
1420,2022-12-01,0.0,0.05
1420,2023-01-01,0.08,0.01
1421,2022-11-01,0.01,0.06
1422,2022-11-01,0.0,0.01
1422,2022-12-01,0.33,4.8
1422,2023-01-01,0.13,3.9
1422,2023-02-01,0.16,8.1
1422,2023-03-01,0.2,6.7
1422,2023-04-01,0.11,7.2
1422,2023-05-01,0.0,4.6
1422,2023-06-01,0.0,6.2
1422,2023-07-01,0.11,4.6
1422,2023-08-01,0.15,4.0
1422,2023-09-01,0.16,5.4
1422,2023-10-01,0.12,2.9
1422,2023-11-01,0.0,3.3
1422,2023-12-01,0.33,0.02
1422,2024-01-01,0.31,0.0
1422,2024-02-01,0.34,0.02
1422,2024-03-01,0.35,0.04
1422,2024-04-01,0.33,0.0
1423,2022-11-01,1.3,0.0
1424,2022-11-01,0.45,0.0
1425,2022-11-01,0.04,0.0
1425,2022-12-01,0.35,0.0
1425,2023-01-01,0.0,0.01
1426,2022-12-01,0.05,0.07
1426,2023-01-01,0.0,0.03
1426,2023-02-01,0.04,0.0
1426,2023-03-01,0.03,0.0
1426,2023-04-01,0.08,0.13
1426,2023-05-01,0.04,0.24
1426,2023-06-01,0.02,0.31
1426,2023-07-01,0.0,0.02
1427,2022-11-01,0.01,0.0
1427,2022-12-01,0.01,0.0
1427,2023-01-01,0.01,0.0
1428,2022-11-01,0.01,0.0
1429,2022-11-01,0.0,0.01
1429,2022-12-01,0.0,0.01
1429,2023-07-01,0.0,0.01
1429,2023-08-01,0.0,0.02
1429,2023-09-01,0.0,0.01
1429,2023-12-01,0.0,0.03
1429,2024-01-01,0.0,0.01
1429,2024-02-01,0.0,0.01
1429,2024-03-01,0.0,0.01
1429,2024-05-01,0.0,0.01
1429,2024-08-01,0.0,0.02
1429,2024-09-01,0.0,0.02
1429,2024-11-01,0.0,0.01
1430,2022-11-01,0.02,0.0
1430,2022-12-01,0.0,0.39
1430,2023-01-01,0.02,0.0
1431,2022-11-01,0.0,0.03
1431,2022-12-01,0.08,0.0
1431,2023-01-01,0.07,0.0
1431,2023-02-01,0.14,0.0
1431,2023-03-01,0.3,0.01
1431,2023-04-01,0.0,0.04
1431,2023-05-01,0.12,0.0
1431,2023-06-01,0.04,0.02
1431,2023-07-01,0.01,0.0
1432,2022-11-01,0.0,0.06
1432,2022-12-01,0.0,0.03
1432,2023-01-01,0.0,0.02
1432,2023-02-01,0.28,0.01
1432,2023-03-01,0.11,0.02
1432,2023-04-01,0.24,0.01
1432,2023-05-01,0.14,0.0
1432,2023-06-01,0.32,0.0
1432,2023-07-01,0.21,0.03
1432,2023-08-01,0.08,0.0
1432,2023-10-01,0.12,0.05
1432,2023-11-01,0.33,0.04
1432,2023-12-01,0.01,0.01
1432,2024-01-01,0.24,0.02
1432,2024-02-01,0.1,0.0
1432,2024-03-01,0.0,0.1
1433,2022-11-01,0.26,0.0
1433,2022-12-01,1.1,0.0
1433,2023-01-01,0.44,0.0
1434,2022-11-01,0.0,0.16
1435,2022-11-01,0.0,0.04
1436,2022-11-01,0.0,0.02
1437,2022-11-01,0.0,0.03
1438,2022-11-01,0.0,0.16
1439,2022-11-01,0.0,0.01
1439,2023-04-01,0.0,0.02
1440,2022-11-01,0.04,0.0
1441,2022-11-01,0.0,0.08
1442,2022-11-01,0.0,0.02
1443,2022-11-01,1.6,0.19
1443,2022-12-01,0.01,0.0
1443,2023-02-01,0.02,0.0
1443,2023-03-01,0.09,0.0
1443,2023-04-01,0.02,0.0
1443,2023-05-01,0.09,0.0
1443,2023-06-01,0.03,0.0
1443,2023-07-01,0.02,0.0
1443,2023-08-01,0.02,0.0
1443,2023-09-01,0.03,0.0
1443,2023-10-01,0.12,0.0
1443,2023-11-01,0.09,0.0
1443,2023-12-01,0.06,0.0
1443,2024-01-01,0.08,0.0
1443,2024-02-01,0.09,0.0
1443,2024-03-01,0.11,0.0
1443,2024-04-01,0.06,0.0
1443,2024-05-01,0.04,0.0
1443,2024-06-01,0.2,0.0
1443,2024-07-01,0.1,0.0
1443,2024-08-01,0.08,0.0
1443,2024-09-01,0.17,0.0
1443,2024-10-01,0.08,0.0
1443,2024-11-01,0.04,0.0
1443,2024-12-01,0.08,0.0
1444,2022-11-01,0.0,0.02
1445,2022-11-01,0.02,0.0
1446,2022-11-01,0.02,0.0
1446,2022-12-01,0.01,0.0
1446,2023-01-01,0.01,0.0
1447,2023-10-01,0.0,0.01
1447,2023-12-01,0.0,0.01
1447,2024-02-01,0.0,0.01
1447,2024-08-01,0.0,0.01
1448,2022-11-01,0.0,0.01
1448,2023-04-01,0.0,0.01
1449,2022-11-01,0.0,0.18
1449,2023-11-01,0.0,0.12
1449,2024-11-01,0.0,0.03
1450,2022-11-01,0.0,0.19
1451,2022-11-01,0.0,0.02
1451,2022-12-01,0.04,0.02
1451,2023-01-01,1.8,3.5
1451,2023-02-01,0.7,2.9
1451,2023-03-01,0.37,6.9
1451,2023-04-01,0.37,0.0
1451,2023-05-01,0.76,1.2
1451,2023-06-01,0.24,0.0
1451,2023-07-01,1.5,3.0
1451,2023-08-01,0.79,3.2
1451,2023-09-01,0.63,5.0
1451,2023-10-01,2.7,2.4
1451,2023-11-01,0.37,4.2
1451,2023-12-01,0.78,6.1
1451,2024-01-01,0.83,1.9
1451,2024-03-01,0.0,0.17
1452,2022-11-01,0.0,0.35
1452,2022-12-01,0.0,1.2
1452,2023-01-01,0.0,0.26
1452,2023-03-01,0.0,0.05
1452,2023-04-01,0.0,0.09
1453,2022-11-01,0.0,0.13
1453,2022-12-01,0.0,0.04
1454,2022-11-01,0.0,0.02
1454,2023-01-01,0.0,0.02
1455,2022-11-01,0.02,0.0
1455,2023-02-01,0.04,0.0
1455,2023-06-01,0.02,0.0
1455,2024-10-01,0.15,0.0
1455,2024-11-01,0.01,0.01
1455,2024-12-01,0.0,0.03
1456,2022-11-01,0.0,0.3
1456,2022-12-01,0.0,0.24
1457,2022-11-01,0.01,0.0
1458,2022-12-01,0.0,0.15
1458,2023-01-01,0.0,0.01
1459,2022-12-01,0.0,0.31
1459,2023-02-01,0.0,0.31
1459,2023-03-01,0.0,0.4
1459,2023-04-01,0.0,0.26
1459,2023-05-01,0.0,0.21
1459,2023-07-01,0.0,0.38
1459,2023-08-01,0.0,0.23
1459,2023-12-01,0.04,0.0
1460,2022-12-01,0.05,0.0
1460,2024-09-01,0.01,0.0
1461,2022-12-01,0.15,0.0
1461,2023-02-01,0.03,0.0
1461,2023-03-01,0.0,0.25
1461,2023-04-01,0.01,0.0
1462,2022-12-01,0.25,0.01
1462,2023-01-01,0.11,0.03
1462,2023-02-01,0.17,0.02
1462,2023-03-01,0.0,0.03
1462,2023-04-01,0.08,0.02
1462,2023-05-01,0.06,0.0
1462,2023-06-01,0.2,0.05
1462,2023-07-01,0.0,0.04
1462,2023-08-01,0.05,0.02
1462,2023-09-01,0.13,0.01
1462,2023-10-01,0.15,0.01
1462,2023-11-01,0.13,0.02
1462,2023-12-01,0.16,0.0
1462,2024-01-01,0.05,0.03
1462,2024-02-01,0.04,0.02
1462,2024-03-01,0.0,0.03
1462,2024-04-01,0.06,0.03
1462,2024-06-01,0.13,0.03
1462,2024-07-01,0.15,0.01
1462,2024-08-01,0.13,0.0
1463,2022-12-01,0.02,0.0
1464,2022-12-01,0.0,0.26
1464,2023-01-01,0.0,0.21
1464,2023-02-01,0.0,0.19
1464,2023-03-01,1.0,0.99
1464,2023-04-01,0.05,0.93
1464,2023-05-01,0.55,2.3
1464,2023-06-01,3.9,2.9
1465,2022-12-01,0.0,0.01
1465,2023-01-01,0.0,0.01
1466,2022-12-01,0.0,0.07
1466,2023-04-01,0.01,0.0
1466,2023-06-01,0.01,0.0
1466,2024-02-01,0.01,0.0
1466,2024-04-01,0.01,0.0
1466,2024-06-01,0.01,0.0
1466,2024-08-01,0.01,0.0
1466,2024-09-01,0.01,0.0
1466,2024-10-01,0.02,0.0
1466,2024-11-01,0.01,0.0
1467,2022-12-01,0.0,0.39
1467,2023-01-01,0.0,0.22
1467,2023-02-01,0.0,0.16
1467,2023-03-01,0.0,0.41
1467,2023-05-01,0.0,0.38
1467,2023-06-01,0.21,0.0
1467,2023-07-01,0.0,0.32
1467,2023-09-01,0.08,0.0
1467,2023-10-01,0.0,0.2
1467,2023-11-01,0.0,0.34
1468,2022-12-01,0.05,0.0
1469,2022-12-01,0.0,0.01
1470,2022-12-01,0.05,0.0
1470,2023-01-01,0.05,0.0
1471,2022-12-01,0.14,0.19
1471,2023-01-01,0.18,0.11
1471,2023-02-01,0.0,0.01
1471,2023-03-01,0.18,0.01
1471,2023-04-01,0.26,0.0
1471,2023-05-01,0.22,0.12
1471,2023-07-01,0.18,0.0
1471,2023-08-01,0.12,0.0
1472,2022-12-01,0.0,0.05
1472,2023-02-01,0.0,0.05
1472,2023-03-01,0.0,0.05
1472,2023-04-01,0.0,0.03
1472,2023-05-01,0.0,0.05
1472,2023-06-01,0.0,0.08
1472,2023-07-01,0.0,0.03
1473,2022-12-01,0.0,0.1
1473,2023-01-01,0.0,0.05
1474,2022-12-01,0.14,0.03
1474,2023-01-01,0.68,0.3
1474,2023-02-01,0.31,0.01
1475,2022-12-01,0.22,0.0
1475,2023-01-01,0.19,0.0
1475,2023-02-01,0.53,0.0
1475,2023-03-01,0.19,0.0
1475,2023-04-01,0.32,0.0
1475,2023-06-01,0.27,0.0
1475,2023-07-01,0.17,0.0
1475,2023-08-01,0.1,0.0
1475,2023-09-01,0.13,0.0
1476,2022-12-01,0.0,0.02
1477,2022-12-01,0.0,0.01
1478,2022-12-01,0.0,0.01
1479,2022-12-01,0.1,0.0
1480,2022-12-01,0.14,0.09
1480,2023-01-01,0.0,0.07
1480,2023-02-01,0.04,0.09
1480,2023-03-01,3.5,0.85
1481,2022-12-01,0.07,0.0
1481,2023-01-01,0.06,0.0
1481,2023-02-01,0.84,0.19
1481,2023-03-01,1.9,0.09
1481,2023-04-01,1.1,0.27
1481,2023-05-01,0.0,0.08
1481,2023-06-01,0.7,0.57
1481,2023-07-01,0.83,0.15
1481,2023-08-01,1.5,0.58
1481,2023-09-01,0.04,0.4
1481,2023-10-01,1.6,0.44
1481,2023-11-01,0.64,0.55
1481,2023-12-01,1.2,0.44
1481,2024-01-01,0.1,0.41
1481,2024-02-01,0.05,0.63
1481,2024-03-01,1.3,0.56
1481,2024-04-01,1.4,0.3
1481,2024-05-01,1.5,0.28
1481,2024-06-01,0.83,0.61
1481,2024-07-01,0.05,0.39
1481,2024-08-01,0.48,0.48
1481,2024-10-01,0.05,0.5
1481,2024-11-01,0.0,0.2
1481,2024-12-01,0.0,0.46
1482,2022-12-01,0.0,0.03
1483,2022-12-01,0.64,0.0
1483,2023-01-01,0.02,0.06
1484,2022-12-01,0.22,0.0
1485,2022-12-01,0.07,0.0
1485,2023-01-01,0.04,0.0
1485,2023-02-01,0.14,0.0
1486,2022-12-01,0.0,0.21
1486,2023-01-01,0.0,0.25
1486,2023-02-01,0.0,0.15
1486,2023-03-01,0.0,0.35
1486,2023-04-01,0.0,0.41
1486,2023-05-01,0.0,0.5
1486,2023-06-01,0.0,0.5
1486,2023-07-01,0.0,0.83
1486,2023-08-01,0.0,1.2
1486,2023-09-01,0.0,0.94
1486,2023-10-01,0.0,0.75
1486,2023-11-01,0.0,0.83
1486,2023-12-01,0.0,0.63
1486,2024-01-01,0.0,0.4
1486,2024-02-01,0.0,0.85
1486,2024-03-01,0.0,0.72
1486,2024-04-01,0.2,0.14
1486,2024-06-01,0.14,0.5
1486,2024-07-01,0.14,0.11
1486,2024-08-01,0.16,0.05
1486,2024-09-01,1.1,0.09
1487,2022-12-01,0.03,0.0
1487,2024-09-01,0.11,0.0
1488,2022-12-01,0.02,0.0
1488,2023-01-01,0.03,0.0
1489,2022-12-01,0.4,0.24
1489,2023-01-01,1.1,0.38
1489,2023-02-01,0.11,0.0
1489,2023-03-01,0.05,0.07
1490,2022-12-01,1.4,0.03
1491,2022-12-01,0.0,0.05
1492,2022-12-01,0.01,0.0
1493,2022-12-01,0.0,0.01
1493,2023-01-01,0.0,0.01
1493,2023-02-01,0.0,0.02
1493,2023-03-01,0.0,0.01
1493,2023-04-01,0.0,0.01
1493,2023-05-01,0.0,0.01
1494,2023-01-01,0.0,0.11
1494,2023-02-01,0.0,0.05
1494,2023-03-01,0.0,0.06
1494,2023-04-01,0.0,0.06
1494,2023-05-01,0.0,0.06
1494,2023-06-01,0.0,0.09
1494,2023-07-01,0.0,0.12
1494,2023-08-01,0.0,0.07
1494,2023-09-01,0.0,0.06
1494,2023-10-01,0.0,0.08
1494,2023-11-01,0.0,0.06
1494,2023-12-01,0.0,0.08
1495,2022-12-01,0.03,0.0
1495,2023-01-01,0.02,0.0
1495,2023-02-01,0.03,0.0
1495,2023-04-01,0.01,0.0
1495,2023-05-01,0.01,0.0
1496,2022-12-01,0.0,0.09
1496,2023-01-01,0.06,0.04
1496,2023-02-01,0.0,0.08
1496,2023-03-01,0.11,0.06
1496,2023-04-01,0.0,0.11
1496,2023-05-01,0.06,0.0
1496,2023-07-01,0.06,0.04
1497,2022-12-01,0.24,0.0
1497,2023-01-01,3.6,2.6
1498,2023-01-01,23.0,1.7
1498,2023-02-01,0.09,0.0
1498,2023-03-01,0.03,0.14
1498,2023-04-01,13.0,0.2
1498,2023-05-01,15.0,2.0
1499,2022-12-01,0.0,0.07
1500,2022-12-01,0.09,0.01
1500,2023-01-01,0.31,0.0
1500,2023-02-01,0.81,0.0
1500,2023-03-01,0.4,0.01
1500,2023-05-01,0.29,0.01
1500,2023-06-01,0.1,0.06
1500,2023-08-01,0.5,0.0
1500,2023-09-01,0.34,0.0
1500,2023-10-01,0.65,0.01
1500,2023-11-01,0.24,0.01
1500,2023-12-01,0.49,0.01
1500,2024-01-01,0.28,0.0
1500,2024-02-01,0.81,0.0
1500,2024-03-01,0.42,0.0
1501,2022-12-01,0.12,0.0
1502,2022-12-01,0.11,0.0
1502,2023-01-01,0.09,0.0
1503,2022-12-01,0.74,0.5
1503,2023-01-01,0.12,0.0
1503,2023-02-01,0.16,0.03
1503,2023-03-01,0.01,0.0
1503,2023-04-01,0.19,0.01
1503,2023-06-01,0.03,0.03
1503,2023-07-01,0.01,0.0
1504,2022-12-01,0.0,0.03
1504,2023-01-01,0.0,0.01
1505,2022-12-01,0.24,0.0
1506,2022-12-01,0.0,0.58
1506,2023-01-01,0.0,0.3
1507,2022-12-01,0.0,0.03
1507,2023-01-01,0.0,0.02
1508,2022-12-01,0.03,0.0
1508,2023-01-01,0.03,0.0
1509,2022-12-01,0.0,0.02
1510,2022-12-01,0.0,0.05
1510,2023-01-01,0.0,0.12
1511,2022-12-01,0.0,1.7
1511,2023-01-01,0.03,0.0
1511,2023-02-01,0.04,0.0
1511,2023-03-01,0.03,0.0
1512,2022-12-01,0.27,0.0
1512,2023-01-01,0.06,0.0
1513,2022-12-01,0.0,0.09
1513,2023-01-01,0.0,0.23
1513,2023-02-01,0.0,0.03
1513,2023-03-01,0.0,0.05
1514,2022-12-01,0.0,0.03
1514,2023-01-01,0.0,0.01
1514,2023-02-01,0.0,0.42
1514,2023-03-01,0.0,0.02
1514,2023-04-01,0.0,0.01
1514,2023-05-01,0.0,0.01
1514,2023-06-01,0.0,0.05
1514,2023-07-01,0.0,0.06
1514,2023-08-01,0.0,0.04
1515,2022-12-01,0.0,0.53
1515,2023-01-01,0.01,0.0
1516,2022-12-01,0.05,0.0
1517,2022-12-01,0.0,0.05
1517,2023-01-01,0.0,0.11
1517,2023-02-01,0.0,0.01
1517,2023-03-01,0.0,0.06
1517,2023-04-01,0.05,0.0
1517,2023-05-01,0.25,0.0
1518,2022-12-01,0.01,0.0
1518,2023-01-01,0.01,0.0
1519,2022-12-01,0.06,0.0
1519,2023-01-01,0.07,0.0
1520,2022-12-01,0.19,0.01
1521,2022-12-01,0.0,0.01
1521,2023-01-01,0.0,0.02
1522,2022-12-01,0.01,0.0
1523,2022-12-01,0.1,0.0
1523,2023-01-01,0.01,0.0
1524,2022-12-01,0.0,0.12
1524,2023-01-01,0.0,0.06
1525,2022-12-01,0.0,0.17
1526,2022-12-01,0.05,0.0
1527,2023-01-01,0.11,0.0
1527,2023-02-01,0.58,0.0
1527,2023-03-01,0.44,0.0
1527,2023-04-01,0.67,0.0
1527,2023-05-01,1.1,0.0
1527,2023-06-01,1.0,0.0
1527,2023-07-01,0.54,0.0
1527,2023-08-01,0.67,0.0
1528,2022-12-01,0.0,0.81
1528,2023-01-01,0.0,0.23
1528,2023-02-01,0.0,0.03
1529,2022-12-01,0.01,0.0
1529,2023-01-01,0.1,0.0
1530,2022-12-01,0.0,0.02
1531,2022-12-01,0.0,0.03
1532,2022-12-01,0.0,0.22
1532,2023-01-01,0.0,0.03
1532,2023-02-01,0.0,0.04
1532,2023-03-01,0.0,0.19
1533,2022-12-01,0.0,0.07
1533,2023-01-01,0.0,0.67
1533,2023-02-01,0.01,0.95
1533,2023-03-01,0.0,0.48
1534,2022-12-01,0.0,0.38
1534,2023-01-01,0.0,0.33
1534,2023-02-01,0.0,0.32
1534,2023-03-01,0.0,0.02
1535,2022-12-01,0.01,0.0
1535,2023-12-01,0.04,0.0
1536,2022-12-01,0.0,0.1
1537,2022-12-01,0.0,0.01
1538,2022-12-01,0.0,0.01
1538,2023-01-01,0.0,0.02
1538,2023-02-01,0.0,0.01
1538,2023-03-01,0.0,0.03
1538,2023-04-01,0.0,0.01
1539,2022-12-01,0.62,5.0
1540,2023-01-01,0.0,0.03
1540,2023-02-01,0.0,0.01
1540,2023-05-01,0.0,0.03
1540,2023-06-01,0.0,0.02
1541,2023-01-01,0.0,0.12
1541,2023-02-01,0.0,0.38
1541,2023-04-01,0.0,0.24
1541,2023-05-01,0.0,0.08
1541,2023-06-01,0.0,0.17
1541,2023-07-01,0.0,0.07
1541,2023-08-01,0.0,0.14
1541,2023-09-01,1.7,0.0
1541,2023-10-01,2.0,0.0
1541,2023-11-01,2.7,0.0
1541,2023-12-01,2.1,0.0
1541,2024-01-01,1.1,0.09
1541,2024-02-01,1.3,0.0
1541,2024-03-01,1.0,0.17
1541,2024-04-01,2.0,0.0
1541,2024-05-01,1.7,0.0
1541,2024-06-01,1.4,0.34
1541,2024-07-01,1.0,0.0
1541,2024-08-01,1.5,0.09
1541,2024-09-01,1.4,0.0
1541,2024-10-01,1.3,0.09
1542,2022-12-01,0.0,0.13
1542,2023-01-01,0.0,0.1
1543,2022-12-01,0.0,0.02
1543,2023-01-01,0.0,0.09
1544,2022-12-01,0.0,0.15
1544,2023-01-01,0.0,0.12
1545,2022-12-01,0.09,0.0
1546,2023-05-01,0.0,0.44
1546,2023-08-01,0.0,2.6
1546,2023-11-01,0.0,0.92
1546,2024-01-01,0.0,0.96
1546,2024-02-01,0.0,0.19
1546,2024-04-01,0.0,0.79
1546,2024-07-01,0.0,0.57
1546,2024-08-01,0.0,1.9
1546,2024-09-01,0.0,0.22
1546,2024-11-01,0.0,0.27
1547,2022-12-01,0.1,0.0
1547,2023-04-01,0.1,0.0
1548,2023-01-01,0.0,0.02
1548,2023-04-01,0.0,0.02
1548,2023-05-01,0.0,0.02
1548,2023-07-01,0.0,0.02
1549,2023-01-01,0.0,0.07
1549,2023-02-01,0.0,0.07
1550,2023-01-01,0.02,0.0
1550,2023-02-01,0.02,0.0
1551,2023-01-01,0.32,0.01
1551,2023-02-01,0.07,0.0
1551,2023-03-01,0.07,0.0
1551,2023-04-01,0.0,0.25
1551,2023-05-01,0.0,0.51
1551,2023-06-01,0.0,0.59
1551,2023-08-01,0.06,0.13
1551,2023-09-01,0.0,0.26
1551,2023-10-01,0.0,0.38
1551,2023-11-01,0.0,0.21
1551,2023-12-01,0.0,0.23
1552,2023-01-01,0.26,0.0
1553,2023-01-01,0.69,0.0
1553,2023-02-01,0.01,0.0
1553,2023-03-01,0.01,0.0
1553,2023-04-01,0.02,0.0
1553,2023-05-01,0.01,0.0
1554,2023-01-01,0.01,0.0
1555,2023-01-01,0.0,0.16
1556,2023-01-01,0.0,0.01
1556,2023-02-01,0.0,0.01
1556,2023-04-01,0.0,0.02
1556,2023-05-01,0.0,0.01
1556,2023-06-01,0.0,0.01
1556,2023-07-01,0.0,0.01
1556,2023-08-01,0.0,0.01
1556,2023-10-01,0.0,0.01
1556,2023-11-01,0.0,0.01
1556,2023-12-01,0.0,0.01
1556,2024-01-01,0.0,0.01
1556,2024-02-01,0.0,0.01
1556,2024-03-01,0.0,0.01
1557,2023-01-01,0.04,0.0
1557,2023-04-01,0.03,0.02
1557,2023-05-01,0.04,0.02
1557,2023-06-01,0.03,0.0
1557,2023-07-01,0.03,0.0
1558,2023-01-01,0.04,0.0
1558,2023-02-01,0.04,0.0
1558,2023-03-01,0.03,0.0
1558,2023-04-01,0.02,0.0
1558,2023-05-01,0.01,0.0
1559,2023-01-01,0.01,0.0
1560,2023-01-01,0.07,0.0
1560,2023-02-01,0.03,0.0
1560,2023-03-01,0.06,0.0
1560,2023-04-01,0.07,0.0
1560,2023-05-01,0.03,0.0
1560,2023-06-01,0.15,0.0
1560,2023-07-01,0.16,0.0
1561,2023-01-01,0.0,0.27
1561,2023-02-01,0.02,0.0
1561,2023-03-01,0.02,0.0
1561,2023-04-01,0.06,0.0
1561,2023-05-01,0.25,0.43
1561,2023-06-01,0.0,0.35
1561,2023-07-01,0.05,0.21
1561,2023-08-01,0.0,0.29
1561,2023-09-01,0.0,0.29
1561,2023-11-01,0.0,0.23
1561,2023-12-01,0.0,0.21
1561,2024-01-01,0.0,0.09
1561,2024-02-01,0.0,0.02
1561,2024-03-01,0.0,0.09
1562,2023-01-01,0.01,0.0
1562,2023-02-01,0.01,0.0
1562,2023-03-01,0.0,0.7
1562,2023-04-01,0.04,2.2
1562,2023-05-01,0.0,0.76
1562,2023-06-01,0.0,0.91
1562,2023-07-01,0.0,1.9
1562,2023-08-01,0.03,0.0
1562,2023-09-01,0.0,0.01
1562,2023-10-01,0.0,0.01
1562,2023-11-01,0.0,0.03
1563,2023-01-01,0.0,0.01
1564,2023-01-01,0.01,0.0
1564,2023-02-01,0.36,0.29
1564,2023-03-01,0.62,0.32
1564,2023-04-01,0.74,0.39
1564,2023-05-01,0.6,0.16
1564,2023-06-01,0.18,0.09
1564,2023-07-01,0.49,0.17
1564,2023-08-01,0.52,0.25
1564,2023-09-01,0.46,0.34
1564,2023-10-01,0.65,0.41
1564,2023-11-01,0.76,0.37
1564,2023-12-01,0.95,0.48
1564,2024-01-01,0.76,0.16
1564,2024-02-01,0.59,0.44
1564,2024-03-01,1.4,0.76
1564,2024-04-01,0.22,0.24
1564,2024-05-01,0.64,0.24
1564,2024-06-01,0.06,0.17
1564,2024-07-01,0.5,0.64
1564,2024-08-01,0.73,0.53
1564,2024-09-01,1.9,1.6
1564,2024-10-01,0.34,0.16
1564,2024-11-01,2.2,1.8
1564,2024-12-01,0.46,0.19
1565,2023-01-01,0.1,0.0
1566,2023-01-01,0.06,0.0
1567,2023-01-01,0.12,0.01
1567,2023-02-01,0.03,0.01
1567,2023-03-01,0.04,0.0
1567,2023-04-01,0.05,0.0
1567,2023-05-01,0.02,0.01
1568,2023-01-01,0.0,0.01
1569,2023-01-01,0.1,0.21
1569,2023-02-01,0.01,0.24
1569,2023-03-01,0.0,0.26
1569,2023-04-01,0.03,0.1
1569,2023-05-01,0.06,0.06
1570,2023-01-01,0.0,0.05
1570,2023-02-01,0.0,0.02
1571,2023-01-01,0.01,0.0
1572,2023-02-01,0.1,0.13
1572,2023-03-01,0.0,0.17
1572,2023-04-01,0.0,1.4
1572,2023-05-01,0.0,1.9
1572,2023-06-01,0.0,2.7
1572,2023-07-01,0.0,0.3
1572,2023-08-01,0.0,2.0
1572,2023-09-01,0.0,0.21
1572,2023-11-01,0.0,2.2
1572,2023-12-01,0.0,1.9
1572,2024-01-01,0.0,0.22
1572,2024-02-01,0.0,3.2
1572,2024-03-01,0.0,0.5
1572,2024-04-01,0.0,0.11
1572,2024-05-01,0.0,0.19
1573,2023-01-01,0.02,0.12
1573,2023-02-01,0.02,0.0
1574,2023-01-01,3.2,0.0
1574,2023-02-01,0.02,0.0
1574,2023-03-01,0.0,0.01
1574,2023-04-01,0.33,0.0
1574,2023-05-01,0.12,0.0
1574,2023-06-01,0.05,0.0
1575,2023-01-01,0.09,0.0
1576,2023-01-01,0.09,0.0
1576,2023-02-01,0.05,0.0
1576,2023-03-01,0.04,0.0
1576,2023-04-01,0.01,0.0
1576,2023-05-01,0.19,0.0
1576,2023-06-01,0.03,0.0
1576,2023-07-01,0.15,0.0
1576,2023-08-01,0.01,0.0
1577,2023-03-01,0.0,0.18
1577,2023-04-01,0.0,0.16
1577,2023-05-01,0.0,0.29
1577,2023-06-01,0.0,0.16
1577,2023-07-01,0.0,0.21
1578,2023-01-01,0.0,0.76
1579,2023-01-01,0.0,0.01
1579,2023-02-01,0.0,0.06
1580,2023-01-01,0.05,0.0
1580,2023-02-01,0.08,0.0
1580,2023-03-01,0.01,0.0
1581,2023-01-01,0.0,0.07
1582,2023-01-01,0.03,0.0
1583,2023-01-01,0.0,0.01
1584,2023-01-01,0.41,0.06
1585,2023-01-01,0.0,0.04
1586,2023-01-01,0.0,0.04
1587,2023-01-01,0.52,0.0
1588,2023-01-01,0.0,0.01
1589,2023-01-01,0.0,0.38
1589,2023-02-01,0.0,1.3
1589,2023-04-01,0.0,0.11
1589,2023-05-01,0.0,1.8
1589,2023-06-01,0.0,0.14
1589,2023-07-01,0.0,0.54
1589,2023-09-01,0.0,1.8
1589,2023-11-01,4.5,0.76
1589,2024-02-01,0.0,1.1
1589,2024-03-01,0.0,1.7
1589,2024-04-01,0.0,1.0
1589,2024-05-01,0.0,0.44
1589,2024-06-01,0.0,0.21
1589,2024-07-01,0.0,0.07
1589,2024-10-01,0.0,1.4
1589,2024-11-01,0.0,0.67
1589,2024-12-01,0.0,0.4
1590,2023-01-01,0.01,0.0
1591,2023-01-01,0.48,0.0
1591,2023-02-01,0.48,0.0
1592,2023-01-01,0.04,0.03
1593,2023-01-01,0.15,0.0
1593,2023-02-01,0.05,0.0
1593,2023-03-01,0.08,0.0
1594,2023-01-01,0.0,0.27
1594,2023-02-01,0.0,1.3
1594,2023-03-01,0.0,0.31
1594,2023-05-01,0.0,0.37
1594,2023-06-01,0.0,0.01
1594,2023-07-01,0.0,0.09
1594,2023-08-01,0.0,0.18
1594,2023-09-01,0.0,0.04
1594,2023-10-01,0.0,0.27
1594,2023-11-01,0.0,0.05
1594,2023-12-01,0.0,0.06
1594,2024-01-01,0.0,0.19
1594,2024-02-01,0.0,0.19
1594,2024-03-01,0.02,0.0
1594,2024-04-01,0.07,0.08
1594,2024-05-01,0.03,0.09
1594,2024-06-01,0.01,0.0
1594,2024-07-01,0.0,0.05
1594,2024-08-01,0.01,0.0
1595,2023-01-01,0.01,0.0
1596,2023-01-01,0.0,0.02
1596,2023-02-01,0.19,0.01
1596,2023-03-01,0.14,0.04
1596,2023-04-01,0.75,0.0
1596,2023-05-01,0.14,0.0
1596,2023-06-01,0.28,0.0
1596,2023-07-01,1.1,0.0
1597,2023-01-01,0.0,0.64
1597,2023-02-01,0.0,2.6
1597,2023-03-01,0.0,1.6
1597,2023-04-01,0.0,0.2
1597,2023-05-01,0.0,0.01
1597,2023-06-01,0.0,0.59
1597,2023-07-01,0.0,0.6
1597,2023-08-01,0.0,0.34
1597,2023-09-01,0.0,3.2
1597,2023-10-01,0.0,1.8
1597,2023-11-01,0.0,2.8
1597,2023-12-01,0.0,0.38
1597,2024-01-01,0.0,2.9
1597,2024-02-01,0.0,3.1
1597,2024-03-01,0.0,2.0
1597,2024-04-01,0.0,4.1
1597,2024-05-01,0.0,1.2
1598,2023-01-01,0.0,0.04
1598,2023-04-01,0.0,0.02
1599,2023-01-01,0.01,0.0
1600,2023-01-01,0.01,0.0
1600,2023-02-01,0.01,0.0
1601,2023-01-01,0.04,0.06
1601,2023-02-01,0.0,0.08
1601,2023-03-01,0.0,0.01
1602,2023-02-01,0.09,0.0
1602,2023-03-01,0.0,0.12
1602,2023-04-01,0.1,0.06
1602,2023-05-01,0.03,0.06
1603,2023-01-01,0.08,0.01
1603,2023-02-01,0.0,0.36
1604,2023-01-01,0.0,0.01
1604,2023-02-01,0.0,0.03
1604,2023-03-01,0.0,0.02
1604,2023-04-01,0.01,0.0
1605,2023-01-01,0.0,0.01
1606,2023-02-01,0.0,0.26
1606,2023-03-01,0.0,0.27
1606,2023-04-01,0.0,0.41
1606,2023-05-01,0.0,0.26
1606,2023-07-01,0.0,0.32
1606,2023-08-01,0.0,0.32
1606,2023-09-01,0.0,0.29
1606,2023-10-01,0.0,0.27
1606,2023-11-01,0.0,0.37
1606,2023-12-01,0.0,0.39
1607,2023-01-01,0.15,0.0
1608,2023-01-01,0.0,0.01
1608,2023-02-01,0.0,0.02
1609,2023-01-01,0.0,0.03
1609,2023-02-01,0.0,0.01
1609,2023-03-01,0.0,0.16
1609,2023-04-01,0.0,0.17
1609,2023-05-01,0.0,0.11
1609,2023-06-01,0.0,0.09
1609,2023-07-01,0.0,0.04
1609,2023-08-01,0.0,0.14
1609,2023-09-01,0.0,0.15
1609,2023-10-01,0.0,0.2
1609,2023-11-01,0.0,0.17
1609,2023-12-01,0.0,0.07
1609,2024-01-01,0.0,0.08
1609,2024-02-01,0.0,0.07
1609,2024-03-01,0.0,0.23
1609,2024-04-01,0.0,0.09
1609,2024-05-01,0.0,0.04
1609,2024-06-01,0.0,0.18
1609,2024-07-01,0.0,0.09
1609,2024-08-01,0.0,0.13
1609,2024-09-01,0.0,0.37
1609,2024-10-01,0.0,0.17
1609,2024-11-01,0.0,0.04
1609,2024-12-01,0.0,0.04
1610,2023-01-01,0.0,0.17
1610,2023-02-01,0.0,0.11
1610,2023-03-01,0.0,0.13
1610,2023-04-01,0.0,0.12
1610,2023-05-01,0.0,0.13
1610,2023-06-01,0.0,0.01
1610,2023-07-01,0.0,0.01
1610,2023-09-01,0.0,0.18
1610,2023-10-01,0.0,0.17
1610,2023-11-01,0.0,0.17
1610,2023-12-01,0.0,0.13
1610,2024-01-01,0.0,0.16
1610,2024-02-01,0.0,0.1
1610,2024-03-01,0.0,0.16
1610,2024-04-01,0.0,0.1
1610,2024-05-01,0.0,0.09
1610,2024-06-01,0.0,0.01
1610,2024-07-01,0.0,0.02
1611,2023-01-01,0.03,0.0
1611,2023-02-01,0.03,3.3
1611,2023-03-01,0.06,0.0
1612,2023-01-01,0.0,0.01
1613,2023-01-01,0.22,0.0
1613,2023-02-01,0.07,0.0
1613,2023-03-01,0.0,0.02
1613,2023-04-01,0.15,0.0
1613,2023-05-01,0.02,0.01
1613,2023-06-01,0.0,0.03
1613,2023-07-01,0.0,0.06
1613,2023-08-01,0.33,0.0
1613,2023-09-01,0.06,0.0
1613,2023-10-01,0.0,0.04
1613,2023-11-01,0.0,0.11
1613,2023-12-01,0.0,0.09
1613,2024-01-01,0.0,0.01
1614,2023-01-01,0.0,0.01
1615,2023-01-01,0.0,0.08
1615,2023-02-01,0.0,0.05
1615,2023-04-01,0.0,0.12
1615,2023-05-01,0.0,0.03
1615,2023-06-01,0.0,0.05
1615,2023-07-01,0.0,0.07
1615,2023-08-01,0.0,0.04
1616,2023-01-01,0.05,0.0
1616,2023-02-01,0.01,0.0
1616,2023-03-01,0.01,0.0
1617,2023-01-01,0.0,0.01
1617,2023-02-01,0.0,0.01
1617,2023-04-01,0.0,0.18
1617,2023-07-01,0.0,0.02
1617,2023-12-01,0.0,0.03
1617,2024-01-01,0.0,0.78
1617,2024-03-01,0.0,0.08
1617,2024-04-01,0.05,0.0
1617,2024-05-01,0.0,0.04
1617,2024-06-01,0.0,0.44
1617,2024-07-01,0.0,0.19
1617,2024-08-01,0.0,0.01
1617,2024-09-01,0.0,0.2
1617,2024-10-01,0.02,0.33
1617,2024-11-01,0.05,0.0
1618,2023-01-01,0.0,0.55
1619,2023-01-01,0.0,0.13
1620,2023-01-01,0.0,0.13
1620,2023-02-01,0.0,0.06
1621,2023-01-01,0.0,0.01
1621,2023-02-01,0.0,0.11
1621,2023-03-01,0.0,0.01
1622,2023-01-01,0.0,0.02
1623,2023-01-01,0.0,0.13
1624,2023-01-01,0.0,0.03
1624,2023-02-01,0.0,0.04
1624,2023-03-01,0.0,0.04
1624,2023-04-01,0.0,0.04
1624,2023-05-01,0.0,0.04
1624,2023-06-01,0.0,0.07
1625,2023-01-01,0.0,0.04
1625,2023-02-01,0.02,0.0
1625,2023-03-01,0.73,0.36
1625,2023-04-01,0.0,0.04
1625,2023-05-01,0.16,0.08
1625,2023-06-01,0.12,0.06
1625,2023-07-01,0.02,0.01
1625,2023-08-01,0.21,0.01
1625,2023-09-01,0.0,0.04
1625,2023-10-01,0.18,0.01
1625,2023-11-01,0.0,0.05
1625,2023-12-01,0.0,0.12
1625,2024-01-01,0.03,0.0
1625,2024-02-01,0.05,0.0
1626,2023-01-01,0.01,0.0
1627,2023-01-01,0.0,0.26
1628,2023-01-01,0.01,0.0
1629,2023-01-01,0.01,0.0
1629,2023-02-01,0.05,0.6
1629,2023-03-01,0.04,0.04
1629,2023-04-01,0.02,0.02
1630,2023-01-01,0.0,0.64
1631,2023-01-01,0.0,1.4
1631,2023-02-01,4.1,3.4
1631,2023-03-01,0.1,0.0
1631,2023-04-01,3.0,0.0
1631,2023-05-01,0.0,4.8
1632,2023-01-01,0.0,0.15
1633,2023-01-01,0.01,0.0
1633,2023-02-01,0.04,0.0
1633,2023-03-01,0.05,0.0
1634,2023-01-01,9.4,0.0
1635,2023-01-01,0.0,0.13
1636,2023-02-01,0.01,0.0
1636,2023-03-01,0.02,0.0
1636,2023-06-01,0.03,0.0
1636,2024-01-01,0.01,0.0
1637,2023-02-01,0.0,0.01
1638,2023-02-01,0.0,0.01
1638,2023-03-01,0.0,0.01
1638,2023-05-01,0.0,0.03
1638,2023-06-01,0.0,0.01
1638,2023-08-01,0.0,0.03
1638,2023-09-01,0.0,0.01
1638,2023-10-01,0.0,0.03
1638,2023-12-01,0.0,0.02
1638,2024-01-01,0.0,0.01
1638,2024-04-01,0.0,0.01
1638,2024-05-01,0.0,0.01
1638,2024-06-01,0.0,0.01
1638,2024-08-01,0.0,0.01
1638,2024-11-01,0.0,0.01
1639,2023-02-01,0.01,0.0
1639,2023-04-01,0.0,2.6
1639,2023-05-01,0.0,0.09
1639,2023-06-01,0.0,2.4
1640,2023-02-01,0.01,0.0
1641,2023-02-01,0.19,0.0
1642,2023-02-01,0.68,0.0
1642,2023-03-01,0.55,0.01
1642,2023-04-01,0.41,0.0
1642,2023-05-01,0.76,0.0
1642,2023-06-01,0.73,0.01
1642,2023-07-01,0.55,0.02
1642,2023-08-01,0.41,0.05
1642,2023-09-01,0.69,0.0
1643,2023-02-01,6.2,0.75
1643,2023-03-01,13.0,0.0
1643,2023-04-01,9.5,0.0
1643,2023-05-01,8.6,0.0
1644,2023-02-01,0.01,0.0
1644,2023-03-01,1.1,0.0
1644,2023-04-01,0.01,0.0
1644,2023-05-01,0.33,0.01
1644,2023-06-01,0.02,0.24
1645,2023-02-01,0.0,0.03
1645,2023-03-01,0.0,0.04
1645,2023-04-01,0.0,0.03
1645,2023-05-01,0.0,0.02
1645,2023-06-01,0.02,0.0
1645,2023-07-01,0.0,0.02
1646,2023-02-01,1.0,0.0
1646,2023-03-01,0.7,0.0
1646,2023-04-01,0.24,0.0
1646,2023-05-01,0.72,0.0
1646,2023-06-01,1.0,0.0
1646,2023-07-01,1.0,0.0
1646,2023-08-01,1.0,0.0
1646,2023-09-01,1.0,0.0
1646,2023-10-01,1.0,0.0
1646,2023-11-01,1.0,0.0
1646,2023-12-01,1.0,0.0
1646,2024-01-01,0.0,0.09
1646,2024-02-01,0.0,0.16
1646,2024-03-01,0.0,0.01
1646,2024-04-01,0.0,0.68
1646,2024-05-01,0.0,0.54
1646,2024-06-01,0.99,0.0
1646,2024-07-01,0.0,0.08
1646,2024-08-01,0.13,0.0
1646,2024-09-01,0.1,0.0
1646,2024-10-01,1.1,0.0
1646,2024-11-01,0.0,0.02
1647,2023-02-01,0.01,0.0
1648,2023-02-01,0.06,0.0
1649,2023-02-01,0.03,0.0
1650,2023-02-01,0.0,0.03
1650,2023-03-01,0.0,0.07
1650,2023-04-01,0.03,0.05
1650,2023-05-01,0.01,0.0
1650,2023-06-01,0.07,0.1
1650,2023-07-01,0.03,0.0
1651,2023-02-01,0.0,0.07
1652,2023-02-01,0.01,0.04
1652,2023-03-01,0.02,0.0
1652,2023-04-01,0.02,0.0
1653,2023-02-01,0.17,0.0
1654,2023-02-01,0.29,0.0
1654,2023-03-01,0.42,0.0
1654,2023-05-01,0.46,0.0
1654,2023-06-01,0.05,0.02
1654,2023-07-01,0.02,0.1
1654,2023-08-01,0.16,0.0
1654,2023-09-01,0.19,0.0
1654,2023-10-01,0.01,0.0
1654,2023-11-01,0.34,0.0
1654,2023-12-01,0.28,0.0
1654,2024-01-01,0.27,0.0
1654,2024-02-01,1.1,0.0
1654,2024-03-01,0.4,0.0
1654,2024-04-01,0.42,0.0
1654,2024-05-01,0.42,0.0
1654,2024-07-01,0.01,0.0
1654,2024-08-01,0.24,0.0
1654,2024-09-01,0.33,0.0
1654,2024-10-01,0.14,0.0
1654,2024-11-01,0.28,0.0
1654,2024-12-01,0.92,0.0
1655,2023-02-01,0.0,0.03
1655,2023-03-01,0.0,0.02
1655,2023-04-01,0.0,0.02
1656,2023-02-01,0.0,0.01
1656,2023-03-01,0.04,0.0
1656,2023-04-01,0.07,0.0
1656,2023-05-01,0.0,0.07
1656,2023-06-01,0.0,0.04
1656,2023-07-01,0.06,0.1
1656,2023-08-01,65.0,0.17
1656,2023-09-01,15.0,1.0
1656,2023-10-01,18.0,1.4
1656,2023-11-01,0.13,1.0
1656,2023-12-01,10.0,1.0
1656,2024-01-01,15.0,0.38
1656,2024-03-01,12.0,0.27
1656,2024-04-01,15.0,0.29
1656,2024-06-01,15.0,1.2
1656,2024-07-01,0.11,0.23
1656,2024-08-01,15.0,0.78
1657,2023-03-01,0.0,0.14
1657,2023-04-01,0.0,0.12
1657,2023-05-01,0.0,0.21
1657,2023-06-01,0.0,0.02
1657,2023-07-01,0.0,0.11
1657,2023-08-01,0.0,0.09
1657,2023-10-01,0.0,0.01
1657,2023-11-01,0.0,0.01
1657,2023-12-01,0.0,0.02
1657,2024-01-01,0.02,0.19
1657,2024-03-01,0.0,0.11
1657,2024-04-01,0.0,0.05
1657,2024-05-01,0.0,0.18
1657,2024-06-01,0.0,0.08
1657,2024-07-01,0.0,0.04
1657,2024-08-01,0.0,0.15
1657,2024-09-01,0.0,0.18
1658,2023-02-01,1.1,0.0
1658,2023-03-01,0.44,0.0
1658,2023-04-01,0.04,0.0
1658,2023-05-01,0.0,0.03
1658,2023-06-01,0.04,0.0
1658,2023-07-01,0.1,0.06
1658,2023-08-01,0.01,0.0
1658,2023-09-01,0.05,0.0
1658,2023-10-01,0.06,0.06
1658,2023-11-01,0.15,0.0
1658,2023-12-01,0.02,0.0
1658,2024-01-01,0.09,0.0
1658,2024-02-01,0.09,0.0
1658,2024-03-01,0.09,0.0
1658,2024-04-01,0.1,0.0
1658,2024-05-01,0.09,0.0
1658,2024-06-01,0.05,0.0
1658,2024-07-01,0.09,0.0
1658,2024-08-01,0.0,0.03
1658,2024-09-01,0.05,0.0
1659,2023-02-01,0.0,0.01
1659,2023-03-01,0.0,0.12
1659,2023-04-01,0.1,0.0
1659,2023-05-01,0.0,0.12
1659,2023-06-01,0.0,0.01
1660,2023-02-01,0.01,0.0
1660,2023-03-01,0.05,0.0
1661,2023-02-01,0.11,0.0
1662,2023-02-01,0.0,0.47
1662,2023-03-01,0.0,0.01
1662,2023-04-01,0.35,0.0
1662,2023-05-01,0.0,0.11
1662,2023-06-01,0.0,0.05
1662,2023-07-01,0.0,0.1
1662,2023-08-01,1.1,0.0
1663,2023-02-01,0.03,0.0
1664,2023-02-01,0.1,0.0
1664,2023-03-01,0.56,0.38
1664,2023-04-01,0.31,0.0
1665,2023-02-01,0.0,0.09
1665,2023-03-01,0.0,0.02
1665,2023-04-01,0.0,0.02
1666,2023-02-01,0.01,0.0
1666,2023-03-01,0.02,0.0
1666,2023-04-01,0.01,0.0
1666,2023-05-01,0.0,0.02
1666,2023-06-01,0.0,0.04
1666,2023-07-01,0.0,0.01
1666,2023-08-01,0.0,0.03
1666,2023-09-01,0.0,0.03
1667,2023-02-01,0.0,0.02
1668,2023-02-01,32.0,2.1
1668,2023-03-01,47.0,0.48
1668,2023-04-01,32.0,0.07
1668,2023-05-01,21.0,0.13
1669,2023-02-01,0.14,0.0
1669,2023-03-01,0.23,0.0
1669,2023-04-01,0.03,0.0
1669,2023-05-01,0.01,0.0
1670,2023-02-01,0.04,0.0
1671,2023-02-01,0.04,0.02
1672,2023-02-01,0.29,0.0
1672,2023-03-01,0.0,0.41
1673,2023-02-01,0.05,0.0
1673,2023-03-01,0.0,0.02
1674,2023-02-01,0.0,0.14
1674,2023-03-01,0.0,0.11
1674,2023-04-01,0.0,0.22
1674,2023-05-01,0.0,0.04
1675,2023-02-01,0.09,0.0
1676,2023-02-01,0.34,0.0
1676,2023-03-01,0.25,0.0
1676,2023-04-01,0.26,0.02
1676,2023-05-01,0.21,0.01
1676,2023-06-01,0.3,0.0
1676,2023-07-01,0.26,0.0
1676,2023-08-01,0.22,0.02
1677,2023-02-01,0.03,0.13
1677,2023-04-01,0.01,0.14
1677,2023-05-01,0.0,0.11
1677,2023-06-01,0.02,0.16
1677,2023-07-01,0.01,0.13
1678,2023-02-01,0.02,0.0
1679,2023-02-01,0.09,0.02
1679,2023-03-01,0.03,0.0
1679,2023-04-01,0.03,0.02
1680,2023-02-01,0.19,0.0
1681,2023-02-01,0.01,0.0
1682,2023-02-01,0.0,0.58
1683,2023-02-01,0.55,0.0
1683,2023-03-01,0.4,0.0
1683,2023-04-01,0.14,0.0
1683,2023-05-01,0.72,0.0
1683,2023-06-01,0.03,0.0
1683,2023-07-01,0.03,0.0
1683,2023-08-01,0.01,0.0
1683,2023-09-01,0.0,0.01
1683,2023-10-01,0.02,0.0
1683,2023-11-01,1.3,0.0
1684,2023-02-01,0.0,0.07
1685,2023-02-01,0.0,0.03
1685,2023-03-01,0.0,0.06
1685,2023-04-01,0.0,0.02
1685,2023-05-01,0.0,0.06
1685,2023-06-01,0.0,0.01
1685,2023-07-01,0.0,0.01
1685,2023-08-01,0.0,0.11
1685,2023-09-01,0.0,0.08
1685,2023-10-01,0.0,0.01
1685,2023-11-01,0.0,0.04
1685,2024-01-01,0.0,0.07
1686,2023-02-01,0.09,0.0
1687,2023-02-01,0.07,0.0
1688,2023-02-01,0.0,0.04
1689,2023-02-01,0.0,0.11
1689,2023-03-01,0.0,0.03
1689,2023-04-01,0.0,0.09
1689,2023-05-01,0.0,0.06
1689,2023-06-01,0.0,0.08
1689,2023-07-01,0.0,0.05
1689,2023-08-01,0.0,0.14
1689,2023-09-01,0.0,0.09
1689,2023-10-01,0.0,0.11
1689,2023-11-01,0.0,0.18
1689,2023-12-01,0.0,0.15
1689,2024-01-01,0.0,0.07
1689,2024-02-01,0.0,0.15
1689,2024-03-01,0.0,0.09
1689,2024-04-01,0.0,0.2
1689,2024-05-01,0.0,0.12
1689,2024-06-01,0.0,0.2
1689,2024-07-01,0.0,0.11
1689,2024-08-01,0.0,0.04
1689,2024-09-01,0.0,0.03
1689,2024-10-01,0.0,0.04
1689,2024-11-01,0.0,0.02
1690,2023-02-01,0.0,0.01
1690,2023-04-01,0.0,0.02
1690,2023-05-01,0.0,0.04
1690,2023-06-01,0.0,0.06
1690,2023-07-01,0.0,0.02
1690,2023-08-01,0.0,0.03
1690,2023-09-01,0.0,0.14
1690,2023-10-01,0.0,0.02
1690,2023-11-01,0.0,0.06
1690,2023-12-01,0.0,0.03
1690,2024-01-01,0.0,0.01
1690,2024-02-01,0.0,0.04
1690,2024-03-01,0.0,0.03
1690,2024-04-01,0.0,0.13
1691,2023-02-01,0.0,0.05
1691,2023-03-01,0.0,0.07
1691,2023-04-01,0.0,0.42
1691,2023-05-01,0.0,0.02
1691,2023-07-01,0.0,0.14
1691,2023-08-01,0.0,0.1
1692,2023-02-01,2.1,0.11
1692,2023-03-01,1.8,0.31
1692,2023-04-01,1.1,0.17
1692,2023-05-01,2.0,0.53
1692,2023-06-01,0.93,0.26
1692,2023-07-01,0.63,2.0
1692,2023-08-01,1.4,0.17
1692,2023-09-01,0.65,0.37
1692,2023-10-01,0.78,0.2
1692,2023-11-01,0.52,0.37
1692,2023-12-01,0.65,1.3
1692,2024-01-01,1.2,0.28
1692,2024-02-01,0.76,0.22
1692,2024-03-01,1.1,0.15
1692,2024-04-01,1.1,0.21
1692,2024-05-01,0.83,0.15
1692,2024-06-01,0.78,0.1
1692,2024-07-01,0.67,0.16
1692,2024-08-01,0.64,0.13
1692,2024-09-01,0.55,0.12
1692,2024-10-01,0.41,0.07
1692,2024-11-01,0.44,0.09
1693,2023-02-01,0.0,0.52
1693,2023-03-01,0.0,0.36
1693,2023-04-01,0.0,0.33
1693,2023-05-01,0.0,0.26
1693,2023-06-01,0.0,0.37
1693,2023-07-01,0.06,0.35
1693,2023-08-01,0.0,0.36
1693,2023-09-01,0.0,0.25
1693,2023-10-01,0.23,0.0
1693,2023-11-01,0.23,0.0
1693,2023-12-01,0.23,0.0
1693,2024-01-01,0.15,0.0
1693,2024-02-01,0.22,0.0
1694,2023-02-01,0.0,0.04
1694,2023-03-01,0.0,0.15
1694,2023-04-01,0.0,0.28
1695,2023-02-01,0.11,0.0
1695,2023-03-01,0.17,0.0
1695,2023-04-01,0.1,0.0
1695,2023-05-01,0.04,0.0
1695,2023-06-01,0.07,0.0
1695,2023-07-01,0.17,0.0
1695,2023-08-01,0.07,0.0
1695,2023-09-01,0.13,0.0
1695,2023-10-01,0.07,0.0
1695,2023-11-01,0.07,0.0
1696,2023-02-01,0.0,0.2
1696,2023-03-01,0.0,1.1
1696,2023-04-01,0.0,0.03
1696,2023-05-01,0.0,0.37
1696,2023-06-01,0.0,0.02
1696,2023-07-01,0.0,0.01
1697,2023-02-01,0.0,0.07
1697,2023-03-01,0.0,0.15
1697,2023-04-01,0.0,0.08
1697,2023-05-01,0.0,0.19
1697,2023-06-01,0.0,0.13
1697,2023-07-01,0.0,0.01
1698,2023-02-01,0.0,0.22
1699,2023-02-01,0.04,0.0
1699,2023-03-01,0.26,0.0
1699,2023-05-01,0.16,0.0
1699,2023-06-01,0.32,0.0
1699,2023-07-01,0.01,0.0
1699,2023-08-01,0.11,0.0
1700,2023-02-01,0.18,0.0
1700,2023-06-01,0.14,0.0
1700,2023-07-01,0.35,0.0
1700,2023-08-01,0.06,0.0
1700,2023-09-01,0.69,0.0
1700,2023-10-01,0.44,0.0
1700,2023-11-01,0.32,0.0
1700,2023-12-01,0.11,0.0
1700,2024-01-01,0.05,0.0
1700,2024-03-01,0.04,0.0
1700,2024-05-01,0.06,0.0
1700,2024-06-01,0.09,0.0
1700,2024-07-01,0.09,0.0
1700,2024-09-01,0.13,0.0
1700,2024-12-01,0.13,0.0
1701,2023-02-01,0.0,0.05
1701,2023-03-01,0.0,0.08
1701,2023-04-01,0.0,0.07
1701,2023-05-01,0.0,0.07
1701,2023-06-01,0.0,0.02
1701,2023-07-01,0.0,0.04
1701,2023-08-01,0.0,0.05
1701,2023-09-01,0.0,0.09
1701,2023-10-01,0.0,0.04
1701,2023-11-01,0.0,0.1
1701,2023-12-01,0.0,0.15
1701,2024-01-01,0.0,0.05
1701,2024-02-01,0.0,0.03
1701,2024-03-01,0.0,0.01
1701,2024-04-01,0.0,0.05
1701,2024-05-01,0.0,0.08
1701,2024-07-01,0.0,0.07
1701,2024-09-01,0.0,0.06
1701,2024-10-01,0.0,0.03
1701,2024-11-01,0.0,0.11
1701,2024-12-01,0.0,0.18
1702,2023-02-01,0.0,4.4
1703,2023-03-01,0.0,0.17
1703,2023-04-01,0.0,0.07
1704,2023-03-01,0.0,0.05
1705,2023-03-01,0.14,0.02
1706,2023-03-01,0.01,0.0
1707,2023-03-01,0.03,0.0
1707,2023-05-01,0.04,0.0
1707,2023-08-01,0.02,0.0
1707,2023-11-01,0.02,0.0
1707,2024-01-01,0.01,0.0
1707,2024-05-01,0.02,0.0
1707,2024-06-01,0.01,0.0
1707,2024-10-01,0.05,0.0
1707,2024-12-01,0.14,0.0
1708,2023-03-01,0.0,0.03
1708,2023-04-01,0.0,0.03
1708,2023-05-01,0.0,0.03
1708,2023-07-01,0.0,0.02
1708,2023-09-01,0.0,0.03
1708,2023-11-01,0.0,0.03
1708,2024-03-01,0.0,0.04
1708,2024-08-01,0.0,0.02
1708,2024-10-01,0.0,0.02
1708,2024-12-01,0.0,0.03
1709,2023-03-01,0.04,0.04
1709,2023-04-01,0.0,0.01
1709,2023-05-01,0.0,0.04
1709,2023-06-01,0.04,0.0
1709,2023-07-01,0.0,0.05
1709,2023-08-01,0.0,0.04
1709,2023-09-01,0.2,0.0
1709,2023-10-01,0.02,0.0
1709,2023-11-01,0.0,0.01
1710,2023-03-01,0.0,0.04
1710,2023-04-01,0.0,0.03
1710,2023-05-01,0.0,0.07
1710,2023-06-01,0.0,0.02
1710,2023-07-01,0.0,0.02
1710,2023-08-01,0.0,0.01
1710,2023-09-01,0.0,0.07
1710,2024-01-01,0.0,0.03
1711,2023-03-01,0.0,0.1
1711,2023-04-01,0.0,0.06
1711,2023-06-01,0.0,0.07
1711,2023-07-01,0.0,0.02
1712,2023-03-01,0.08,0.0
1712,2023-04-01,0.05,0.0
1713,2023-03-01,0.0,0.01
1713,2023-04-01,0.78,0.0
1713,2023-05-01,0.0,0.3
1713,2023-06-01,5.6,0.46
1713,2023-07-01,4.7,1.3
1714,2023-03-01,0.0,0.19
1714,2023-04-01,0.0,0.19
1714,2023-05-01,0.0,0.28
1714,2023-06-01,0.0,0.07
1715,2023-03-01,0.25,0.03
1715,2023-04-01,0.31,0.01
1715,2023-05-01,0.23,0.01
1715,2023-06-01,0.32,0.01
1716,2023-03-01,0.0,0.06
1717,2023-03-01,0.0,0.13
1717,2023-04-01,0.0,0.08
1717,2023-05-01,0.0,0.11
1717,2023-06-01,0.0,0.09
1717,2023-07-01,0.0,0.11
1717,2023-08-01,0.0,0.09
1717,2023-09-01,0.0,0.15
1717,2023-11-01,0.0,0.17
1717,2023-12-01,0.0,0.15
1717,2024-01-01,0.0,0.21
1717,2024-02-01,0.0,0.08
1717,2024-03-01,0.0,0.15
1717,2024-04-01,0.0,0.17
1717,2024-05-01,0.0,0.17
1717,2024-07-01,0.0,0.02
1717,2024-08-01,0.0,0.04
1717,2024-09-01,0.0,0.02
1718,2023-03-01,0.0,0.01
1719,2023-03-01,0.1,0.0
1719,2023-04-01,0.02,0.0
1719,2023-05-01,0.17,0.0
1720,2023-03-01,0.05,0.0
1721,2023-03-01,1.2,0.0
1721,2023-04-01,0.5,0.0
1722,2023-03-01,0.09,0.0
1722,2023-04-01,0.06,0.0
1722,2023-05-01,0.15,0.0
1722,2023-06-01,0.04,0.0
1722,2023-07-01,0.04,0.0
1722,2023-08-01,0.0,0.08
1722,2023-09-01,0.0,0.01
1722,2023-10-01,0.04,0.01
1722,2023-12-01,0.08,0.12
1722,2024-01-01,0.0,0.21
1722,2024-02-01,0.09,0.12
1723,2023-03-01,0.0,0.02
1723,2023-04-01,0.0,0.01
1723,2023-05-01,0.0,0.01
1723,2023-06-01,0.0,0.01
1724,2023-03-01,0.02,0.07
1724,2023-04-01,0.11,0.02
1724,2023-05-01,0.04,0.02
1724,2023-06-01,0.53,0.05
1724,2023-07-01,0.16,0.04
1724,2023-08-01,0.51,0.05
1724,2023-09-01,0.05,0.05
1724,2023-10-01,0.05,0.04
1724,2023-11-01,0.0,0.05
1724,2023-12-01,0.0,0.03
1724,2024-01-01,0.26,0.11
1724,2024-02-01,0.0,0.01
1724,2024-03-01,0.0,0.01
1724,2024-04-01,0.0,0.01
1724,2024-05-01,0.0,0.01
1724,2024-06-01,0.0,0.01
1724,2024-07-01,0.0,0.01
1724,2024-08-01,0.0,0.01
1724,2024-09-01,0.0,0.01
1724,2024-10-01,0.0,0.01
1724,2024-11-01,0.0,0.01
1724,2024-12-01,0.0,0.01
1725,2023-03-01,0.0,0.44
1725,2023-05-01,0.48,0.0
1725,2023-06-01,0.65,0.12
1725,2023-07-01,0.91,0.0
1726,2023-03-01,0.0,0.01
1727,2023-03-01,0.01,0.0
1728,2023-03-01,0.01,0.01
1729,2023-03-01,0.0,0.02
1729,2023-04-01,0.0,0.02
1729,2023-05-01,0.0,0.02
1729,2023-06-01,0.0,0.02
1729,2023-07-01,0.0,0.15
1730,2023-03-01,0.0,0.01
1731,2023-04-01,1.8,0.0
1731,2023-05-01,1.8,0.09
1731,2023-06-01,1.8,0.0
1731,2023-07-01,1.2,0.0
1731,2023-08-01,1.1,0.54
1731,2023-09-01,0.87,0.0
1731,2023-10-01,1.9,0.0
1731,2023-11-01,2.0,0.0
1732,2023-03-01,0.1,0.0
1733,2023-03-01,0.0,0.02
1733,2023-04-01,0.0,0.01
1733,2023-05-01,0.0,0.11
1733,2023-06-01,0.0,0.17
1733,2023-07-01,0.0,0.03
1733,2023-08-01,0.0,0.02
1733,2023-09-01,0.0,0.06
1733,2023-10-01,0.0,0.03
1733,2023-11-01,0.0,0.03
1733,2023-12-01,0.0,0.04
1734,2023-03-01,0.0,0.05
1734,2023-04-01,0.0,0.16
1734,2023-05-01,0.0,0.08
1734,2023-06-01,0.0,0.28
1734,2023-07-01,0.08,0.0
1734,2023-08-01,0.05,0.0
1734,2023-09-01,0.01,0.0
1734,2023-10-01,0.0,0.11
1735,2023-03-01,0.0,0.08
1736,2023-03-01,0.53,0.06
1737,2023-03-01,0.04,0.0
1737,2023-04-01,0.24,0.0
1737,2023-05-01,0.0,0.01
1737,2023-06-01,0.0,0.01
1737,2023-07-01,0.0,0.03
1738,2023-03-01,0.03,0.0
1738,2023-04-01,0.07,0.0
1739,2023-03-01,0.0,0.33
1739,2023-04-01,0.0,0.12
1739,2023-05-01,0.0,0.33
1739,2023-06-01,0.15,0.0
1739,2023-07-01,0.1,0.0
1739,2023-08-01,0.17,0.0
1740,2023-03-01,0.0,0.02
1741,2023-03-01,0.03,0.02
1741,2023-04-01,0.03,0.0
1741,2023-05-01,0.0,0.04
1741,2023-07-01,0.0,0.01
1742,2023-03-01,0.0,0.01
1743,2023-03-01,0.11,0.28
1743,2023-04-01,0.0,0.01
1743,2023-06-01,0.09,0.0
1743,2023-07-01,0.04,0.0
1743,2023-08-01,0.0,0.01
1744,2023-03-01,0.15,0.0
1745,2023-03-01,0.78,0.36
1745,2023-04-01,0.89,0.45
1745,2023-05-01,0.02,0.0
1745,2023-06-01,0.07,0.0
1746,2023-03-01,0.0,0.02
1747,2023-03-01,0.13,0.0
1747,2023-04-01,0.0,0.66
1747,2023-05-01,0.0,0.11
1748,2023-03-01,0.08,0.09
1749,2023-03-01,0.0,0.03
1750,2023-03-01,0.0,0.04
1750,2023-06-01,0.0,0.21
1750,2023-07-01,0.0,0.03
1750,2023-08-01,0.0,0.06
1750,2023-09-01,0.0,0.16
1750,2023-10-01,0.0,0.03
1750,2023-11-01,0.0,0.06
1750,2023-12-01,0.0,0.04
1750,2024-02-01,0.0,0.02
1750,2024-03-01,0.0,0.07
1750,2024-04-01,0.0,0.04
1750,2024-05-01,0.0,0.03
1750,2024-06-01,0.0,0.03
1750,2024-07-01,0.0,0.05
1750,2024-08-01,0.0,0.03
1750,2024-10-01,0.0,0.09
1750,2024-12-01,0.0,0.03
1751,2023-03-01,0.09,0.0
1751,2023-04-01,0.69,0.0
1751,2023-05-01,0.03,0.0
1751,2023-06-01,0.86,0.0
1751,2023-07-01,0.09,0.0
1752,2023-03-01,0.0,0.03
1752,2023-04-01,1.4,0.03
1752,2023-05-01,0.41,0.0
1752,2023-06-01,0.44,0.01
1752,2023-07-01,0.93,0.0
1753,2023-03-01,0.0,5.2
1753,2023-04-01,0.0,1.1
1753,2023-05-01,0.0,3.1
1753,2023-06-01,0.0,2.2
1754,2023-03-01,0.13,0.07
1755,2023-04-01,0.1,0.0
1755,2023-05-01,0.04,0.0
1755,2023-06-01,0.1,0.0
1755,2023-07-01,0.05,0.0
1755,2023-08-01,0.03,0.0
1755,2023-09-01,0.16,0.0
1755,2023-10-01,0.03,0.0
1755,2023-11-01,0.06,0.0
1755,2023-12-01,0.06,0.02
1755,2024-01-01,0.3,0.22
1755,2024-02-01,0.07,0.2
1755,2024-03-01,0.08,0.11
1755,2024-04-01,0.03,0.07
1755,2024-05-01,0.12,0.1
1755,2024-06-01,0.09,0.0
1755,2024-07-01,0.0,0.04
1756,2023-03-01,0.0,0.04
1756,2023-04-01,0.0,0.07
1757,2023-03-01,0.0,0.04
1758,2023-03-01,0.06,0.02
1758,2023-04-01,0.0,0.08
1759,2023-03-01,0.0,0.02
1759,2023-04-01,0.0,0.05
1759,2023-05-01,0.08,0.0
1759,2023-06-01,0.0,0.01
1760,2023-03-01,0.01,0.0
1760,2023-04-01,0.01,0.0
1761,2023-03-01,0.0,0.02
1761,2023-04-01,0.0,0.03
1761,2023-05-01,0.0,0.03
1762,2023-03-01,0.08,0.0
1763,2023-03-01,0.02,0.0
1763,2023-04-01,0.01,0.0
1764,2023-03-01,0.0,0.17
1765,2023-03-01,0.0,0.02
1766,2023-05-01,0.0,0.08
1766,2023-06-01,0.0,0.14
1766,2023-07-01,0.0,0.13
1766,2023-08-01,0.0,0.39
1766,2023-09-01,0.02,0.0
1766,2023-10-01,0.0,0.03
1766,2023-11-01,0.0,0.05
1766,2023-12-01,0.0,0.13
1766,2024-01-01,0.0,0.02
1766,2024-02-01,0.0,0.03
1766,2024-03-01,0.0,0.05
1766,2024-04-01,0.0,0.03
1767,2023-03-01,0.0,0.02
1768,2023-03-01,0.0,0.01
1769,2023-03-01,0.0,0.04
1770,2023-04-01,0.02,0.0
1770,2023-05-01,0.03,0.0
1770,2023-06-01,0.02,0.0
1770,2023-07-01,0.02,0.0
1770,2023-08-01,0.03,0.02
1770,2023-09-01,0.0,0.03
1770,2023-10-01,0.01,0.01
1770,2023-11-01,0.01,0.01
1770,2023-12-01,0.0,0.01
1770,2024-01-01,0.0,0.01
1770,2024-02-01,0.03,0.0
1770,2024-03-01,0.06,0.03
1771,2023-05-01,0.0,0.56
1771,2023-06-01,0.0,0.68
1771,2023-07-01,0.0,0.51
1771,2023-08-01,0.0,0.3
1771,2023-09-01,0.0,0.27
1771,2023-10-01,0.0,0.42
1771,2023-11-01,0.0,0.48
1771,2023-12-01,0.0,0.45
1771,2024-01-01,0.0,0.41
1771,2024-02-01,0.0,0.16
1772,2023-03-01,0.0,0.01
1773,2023-03-01,0.03,0.0
1773,2023-04-01,0.04,0.0
1773,2023-05-01,0.04,0.0
1774,2023-03-01,0.03,0.0
1774,2023-05-01,0.0,0.01
1774,2024-09-01,0.06,0.0
1774,2024-10-01,0.14,0.0
1774,2024-12-01,0.34,0.0
1775,2023-03-01,0.0,0.04
1775,2023-04-01,0.0,0.01
1776,2023-03-01,0.97,0.02
1776,2023-04-01,1.1,0.0
1776,2023-05-01,0.61,0.03
1776,2023-06-01,0.91,0.07
1776,2023-07-01,0.05,0.0
1776,2023-08-01,1.5,0.0
1776,2023-10-01,1.1,0.0
1776,2024-01-01,0.94,0.01
1776,2024-02-01,0.5,0.01
1776,2024-03-01,0.59,0.0
1776,2024-04-01,0.27,0.0
1776,2024-05-01,0.45,0.0
1776,2024-06-01,0.03,0.0
1776,2024-07-01,0.28,0.0
1776,2024-09-01,0.39,0.0
1776,2024-10-01,0.06,0.0
1776,2024-11-01,0.23,0.07
1776,2024-12-01,0.16,0.12
1777,2023-03-01,0.0,1.3
1778,2023-03-01,0.0,0.04
1778,2023-04-01,0.0,0.04
1778,2023-05-01,0.0,0.01
1778,2023-06-01,0.0,0.03
1779,2023-03-01,0.0,0.18
1779,2023-04-01,0.0,0.06
1779,2023-05-01,0.0,0.12
1779,2023-06-01,0.0,0.11
1780,2023-03-01,0.0,0.04
1780,2023-10-01,0.0,0.03
1780,2024-12-01,0.1,0.0
1781,2023-03-01,0.06,0.19
1781,2023-04-01,0.0,0.35
1781,2023-05-01,0.41,1.7
1781,2023-06-01,0.07,0.24
1781,2023-11-01,0.0,0.58
1781,2024-01-01,0.1,0.28
1781,2024-03-01,0.08,0.22
1781,2024-04-01,0.0,0.28
1781,2024-10-01,0.0,0.19
1781,2024-11-01,0.0,0.46
1781,2024-12-01,0.0,0.52
1782,2023-03-01,0.0,0.1
1782,2023-05-01,0.0,0.02
1782,2023-06-01,0.0,0.21
1782,2023-07-01,0.0,0.1
1782,2023-08-01,0.0,0.04
1782,2023-09-01,0.0,0.07
1783,2023-04-01,0.0,0.02
1783,2023-05-01,0.0,0.01
1783,2023-06-01,0.0,0.01
1783,2023-07-01,0.0,0.01
1784,2023-04-01,0.34,0.0
1784,2023-05-01,0.0,0.01
1784,2023-06-01,0.0,0.01
1784,2023-07-01,0.01,0.0
1785,2023-04-01,0.0,0.27
1785,2023-05-01,0.0,0.15
1785,2023-06-01,0.0,0.26
1785,2023-07-01,0.0,0.01
1785,2023-08-01,0.0,0.07
1785,2023-09-01,0.0,0.12
1785,2023-10-01,0.0,0.02
1785,2023-11-01,0.0,0.03
1785,2023-12-01,0.0,0.02
1785,2024-01-01,0.0,0.01
1786,2023-04-01,0.0,0.01
1786,2023-05-01,0.01,0.0
1786,2023-06-01,0.05,0.0
1786,2023-07-01,0.05,0.0
1786,2023-09-01,0.0,0.02
1787,2023-04-01,0.01,0.16
1787,2023-05-01,0.02,0.35
1788,2023-04-01,0.0,0.06
1789,2023-04-01,0.0,0.06
1789,2023-05-01,0.0,0.01
1789,2023-06-01,0.0,0.01
1790,2023-04-01,0.0,0.01
1790,2023-05-01,0.0,0.02
1790,2023-06-01,0.0,0.01
1790,2023-07-01,0.0,0.02
1790,2023-08-01,0.0,0.02
1791,2023-04-01,0.0,0.05
1792,2023-04-01,0.68,0.0
1792,2023-05-01,0.03,0.0
1793,2023-04-01,0.0,0.02
1793,2023-10-01,0.0,0.05
1793,2024-01-01,0.0,0.02
1794,2023-04-01,0.0,0.94
1794,2023-05-01,0.0,0.61
1794,2023-06-01,0.02,0.57
1794,2023-07-01,0.06,0.59
1794,2023-08-01,0.0,0.21
1794,2023-09-01,0.02,0.24
1795,2023-04-01,0.0,0.06
1796,2023-04-01,0.0,0.04
1796,2023-05-01,0.0,0.04
1796,2023-06-01,0.0,0.08
1796,2023-08-01,0.0,0.08
1796,2023-09-01,0.0,0.04
1796,2023-10-01,0.0,0.04
1796,2023-11-01,0.0,0.04
1796,2023-12-01,0.0,0.07
1796,2024-02-01,0.0,0.03
1796,2024-03-01,0.0,0.1
1796,2024-04-01,0.0,0.04
1796,2024-05-01,0.0,0.1
1796,2024-06-01,0.0,0.07
1796,2024-08-01,0.0,0.03
1796,2024-09-01,0.0,0.06
1796,2024-10-01,0.0,0.03
1796,2024-11-01,0.0,0.07
1796,2024-12-01,0.0,0.06
1797,2023-04-01,0.19,0.0
1798,2023-04-01,0.01,0.0
1799,2023-04-01,2.5,0.28
1800,2023-04-01,0.0,0.01
1801,2023-04-01,0.0,0.15
1801,2023-05-01,0.0,0.01
1801,2023-06-01,0.0,0.01
1802,2023-04-01,0.05,0.0
1802,2023-05-01,0.1,0.0
1802,2023-06-01,0.02,0.0
1802,2023-07-01,0.07,0.0
1802,2023-09-01,0.02,0.0
1802,2023-10-01,0.02,0.0
1802,2023-11-01,0.02,0.0
1802,2023-12-01,0.07,0.0
1802,2024-01-01,0.01,0.0
1802,2024-02-01,0.08,0.0
1803,2023-04-01,0.0,0.04
1804,2023-04-01,0.0,0.06
1805,2023-04-01,0.1,0.0
1806,2023-04-01,0.05,0.0
1806,2023-05-01,0.04,0.0
1806,2023-06-01,0.01,0.0
1806,2023-07-01,0.02,0.0
1806,2023-08-01,0.03,0.0
1806,2024-02-01,0.02,0.0
1806,2024-04-01,0.09,0.0
1806,2024-06-01,0.1,0.0
1806,2024-07-01,0.16,0.0
1806,2024-09-01,0.01,0.0
1806,2024-10-01,0.12,0.0
1807,2023-04-01,0.02,0.0
1807,2023-05-01,0.06,0.0
1808,2023-04-01,0.04,0.0
1809,2023-04-01,0.02,0.0
1809,2023-05-01,0.02,0.0
1810,2023-04-01,0.01,0.0
1811,2023-04-01,0.1,0.0
1811,2023-05-01,0.13,0.0
1811,2023-06-01,0.06,0.13
1811,2023-07-01,0.04,0.0
1811,2023-08-01,0.6,0.0
1811,2023-09-01,0.02,0.0
1811,2023-10-01,0.1,0.0
1811,2023-11-01,0.02,0.0
1812,2023-04-01,0.09,0.02
1813,2023-04-01,0.0,0.03
1814,2023-04-01,0.02,0.0
1815,2023-04-01,0.02,0.0
1816,2023-04-01,0.0,0.01
1816,2023-05-01,0.0,0.03
1816,2023-06-01,0.0,0.03
1816,2023-07-01,0.0,0.02
1817,2023-04-01,0.0,0.25
1817,2023-05-01,0.0,0.46
1817,2023-06-01,0.0,0.47
1818,2023-04-01,0.0,0.4
1818,2023-05-01,0.02,0.0
1818,2023-07-01,26.0,0.03
1818,2023-08-01,0.01,0.0
1818,2023-09-01,0.0,0.23
1818,2023-10-01,18.0,0.04
1818,2023-11-01,22.0,0.12
1818,2023-12-01,17.0,0.13
1819,2023-04-01,0.73,0.0
1819,2023-05-01,0.54,0.0
1820,2023-04-01,0.1,0.0
1820,2023-05-01,0.08,0.0
1820,2023-06-01,0.13,0.0
1820,2023-07-01,0.11,0.0
1820,2023-08-01,0.08,0.0
1820,2023-09-01,0.16,0.0
1820,2023-10-01,0.07,0.0
1820,2023-11-01,0.05,0.0
1820,2023-12-01,0.04,0.0
1820,2024-01-01,0.15,0.0
1820,2024-02-01,0.11,0.0
1820,2024-03-01,0.11,0.0
1820,2024-04-01,0.07,0.0
1820,2024-05-01,0.29,0.0
1820,2024-06-01,0.16,0.0
1820,2024-07-01,0.15,0.0
1820,2024-08-01,0.15,0.0
1820,2024-09-01,0.2,0.0
1820,2024-10-01,0.12,0.0
1820,2024-11-01,0.06,0.0
1820,2024-12-01,0.13,0.0
1821,2023-04-01,0.0,0.02
1821,2023-05-01,0.0,0.04
1821,2023-09-01,0.0,0.1
1821,2023-11-01,0.0,0.03
1821,2023-12-01,0.0,0.01
1822,2023-04-01,0.07,0.0
1823,2023-04-01,0.0,0.09
1823,2023-05-01,0.0,0.02
1824,2023-04-01,0.0,0.03
1824,2023-05-01,0.0,0.01
1825,2023-04-01,0.0,0.15
1825,2023-05-01,0.0,0.26
1825,2023-06-01,0.0,0.3
1826,2023-04-01,0.0,0.83
1827,2023-04-01,0.03,0.0
1827,2023-05-01,0.21,0.0
1827,2023-06-01,0.03,0.0
1827,2023-07-01,0.09,0.0
1827,2023-08-01,0.2,0.0
1827,2023-09-01,0.0,0.11
1827,2023-10-01,0.07,0.0
1827,2023-11-01,0.0,0.07
1827,2023-12-01,0.01,0.0
1827,2024-01-01,0.01,0.0
1827,2024-02-01,0.01,0.0
1827,2024-03-01,0.09,0.0
1827,2024-04-01,0.14,0.0
1827,2024-05-01,0.0,1.0
1827,2024-06-01,0.0,0.94
1827,2024-07-01,0.13,0.0
1827,2024-08-01,0.18,0.0
1827,2024-09-01,0.0,1.1
1827,2024-10-01,0.02,0.72
1827,2024-11-01,0.01,0.0
1827,2024-12-01,0.04,0.0
1828,2023-04-01,0.01,0.0
1828,2023-05-01,0.01,0.0
1828,2023-06-01,0.05,0.0
1828,2023-07-01,0.02,0.0
1829,2023-04-01,0.01,0.0
1830,2023-04-01,0.08,0.0
1830,2023-05-01,0.09,0.0
1830,2023-06-01,0.01,0.01
1830,2023-07-01,0.07,0.0
1831,2023-04-01,0.0,28.0
1832,2023-04-01,0.06,0.07
1833,2023-04-01,0.0,0.25
1833,2023-05-01,0.0,0.33
1834,2023-04-01,0.03,0.0
1835,2023-04-01,0.0,0.03
1836,2023-06-01,0.05,0.0
1836,2023-07-01,0.06,0.01
1836,2023-08-01,0.15,0.0
1836,2023-09-01,0.57,0.0
1836,2023-10-01,0.0,0.26
1836,2023-11-01,0.0,0.23
1836,2023-12-01,0.65,0.0
1836,2024-01-01,0.0,0.62
1836,2024-02-01,0.0,0.3
1836,2024-03-01,0.0,0.31
1836,2024-04-01,0.0,0.32
1836,2024-05-01,0.0,0.3
1836,2024-06-01,0.0,0.24
1836,2024-07-01,0.0,0.49
1836,2024-08-01,0.17,0.0
1836,2024-09-01,0.0,0.31
1836,2024-10-01,0.0,0.44
1836,2024-11-01,0.17,0.0
1837,2023-04-01,0.0,0.01
1837,2023-05-01,0.0,0.1
1837,2023-06-01,0.33,0.01
1837,2023-07-01,0.0,0.04
1837,2023-08-01,0.0,0.05
1837,2023-09-01,0.0,0.04
1837,2023-10-01,0.0,0.1
1837,2023-11-01,0.0,0.08
1837,2023-12-01,0.0,0.19
1837,2024-01-01,0.42,0.01
1837,2024-02-01,0.0,0.19
1838,2023-05-01,0.0,0.15
1838,2023-06-01,0.0,0.06
1838,2023-07-01,0.0,0.1
1838,2023-08-01,0.0,0.05
1838,2023-09-01,0.0,0.11
1838,2023-10-01,0.0,0.02
1838,2023-11-01,0.0,0.06
1838,2023-12-01,0.0,0.04
1838,2024-01-01,0.0,0.04
1838,2024-02-01,0.0,0.04
1838,2024-03-01,0.0,0.06
1838,2024-04-01,0.0,0.1
1838,2024-05-01,0.0,0.07
1838,2024-06-01,0.0,0.03
1838,2024-07-01,0.0,0.08
1838,2024-08-01,0.0,0.05
1838,2024-09-01,0.0,0.05
1838,2024-10-01,0.0,0.03
1838,2024-11-01,0.0,0.07
1838,2024-12-01,0.08,0.08
1839,2023-04-01,0.31,0.57
1839,2023-05-01,0.01,0.34
1839,2023-06-01,2.0,0.76
1839,2023-07-01,1.1,0.42
1839,2023-08-01,2.8,0.76
1839,2023-09-01,2.2,0.54
1839,2023-10-01,2.7,0.6
1839,2023-11-01,3.2,0.3
1839,2024-01-01,0.0,0.06
1839,2024-02-01,0.0,0.02
1840,2023-04-01,0.0,0.05
1841,2023-04-01,0.0,0.02
1842,2023-04-01,0.0,0.31
1842,2023-05-01,0.0,0.35
1842,2023-06-01,0.0,0.25
1842,2023-07-01,0.0,0.02
1843,2023-04-01,0.02,0.0
1843,2023-05-01,0.01,0.0
1844,2023-04-01,0.02,0.02
1844,2023-05-01,0.1,0.04
1845,2023-04-01,0.01,0.0
1846,2023-04-01,0.0,0.14
1846,2023-05-01,0.0,0.1
1846,2023-07-01,0.0,0.02
1846,2023-08-01,0.0,0.1
1846,2023-09-01,0.0,0.02
1847,2023-04-01,0.01,0.0
1848,2023-04-01,0.09,0.0
1848,2023-07-01,0.07,0.0
1848,2023-08-01,0.06,0.0
1848,2024-04-01,0.09,0.0
1848,2024-07-01,0.04,0.0
1848,2024-10-01,0.03,0.0
1848,2024-11-01,0.05,0.0
1849,2023-04-01,0.0,0.01
1850,2023-04-01,0.0,0.07
1851,2023-04-01,0.0,0.17
1852,2023-04-01,0.0,0.08
1852,2023-05-01,0.0,0.4
1853,2023-04-01,0.01,0.0
1853,2023-05-01,0.21,0.0
1854,2023-04-01,3.8,13.0
1854,2023-06-01,0.0,0.36
1854,2023-07-01,0.0,0.71
1854,2023-08-01,0.0,0.39
1854,2023-09-01,0.0,0.15
1854,2023-10-01,0.0,0.47
1854,2023-11-01,0.0,0.46
1854,2023-12-01,0.0,0.26
1854,2024-01-01,0.0,0.49
1854,2024-02-01,0.0,0.6
1854,2024-03-01,0.0,0.17
1854,2024-04-01,0.0,0.24
1855,2023-04-01,1.1,0.0
1855,2023-05-01,2.0,0.0
1855,2023-06-01,5.3,0.0
1855,2023-07-01,5.3,0.0
1855,2023-08-01,3.7,0.0
1855,2023-09-01,3.1,0.0
1855,2023-10-01,2.0,0.0
1855,2023-11-01,2.5,0.0
1855,2024-01-01,2.7,0.0
1855,2024-02-01,1.2,0.0
1855,2024-03-01,1.6,0.0
1855,2024-04-01,2.3,0.0
1855,2024-05-01,0.0,3.4
1855,2024-06-01,0.0,3.4
1855,2024-08-01,0.0,3.2
1855,2024-09-01,0.71,0.0
1855,2024-10-01,2.3,0.0
1855,2024-11-01,1.0,0.0
1855,2024-12-01,1.8,0.0
1856,2023-04-01,0.0,0.05
1857,2023-04-01,0.0,19.0
1857,2023-05-01,0.0,0.02
1857,2023-06-01,7.9,0.0
1857,2023-07-01,5.8,0.0
1857,2023-08-01,9.3,0.0
1858,2023-04-01,0.0,1.5
1858,2023-10-01,0.0,0.1
1858,2024-06-01,0.0,0.62
1859,2023-05-01,0.27,0.0
1860,2023-05-01,0.42,0.0
1860,2023-06-01,0.2,0.0
1860,2023-07-01,0.4,0.0
1860,2023-09-01,0.26,0.0
1860,2023-10-01,0.23,0.0
1860,2023-11-01,0.14,0.0
1860,2023-12-01,0.4,0.0
1860,2024-03-01,0.18,0.0
1860,2024-04-01,0.12,0.0
1860,2024-10-01,0.13,0.0
1860,2024-12-01,0.51,0.0
1861,2023-05-01,0.88,0.05
1861,2023-06-01,0.04,0.19
1862,2023-05-01,0.0,0.04
1863,2023-05-01,0.0,0.14
1863,2023-06-01,0.0,0.02
1863,2023-07-01,0.0,0.06
1863,2023-08-01,0.0,0.05
1863,2023-09-01,0.0,0.02
1863,2023-10-01,0.0,0.09
1863,2023-11-01,0.0,0.03
1863,2024-01-01,0.0,0.03
1863,2024-02-01,0.0,0.01
1863,2024-03-01,0.0,0.01
1863,2024-04-01,0.0,0.03
1863,2024-05-01,0.0,0.02
1863,2024-06-01,0.0,0.07
1863,2024-07-01,0.0,0.05
1863,2024-08-01,0.0,0.15
1863,2024-09-01,0.0,0.01
1863,2024-10-01,0.0,0.04
1863,2024-11-01,0.0,0.04
1863,2024-12-01,0.0,0.02
1864,2023-05-01,0.28,1.8
1864,2023-06-01,0.0,0.52
1864,2023-07-01,0.0,0.25
1864,2023-08-01,0.01,0.41
1864,2023-09-01,0.04,0.22
1864,2023-10-01,0.0,0.73
1864,2024-04-01,0.0,0.91
1864,2024-05-01,0.0,0.13
1864,2024-10-01,0.0,2.3
1865,2023-05-01,0.0,0.1
1865,2023-06-01,0.0,0.06
1865,2023-07-01,0.0,0.03
1866,2023-05-01,0.08,0.0
1866,2023-06-01,0.01,0.0
1866,2023-07-01,0.0,0.02
1867,2023-05-01,0.0,0.02
1867,2023-06-01,0.0,0.22
1867,2023-07-01,0.01,0.04
1867,2023-08-01,0.01,0.01
1867,2023-09-01,0.09,0.38
1867,2023-10-01,0.07,0.28
1868,2023-05-01,0.0,0.03
1868,2023-06-01,0.03,0.03
1869,2023-05-01,0.14,0.0
1869,2023-06-01,0.22,0.0
1869,2023-07-01,0.29,0.0
1869,2023-08-01,0.41,0.0
1870,2023-05-01,6.8,0.27
1871,2023-05-01,0.46,0.0
1871,2023-06-01,0.29,0.0
1871,2023-07-01,0.13,0.0
1871,2023-08-01,0.0,0.11
1871,2023-09-01,0.0,0.07
1872,2023-05-01,0.0,0.01
1872,2023-06-01,0.03,0.0
1872,2023-07-01,0.09,0.02
1873,2023-05-01,0.01,0.0
1873,2023-06-01,0.0,0.02
1873,2023-07-01,0.0,0.02
1873,2023-08-01,0.0,1.0
1873,2023-09-01,0.0,2.0
1873,2023-10-01,0.0,0.15
1873,2023-11-01,0.28,1.8
1873,2023-12-01,0.0,1.3
1873,2024-01-01,0.0,1.2
1873,2024-02-01,0.25,1.1
1874,2023-05-01,0.07,0.0
1875,2023-05-01,0.0,0.2
1876,2023-05-01,0.03,0.07
1877,2024-02-01,0.0,0.01
1877,2024-03-01,0.0,0.01
1877,2024-04-01,0.0,0.02
1877,2024-05-01,0.0,0.09
1877,2024-07-01,0.0,0.01
1877,2024-09-01,0.0,0.03
1877,2024-10-01,0.0,0.01
1878,2023-06-01,0.0,0.01
1878,2023-07-01,0.0,0.02
1878,2023-09-01,0.01,0.0
1878,2023-10-01,0.0,0.05
1878,2023-11-01,0.01,0.02
1878,2023-12-01,0.01,0.0
1878,2024-01-01,0.0,0.01
1878,2024-02-01,0.0,0.02
1878,2024-03-01,0.0,0.01
1878,2024-04-01,0.0,0.02
1878,2024-06-01,0.0,0.01
1878,2024-07-01,0.0,0.06
1878,2024-09-01,0.0,0.06
1878,2024-10-01,0.0,0.01
1878,2024-11-01,0.0,0.03
1879,2023-05-01,0.01,0.01
1880,2023-05-01,0.42,0.0
1880,2023-06-01,0.42,0.0
1881,2023-05-01,0.0,0.02
1881,2023-06-01,0.0,0.01
1881,2023-07-01,0.0,0.02
1881,2023-08-01,0.0,0.02
1881,2023-09-01,0.0,0.03
1881,2023-10-01,0.0,0.02
1881,2023-11-01,0.15,0.0
1881,2023-12-01,0.0,0.02
1882,2023-05-01,0.08,0.0
1883,2023-05-01,0.0,0.01
1884,2023-05-01,0.0,0.04
1885,2023-05-01,0.04,0.0
1885,2023-07-01,0.48,0.0
1885,2023-08-01,0.22,0.0
1885,2023-09-01,0.05,0.0
1885,2023-10-01,0.04,0.0
1886,2023-05-01,1.5,0.0
1887,2023-05-01,0.0,0.09
1887,2024-01-01,0.42,0.0
1887,2024-02-01,0.14,0.0
1888,2023-05-01,0.0,0.13
1888,2023-06-01,0.0,0.15
1888,2023-07-01,0.0,0.24
1888,2023-08-01,0.0,0.19
1888,2023-09-01,0.0,0.16
1888,2023-10-01,0.0,0.09
1888,2023-11-01,0.0,0.17
1888,2023-12-01,0.0,0.14
1889,2023-05-01,0.0,0.01
1890,2023-05-01,0.01,0.0
1890,2023-06-01,0.04,0.0
1890,2023-07-01,0.04,0.0
1890,2023-08-01,0.02,0.0
1890,2023-09-01,0.25,0.0
1891,2023-05-01,0.0,0.16
1891,2023-06-01,0.0,0.01
1892,2023-05-01,0.12,0.0
1893,2023-05-01,0.0,0.04
1894,2023-05-01,0.19,0.21
1894,2023-06-01,0.75,0.49
1894,2023-07-01,1.5,0.19
1894,2023-08-01,0.51,0.28
1894,2023-09-01,0.35,0.25
1894,2023-10-01,0.37,0.04
1894,2023-11-01,0.2,0.08
1894,2023-12-01,0.03,0.12
1894,2024-01-01,0.3,0.0
1894,2024-02-01,0.6,0.0
1894,2024-03-01,0.61,0.0
1894,2024-04-01,0.91,0.0
1894,2024-05-01,0.56,0.0
1894,2024-06-01,0.91,0.0
1894,2024-07-01,0.03,0.0
1894,2024-08-01,0.39,0.0
1894,2024-09-01,0.38,0.0
1894,2024-11-01,0.88,0.03
1894,2024-12-01,1.1,0.02
1895,2023-05-01,0.25,0.0
1895,2023-06-01,0.21,0.02
1895,2023-07-01,0.16,0.0
1896,2023-05-01,0.0,0.01
1896,2023-06-01,0.0,0.01
1896,2023-08-01,0.0,0.33
1896,2023-09-01,0.21,0.0
1896,2023-10-01,0.17,0.01
1896,2023-11-01,0.15,0.0
1897,2023-05-01,0.0,0.04
1897,2023-06-01,0.0,0.02
1898,2023-05-01,0.01,0.0
1898,2023-06-01,0.02,0.0
1898,2023-07-01,0.0,0.04
1898,2023-08-01,0.03,0.03
1899,2023-05-01,0.0,0.49
1899,2023-06-01,0.0,0.04
1900,2023-05-01,0.03,0.0
1900,2023-06-01,0.0,0.16
1900,2023-07-01,0.08,0.0
1900,2023-09-01,0.06,0.0
1900,2023-10-01,0.09,0.0
1900,2023-11-01,0.09,0.0
1900,2023-12-01,0.03,0.0
1901,2023-05-01,0.06,0.0
1901,2023-06-01,0.06,0.02
1902,2023-05-01,0.0,0.04
1902,2023-06-01,0.02,0.0
1903,2023-05-01,0.0,0.04
1903,2023-06-01,0.09,0.0
1903,2023-07-01,0.42,0.01
1903,2023-08-01,0.42,0.0
1903,2023-09-01,0.06,0.0
1903,2023-10-01,0.32,0.0
1903,2023-11-01,0.01,0.0
1903,2023-12-01,0.07,2.8
1903,2024-01-01,0.0,3.5
1903,2024-02-01,0.14,0.0
1904,2023-05-01,0.0,0.55
1905,2023-05-01,0.0,0.14
1905,2023-06-01,0.0,0.07
1906,2023-05-01,0.04,0.0
1907,2023-05-01,0.01,0.0
1908,2023-05-01,0.03,0.0
1908,2023-07-01,0.04,0.0
1908,2023-08-01,0.03,0.0
1909,2023-05-01,0.05,0.04
1910,2023-05-01,0.96,0.0
1910,2023-06-01,0.37,0.0
1910,2023-07-01,0.45,1.3
1910,2023-08-01,0.48,2.8
1911,2023-05-01,0.0,0.19
1911,2023-06-01,0.0,0.2
1911,2023-07-01,0.14,0.21
1911,2023-08-01,0.06,0.0
1912,2023-05-01,0.0,1.5
1912,2023-06-01,0.0,0.12
1913,2023-05-01,0.0,0.03
1913,2023-06-01,0.0,0.08
1913,2023-07-01,0.0,0.05
1914,2023-05-01,0.23,0.01
1914,2023-06-01,0.2,0.0
1914,2023-07-01,0.09,0.0
1914,2023-08-01,0.0,0.01
1914,2023-09-01,0.0,0.02
1914,2023-10-01,0.06,0.0
1914,2023-11-01,0.0,0.04
1914,2023-12-01,0.01,0.0
1914,2024-01-01,0.0,0.16
1915,2023-05-01,0.01,0.0
1915,2023-06-01,0.01,0.0
1915,2023-07-01,0.02,0.0
1915,2023-08-01,0.01,0.0
1916,2023-05-01,0.0,0.01
1917,2023-05-01,0.0,0.05
1917,2023-06-01,0.0,0.78
1917,2023-07-01,0.0,0.03
1917,2023-08-01,0.0,0.16
1917,2023-09-01,0.0,0.01
1917,2023-10-01,0.0,0.06
1917,2023-11-01,0.0,0.14
1918,2023-05-01,0.07,0.02
1919,2023-05-01,0.0,0.06
1919,2023-06-01,0.0,0.03
1919,2023-07-01,0.07,0.0
1919,2023-08-01,0.0,0.03
1919,2023-09-01,0.0,0.01
1919,2023-10-01,0.0,0.04
1919,2023-11-01,0.0,0.01
1919,2023-12-01,0.0,0.01
1920,2023-05-01,0.01,0.0
1921,2023-05-01,1.3,0.11
1921,2023-06-01,2.3,0.05
1921,2023-07-01,0.74,0.02
1921,2023-08-01,1.4,0.01
1922,2023-05-01,0.0,0.04
1923,2023-05-01,0.0,0.12
1923,2023-06-01,0.0,0.1
1923,2023-07-01,0.0,0.04
1924,2023-05-01,0.0,0.2
1925,2023-05-01,0.0,0.09
1925,2023-06-01,0.0,0.13
1925,2023-07-01,0.0,0.04
1926,2023-05-01,0.0,0.02
1927,2023-05-01,0.0,0.34
1927,2023-06-01,0.0,0.26
1927,2023-07-01,0.0,0.5
1928,2023-05-01,0.0,0.03
1929,2023-05-01,0.0,0.06
1929,2023-07-01,0.0,0.06
1929,2023-08-01,0.0,0.03
1929,2023-09-01,0.0,0.06
1929,2023-10-01,0.0,0.02
1929,2023-11-01,0.0,0.05
1930,2023-05-01,0.02,0.0
1931,2023-05-01,0.0,0.02
1931,2023-06-01,0.0,0.01
1931,2023-08-01,0.0,0.03
1931,2023-09-01,0.0,0.01
1931,2023-10-01,0.0,0.03
1931,2024-07-01,0.0,0.01
1931,2024-12-01,0.0,0.02
1932,2023-05-01,0.0,0.07
1933,2023-05-01,0.0,0.25
1934,2023-05-01,0.02,0.0
1935,2023-05-01,0.0,0.13
1936,2023-05-01,0.0,0.18
1936,2023-07-01,0.0,0.21
1937,2023-05-01,0.1,0.08
1937,2023-06-01,0.01,0.12
1937,2023-07-01,0.15,0.0
1937,2023-08-01,0.04,0.03
1937,2023-10-01,0.02,0.22
1937,2023-11-01,0.07,0.0
1937,2024-01-01,0.01,0.0
1937,2024-02-01,0.02,0.0
1937,2024-03-01,0.0,0.01
1937,2024-04-01,0.0,0.01
1937,2024-05-01,0.01,0.0
1937,2024-06-01,0.01,0.02
1938,2023-05-01,0.0,0.35
1938,2023-06-01,0.0,0.36
1938,2023-07-01,0.0,0.12
1938,2023-09-01,0.0,0.36
1938,2023-10-01,0.0,0.36
1938,2023-11-01,0.0,0.02
1938,2024-01-01,0.0,0.47
1938,2024-02-01,0.0,0.21
1938,2024-03-01,0.0,0.56
1938,2024-04-01,0.0,0.27
1938,2024-05-01,0.0,0.1
1938,2024-06-01,0.0,0.03
1938,2024-07-01,0.0,0.05
1938,2024-08-01,0.0,0.05
1938,2024-09-01,0.0,0.23
1938,2024-10-01,0.0,0.24
1938,2024-11-01,0.0,0.4
1938,2024-12-01,0.0,0.45
1939,2023-05-01,0.02,0.0
1939,2023-06-01,0.01,0.0
1939,2023-07-01,0.01,0.0
1939,2023-08-01,0.02,0.0
1939,2023-09-01,0.04,0.0
1939,2023-10-01,0.05,0.0
1940,2023-05-01,0.0,2.8
1941,2023-05-01,0.0,0.03
1941,2023-08-01,0.0,0.03
1941,2024-06-01,0.0,0.49
1942,2023-05-01,0.0,0.03
1943,2023-05-01,0.0,0.15
1943,2023-06-01,0.0,0.14
1943,2023-07-01,0.0,0.13
1943,2023-08-01,0.0,0.26
1944,2023-05-01,0.08,0.0
1944,2023-07-01,0.08,0.0
1944,2023-08-01,0.03,0.0
1944,2023-09-01,0.01,0.0
1944,2023-10-01,0.07,0.0
1944,2023-11-01,0.01,0.0
1944,2023-12-01,0.01,0.0
1944,2024-01-01,0.03,0.0
1944,2024-02-01,0.02,0.0
1944,2024-03-01,0.02,0.0
1944,2024-05-01,0.01,0.0
1945,2023-06-01,0.0,0.12
1945,2023-07-01,0.0,0.17
1945,2023-08-01,0.0,0.17
1945,2023-09-01,0.0,0.06
1945,2023-10-01,0.0,0.11
1945,2023-11-01,0.0,0.05
1945,2023-12-01,0.0,0.13
1945,2024-01-01,0.0,0.04
1945,2024-02-01,0.0,0.17
1946,2023-06-01,0.0,0.05
1946,2023-07-01,0.0,0.22
1946,2023-08-01,0.0,0.08
1946,2023-10-01,0.0,0.05
1946,2023-11-01,0.0,0.13
1947,2023-09-01,0.0,0.75
1947,2023-10-01,0.0,0.09
1947,2023-11-01,0.0,0.51
1947,2023-12-01,0.0,0.15
1947,2024-01-01,0.0,0.12
1948,2023-06-01,0.0,0.23
1949,2023-06-01,0.0,0.02
1949,2023-07-01,0.0,0.05
1949,2023-08-01,0.0,0.03
1949,2023-09-01,0.0,0.02
1949,2023-10-01,0.0,0.05
1949,2023-11-01,0.0,0.05
1949,2023-12-01,0.0,0.02
1949,2024-01-01,0.0,0.04
1949,2024-02-01,0.0,0.28
1949,2024-04-01,0.0,0.05
1949,2024-05-01,0.0,0.11
1949,2024-06-01,0.0,0.19
1949,2024-07-01,0.0,0.28
1949,2024-08-01,0.0,0.21
1949,2024-09-01,0.0,0.35
1949,2024-10-01,0.0,0.28
1949,2024-11-01,0.0,0.04
1949,2024-12-01,0.0,0.18
1950,2023-06-01,0.16,0.0
1950,2023-07-01,0.26,0.0
1951,2023-06-01,0.01,0.0
1951,2023-07-01,0.03,0.0
1951,2023-09-01,0.03,0.0
1951,2023-10-01,0.03,0.0
1951,2023-11-01,0.03,0.0
1951,2023-12-01,0.03,0.0
1951,2024-05-01,0.04,0.0
1951,2024-06-01,0.04,0.0
1951,2024-10-01,0.04,0.0
1951,2024-11-01,0.04,0.0
1952,2023-06-01,0.0,0.2
1952,2023-07-01,0.14,0.0
1952,2023-09-01,0.0,0.42
1953,2023-06-01,0.03,0.0
1953,2023-07-01,0.01,0.0
1953,2023-08-01,0.0,0.24
1953,2023-09-01,0.0,0.5
1953,2023-10-01,0.0,0.11
1953,2023-11-01,0.02,0.0
1954,2023-06-01,0.01,0.0
1955,2023-06-01,0.2,0.03
1955,2023-07-01,0.06,0.01
1955,2023-08-01,0.47,0.06
1955,2023-09-01,0.13,0.05
1955,2023-10-01,0.15,0.01
1956,2023-06-01,0.0,0.05
1957,2023-06-01,0.0,0.02
1957,2023-07-01,0.0,0.07
1957,2023-08-01,0.0,0.09
1958,2023-06-01,12.0,0.0
1959,2023-06-01,1.4,0.0
1959,2023-07-01,0.18,0.0
1959,2023-08-01,0.01,0.0
1959,2023-09-01,0.01,0.0
1959,2023-10-01,0.01,0.0
1959,2023-12-01,0.0,0.02
1959,2024-01-01,0.01,0.0
1959,2024-02-01,0.01,0.0
1960,2023-06-01,0.0,0.01
1961,2023-06-01,0.01,0.0
1961,2023-07-01,0.01,0.0
1961,2023-08-01,2.0,0.0
1961,2023-09-01,0.37,0.24
1961,2023-10-01,0.02,0.15
1962,2023-08-01,0.0,0.04
1962,2023-09-01,0.0,0.02
1962,2023-10-01,0.0,0.05
1962,2023-11-01,0.0,0.06
1962,2023-12-01,0.0,0.05
1962,2024-01-01,0.0,0.07
1962,2024-02-01,0.0,0.01
1962,2024-03-01,0.0,0.06
1962,2024-04-01,0.0,0.06
1962,2024-05-01,0.0,0.12
1962,2024-06-01,0.0,0.07
1962,2024-07-01,0.0,0.03
1962,2024-08-01,0.0,0.03
1962,2024-09-01,0.0,0.03
1962,2024-10-01,0.0,0.04
1962,2024-11-01,0.0,0.02
1962,2024-12-01,0.0,0.07
1963,2023-06-01,2.3,0.0
1964,2023-06-01,0.04,0.0
1964,2023-07-01,0.03,0.0
1965,2023-06-01,0.08,0.08
1965,2023-07-01,0.06,0.09
1965,2023-08-01,0.13,0.13
1965,2023-09-01,0.08,0.0
1965,2023-10-01,0.08,0.0
1965,2023-11-01,0.0,0.08
1965,2023-12-01,0.09,0.0
1966,2023-06-01,0.0,1.8
1967,2023-06-01,0.12,0.0
1967,2023-07-01,0.08,0.0
1967,2023-08-01,0.06,0.08
1967,2023-09-01,0.02,0.05
1967,2023-10-01,0.0,0.07
1967,2023-11-01,0.05,0.0
1967,2023-12-01,0.04,0.04
1967,2024-01-01,0.0,0.1
1967,2024-03-01,0.0,0.06
1967,2024-04-01,0.0,0.08
1967,2024-05-01,0.06,0.11
1967,2024-06-01,0.05,0.07
1968,2023-06-01,0.0,0.17
1969,2023-06-01,0.34,0.0
1970,2023-06-01,0.04,0.0
1970,2023-07-01,0.04,0.0
1971,2023-06-01,0.14,0.0
1971,2023-07-01,0.09,0.0
1971,2023-08-01,0.26,0.0
1971,2023-09-01,0.51,0.02
1971,2023-10-01,0.24,0.51
1971,2023-11-01,0.19,0.0
1971,2023-12-01,0.07,0.57
1971,2024-01-01,0.1,0.0
1971,2024-02-01,0.46,0.0
1971,2024-03-01,0.31,0.0
1972,2023-06-01,0.02,0.5
1972,2023-07-01,0.03,0.0
1972,2023-08-01,0.06,0.3
1972,2023-09-01,0.01,0.3
1972,2023-10-01,0.03,0.0
1972,2023-11-01,0.0,0.01
1972,2023-12-01,0.0,0.02
1972,2024-02-01,0.0,0.02
1972,2024-04-01,0.0,0.03
1973,2023-06-01,0.3,0.0
1974,2023-06-01,0.0,0.34
1974,2023-07-01,0.0,0.21
1974,2023-08-01,0.0,0.28
1975,2023-06-01,0.04,0.0
1976,2023-06-01,0.22,0.13
1976,2023-07-01,0.0,0.38
1976,2023-08-01,0.0,1.7
1976,2023-09-01,0.0,0.39
1976,2023-10-01,0.0,0.27
1976,2023-11-01,0.0,0.43
1977,2023-06-01,0.0,0.01
1978,2023-06-01,0.01,0.01
1978,2023-07-01,0.2,0.0
1978,2023-08-01,0.13,0.0
1979,2023-06-01,0.0,0.01
1979,2023-07-01,0.04,0.0
1979,2023-08-01,0.05,0.01
1979,2023-10-01,0.0,0.03
1979,2023-11-01,0.0,0.07
1979,2023-12-01,0.02,0.08
1979,2024-01-01,0.0,0.03
1979,2024-02-01,0.0,0.09
1979,2024-03-01,0.08,0.0
1979,2024-04-01,0.0,0.06
1979,2024-05-01,0.06,0.12
1979,2024-06-01,0.03,0.08
1979,2024-07-01,0.0,0.05
1979,2024-08-01,0.0,0.04
1979,2024-09-01,0.0,0.02
1979,2024-10-01,0.02,0.06
1979,2024-11-01,0.0,0.15
1979,2024-12-01,0.08,0.08
1980,2023-06-01,0.0,0.02
1981,2023-06-01,0.0,0.01
1982,2023-06-01,0.01,0.0
1982,2023-08-01,0.0,0.02
1982,2023-09-01,0.0,0.06
1982,2023-10-01,0.0,0.01
1982,2023-11-01,0.0,0.06
1983,2023-06-01,0.0,0.06
1983,2023-07-01,0.0,0.49
1983,2023-08-01,0.0,0.01
1983,2023-09-01,0.0,0.48
1983,2023-11-01,1.2,0.05
1983,2023-12-01,0.8,0.05
1983,2024-01-01,0.8,0.11
1983,2024-02-01,0.09,0.0
1984,2023-06-01,0.0,0.17
1984,2023-07-01,0.0,0.25
1984,2023-08-01,0.0,0.02
1984,2023-09-01,0.0,0.09
1984,2023-10-01,0.23,0.09
1984,2023-11-01,0.0,0.14
1984,2023-12-01,0.0,0.11
1985,2023-06-01,0.03,0.0
1985,2023-07-01,0.05,0.04
1986,2023-06-01,0.01,0.0
1986,2023-07-01,0.03,0.0
1986,2023-08-01,0.03,0.01
1987,2023-06-01,0.08,0.0
1988,2023-06-01,0.0,0.03
1989,2023-06-01,0.0,0.13
1990,2023-06-01,0.0,0.09
1990,2023-07-01,0.0,0.12
1991,2023-06-01,0.05,0.03
1992,2023-06-01,0.01,0.0
1993,2023-06-01,0.0,0.12
1993,2023-07-01,0.0,0.06
1994,2023-06-01,0.0,0.12
1994,2023-07-01,0.0,0.01
1994,2023-08-01,0.0,0.08
1994,2023-10-01,0.0,0.08
1994,2023-11-01,0.0,0.12
1994,2023-12-01,0.0,0.01
1994,2024-01-01,0.0,0.14
1994,2024-02-01,0.0,0.01
1994,2024-03-01,0.0,0.09
1994,2024-04-01,0.0,0.13
1994,2024-05-01,0.0,0.15
1994,2024-06-01,0.0,0.07
1994,2024-07-01,0.0,0.08
1994,2024-08-01,0.0,0.1
1994,2024-09-01,0.0,0.06
1994,2024-10-01,0.0,0.01
1994,2024-11-01,0.0,0.06
1994,2024-12-01,0.0,0.02
1995,2023-06-01,0.0,0.57
1995,2023-07-01,0.0,0.04
1996,2023-06-01,0.0,0.01
1997,2023-06-01,0.0,0.06
1997,2023-07-01,0.0,0.05
1997,2023-08-01,0.0,0.03
1997,2023-09-01,0.0,0.06
1997,2023-10-01,0.0,0.01
1997,2023-11-01,0.0,0.03
1997,2023-12-01,0.0,0.09
1997,2024-01-01,0.0,0.03
1997,2024-02-01,0.0,0.12
1997,2024-03-01,0.0,0.04
1997,2024-04-01,0.0,0.04
1997,2024-05-01,0.0,0.04
1997,2024-06-01,0.0,0.03
1997,2024-07-01,0.0,0.03
1997,2024-08-01,0.0,0.07
1997,2024-09-01,0.0,0.01
1997,2024-10-01,0.0,0.08
1997,2024-11-01,0.0,0.04
1997,2024-12-01,0.0,0.01
1998,2023-06-01,0.16,0.0
1998,2023-07-01,0.11,0.0
1998,2023-08-01,0.1,0.0
1999,2023-06-01,0.21,0.0
1999,2023-07-01,0.12,0.0
1999,2023-08-01,0.15,0.0
1999,2023-09-01,0.3,0.0
1999,2023-12-01,0.0,0.07
1999,2024-01-01,0.0,0.14
1999,2024-02-01,0.0,0.03
1999,2024-09-01,0.0,0.19
1999,2024-10-01,0.0,0.11
2000,2023-06-01,0.0,0.35
2000,2023-07-01,0.0,0.31
2001,2023-06-01,0.0,1.2
2002,2023-06-01,0.0,0.02
2002,2023-07-01,0.0,0.02
2003,2023-06-01,0.0,0.02
2004,2023-06-01,0.0,0.06
2005,2023-07-01,0.0,0.05
2005,2023-08-01,0.15,0.0
2005,2023-09-01,0.3,0.01
2005,2023-10-01,0.22,0.03
2006,2023-07-01,0.06,0.0
2006,2023-08-01,0.16,0.0
2006,2023-09-01,0.01,0.0
2006,2023-10-01,0.03,0.0
2007,2023-07-01,0.0,0.01
2008,2023-07-01,0.0,0.84
2008,2023-08-01,1.1,0.06
2009,2023-07-01,0.01,0.0
2009,2023-08-01,0.0,0.03
2009,2023-09-01,0.07,0.0
2009,2023-10-01,0.11,0.0
2009,2023-11-01,0.1,0.0
2009,2024-01-01,0.02,0.0
2009,2024-02-01,0.06,0.0
2009,2024-03-01,0.17,0.0
2009,2024-04-01,0.08,0.0
2009,2024-05-01,0.02,0.0
2009,2024-06-01,0.01,0.0
2009,2024-07-01,0.01,0.0
2010,2023-07-01,0.14,0.01
2011,2023-07-01,0.0,0.01
2011,2023-08-01,0.0,0.01
2011,2023-09-01,0.05,0.0
2011,2023-10-01,0.0,0.02
2011,2023-11-01,0.0,0.03
2011,2023-12-01,0.11,0.0
2012,2023-07-01,0.0,0.42
2013,2023-07-01,0.0,0.03
2014,2023-07-01,0.0,0.01
2014,2023-08-01,0.0,0.06
2015,2023-07-01,0.0,0.01
2016,2023-07-01,0.02,0.0
2016,2023-08-01,0.71,0.0
2016,2023-09-01,0.0,0.01
2016,2023-10-01,0.15,0.0
2016,2023-11-01,0.01,0.0
2016,2023-12-01,0.01,0.0
2016,2024-01-01,0.05,0.0
2016,2024-02-01,0.02,0.0
2016,2024-03-01,0.02,0.0
2016,2024-04-01,0.03,0.0
2016,2024-05-01,6.7,0.0
2016,2024-06-01,0.01,0.0
2016,2024-07-01,0.06,0.0
2016,2024-09-01,0.02,0.0
2016,2024-10-01,0.04,0.0
2016,2024-11-01,0.01,0.0
2016,2024-12-01,0.01,0.0
2017,2023-07-01,15.0,0.0
2018,2023-07-01,0.04,0.0
2018,2023-08-01,0.02,0.0
2018,2023-09-01,0.03,0.0
2018,2023-10-01,0.03,0.0
2018,2023-11-01,0.68,0.0
2018,2023-12-01,0.0,0.01
2019,2023-07-01,9.9,0.0
2020,2023-07-01,0.03,0.0
2021,2023-07-01,0.01,0.47
2021,2023-08-01,0.02,0.0
2022,2023-07-01,2.1,0.01
2023,2023-07-01,0.0,0.03
2024,2023-07-01,0.02,0.0
2024,2023-08-01,0.01,0.0
2025,2023-07-01,0.0,0.16
2025,2023-08-01,0.0,0.69
2025,2023-10-01,0.0,0.56
2025,2023-11-01,0.0,0.96
2025,2023-12-01,0.0,0.92
2025,2024-01-01,0.0,0.98
2025,2024-02-01,0.0,0.76
2025,2024-03-01,0.0,0.75
2025,2024-04-01,0.0,0.47
2025,2024-05-01,0.0,0.53
2025,2024-06-01,0.0,0.15
2025,2024-07-01,0.0,0.09
2025,2024-08-01,0.0,0.35
2025,2024-09-01,1.3,0.0
2026,2023-07-01,0.12,0.0
2026,2023-08-01,0.08,0.0
2027,2023-07-01,0.01,0.0
2027,2023-08-01,0.21,0.0
2027,2023-09-01,0.43,0.0
2027,2023-10-01,0.02,0.0
2027,2023-12-01,0.02,0.0
2027,2024-01-01,0.02,0.0
2028,2023-07-01,0.04,0.0
2029,2023-07-01,1.1,0.0
2029,2023-08-01,0.33,0.0
2030,2023-07-01,0.0,0.73
2030,2023-08-01,0.0,0.59
2031,2023-07-01,0.01,0.0
2031,2023-08-01,0.01,0.0
2031,2023-09-01,0.01,0.0
2031,2023-10-01,0.53,0.0
2031,2023-11-01,0.01,0.0
2031,2023-12-01,0.03,0.0
2031,2024-01-01,0.0,0.08
2031,2024-02-01,0.08,0.0
2032,2023-07-01,0.0,0.01
2033,2023-07-01,0.03,0.0
2034,2023-07-01,0.03,0.0
2035,2023-07-01,0.23,0.0
2036,2023-07-01,0.0,0.17
2037,2023-07-01,0.0,0.01
2038,2023-07-01,0.0,0.07
2038,2023-08-01,0.0,0.07
2038,2023-09-01,0.0,0.05
2039,2023-07-01,0.35,0.0
2039,2023-08-01,0.33,0.0
2039,2023-09-01,0.19,0.0
2039,2023-10-01,0.37,0.0
2039,2023-11-01,0.22,0.0
2039,2023-12-01,0.36,0.0
2040,2023-07-01,0.01,0.0
2041,2023-07-01,0.06,0.04
2042,2023-07-01,0.0,0.31
2042,2023-08-01,0.0,0.51
2042,2023-09-01,0.0,0.47
2042,2023-10-01,0.0,0.4
2042,2023-11-01,0.0,0.4
2042,2023-12-01,0.0,0.37
2042,2024-01-01,0.0,0.54
2042,2024-02-01,0.0,0.43
2042,2024-03-01,0.0,0.17
2042,2024-04-01,0.0,3.4
2042,2024-05-01,0.0,0.36
2042,2024-06-01,0.0,1.5
2042,2024-07-01,0.0,6.2
2042,2024-08-01,0.0,2.3
2042,2024-09-01,0.0,1.9
2042,2024-10-01,0.0,0.53
2042,2024-12-01,0.0,0.95
2043,2023-07-01,0.06,0.0
2043,2023-08-01,0.07,0.0
2044,2023-07-01,0.03,0.0
2044,2023-08-01,0.0,0.01
2044,2023-09-01,0.0,0.01
2044,2023-10-01,0.04,0.0
2044,2023-11-01,0.05,0.0
2044,2023-12-01,0.66,0.0
2045,2023-07-01,0.0,0.03
2045,2023-08-01,0.0,0.01
2046,2023-07-01,0.0,0.1
2046,2023-08-01,0.0,0.05
2046,2023-09-01,0.0,0.24
2046,2023-10-01,0.0,0.06
2046,2023-11-01,0.0,0.05
2046,2023-12-01,0.0,0.05
2046,2024-01-01,0.0,0.03
2047,2023-07-01,0.02,0.05
2047,2023-08-01,0.15,0.0
2047,2023-09-01,0.33,0.0
2047,2023-10-01,0.06,0.0
2048,2023-07-01,0.0,0.01
2049,2023-07-01,0.0,0.02
2050,2023-07-01,0.0,0.01
2051,2023-07-01,0.02,0.0
2051,2023-08-01,0.02,0.0
2051,2024-02-01,0.02,0.0
2051,2024-03-01,0.01,0.0
2051,2024-04-01,0.02,0.0
2052,2023-07-01,0.0,0.01
2053,2023-07-01,0.0,0.04
2053,2024-01-01,0.0,0.26
2053,2024-09-01,0.87,0.0
2054,2023-07-01,0.0,0.24
2055,2023-07-01,0.0,0.02
2056,2023-07-01,0.0,0.3
2056,2023-08-01,0.0,0.59
2056,2023-09-01,0.0,0.52
2057,2023-07-01,0.0,0.04
2058,2023-07-01,0.0,0.05
2058,2023-08-01,0.03,0.0
2058,2023-09-01,0.0,0.03
2058,2023-10-01,0.0,0.05
2058,2023-11-01,0.0,0.14
2058,2023-12-01,0.0,0.12
2058,2024-01-01,0.0,0.05
2058,2024-02-01,0.0,0.03
2058,2024-04-01,0.0,0.02
2058,2024-05-01,0.0,0.03
2058,2024-06-01,0.0,0.07
2058,2024-07-01,0.0,0.05
2058,2024-08-01,0.0,0.19
2059,2023-07-01,0.02,0.0
2059,2023-08-01,0.05,0.13
2059,2023-09-01,0.1,0.65
2059,2023-10-01,0.01,0.0
2059,2023-11-01,0.01,0.0
2059,2023-12-01,0.0,0.07
2059,2024-01-01,0.0,0.12
2059,2024-02-01,0.0,0.08
2059,2024-03-01,0.0,0.18
2059,2024-04-01,0.0,0.05
2059,2024-05-01,0.0,0.09
2060,2023-07-01,0.0,3.3
2061,2023-07-01,0.0,0.4
2061,2023-08-01,0.0,0.57
2061,2023-09-01,0.0,1.5
2061,2023-10-01,0.39,0.0
2062,2023-07-01,0.02,0.0
2063,2023-07-01,0.0,0.02
2064,2023-07-01,0.0,0.07
2065,2023-07-01,0.0,0.05
2065,2023-08-01,0.0,0.01
2065,2023-09-01,0.26,0.01
2065,2023-10-01,0.02,0.03
2065,2023-11-01,0.03,0.0
2065,2024-01-01,0.0,0.01
2066,2023-07-01,0.04,0.0
2066,2023-08-01,0.01,0.0
2066,2023-09-01,0.01,0.0
2066,2023-10-01,0.06,0.0
2067,2023-08-01,0.0,0.02
2067,2023-09-01,0.0,0.02
2067,2023-10-01,0.0,0.02
2067,2023-11-01,0.0,0.01
2067,2023-12-01,0.0,0.04
2067,2024-01-01,0.0,0.06
2067,2024-02-01,0.0,0.03
2067,2024-03-01,0.0,0.06
2067,2024-04-01,0.0,0.06
2068,2023-07-01,0.0,0.37
2068,2023-08-01,0.0,0.3
2068,2023-09-01,0.0,0.36
2068,2023-10-01,0.0,0.97
2068,2023-11-01,0.0,0.63
2068,2023-12-01,0.0,3.1
2068,2024-01-01,0.04,3.1
2068,2024-02-01,0.0,2.7
2068,2024-03-01,0.0,1.7
2068,2024-04-01,0.0,0.98
2069,2023-07-01,0.02,0.24
2069,2023-09-01,0.4,0.18
2069,2023-10-01,2.1,0.12
2069,2023-11-01,0.12,0.39
2069,2023-12-01,2.6,1.5
2069,2024-01-01,0.0,1.3
2069,2024-02-01,0.47,1.0
2069,2024-03-01,2.1,1.5
2069,2024-04-01,0.25,0.18
2069,2024-05-01,1.3,2.2
2069,2024-06-01,1.3,0.82
2069,2024-07-01,1.4,2.0
2069,2024-08-01,0.69,0.13
2069,2024-09-01,0.52,0.0
2069,2024-10-01,0.77,1.1
2069,2024-12-01,0.0,0.04
2070,2023-07-01,0.0,0.26
2071,2023-07-01,0.11,0.0
2072,2023-07-01,0.0,0.04
2073,2023-07-01,0.0,0.03
2074,2023-07-01,0.0,0.01
2075,2023-07-01,0.0,0.56
2075,2023-08-01,0.39,0.0
2076,2023-07-01,0.41,0.0
2077,2023-07-01,0.08,0.0
2078,2023-07-01,0.0,0.04
2078,2023-08-01,0.0,0.02
2078,2023-09-01,0.0,0.02
2078,2023-10-01,0.0,0.11
2079,2023-07-01,0.0,0.01
2079,2023-08-01,0.0,0.01
2079,2023-09-01,0.0,0.03
2079,2023-10-01,0.0,0.02
2079,2023-11-01,0.0,0.04
2080,2023-07-01,0.0,0.02
2081,2023-07-01,0.0,0.01
2082,2023-07-01,0.0,0.01
2082,2023-08-01,0.0,0.04
2082,2023-10-01,0.0,0.02
2082,2023-11-01,0.0,0.01
2082,2023-12-01,0.0,0.02
2082,2024-01-01,0.0,0.02
2083,2023-07-01,0.0,0.01
2083,2023-08-01,0.0,0.02
2084,2023-07-01,0.01,0.0
2085,2023-07-01,0.0,0.01
2086,2023-07-01,0.0,0.35
2086,2023-08-01,0.0,0.03
2086,2023-09-01,0.0,0.01
2086,2023-10-01,0.0,0.45
2086,2023-12-01,0.0,0.15
2086,2024-01-01,0.0,0.09
2087,2023-07-01,0.0,0.03
2088,2023-07-01,0.48,0.01
2089,2023-10-01,0.07,0.0
2089,2024-01-01,0.12,0.0
2089,2024-03-01,0.15,0.0
2089,2024-04-01,0.97,0.0
2089,2024-05-01,0.03,0.0
2089,2024-06-01,0.05,0.0
2089,2024-07-01,0.09,0.0
2089,2024-09-01,0.04,0.0
2089,2024-11-01,0.04,0.0
2090,2023-08-01,0.0,0.3
2090,2023-09-01,0.0,0.26
2090,2023-10-01,0.0,0.36
2090,2023-11-01,0.0,0.51
2090,2023-12-01,0.0,0.34
2091,2023-07-01,0.0,0.15
2091,2023-08-01,0.0,0.08
2092,2023-07-01,0.02,0.0
2092,2023-08-01,0.0,0.01
2092,2023-09-01,0.01,0.03
2092,2023-12-01,0.0,0.01
2092,2024-03-01,0.01,0.0
2092,2024-04-01,0.01,0.0
2092,2024-06-01,0.0,0.04
2092,2024-09-01,0.0,0.03
2092,2024-10-01,0.01,0.0
2093,2023-07-01,0.0,0.12
2094,2023-07-01,0.02,0.18
2095,2023-07-01,0.0,0.29
2096,2023-07-01,13.0,0.0
2096,2023-08-01,0.56,0.0
2096,2023-09-01,1.1,0.0
2096,2023-10-01,9.5,0.0
2096,2023-11-01,12.0,0.0
2096,2023-12-01,1.9,0.0
2096,2024-02-01,1.7,0.0
2096,2024-03-01,7.5,0.0
2096,2024-04-01,0.52,0.0
2096,2024-05-01,3.9,0.0
2096,2024-06-01,7.5,0.0
2096,2024-07-01,7.1,0.0
2096,2024-08-01,3.2,0.0
2096,2024-10-01,6.6,0.0
2096,2024-11-01,7.3,0.0
2096,2024-12-01,5.5,0.0
2097,2023-07-01,0.0,0.03
2097,2023-08-01,0.0,0.03
2097,2023-09-01,0.0,0.01
2097,2023-10-01,0.0,0.02
2097,2023-11-01,0.71,0.21
2097,2023-12-01,0.0,0.01
2097,2024-01-01,0.0,0.03
2097,2024-02-01,1.2,0.0
2097,2024-03-01,0.0,0.04
2097,2024-04-01,2.7,0.03
2097,2024-05-01,1.6,0.03
2097,2024-06-01,1.5,0.17
2097,2024-07-01,1.7,0.23
2097,2024-08-01,1.4,0.13
2097,2024-09-01,1.8,0.26
2097,2024-10-01,1.5,0.0
2097,2024-11-01,0.75,0.13
2097,2024-12-01,1.2,0.13
2098,2023-07-01,0.0,3.8
2098,2023-08-01,0.0,14.0
2098,2023-10-01,7.1,0.0
2098,2023-11-01,4.8,0.0
2098,2023-12-01,2.1,0.0
2098,2024-01-01,7.1,0.0
2098,2024-02-01,0.0,9.0
2098,2024-03-01,4.9,0.0
2098,2024-04-01,7.7,0.0
2098,2024-05-01,6.9,0.0
2098,2024-06-01,6.3,0.0
2098,2024-07-01,8.6,0.0
2098,2024-08-01,5.5,0.0
2098,2024-09-01,5.3,0.0
2098,2024-10-01,8.7,0.0
2098,2024-11-01,8.4,0.0
2098,2024-12-01,7.5,0.0
2099,2023-07-01,0.0,0.1
2099,2023-08-01,0.0,0.06
2099,2023-09-01,0.0,0.07
2099,2023-10-01,0.0,0.02
2099,2023-11-01,0.0,0.04
2099,2023-12-01,0.0,0.13
2099,2024-02-01,0.0,0.06
2099,2024-04-01,0.0,0.14
2099,2024-05-01,0.0,0.16
2099,2024-06-01,0.0,0.02
2099,2024-07-01,0.0,0.18
2099,2024-08-01,0.0,0.06
2099,2024-09-01,0.0,0.09
2099,2024-11-01,0.0,0.08
2099,2024-12-01,0.0,0.13
2100,2023-07-01,0.0,0.06
2101,2023-08-01,0.0,2.2
2102,2023-08-01,0.0,0.08
2103,2023-08-01,0.0,0.21
2103,2023-09-01,0.0,0.14
2103,2023-10-01,0.0,0.11
2103,2023-11-01,0.0,0.1
2103,2023-12-01,0.0,0.12
2103,2024-01-01,0.0,0.15
2103,2024-02-01,0.0,0.11
2103,2024-03-01,0.0,0.23
2103,2024-04-01,0.0,0.05
2103,2024-05-01,0.0,0.24
2103,2024-06-01,0.0,0.15
2103,2024-08-01,0.0,0.12
2103,2024-09-01,0.0,0.26
2103,2024-10-01,0.0,0.21
2103,2024-11-01,0.0,0.22
2104,2023-09-01,0.46,0.0
2104,2023-10-01,0.92,0.0
2104,2023-12-01,1.5,0.0
2104,2024-01-01,2.2,0.0
2104,2024-02-01,2.0,0.01
2104,2024-03-01,1.7,0.0
2104,2024-04-01,1.1,0.0
2104,2024-05-01,0.46,0.0
2104,2024-06-01,0.21,0.0
2104,2024-07-01,0.0,0.25
2104,2024-08-01,0.0,0.18
2105,2023-08-01,0.0,0.03
2106,2023-08-01,0.0,0.03
2107,2023-08-01,0.22,0.0
2108,2023-08-01,9.1,0.63
2109,2023-08-01,2.5,0.23
2110,2023-08-01,0.14,0.0
2110,2023-09-01,0.24,0.0
2111,2023-08-01,0.01,0.0
2112,2023-08-01,0.0,0.02
2112,2024-02-01,0.0,0.03
2112,2024-08-01,0.0,0.02
2112,2024-09-01,0.0,0.02
2113,2023-08-01,0.0,0.05
2113,2023-09-01,0.0,0.05
2113,2023-10-01,0.0,0.03
2113,2023-11-01,0.0,0.11
2113,2023-12-01,0.0,0.09
2113,2024-01-01,0.0,0.05
2113,2024-02-01,0.0,0.01
2113,2024-03-01,0.0,0.07
2113,2024-04-01,0.0,0.12
2113,2024-05-01,0.0,0.06
2113,2024-06-01,0.0,0.05
2113,2024-07-01,0.0,0.09
2113,2024-08-01,0.0,0.08
2113,2024-09-01,0.0,0.15
2113,2024-10-01,0.0,0.07
2113,2024-11-01,0.0,0.09
2114,2023-08-01,0.05,0.0
2114,2023-10-01,0.02,0.0
2114,2024-01-01,0.1,0.0
2114,2024-12-01,0.04,0.0
2115,2023-08-01,0.01,0.0
2116,2023-08-01,0.03,0.09
2116,2023-09-01,0.06,0.05
2116,2023-10-01,0.02,0.24
2116,2023-11-01,0.03,0.05
2116,2023-12-01,0.03,0.14
2116,2024-01-01,0.07,0.14
2116,2024-02-01,0.11,0.09
2116,2024-03-01,0.0,0.01
2116,2024-04-01,0.03,0.31
2116,2024-05-01,0.11,0.15
2116,2024-06-01,0.06,0.33
2116,2024-08-01,0.04,0.12
2116,2024-09-01,0.06,0.14
2116,2024-10-01,0.03,0.12
2116,2024-11-01,0.04,0.26
2116,2024-12-01,0.02,0.2
2117,2023-08-01,0.0,0.06
2118,2023-08-01,0.01,0.0
2119,2023-08-01,0.04,0.0
2119,2023-09-01,0.02,0.0
2119,2023-11-01,0.01,0.0
2119,2023-12-01,0.04,0.0
2119,2024-01-01,0.02,0.0
2120,2023-08-01,0.02,0.03
2120,2023-09-01,0.03,0.04
2120,2023-10-01,0.02,0.0
2120,2023-11-01,0.05,0.18
2121,2023-08-01,0.0,0.01
2121,2023-09-01,0.0,0.01
2121,2023-10-01,0.0,0.01
2121,2023-11-01,0.0,0.01
2121,2023-12-01,0.0,0.01
2121,2024-01-01,0.0,0.01
2121,2024-02-01,0.37,0.04
2121,2024-03-01,0.54,0.06
2121,2024-04-01,0.25,0.05
2121,2024-05-01,1.5,0.04
2121,2024-06-01,0.1,0.03
2121,2024-07-01,0.6,0.03
2121,2024-08-01,0.55,0.07
2121,2024-09-01,0.4,0.04
2121,2024-10-01,0.72,0.04
2121,2024-11-01,0.5,0.06
2121,2024-12-01,1.5,0.04
2122,2023-08-01,0.0,0.04
2122,2023-09-01,0.0,0.02
2122,2023-10-01,0.0,0.02
2122,2023-11-01,0.0,0.04
2123,2023-08-01,0.1,0.0
2123,2023-09-01,0.11,0.0
2124,2023-08-01,0.0,0.21
2124,2023-09-01,0.0,0.09
2124,2023-10-01,0.0,0.02
2124,2023-12-01,0.0,0.07
2124,2024-01-01,0.0,0.27
2124,2024-02-01,0.0,0.13
2124,2024-03-01,0.0,0.32
2124,2024-04-01,0.0,0.34
2124,2024-05-01,0.0,0.01
2124,2024-06-01,0.0,0.32
2124,2024-07-01,0.0,0.03
2124,2024-08-01,0.0,0.19
2124,2024-09-01,0.0,0.03
2124,2024-10-01,0.0,0.01
2124,2024-12-01,0.0,0.41
2125,2023-08-01,12.0,1.7
2125,2023-09-01,7.3,0.01
2126,2023-08-01,1.9,0.0
2126,2023-09-01,1.4,0.0
2127,2023-08-01,0.56,0.0
2127,2023-09-01,0.09,0.03
2128,2023-08-01,0.0,0.3
2128,2023-09-01,0.0,0.3
2128,2023-10-01,0.26,0.0
2128,2023-11-01,0.0,0.01
2128,2023-12-01,0.02,0.0
2129,2023-08-01,0.04,0.01
2130,2023-08-01,0.34,0.0
2131,2023-08-01,0.0,0.01
2132,2023-08-01,0.05,0.0
2133,2023-08-01,0.33,0.0
2133,2023-09-01,0.73,0.06
2134,2023-08-01,0.02,0.0
2135,2023-08-01,0.0,0.02
2135,2023-09-01,0.0,0.02
2135,2023-10-01,0.0,0.1
2135,2023-11-01,0.0,0.04
2136,2023-08-01,0.0,0.22
2136,2023-09-01,0.0,0.35
2136,2023-10-01,0.0,0.26
2136,2023-11-01,0.0,0.71
2136,2023-12-01,0.0,0.27
2136,2024-01-01,0.0,0.36
2136,2024-02-01,0.0,0.46
2136,2024-03-01,0.0,0.23
2136,2024-04-01,0.0,0.12
2136,2024-05-01,0.0,0.14
2136,2024-06-01,0.0,0.55
2136,2024-07-01,0.0,0.27
2136,2024-08-01,0.0,0.5
2136,2024-09-01,0.0,0.26
2136,2024-10-01,0.0,0.28
2136,2024-11-01,0.0,0.41
2136,2024-12-01,0.0,0.27
2137,2023-08-01,0.01,0.0
2138,2023-08-01,0.01,0.0
2138,2023-09-01,0.22,0.0
2138,2023-10-01,0.11,0.0
2138,2023-11-01,0.02,0.0
2139,2023-08-01,0.2,0.0
2140,2023-08-01,0.05,0.02
2140,2023-09-01,0.05,0.07
2140,2023-10-01,0.0,0.06
2140,2023-11-01,0.0,18.0
2140,2023-12-01,0.03,0.0
2140,2024-02-01,0.02,0.0
2140,2024-05-01,0.13,0.0
2140,2024-06-01,0.03,0.0
2140,2024-07-01,0.03,0.0
2141,2023-08-01,0.0,74.0
2141,2023-09-01,0.0,81.0
2142,2023-08-01,0.01,0.0
2143,2023-08-01,0.05,0.01
2143,2023-09-01,0.01,0.0
2143,2023-10-01,0.02,0.0
2143,2023-11-01,0.06,0.01
2143,2023-12-01,0.0,0.01
2143,2024-01-01,0.01,0.0
2144,2023-08-01,0.03,0.03
2145,2023-08-01,0.0,0.07
2145,2023-09-01,0.16,0.0
2145,2023-10-01,0.0,0.22
2146,2023-08-01,0.0,0.01
2147,2023-09-01,0.02,0.04
2147,2023-10-01,0.01,0.0
2147,2023-11-01,0.02,0.0
2147,2023-12-01,0.05,0.0
2147,2024-01-01,0.01,0.0
2147,2024-02-01,0.01,0.0
2147,2024-03-01,0.06,0.0
2148,2023-08-01,0.0,0.41
2148,2023-09-01,0.0,0.39
2148,2023-10-01,0.33,0.0
2148,2023-11-01,0.0,0.21
2148,2023-12-01,0.0,0.22
2148,2024-02-01,0.0,0.48
2148,2024-03-01,0.0,0.15
2148,2024-04-01,0.0,0.21
2148,2024-05-01,0.0,0.07
2148,2024-06-01,0.0,0.17
2148,2024-08-01,0.0,0.14
2148,2024-09-01,0.17,0.0
2148,2024-10-01,0.0,0.15
2148,2024-11-01,0.15,0.0
2148,2024-12-01,0.15,0.0
2149,2023-08-01,0.02,0.0
2150,2023-08-01,0.0,0.17
2151,2023-08-01,0.0,0.37
2151,2023-09-01,0.0,0.42
2151,2023-10-01,0.0,0.43
2151,2023-11-01,0.0,0.27
2151,2023-12-01,0.0,0.14
2151,2024-01-01,0.0,0.31
2152,2023-08-01,0.02,0.0
2152,2023-09-01,0.01,0.0
2152,2023-10-01,0.01,0.0
2152,2023-11-01,0.01,0.0
2152,2023-12-01,0.02,0.0
2152,2024-01-01,0.01,0.0
2152,2024-02-01,0.01,0.0
2152,2024-03-01,0.02,0.0
2152,2024-04-01,0.04,0.0
2153,2023-08-01,0.03,0.01
2153,2023-09-01,0.01,0.0
2154,2023-08-01,0.0,0.01
2155,2023-08-01,0.01,0.0
2156,2023-08-01,0.22,0.0
2156,2023-09-01,0.11,0.0
2156,2023-10-01,0.51,0.0
2157,2023-08-01,0.0,0.04
2157,2023-10-01,0.0,0.04
2157,2023-11-01,0.0,0.04
2157,2023-12-01,0.0,0.03
2157,2024-01-01,0.0,0.07
2157,2024-02-01,0.0,0.04
2157,2024-03-01,0.0,0.03
2158,2023-08-01,0.0,0.17
2159,2023-08-01,0.0,0.19
2160,2023-08-01,0.0,0.32
2161,2023-08-01,0.0,6.4
2162,2023-08-01,0.0,3.6
2162,2023-09-01,0.0,1.4
2163,2023-08-01,0.0,0.14
2163,2023-09-01,0.0,0.09
2163,2023-10-01,0.0,0.4
2163,2023-11-01,0.0,0.17
2163,2023-12-01,0.0,0.11
2163,2024-01-01,0.0,0.04
2163,2024-03-01,0.0,0.14
2163,2024-04-01,0.0,0.15
2163,2024-05-01,0.26,0.0
2163,2024-06-01,0.15,0.0
2163,2024-07-01,0.0,0.05
2164,2023-09-01,0.07,0.0
2164,2023-10-01,0.06,0.0
2164,2023-11-01,0.1,0.0
2164,2024-01-01,0.0,0.29
2164,2024-02-01,0.0,0.07
2164,2024-03-01,0.0,0.5
2164,2024-04-01,0.0,0.2
2164,2024-07-01,0.0,0.38
2164,2024-08-01,0.0,0.12
2164,2024-10-01,0.0,0.31
2164,2024-12-01,0.0,0.3
2165,2023-09-01,0.02,0.0
2165,2023-10-01,0.01,0.0
2165,2023-12-01,0.08,0.0
2165,2024-01-01,0.04,0.08
2165,2024-02-01,0.06,0.01
2165,2024-03-01,0.17,0.02
2166,2023-09-01,0.0,0.08
2166,2023-10-01,0.0,0.03
2166,2023-11-01,0.0,0.05
2167,2023-09-01,0.01,0.0
2168,2023-09-01,0.0,0.02
2168,2023-11-01,0.13,0.0
2168,2023-12-01,0.12,0.0
2168,2024-01-01,0.18,0.0
2168,2024-02-01,0.23,0.0
2168,2024-03-01,0.16,0.0
2168,2024-04-01,0.14,0.0
2168,2024-06-01,0.18,0.0
2168,2024-07-01,0.25,0.0
2168,2024-08-01,0.26,0.0
2168,2024-09-01,0.1,0.0
2168,2024-10-01,0.21,0.0
2168,2024-11-01,0.08,0.0
2168,2024-12-01,0.18,0.0
2169,2023-09-01,0.0,0.01
2170,2023-09-01,4.9,0.0
2170,2023-10-01,4.3,0.0
2170,2023-11-01,5.0,0.0
2170,2024-01-01,4.5,0.0
2170,2024-02-01,4.3,0.0
2170,2024-03-01,7.4,0.0
2170,2024-04-01,6.6,0.0
2170,2024-05-01,14.0,0.0
2170,2024-06-01,0.0,0.24
2170,2024-07-01,0.0,0.32
2170,2024-08-01,0.0,0.2
2170,2024-09-01,0.0,0.21
2170,2024-10-01,0.14,0.0
2170,2024-11-01,0.11,0.0
2170,2024-12-01,0.06,0.0
2171,2023-09-01,0.0,0.01
2171,2023-10-01,0.0,0.01
2171,2023-11-01,0.01,0.43
2171,2023-12-01,0.17,0.0
2172,2023-09-01,0.36,0.01
2172,2023-10-01,0.26,0.0
2173,2023-09-01,4.4,0.43
2173,2023-10-01,7.0,0.38
2173,2023-11-01,5.2,0.19
2173,2023-12-01,5.3,0.22
2173,2024-01-01,5.0,0.22
2173,2024-02-01,3.2,0.08
2173,2024-03-01,5.8,0.17
2173,2024-04-01,6.8,1.1
2173,2024-05-01,6.5,0.56
2173,2024-06-01,5.0,0.95
2173,2024-07-01,0.55,0.0
2173,2024-08-01,0.07,0.45
2173,2024-09-01,9.7,0.0
2173,2024-10-01,11.0,0.89
2173,2024-11-01,6.0,0.0
2173,2024-12-01,8.3,0.46
2174,2023-09-01,0.46,0.0
2174,2023-10-01,0.01,0.0
2174,2023-11-01,0.79,0.01
2174,2023-12-01,0.71,0.0
2175,2023-09-01,0.7,0.0
2175,2023-10-01,7.5,0.0
2176,2023-09-01,1.7,0.0
2176,2023-10-01,0.28,0.0
2176,2023-11-01,0.53,0.0
2177,2023-09-01,0.03,0.0
2177,2023-10-01,0.0,0.71
2177,2023-11-01,0.02,0.0
2177,2023-12-01,0.02,0.0
2178,2023-09-01,0.05,0.0
2178,2023-10-01,0.03,0.0
2178,2023-11-01,0.11,0.0
2178,2023-12-01,0.06,0.0
2178,2024-01-01,0.24,0.0
2178,2024-02-01,0.19,0.0
2179,2023-09-01,0.0,0.01
2180,2023-09-01,0.04,0.0
2180,2023-10-01,0.23,0.0
2180,2023-11-01,0.26,0.34
2181,2023-09-01,0.01,0.0
2181,2023-10-01,0.94,0.0
2182,2023-09-01,0.0,0.01
2182,2023-10-01,0.0,0.01
2183,2023-09-01,0.09,0.0
2184,2023-09-01,0.06,0.0
2185,2023-10-01,0.08,0.0
2185,2023-11-01,0.15,0.0
2185,2023-12-01,0.05,0.0
2185,2024-01-01,0.04,0.0
2185,2024-02-01,0.12,0.0
2185,2024-04-01,0.04,0.0
2185,2024-05-01,0.19,0.0
2185,2024-06-01,0.03,0.0
2185,2024-07-01,0.11,0.0
2185,2024-08-01,0.11,0.0
2185,2024-09-01,0.22,0.0
2185,2024-10-01,0.16,0.0
2185,2024-11-01,0.07,0.0
2185,2024-12-01,0.1,0.0
2186,2023-09-01,0.04,0.0
2187,2023-09-01,0.12,0.0
2187,2023-10-01,0.03,0.0
2187,2023-11-01,0.13,0.01
2187,2023-12-01,0.04,0.0
2187,2024-01-01,0.0,0.01
2187,2024-02-01,0.03,0.0
2187,2024-03-01,0.13,0.0
2187,2024-04-01,0.04,0.0
2188,2023-09-01,0.47,0.01
2188,2023-10-01,0.27,0.0
2188,2023-11-01,0.35,0.02
2188,2023-12-01,0.0,0.01
2188,2024-01-01,0.0,0.06
2188,2024-02-01,0.13,0.0
2189,2023-09-01,0.02,0.0
2189,2023-10-01,0.07,0.0
2189,2023-12-01,0.01,0.0
2189,2024-01-01,0.03,0.0
2189,2024-02-01,0.08,0.0
2189,2024-03-01,0.01,0.0
2189,2024-05-01,0.01,0.0
2189,2024-06-01,0.07,0.0
2189,2024-07-01,0.03,0.0
2190,2023-09-01,0.0,0.02
2190,2023-11-01,0.07,0.0
2190,2023-12-01,0.06,0.0
2190,2024-01-01,0.27,0.0
2191,2023-09-01,0.0,0.29
2191,2023-10-01,0.0,0.17
2191,2023-11-01,0.0,0.26
2191,2023-12-01,0.0,0.02
2192,2023-09-01,0.37,0.06
2192,2023-10-01,0.13,0.0
2192,2023-11-01,0.24,0.0
2192,2023-12-01,0.15,0.06
2192,2024-01-01,0.47,0.01
2192,2024-02-01,0.18,0.01
2193,2023-09-01,0.0,0.17
2193,2023-10-01,0.0,0.11
2193,2023-11-01,0.0,0.2
2193,2023-12-01,0.0,0.26
2193,2024-02-01,0.0,0.18
2193,2024-03-01,0.0,0.35
2193,2024-04-01,0.0,0.06
2194,2023-09-01,0.15,0.0
2194,2023-10-01,0.16,0.0
2194,2023-11-01,0.05,0.0
2194,2023-12-01,0.1,0.0
2194,2024-02-01,0.02,0.0
2194,2024-03-01,0.02,0.0
2194,2024-04-01,0.02,0.0
2194,2024-05-01,0.0,0.2
2194,2024-06-01,0.0,0.2
2194,2024-07-01,0.0,0.21
2194,2024-08-01,0.0,0.13
2194,2024-09-01,0.0,0.09
2194,2024-10-01,0.02,0.0
2194,2024-11-01,0.0,0.08
2194,2024-12-01,0.0,0.1
2195,2023-09-01,0.0,0.01
2195,2023-10-01,0.0,0.01
2195,2023-12-01,0.01,0.0
2195,2024-09-01,0.0,0.01
2196,2023-09-01,0.0,0.17
2197,2023-09-01,0.0,0.08
2198,2023-09-01,0.0,0.03
2198,2023-10-01,0.0,0.02
2199,2023-09-01,0.22,0.0
2200,2023-09-01,0.0,0.08
2201,2023-09-01,0.06,0.0
2201,2023-11-01,0.03,0.0
2201,2023-12-01,0.0,0.01
2201,2024-01-01,0.0,0.07
2202,2023-09-01,0.09,0.0
2202,2023-10-01,0.17,0.0
2203,2023-09-01,0.29,0.07
2203,2023-10-01,0.03,0.03
2203,2023-11-01,0.26,0.08
2204,2023-09-01,0.09,0.0
2205,2023-09-01,0.0,0.01
2206,2023-09-01,0.1,0.0
2207,2023-09-01,0.03,0.0
2207,2023-10-01,0.05,0.0
2207,2023-11-01,0.14,0.0
2207,2023-12-01,0.02,0.0
2207,2024-01-01,0.03,0.0
2208,2023-09-01,0.01,0.0
2209,2023-09-01,0.04,0.0
2209,2023-10-01,0.14,0.75
2209,2023-11-01,0.18,0.0
2209,2023-12-01,0.31,0.19
2209,2024-01-01,0.23,0.0
2209,2024-02-01,0.0,2.9
2209,2024-03-01,0.0,0.22
2209,2024-04-01,0.0,0.08
2209,2024-05-01,0.34,0.0
2209,2024-06-01,0.1,0.0
2209,2024-07-01,0.0,0.77
2209,2024-08-01,0.0,0.21
2209,2024-09-01,0.02,0.39
2209,2024-10-01,0.0,0.91
2209,2024-11-01,0.0,0.76
2209,2024-12-01,0.0,0.93
2210,2023-09-01,0.61,0.0
2211,2023-09-01,0.04,0.0
2211,2023-10-01,0.03,0.0
2211,2023-11-01,0.01,0.0
2211,2023-12-01,0.05,0.0
2211,2024-01-01,0.23,0.0
2211,2024-02-01,0.92,0.0
2211,2024-03-01,0.0,0.01
2211,2024-04-01,1.3,0.0
2211,2024-05-01,0.06,0.0
2211,2024-06-01,0.01,0.0
2211,2024-07-01,0.22,0.0
2211,2024-08-01,0.01,0.0
2212,2023-09-01,0.0,0.02
2213,2023-09-01,0.42,0.15
2213,2023-10-01,0.52,0.09
2213,2023-11-01,0.61,0.21
2213,2024-01-01,0.0,0.1
2213,2024-02-01,0.38,0.12
2213,2024-03-01,0.0,0.08
2213,2024-05-01,0.0,0.06
2213,2024-06-01,0.0,0.1
2213,2024-07-01,0.0,0.11
2213,2024-08-01,0.0,0.08
2213,2024-09-01,0.05,0.05
2213,2024-10-01,0.58,0.0
2213,2024-11-01,0.45,0.01
2213,2024-12-01,0.39,0.01
2214,2023-09-01,0.29,0.0
2214,2023-10-01,0.29,0.01
2214,2023-11-01,0.31,0.0
2214,2023-12-01,0.17,0.0
2214,2024-01-01,0.18,0.0
2214,2024-03-01,0.01,0.0
2214,2024-04-01,0.0,0.01
2214,2024-05-01,0.26,0.0
2214,2024-06-01,0.28,0.0
2214,2024-07-01,0.3,0.01
2214,2024-08-01,0.26,0.0
2215,2023-09-01,0.0,0.03
2215,2023-10-01,0.01,0.0
2215,2023-11-01,0.0,0.59
2215,2023-12-01,0.0,0.03
2215,2024-01-01,0.0,0.03
2216,2023-09-01,0.0,0.08
2217,2023-10-01,0.11,0.0
2217,2023-11-01,0.31,0.0
2217,2023-12-01,0.99,0.0
2217,2024-02-01,0.23,0.0
2217,2024-03-01,0.48,0.0
2217,2024-04-01,1.2,0.0
2217,2024-05-01,0.39,0.0
2217,2024-06-01,0.51,0.0
2217,2024-07-01,0.77,0.0
2217,2024-08-01,0.18,0.0
2218,2023-09-01,0.03,0.0
2218,2023-10-01,0.03,0.0
2218,2023-11-01,0.06,0.0
2218,2023-12-01,0.03,0.0
2218,2024-01-01,0.06,0.0
2218,2024-02-01,0.06,0.0
2218,2024-03-01,0.05,0.0
2218,2024-05-01,0.13,0.0
2218,2024-06-01,0.03,0.0
2218,2024-07-01,0.04,0.0
2219,2023-09-01,0.0,0.01
2219,2023-10-01,0.0,0.08
2219,2023-11-01,0.0,0.04
2219,2023-12-01,0.0,0.03
2220,2023-10-01,0.0,0.02
2220,2023-11-01,0.0,0.02
2220,2023-12-01,0.12,0.0
2220,2024-01-01,0.03,0.0
2221,2023-09-01,0.0,0.08
2222,2023-09-01,0.0,0.01
2222,2023-10-01,0.0,0.39
2223,2023-09-01,0.0,0.08
2223,2023-10-01,0.06,0.0
2224,2023-09-01,0.11,0.11
2225,2023-09-01,0.0,0.08
2225,2023-10-01,0.0,0.14
2225,2023-11-01,0.01,0.0
2225,2023-12-01,0.0,0.04
2226,2023-09-01,0.0,0.01
2227,2023-09-01,0.0,0.09
2228,2023-09-01,0.0,0.03
2228,2023-10-01,0.0,0.16
2228,2023-11-01,0.0,0.16
2228,2023-12-01,0.0,0.03
2229,2023-09-01,0.0,0.01
2229,2023-10-01,0.0,0.02
2230,2023-09-01,0.0,0.52
2230,2023-10-01,0.0,1.1
2230,2023-11-01,0.0,1.1
2230,2023-12-01,0.0,0.33
2230,2024-01-01,0.0,0.55
2231,2023-09-01,0.0,0.48
2231,2023-10-01,0.0,0.15
2231,2023-11-01,0.0,0.7
2232,2023-09-01,0.0,0.09
2232,2023-10-01,0.0,0.05
2232,2023-11-01,0.0,0.1
2232,2023-12-01,0.0,0.03
2233,2023-09-01,0.0,0.07
2234,2023-09-01,0.0,0.24
2235,2023-09-01,0.35,0.0
2235,2023-11-01,1.2,0.0
2235,2023-12-01,0.79,0.0
2235,2024-02-01,0.69,0.0
2235,2024-03-01,0.69,0.0
2235,2024-04-01,0.68,0.0
2235,2024-05-01,0.68,0.0
2236,2023-09-01,0.0,0.06
2236,2023-10-01,0.0,0.12
2236,2024-03-01,0.0,2.9
2236,2024-04-01,0.0,0.06
2236,2024-06-01,0.0,0.06
2236,2024-08-01,0.0,0.06
2236,2024-09-01,0.0,0.03
2236,2024-11-01,0.0,0.07
2237,2023-10-01,0.01,0.0
2238,2023-10-01,0.0,0.37
2239,2023-10-01,0.0,0.09
2239,2023-11-01,0.0,2.3
2239,2023-12-01,0.0,0.01
2239,2024-01-01,0.0,2.3
2239,2024-02-01,0.0,3.5
2239,2024-04-01,0.0,0.01
2239,2024-06-01,0.0,0.18
2239,2024-07-01,0.0,2.7
2240,2023-10-01,0.12,0.0
2240,2023-11-01,0.14,0.0
2240,2023-12-01,0.08,0.28
2240,2024-01-01,0.03,0.0
2240,2024-02-01,0.16,0.0
2240,2024-03-01,0.33,0.07
2241,2023-10-01,0.0,0.04
2241,2023-11-01,0.0,0.05
2241,2023-12-01,0.05,0.04
2242,2023-10-01,0.02,0.0
2242,2023-11-01,0.02,0.0
2242,2023-12-01,0.0,0.05
2243,2023-10-01,0.01,0.04
2243,2023-11-01,0.01,0.08
2244,2023-10-01,0.0,0.01
2244,2023-11-01,0.07,0.07
2245,2023-10-01,0.0,0.15
2245,2023-11-01,0.0,0.11
2245,2023-12-01,0.0,0.12
2245,2024-01-01,0.0,0.17
2246,2023-10-01,0.02,0.0
2247,2023-10-01,0.01,0.0
2248,2023-10-01,0.23,0.01
2248,2023-11-01,0.03,0.0
2248,2023-12-01,0.58,0.0
2248,2024-01-01,0.57,0.0
2248,2024-02-01,0.71,0.0
2248,2024-03-01,0.54,0.0
2248,2024-04-01,0.3,0.0
2248,2024-05-01,0.51,0.0
2249,2023-10-01,0.21,0.0
2249,2023-11-01,0.0,0.14
2250,2023-11-01,0.11,0.0
2250,2023-12-01,0.47,0.0
2250,2024-01-01,0.05,0.0
2250,2024-02-01,0.02,0.0
2250,2024-03-01,0.11,0.0
2250,2024-04-01,0.05,0.0
2250,2024-05-01,0.01,0.0
2250,2024-06-01,0.01,0.0
2250,2024-07-01,0.03,0.0
2250,2024-08-01,0.06,0.0
2250,2024-09-01,0.03,0.0
2250,2024-10-01,0.0,0.01
2250,2024-11-01,0.04,0.0
2250,2024-12-01,0.06,0.0
2251,2023-10-01,0.02,0.0
2252,2023-10-01,0.0,0.05
2253,2023-10-01,0.0,0.04
2253,2023-11-01,0.01,0.0
2254,2023-10-01,0.0,1.3
2254,2023-11-01,0.0,0.19
2254,2023-12-01,0.0,0.04
2254,2024-01-01,0.04,0.04
2255,2023-10-01,0.01,0.0
2256,2023-10-01,0.01,0.0
2257,2023-10-01,0.0,0.23
2258,2023-10-01,0.02,0.0
2259,2023-10-01,0.0,0.58
2259,2023-11-01,0.0,0.09
2259,2024-01-01,0.0,0.65
2259,2024-02-01,0.0,0.37
2259,2024-03-01,0.0,0.78
2259,2024-04-01,0.0,0.51
2259,2024-05-01,0.0,0.05
2259,2024-06-01,0.0,0.15
2259,2024-07-01,0.0,0.09
2259,2024-08-01,0.0,0.15
2259,2024-10-01,0.0,0.15
2259,2024-11-01,0.0,0.05
2259,2024-12-01,0.0,0.15
2260,2023-10-01,0.14,0.01
2260,2023-11-01,0.0,0.02
2260,2023-12-01,0.0,0.22
2261,2023-10-01,0.01,0.0
2262,2023-10-01,0.0,0.01
2263,2023-10-01,0.02,0.0
2263,2023-11-01,0.06,0.0
2263,2023-12-01,0.08,0.0
2263,2024-01-01,0.07,0.0
2263,2024-02-01,0.03,0.0
2263,2024-03-01,0.02,0.0
2263,2024-04-01,0.22,0.0
2263,2024-05-01,0.21,0.0
2263,2024-06-01,0.46,0.0
2263,2024-08-01,0.0,0.11
2263,2024-09-01,0.0,0.07
2263,2024-10-01,0.0,0.1
2263,2024-11-01,0.0,0.03
2263,2024-12-01,0.0,0.04
2264,2023-10-01,0.0,0.01
2265,2023-10-01,0.0,0.01
2266,2023-10-01,0.0,0.01
2266,2023-12-01,0.22,0.0
2266,2024-01-01,1.6,0.01
2266,2024-02-01,1.1,0.0
2266,2024-03-01,1.5,0.0
2266,2024-04-01,2.5,0.01
2266,2024-06-01,2.3,0.01
2266,2024-07-01,3.0,0.0
2266,2024-08-01,2.0,0.0
2266,2024-11-01,0.68,0.0
2267,2023-10-01,0.09,0.0
2267,2023-11-01,0.0,0.02
2267,2023-12-01,0.0,0.02
2268,2023-10-01,0.0,0.22
2269,2023-10-01,0.0,0.09
2270,2023-10-01,0.0,0.12
2271,2023-10-01,0.0,0.02
2271,2023-11-01,0.0,0.04
2271,2023-12-01,0.0,0.01
2271,2024-01-01,0.0,0.01
2272,2023-10-01,0.49,0.0
2272,2023-11-01,0.42,0.0
2273,2023-10-01,0.09,0.0
2273,2023-11-01,0.32,0.0
2273,2023-12-01,0.32,0.0
2273,2024-01-01,0.07,0.0
2274,2023-10-01,0.0,0.2
2275,2023-10-01,0.0,0.11
2275,2023-11-01,0.01,0.0
2275,2023-12-01,0.08,0.04
2276,2023-10-01,0.05,0.06
2277,2023-10-01,0.0,0.97
2278,2023-10-01,0.06,0.0
2279,2023-10-01,0.01,0.0
2279,2023-11-01,0.0,0.01
2279,2023-12-01,0.0,0.13
2279,2024-01-01,0.0,0.41
2279,2024-02-01,0.0,0.03
2279,2024-03-01,0.0,0.41
2279,2024-04-01,0.0,0.28
2279,2024-05-01,0.0,0.36
2279,2024-06-01,0.0,0.08
2279,2024-07-01,0.0,0.23
2279,2024-08-01,0.03,0.01
2279,2024-09-01,0.0,0.27
2279,2024-10-01,0.0,0.24
2279,2024-11-01,0.0,0.03
2279,2024-12-01,0.0,0.28
2280,2023-10-01,0.01,0.0
2280,2023-11-01,0.02,0.0
2280,2023-12-01,0.02,0.0
2281,2023-10-01,0.06,0.23
2281,2023-11-01,0.04,1.0
2281,2023-12-01,0.0,0.57
2281,2024-02-01,0.14,0.89
2281,2024-03-01,0.14,0.19
2281,2024-04-01,0.06,0.33
2281,2024-05-01,0.67,0.64
2281,2024-06-01,0.61,0.92
2281,2024-07-01,0.08,0.4
2281,2024-08-01,0.62,0.75
2281,2024-09-01,0.86,1.2
2281,2024-10-01,0.04,0.71
2282,2023-10-01,0.0,0.24
2282,2023-11-01,0.01,0.0
2282,2023-12-01,0.0,0.12
2282,2024-01-01,0.0,0.12
2283,2023-10-01,0.0,0.02
2283,2023-11-01,0.0,0.16
2284,2023-10-01,0.0,0.32
2284,2023-11-01,0.0,0.28
2285,2023-10-01,0.0,0.01
2286,2023-10-01,0.0,0.01
2286,2023-11-01,0.02,0.0
2287,2023-10-01,0.03,0.0
2288,2023-10-01,0.0,0.01
2289,2023-10-01,0.01,0.0
2289,2023-11-01,0.02,0.0
2289,2023-12-01,0.03,0.0
2289,2024-01-01,0.01,0.0
2289,2024-02-01,0.05,0.0
2289,2024-03-01,0.11,0.0
2289,2024-04-01,0.06,0.0
2289,2024-05-01,0.05,0.0
2289,2024-06-01,0.03,0.0
2290,2023-10-01,0.06,0.0
2290,2023-11-01,0.06,0.0
2290,2023-12-01,0.0,0.01
2290,2024-01-01,0.0,0.01
2290,2024-02-01,0.0,0.01
2290,2024-04-01,0.0,0.01
2290,2024-05-01,0.0,0.02
2290,2024-06-01,0.0,0.01
2291,2023-10-01,0.0,0.01
2292,2023-10-01,0.13,0.0
2293,2023-10-01,0.04,0.0
2293,2024-01-01,0.01,0.0
2293,2024-02-01,0.01,0.0
2294,2023-10-01,0.0,0.03
2294,2023-11-01,0.0,0.11
2294,2024-01-01,0.0,0.49
2294,2024-02-01,0.0,0.43
2294,2024-03-01,0.0,0.04
2294,2024-04-01,0.0,0.15
2295,2023-10-01,0.0,0.24
2296,2023-10-01,0.0,0.02
2296,2023-11-01,0.0,0.17
2297,2023-10-01,0.53,0.0
2297,2023-11-01,0.17,0.0
2297,2023-12-01,0.07,0.0
2297,2024-01-01,0.01,0.03
2297,2024-02-01,0.27,0.0
2297,2024-03-01,0.22,0.0
2297,2024-04-01,0.07,0.0
2297,2024-05-01,0.15,0.0
2297,2024-07-01,0.6,0.0
2297,2024-08-01,0.49,0.0
2297,2024-09-01,0.09,0.0
2297,2024-10-01,0.49,0.0
2297,2024-11-01,0.63,0.0
2298,2023-10-01,0.05,0.0
2299,2023-11-01,0.04,7.9
2299,2023-12-01,0.0,3.7
2299,2024-01-01,0.0,3.6
2299,2024-02-01,0.0,4.2
2299,2024-03-01,0.0,4.0
2299,2024-04-01,0.0,0.71
2299,2024-05-01,0.0,4.1
2300,2023-10-01,0.0,0.01
2301,2023-10-01,0.0,0.03
2301,2024-12-01,0.0,0.02
2302,2023-11-01,0.0,0.22
2302,2023-12-01,0.0,0.1
2302,2024-03-01,0.0,0.05
2303,2023-11-01,0.0,0.67
2303,2023-12-01,0.0,7.2
2303,2024-02-01,0.0,3.8
2303,2024-03-01,0.0,1.3
2303,2024-04-01,0.0,1.1
2303,2024-05-01,0.0,0.67
2303,2024-06-01,0.0,0.08
2303,2024-07-01,0.0,1.1
2304,2024-02-01,0.91,0.0
2304,2024-03-01,0.74,0.0
2304,2024-04-01,1.1,0.0
2304,2024-05-01,1.2,0.0
2304,2024-07-01,0.94,0.0
2304,2024-09-01,1.2,0.0
2304,2024-11-01,2.2,0.0
2304,2024-12-01,0.76,0.0
2305,2023-11-01,0.0,0.03
2306,2024-07-01,0.06,0.0
2306,2024-08-01,0.01,0.0
2306,2024-09-01,0.04,0.0
2306,2024-10-01,0.13,0.0
2306,2024-12-01,0.06,0.0
2307,2023-11-01,0.0,0.24
2307,2023-12-01,0.0,0.05
2307,2024-01-01,0.0,0.03
2307,2024-03-01,0.19,0.0
2307,2024-05-01,0.0,0.02
2307,2024-07-01,0.0,0.41
2307,2024-09-01,0.06,0.02
2307,2024-10-01,0.0,0.02
2307,2024-11-01,0.0,0.15
2307,2024-12-01,0.06,0.0
2308,2023-11-01,0.0,0.02
2309,2023-11-01,0.0,0.04
2309,2024-01-01,0.0,0.1
2309,2024-02-01,0.0,0.02
2309,2024-03-01,0.0,0.06
2309,2024-04-01,0.0,0.03
2309,2024-06-01,0.0,0.02
2310,2023-11-01,0.38,0.01
2310,2023-12-01,0.16,0.0
2310,2024-01-01,0.13,0.0
2310,2024-02-01,0.2,0.0
2310,2024-03-01,0.28,0.0
2310,2024-04-01,0.34,0.0
2310,2024-05-01,0.61,0.0
2310,2024-06-01,0.36,0.0
2310,2024-07-01,0.42,0.0
2310,2024-08-01,0.13,0.0
2310,2024-09-01,0.57,0.0
2310,2024-10-01,0.31,0.01
2310,2024-11-01,0.35,0.0
2310,2024-12-01,0.18,0.0
2311,2023-11-01,0.75,0.0
2311,2023-12-01,0.54,0.0
2311,2024-01-01,0.47,0.0
2311,2024-02-01,0.41,0.0
2311,2024-03-01,0.54,0.0
2311,2024-04-01,0.75,0.01
2311,2024-05-01,0.58,0.0
2311,2024-06-01,0.79,0.0
2311,2024-07-01,0.93,0.01
2311,2024-08-01,0.87,0.0
2311,2024-09-01,0.96,0.0
2311,2024-10-01,0.98,0.0
2311,2024-11-01,1.1,0.0
2311,2024-12-01,0.94,0.0
2312,2023-11-01,0.0,0.24
2312,2023-12-01,0.13,0.0
2312,2024-01-01,0.0,0.04
2313,2023-11-01,0.0,0.72
2313,2023-12-01,0.02,0.33
2313,2024-01-01,0.0,0.24
2313,2024-02-01,0.02,0.28
2313,2024-03-01,0.0,0.42
2313,2024-05-01,0.03,0.51
2313,2024-06-01,0.0,0.27
2313,2024-07-01,0.05,0.63
2314,2023-11-01,0.0,0.03
2314,2023-12-01,0.0,0.03
2314,2024-01-01,0.0,0.01
2315,2023-11-01,0.03,0.0
2316,2023-11-01,0.01,0.0
2317,2023-11-01,0.06,0.04
2318,2023-11-01,0.0,0.02
2319,2023-11-01,0.0,0.17
2319,2023-12-01,0.22,0.0
2319,2024-06-01,0.33,0.0
2319,2024-09-01,0.11,0.0
2320,2023-11-01,0.15,0.06
2320,2023-12-01,0.08,0.0
2320,2024-02-01,0.19,0.0
2320,2024-03-01,0.34,0.0
2320,2024-04-01,0.25,0.0
2320,2024-05-01,0.21,0.0
2320,2024-06-01,0.18,0.0
2320,2024-07-01,0.24,0.0
2320,2024-08-01,0.32,0.0
2320,2024-09-01,0.24,0.0
2320,2024-10-01,0.25,0.0
2320,2024-11-01,0.19,0.0
2320,2024-12-01,0.33,0.0
2321,2023-11-01,0.05,0.0
2321,2023-12-01,0.09,0.0
2321,2024-01-01,0.0,0.02
2321,2024-02-01,0.14,0.0
2321,2024-03-01,0.0,0.01
2321,2024-04-01,0.05,0.0
2321,2024-05-01,0.05,0.0
2321,2024-06-01,0.09,0.0
2321,2024-07-01,0.09,0.0
2321,2024-08-01,0.05,0.0
2321,2024-09-01,0.05,0.0
2321,2024-10-01,0.0,0.02
2322,2023-11-01,0.01,0.0
2323,2023-11-01,0.0,0.14
2323,2023-12-01,0.0,0.14
2323,2024-01-01,0.0,0.1
2323,2024-02-01,0.0,0.11
2323,2024-03-01,0.0,0.11
2323,2024-04-01,0.0,0.06
2323,2024-06-01,0.0,0.13
2323,2024-07-01,0.0,0.1
2323,2024-08-01,0.07,0.13
2323,2024-09-01,0.0,0.09
2323,2024-10-01,0.0,0.14
2323,2024-11-01,0.0,0.14
2324,2023-11-01,0.0,0.11
2324,2023-12-01,0.08,0.25
2325,2023-11-01,0.04,0.0
2326,2023-11-01,0.0,1.2
2326,2023-12-01,0.0,3.6
2326,2024-01-01,0.0,3.3
2326,2024-02-01,0.0,1.3
2327,2023-11-01,0.0,0.39
2327,2023-12-01,0.0,0.19
2327,2024-01-01,0.0,0.11
2327,2024-02-01,0.0,0.47
2328,2023-11-01,0.02,0.0
2329,2023-11-01,0.0,0.02
2329,2023-12-01,0.0,0.02
2329,2024-01-01,0.01,0.0
2330,2023-11-01,0.01,0.0
2330,2023-12-01,0.01,0.0
2331,2023-11-01,0.0,0.18
2331,2023-12-01,0.0,0.37
2331,2024-01-01,0.0,0.35
2331,2024-02-01,0.24,0.0
2332,2023-11-01,0.0,0.78
2332,2023-12-01,0.0,0.63
2332,2024-01-01,0.17,0.03
2332,2024-03-01,0.03,0.05
2332,2024-04-01,0.0,0.63
2332,2024-08-01,0.03,0.0
2332,2024-11-01,0.01,0.0
2332,2024-12-01,0.1,0.0
2333,2023-11-01,0.0,0.42
2333,2023-12-01,0.13,0.0
2333,2024-01-01,0.15,0.0
2333,2024-02-01,0.14,0.01
2334,2023-11-01,0.0,0.55
2334,2023-12-01,0.0,0.38
2334,2024-01-01,0.0,0.01
2334,2024-02-01,0.0,0.06
2335,2023-11-01,0.0,0.05
2335,2023-12-01,0.0,0.01
2336,2023-11-01,0.26,0.0
2337,2023-11-01,0.0,0.02
2337,2023-12-01,0.05,0.0
2337,2024-01-01,0.0,0.01
2338,2023-11-01,0.04,0.0
2339,2023-11-01,0.07,0.0
2339,2023-12-01,0.09,0.0
2339,2024-01-01,0.3,0.0
2340,2023-11-01,0.0,0.02
2340,2023-12-01,0.0,0.01
2340,2024-01-01,0.0,0.49
2341,2023-11-01,0.0,0.03
2342,2023-12-01,1.0,0.07
2342,2024-01-01,0.42,0.1
2342,2024-02-01,0.04,0.06
2342,2024-03-01,0.06,0.73
2342,2024-04-01,1.0,0.27
2342,2024-05-01,0.79,0.33
2342,2024-06-01,0.08,0.48
2342,2024-07-01,0.0,0.02
2342,2024-08-01,0.01,0.01
2343,2023-12-01,0.03,0.0
2343,2024-01-01,0.14,0.11
2343,2024-02-01,0.0,0.03
2343,2024-03-01,0.16,0.32
2343,2024-04-01,0.03,0.06
2343,2024-05-01,0.0,0.08
2343,2024-06-01,0.13,0.15
2343,2024-07-01,0.09,0.18
2343,2024-08-01,0.1,0.1
2343,2024-09-01,0.0,0.11
2343,2024-10-01,0.17,0.42
2343,2024-11-01,0.12,0.09
2343,2024-12-01,0.06,0.06
2344,2024-01-01,0.03,0.0
2344,2024-02-01,0.04,0.0
2344,2024-03-01,0.0,0.01
2344,2024-04-01,0.08,0.0
2344,2024-05-01,0.02,0.0
2344,2024-06-01,0.0,0.05
2344,2024-07-01,0.04,0.0
2344,2024-08-01,0.03,0.0
2344,2024-09-01,0.02,0.0
2344,2024-10-01,0.0,0.01
2345,2023-11-01,0.0,0.03
2345,2023-12-01,0.0,0.04
2345,2024-01-01,0.05,0.0
2345,2024-02-01,0.01,0.0
2345,2024-03-01,0.29,0.0
2345,2024-04-01,0.0,0.01
2345,2024-05-01,0.57,0.0
2345,2024-06-01,0.09,0.0
2345,2024-07-01,0.01,0.0
2345,2024-09-01,0.14,0.0
2345,2024-10-01,0.32,0.0
2345,2024-11-01,0.01,0.0
2346,2023-11-01,0.0,0.01
2346,2023-12-01,0.05,0.0
2346,2024-01-01,0.05,0.0
2346,2024-02-01,0.03,0.0
2346,2024-03-01,0.0,0.35
2346,2024-04-01,0.01,0.0
2346,2024-05-01,0.21,0.0
2346,2024-06-01,0.2,0.0
2346,2024-08-01,3.0,0.53
2346,2024-09-01,3.0,0.69
2346,2024-10-01,2.8,0.46
2347,2023-11-01,0.03,0.0
2347,2023-12-01,0.01,0.0
2347,2024-01-01,0.0,0.01
2347,2024-02-01,0.08,0.0
2347,2024-03-01,0.06,0.0
2347,2024-04-01,0.13,0.0
2348,2023-11-01,0.02,0.0
2349,2023-11-01,0.0,0.04
2350,2023-11-01,0.0,0.01
2351,2023-11-01,0.0,0.06
2352,2023-11-01,0.0,0.07
2352,2024-01-01,0.0,0.08
2352,2024-02-01,0.0,0.03
2352,2024-03-01,0.0,0.03
2352,2024-04-01,0.0,0.01
2352,2024-05-01,0.0,0.02
2352,2024-06-01,0.0,0.01
2352,2024-07-01,0.0,0.01
2353,2023-11-01,1.5,0.05
2353,2023-12-01,2.7,0.03
2353,2024-02-01,1.6,0.04
2353,2024-03-01,1.3,0.03
2353,2024-04-01,1.4,0.07
2353,2024-05-01,1.1,0.01
2353,2024-06-01,0.83,0.03
2353,2024-07-01,0.99,0.06
2353,2024-08-01,1.4,0.06
2353,2024-09-01,1.2,0.03
2353,2024-10-01,0.93,0.01
2353,2024-11-01,0.55,0.03
2354,2023-11-01,0.0,0.01
2355,2024-01-01,0.0,0.03
2355,2024-02-01,0.0,0.07
2355,2024-03-01,0.0,0.2
2355,2024-04-01,0.0,0.11
2355,2024-05-01,0.0,0.13
2355,2024-06-01,0.0,0.06
2355,2024-07-01,0.0,0.07
2355,2024-08-01,0.0,0.03
2355,2024-09-01,0.0,0.02
2355,2024-10-01,0.0,0.03
2355,2024-11-01,0.0,0.05
2355,2024-12-01,0.0,0.02
2356,2023-11-01,0.0,0.01
2357,2023-11-01,0.0,0.14
2357,2023-12-01,0.0,0.01
2357,2024-01-01,0.0,0.09
2357,2024-02-01,0.01,0.0
2357,2024-03-01,0.0,0.03
2357,2024-04-01,0.0,0.02
2357,2024-05-01,0.0,0.01
2357,2024-06-01,0.13,0.0
2357,2024-07-01,0.02,0.28
2357,2024-08-01,0.07,0.14
2357,2024-09-01,0.0,0.02
2357,2024-10-01,0.0,0.02
2357,2024-11-01,0.0,0.05
2358,2023-11-01,0.0,0.09
2358,2023-12-01,0.0,0.09
2358,2024-01-01,0.0,0.04
2358,2024-02-01,0.01,0.0
2358,2024-03-01,0.0,0.09
2358,2024-04-01,0.0,0.01
2358,2024-05-01,0.0,0.04
2358,2024-06-01,0.0,0.07
2358,2024-07-01,0.0,0.05
2358,2024-08-01,0.0,0.01
2358,2024-09-01,0.0,0.03
2358,2024-10-01,0.0,0.09
2359,2023-11-01,0.0,0.43
2359,2023-12-01,0.01,0.05
2359,2024-01-01,0.0,0.13
2359,2024-02-01,0.0,0.55
2359,2024-03-01,0.01,0.24
2359,2024-04-01,0.0,0.36
2359,2024-07-01,0.0,0.31
2359,2024-08-01,0.0,0.01
2359,2024-09-01,0.01,0.0
2359,2024-10-01,0.0,0.25
2359,2024-11-01,0.0,0.19
2359,2024-12-01,0.01,0.18
2360,2023-11-01,0.0,0.03
2360,2023-12-01,0.0,0.03
2360,2024-01-01,0.0,0.03
2360,2024-02-01,0.0,0.06
2360,2024-03-01,0.0,0.03
2360,2024-04-01,0.0,0.03
2360,2024-05-01,0.0,0.03
2360,2024-06-01,0.0,0.03
2360,2024-07-01,0.0,0.06
2360,2024-08-01,0.0,0.06
2361,2023-11-01,0.01,0.0
2361,2024-02-01,0.01,0.0
2361,2024-04-01,0.01,0.0
2361,2024-07-01,0.01,0.0
2362,2023-11-01,0.0,0.01
2363,2023-11-01,0.0,0.01
2363,2023-12-01,0.0,0.02
2363,2024-01-01,0.0,0.02
2363,2024-05-01,0.0,0.01
2363,2024-12-01,0.0,0.02
2364,2023-11-01,0.0,0.14
2365,2023-11-01,0.0,0.03
2365,2023-12-01,0.0,0.01
2365,2024-01-01,0.0,0.03
2365,2024-02-01,0.0,0.02
2365,2024-03-01,0.0,0.09
2365,2024-04-01,0.0,0.07
2365,2024-05-01,0.0,0.06
2365,2024-06-01,0.0,0.46
2365,2024-07-01,0.0,0.7
2365,2024-08-01,0.0,0.66
2365,2024-09-01,0.0,0.53
2365,2024-10-01,0.0,0.45
2365,2024-11-01,0.0,0.5
2366,2023-11-01,0.0,0.03
2366,2023-12-01,0.0,0.01
2366,2024-01-01,0.0,0.01
2366,2024-02-01,0.01,0.02
2366,2024-05-01,0.02,0.01
2366,2024-06-01,0.0,0.02
2366,2024-07-01,0.0,0.01
2366,2024-08-01,0.01,0.02
2366,2024-09-01,0.0,0.02
2366,2024-10-01,0.0,0.03
2367,2023-11-01,0.06,0.09
2367,2023-12-01,0.0,0.26
2367,2024-01-01,0.0,0.08
2367,2024-02-01,0.0,0.17
2368,2023-11-01,0.0,0.19
2368,2023-12-01,0.0,0.53
2368,2024-01-01,0.0,0.06
2368,2024-02-01,0.0,0.07
2368,2024-03-01,0.0,0.02
2368,2024-04-01,0.0,0.02
2368,2024-05-01,0.0,0.06
2368,2024-06-01,0.0,0.04
2369,2023-11-01,0.0,0.05
2370,2023-11-01,0.0,0.05
2370,2023-12-01,0.0,0.11
2370,2024-01-01,0.0,0.13
2370,2024-03-01,0.0,0.07
2370,2024-06-01,0.0,0.2
2371,2023-11-01,0.0,0.5
2372,2023-11-01,5.1,0.0
2373,2023-11-01,0.0,0.2
2373,2023-12-01,0.0,0.37
2373,2024-01-01,0.0,0.08
2373,2024-02-01,0.0,0.33
2373,2024-03-01,0.0,0.23
2373,2024-05-01,0.0,0.17
2373,2024-06-01,0.0,0.14
2374,2023-11-01,0.0,0.27
2374,2024-02-01,0.0,0.14
2374,2024-03-01,0.0,0.04
2374,2024-04-01,0.0,0.54
2374,2024-05-01,0.0,0.11
2374,2024-07-01,0.0,0.13
2374,2024-08-01,0.0,0.08
2374,2024-09-01,0.0,0.02
2374,2024-10-01,0.0,0.01
2374,2024-12-01,0.0,0.01
2375,2023-11-01,0.0,0.6
2376,2023-12-01,0.25,0.0
2376,2024-01-01,0.23,0.0
2376,2024-02-01,0.02,0.0
2376,2024-03-01,0.03,0.0
2377,2023-12-01,0.0,0.02
2378,2023-12-01,0.02,0.0
2379,2023-12-01,0.01,0.0
2380,2023-12-01,0.01,0.26
2381,2023-12-01,0.29,0.0
2381,2024-01-01,0.15,0.0
2382,2023-12-01,0.05,0.0
2382,2024-01-01,0.14,0.0
2382,2024-02-01,0.13,0.0
2382,2024-03-01,0.05,0.0
2382,2024-04-01,0.0,0.01
2382,2024-05-01,0.02,0.0
2383,2023-12-01,3.3,0.0
2384,2023-12-01,0.01,0.0
2384,2024-02-01,0.0,0.08
2384,2024-03-01,0.0,0.01
2384,2024-04-01,0.01,0.0
2385,2023-12-01,0.0,0.14
2385,2024-01-01,0.0,0.25
2385,2024-02-01,0.98,0.0
2386,2023-12-01,0.04,0.0
2386,2024-01-01,0.0,0.23
2387,2023-12-01,0.03,0.0
2387,2024-01-01,0.01,0.0
2387,2024-02-01,0.03,0.0
2387,2024-03-01,0.04,0.0
2388,2023-12-01,0.06,0.0
2389,2023-12-01,0.01,0.0
2390,2023-12-01,0.18,0.03
2390,2024-01-01,0.0,0.01
2390,2024-02-01,0.37,0.03
2390,2024-03-01,0.01,0.0
2391,2023-12-01,0.17,0.18
2391,2024-01-01,0.2,0.06
2391,2024-02-01,0.15,0.13
2392,2023-12-01,0.0,0.03
2392,2024-01-01,0.0,0.03
2392,2024-02-01,0.0,0.03
2393,2023-12-01,0.73,0.0
2394,2023-12-01,0.06,0.0
2394,2024-03-01,0.07,0.0
2394,2024-05-01,0.08,0.0
2395,2023-12-01,0.0,0.01
2395,2024-02-01,0.0,0.01
2395,2024-03-01,0.0,0.01
2395,2024-04-01,0.0,0.01
2396,2023-12-01,0.25,0.16
2396,2024-01-01,0.0,0.2
2396,2024-02-01,0.0,0.11
2396,2024-03-01,0.17,0.14
2396,2024-04-01,0.0,0.11
2396,2024-05-01,0.0,0.13
2397,2023-12-01,0.03,0.0
2398,2023-12-01,0.03,0.13
2398,2024-01-01,0.05,0.21
2398,2024-02-01,0.03,0.0
2398,2024-03-01,0.07,0.0
2399,2023-12-01,0.0,0.04
2400,2023-12-01,0.0,0.21
2401,2023-12-01,0.64,0.0
2401,2024-01-01,0.02,0.0
2401,2024-02-01,0.03,0.0
2402,2023-12-01,0.1,0.0
2402,2024-01-01,0.01,0.0
2402,2024-02-01,0.04,0.0
2402,2024-03-01,0.39,0.0
2402,2024-04-01,0.53,0.0
2403,2023-12-01,0.27,0.0
2403,2024-01-01,0.32,0.0
2404,2023-12-01,0.0,0.01
2404,2024-01-01,0.01,0.0
2405,2023-12-01,0.0,0.02
2405,2024-01-01,0.0,0.02
2406,2023-12-01,0.0,0.2
2406,2024-01-01,0.0,0.34
2406,2024-02-01,0.0,0.12
2406,2024-03-01,0.0,0.1
2406,2024-04-01,0.0,0.02
2406,2024-05-01,0.0,0.01
2406,2024-06-01,0.0,0.01
2406,2024-07-01,0.0,0.18
2406,2024-08-01,0.0,0.29
2406,2024-09-01,0.0,0.24
2406,2024-11-01,0.0,0.29
2407,2023-12-01,0.02,0.0
2408,2023-12-01,0.0,0.05
2408,2024-01-01,0.0,0.02
2408,2024-02-01,0.0,0.12
2408,2024-03-01,0.0,0.11
2408,2024-04-01,0.0,0.25
2409,2023-12-01,0.06,0.0
2410,2023-12-01,0.0,0.1
2411,2023-12-01,0.0,0.01
2412,2024-01-01,0.0,0.18
2412,2024-02-01,0.06,0.0
2412,2024-03-01,0.09,0.0
2412,2024-04-01,0.14,0.0
2412,2024-05-01,0.03,0.0
2412,2024-06-01,0.06,0.0
2412,2024-07-01,0.13,0.04
2412,2024-08-01,0.0,0.2
2412,2024-09-01,0.05,0.04
2412,2024-10-01,0.06,0.0
2413,2023-12-01,0.0,0.16
2413,2024-01-01,0.0,0.01
2413,2024-02-01,0.0,0.01
2413,2024-04-01,0.0,0.05
2413,2024-05-01,0.0,0.25
2413,2024-06-01,0.0,0.19
2413,2024-08-01,0.0,0.04
2413,2024-09-01,0.0,0.18
2413,2024-10-01,0.0,0.05
2413,2024-11-01,0.0,0.05
2413,2024-12-01,0.0,0.02
2414,2023-12-01,0.0,0.05
2414,2024-01-01,0.0,0.01
2414,2024-02-01,0.0,0.02
2414,2024-04-01,0.0,0.05
2414,2024-05-01,0.0,0.01
2414,2024-06-01,0.0,0.1
2414,2024-07-01,0.0,0.05
2414,2024-08-01,0.0,0.01
2415,2023-12-01,0.46,0.0
2415,2024-01-01,0.0,0.59
2415,2024-02-01,0.02,0.33
2415,2024-03-01,0.39,0.0
2416,2023-12-01,0.0,0.57
2416,2024-01-01,0.0,0.7
2416,2024-02-01,0.0,0.02
2416,2024-03-01,0.0,0.01
2416,2024-04-01,0.0,0.22
2416,2024-05-01,0.0,0.19
2416,2024-06-01,0.0,0.09
2416,2024-07-01,0.0,0.18
2416,2024-08-01,0.0,0.06
2416,2024-09-01,0.0,0.07
2416,2024-10-01,0.0,0.04
2416,2024-11-01,0.0,0.05
2416,2024-12-01,0.0,0.09
2417,2023-12-01,0.0,0.02
2417,2024-01-01,0.0,0.03
2417,2024-02-01,0.0,0.06
2417,2024-03-01,0.0,0.04
2417,2024-04-01,0.0,0.04
2417,2024-05-01,0.0,0.08
2417,2024-06-01,0.0,1.4
2417,2024-07-01,0.0,2.2
2417,2024-09-01,0.0,1.5
2417,2024-10-01,0.0,1.3
2417,2024-11-01,0.0,2.3
2417,2024-12-01,0.0,0.5
2418,2023-12-01,0.0,0.02
2418,2024-02-01,0.0,0.01
2419,2023-12-01,0.05,0.0
2419,2024-01-01,0.04,0.0
2420,2023-12-01,0.09,0.0
2420,2024-01-01,0.0,0.01
2420,2024-02-01,0.0,0.11
2420,2024-03-01,0.0,0.03
2421,2023-12-01,0.0,0.01
2421,2024-01-01,0.07,0.0
2421,2024-02-01,0.03,0.0
2421,2024-03-01,0.02,0.0
2421,2024-04-01,0.0,0.03
2421,2024-05-01,0.21,0.0
2422,2023-12-01,0.05,0.0
2422,2024-01-01,0.06,0.0
2422,2024-02-01,0.05,0.0
2422,2024-03-01,0.03,0.0
2422,2024-04-01,0.02,0.0
2422,2024-05-01,0.08,0.0
2422,2024-06-01,0.04,0.0
2422,2024-07-01,0.02,0.0
2422,2024-09-01,0.01,0.0
2423,2023-12-01,0.0,0.03
2424,2023-12-01,0.09,0.0
2424,2024-01-01,0.07,0.0
2424,2024-02-01,0.12,0.0
2424,2024-03-01,0.04,0.0
2424,2024-04-01,0.15,0.0
2425,2023-12-01,0.0,0.31
2425,2024-01-01,0.0,2.8
2426,2023-12-01,0.01,0.01
2427,2023-12-01,0.0,0.31
2427,2024-01-01,0.0,0.58
2427,2024-02-01,0.0,1.2
2427,2024-03-01,0.03,1.5
2427,2024-04-01,0.0,0.87
2427,2024-05-01,0.0,2.1
2427,2024-06-01,0.25,1.1
2427,2024-08-01,0.04,0.0
2428,2023-12-01,0.0,0.06
2429,2023-12-01,0.0,0.07
2429,2024-01-01,0.0,0.01
2429,2024-02-01,0.0,0.28
2430,2023-12-01,0.0,0.01
2430,2024-01-01,0.0,0.02
2430,2024-02-01,0.0,0.01
2431,2023-12-01,0.02,0.0
2431,2024-01-01,0.02,0.0
2431,2024-02-01,0.05,0.02
2431,2024-04-01,0.01,0.0
2431,2024-05-01,0.02,0.0
2431,2024-06-01,0.01,0.0
2431,2024-08-01,0.02,0.0
2431,2024-09-01,0.03,0.0
2431,2024-10-01,0.01,0.0
2431,2024-11-01,0.02,0.0
2432,2023-12-01,0.0,0.1
2432,2024-04-01,0.0,0.02
2433,2023-12-01,0.0,0.02
2434,2024-01-01,0.23,0.0
2434,2024-02-01,0.73,0.0
2434,2024-03-01,0.05,0.0
2434,2024-04-01,0.52,0.0
2434,2024-05-01,0.44,0.0
2434,2024-06-01,0.2,0.0
2434,2024-07-01,0.14,0.0
2434,2024-08-01,0.54,0.02
2434,2024-09-01,0.41,0.02
2434,2024-10-01,0.27,0.0
2434,2024-11-01,0.54,0.02
2434,2024-12-01,0.46,0.0
2435,2023-12-01,0.0,0.36
2435,2024-01-01,0.0,0.08
2436,2024-01-01,0.0,0.69
2436,2024-02-01,0.0,0.55
2436,2024-03-01,0.0,0.45
2436,2024-04-01,0.02,0.19
2436,2024-05-01,0.0,0.26
2436,2024-06-01,0.0,0.18
2436,2024-07-01,0.0,0.48
2436,2024-08-01,0.0,0.08
2436,2024-09-01,0.0,0.1
2436,2024-10-01,0.0,0.45
2436,2024-11-01,0.0,0.19
2437,2023-12-01,0.41,0.0
2437,2024-03-01,0.1,0.0
2437,2024-07-01,0.0,0.01
2437,2024-08-01,0.0,0.02
2438,2023-12-01,0.0,0.01
2438,2024-01-01,0.0,0.1
2439,2023-12-01,0.0,0.01
2439,2024-10-01,0.0,0.01
2440,2023-12-01,0.01,0.0
2440,2024-01-01,0.01,0.0
2441,2023-12-01,0.74,0.0
2441,2024-01-01,0.8,0.0
2442,2023-12-01,0.0,0.59
2442,2024-01-01,0.0,0.7
2442,2024-02-01,0.0,0.69
2442,2024-03-01,0.0,1.1
2442,2024-04-01,0.0,0.36
2443,2023-12-01,0.0,0.17
2443,2024-01-01,0.0,0.02
2443,2024-02-01,0.0,0.11
2443,2024-03-01,0.0,0.15
2443,2024-04-01,0.0,0.07
2444,2023-12-01,0.0,0.02
2444,2024-01-01,0.0,0.06
2445,2023-12-01,0.0,0.08
2445,2024-01-01,0.0,0.1
2446,2023-12-01,0.38,0.0
2446,2024-01-01,0.37,0.0
2447,2024-01-01,0.0,0.02
2448,2024-01-01,0.0,0.99
2448,2024-02-01,0.46,1.0
2448,2024-03-01,0.47,0.52
2448,2024-04-01,1.7,1.0
2448,2024-05-01,1.1,3.3
2448,2024-06-01,0.56,1.7
2448,2024-07-01,1.1,1.2
2448,2024-08-01,0.57,1.7
2448,2024-09-01,1.0,1.7
2448,2024-10-01,3.4,3.5
2448,2024-12-01,1.1,2.9
2449,2024-01-01,0.0,0.14
2449,2024-02-01,0.0,0.02
2449,2024-03-01,0.0,0.36
2449,2024-04-01,0.0,0.13
2449,2024-05-01,0.0,0.02
2449,2024-06-01,0.0,0.02
2449,2024-07-01,0.0,0.02
2450,2024-01-01,0.0,0.48
2451,2024-01-01,0.0,0.03
2451,2024-02-01,0.0,0.01
2451,2024-03-01,0.0,0.04
2451,2024-04-01,0.0,0.02
2451,2024-05-01,0.0,0.01
2452,2024-01-01,0.26,0.16
2452,2024-02-01,0.0,0.01
2452,2024-03-01,0.0,0.01
2453,2024-01-01,0.02,0.0
2453,2024-02-01,0.03,0.0
2454,2024-01-01,0.0,0.01
2454,2024-02-01,0.0,0.09
2454,2024-03-01,0.0,0.08
2454,2024-04-01,0.0,0.05
2454,2024-05-01,0.0,0.01
2454,2024-06-01,0.0,0.1
2454,2024-07-01,0.0,0.02
2454,2024-08-01,0.0,0.1
2454,2024-09-01,0.0,0.02
2454,2024-10-01,0.07,0.01
2454,2024-11-01,0.01,0.02
2455,2024-01-01,0.01,0.0
2456,2024-01-01,0.0,0.01
2457,2024-01-01,0.03,0.11
2457,2024-02-01,0.03,0.24
2457,2024-03-01,0.02,0.07
2457,2024-05-01,0.08,0.04
2457,2024-06-01,0.0,0.06
2457,2024-07-01,0.01,0.16
2457,2024-08-01,0.07,0.26
2457,2024-09-01,0.08,0.08
2458,2024-01-01,0.0,0.01
2458,2024-02-01,0.25,0.0
2458,2024-03-01,0.51,0.02
2458,2024-04-01,0.04,0.38
2458,2024-05-01,0.0,0.02
2459,2024-01-01,0.0,0.01
2459,2024-02-01,0.0,0.02
2460,2024-01-01,0.0,0.09
2460,2024-02-01,0.0,0.02
2460,2024-03-01,0.15,0.0
2460,2024-04-01,0.21,0.0
2460,2024-05-01,0.0,0.07
2461,2024-01-01,0.02,0.0
2462,2024-01-01,0.01,0.0
2463,2024-01-01,0.01,0.0
2463,2024-02-01,0.0,0.04
2463,2024-03-01,0.0,0.02
2463,2024-04-01,0.03,0.04
2463,2024-05-01,0.0,0.04
2463,2024-07-01,0.0,0.03
2463,2024-08-01,0.0,0.04
2463,2024-09-01,0.0,0.03
2463,2024-10-01,0.0,0.08
2463,2024-11-01,0.0,0.01
2463,2024-12-01,0.0,0.02
2464,2024-01-01,0.03,0.0
2465,2024-01-01,1.0,0.47
2465,2024-02-01,0.85,0.0
2465,2024-03-01,1.5,0.04
2465,2024-04-01,1.4,0.61
2465,2024-05-01,1.3,0.03
2465,2024-06-01,0.22,0.0
2465,2024-07-01,0.39,0.0
2465,2024-08-01,0.03,0.0
2465,2024-09-01,0.04,0.0
2466,2024-01-01,0.02,0.0
2467,2024-01-01,0.02,0.0
2468,2024-01-01,0.46,0.0
2469,2024-01-01,0.0,0.02
2470,2024-01-01,0.09,0.0
2471,2024-01-01,0.12,0.06
2472,2024-01-01,0.17,0.0
2472,2024-02-01,0.33,0.0
2472,2024-03-01,0.36,0.0
2472,2024-04-01,0.3,0.0
2472,2024-05-01,0.21,0.0
2472,2024-06-01,0.2,0.0
2472,2024-07-01,0.42,0.0
2472,2024-09-01,0.38,0.0
2472,2024-10-01,0.28,0.0
2472,2024-11-01,0.29,0.0
2473,2024-01-01,0.0,0.02
2474,2024-01-01,0.0,0.04
2474,2024-02-01,0.0,0.01
2475,2024-01-01,0.0,0.09
2475,2024-02-01,0.0,0.09
2475,2024-03-01,0.04,0.0
2475,2024-05-01,0.0,0.1
2475,2024-06-01,0.0,0.06
2476,2024-01-01,0.0,0.02
2477,2024-01-01,0.06,0.0
2477,2024-02-01,0.01,0.0
2477,2024-03-01,0.01,0.0
2477,2024-04-01,0.04,0.0
2477,2024-05-01,0.02,0.0
2477,2024-07-01,0.18,0.0
2477,2024-08-01,0.04,0.0
2477,2024-09-01,0.18,0.0
2477,2024-10-01,0.02,0.0
2477,2024-11-01,2.3,0.0
2478,2024-01-01,0.01,0.0
2479,2024-01-01,0.03,0.0
2479,2024-02-01,0.0,0.11
2479,2024-03-01,0.03,0.0
2479,2024-04-01,0.03,0.0
2479,2024-05-01,0.03,0.0
2479,2024-06-01,0.04,0.0
2480,2024-01-01,0.0,0.01
2480,2024-02-01,0.01,0.0
2480,2024-03-01,0.0,0.01
2480,2024-04-01,0.0,0.01
2481,2024-01-01,0.0,0.05
2482,2024-01-01,1.6,0.0
2483,2024-01-01,0.0,0.02
2483,2024-02-01,0.05,0.0
2483,2024-03-01,0.0,0.1
2483,2024-04-01,0.0,0.12
2483,2024-05-01,0.0,0.03
2483,2024-06-01,0.0,0.07
2483,2024-07-01,0.0,0.01
2483,2024-08-01,0.0,0.02
2483,2024-09-01,0.0,0.02
2483,2024-10-01,0.0,0.03
2484,2024-01-01,0.26,0.0
2485,2024-01-01,0.0,0.02
2486,2024-01-01,0.02,0.0
2487,2024-01-01,0.02,0.0
2488,2024-01-01,0.09,0.0
2488,2024-02-01,0.02,0.0
2488,2024-03-01,0.19,0.0
2488,2024-04-01,0.09,0.0
2489,2024-01-01,29.0,1.8
2489,2024-02-01,23.0,0.16
2489,2024-03-01,13.0,0.12
2490,2024-01-01,0.17,0.0
2490,2024-02-01,0.64,0.0
2490,2024-03-01,0.32,0.0
2490,2024-06-01,0.09,0.0
2490,2024-07-01,0.11,0.0
2490,2024-08-01,0.09,0.0
2490,2024-10-01,0.1,0.0
2490,2024-11-01,0.06,0.0
2490,2024-12-01,0.16,0.15
2491,2024-01-01,0.0,0.05
2491,2024-02-01,0.0,0.05
2492,2024-01-01,0.0,0.01
2493,2024-01-01,0.0,0.12
2493,2024-02-01,0.0,0.35
2493,2024-03-01,0.0,0.48
2493,2024-04-01,0.0,0.39
2494,2024-01-01,0.0,0.02
2494,2024-02-01,0.0,0.04
2495,2024-01-01,0.43,0.0
2495,2024-02-01,0.36,0.0
2496,2024-01-01,0.41,0.0
2496,2024-02-01,0.13,0.0
2496,2024-03-01,0.44,0.0
2496,2024-04-01,0.08,0.0
2496,2024-05-01,0.62,0.0
2497,2024-01-01,0.0,0.02
2498,2024-01-01,0.0,0.04
2498,2024-02-01,0.0,0.01
2498,2024-04-01,0.0,0.03
2498,2024-05-01,0.0,0.05
2498,2024-06-01,0.0,0.02
2498,2024-07-01,0.0,0.02
2499,2024-01-01,0.01,0.0
2500,2024-01-01,0.81,0.0
2501,2024-01-01,0.04,0.0
2502,2024-01-01,0.06,0.0
2503,2024-01-01,0.02,0.04
2504,2024-02-01,0.21,0.0
2504,2024-03-01,0.2,0.0
2504,2024-04-01,0.12,0.0
2504,2024-05-01,0.05,0.0
2504,2024-06-01,0.1,0.0
2504,2024-07-01,0.13,0.0
2504,2024-08-01,0.14,0.0
2504,2024-09-01,0.11,0.0
2504,2024-10-01,0.1,0.0
2504,2024-11-01,0.08,0.0
2504,2024-12-01,0.16,0.0
2505,2024-01-01,0.4,0.0
2505,2024-02-01,0.16,0.0
2505,2024-03-01,0.09,0.0
2505,2024-04-01,0.09,0.0
2505,2024-05-01,0.09,0.0
2505,2024-06-01,0.05,0.0
2505,2024-07-01,0.05,0.0
2505,2024-08-01,0.08,0.0
2505,2024-09-01,0.07,0.0
2505,2024-10-01,0.05,0.0
2505,2024-11-01,0.06,0.0
2505,2024-12-01,0.04,0.0
2506,2024-01-01,0.01,0.0
2507,2024-01-01,0.11,0.0
2508,2024-01-01,0.0,0.02
2508,2024-09-01,0.0,0.02
2508,2024-11-01,0.0,0.01
2508,2024-12-01,0.0,0.01
2509,2024-01-01,0.01,0.0
2509,2024-02-01,0.17,0.0
2509,2024-03-01,0.42,0.0
2510,2024-01-01,0.0,0.04
2510,2024-02-01,1.4,0.54
2510,2024-03-01,1.8,0.54
2510,2024-04-01,3.5,0.48
2510,2024-05-01,4.4,0.51
2510,2024-06-01,0.0,0.14
2510,2024-07-01,0.0,0.17
2510,2024-08-01,0.0,0.25
2510,2024-09-01,0.0,0.12
2510,2024-10-01,0.0,0.21
2511,2024-01-01,0.01,0.0
2511,2024-02-01,0.0,0.24
2511,2024-04-01,0.31,0.0
2511,2024-05-01,0.37,0.0
2511,2024-06-01,0.63,0.0
2511,2024-07-01,0.65,0.0
2511,2024-08-01,0.61,0.0
2511,2024-09-01,0.8,0.0
2511,2024-10-01,0.63,0.0
2511,2024-11-01,1.0,0.0
2511,2024-12-01,0.62,0.0
2512,2024-01-01,0.0,0.06
2513,2024-01-01,0.0,0.13
2514,2024-01-01,0.01,0.0
2514,2024-03-01,0.08,0.0
2514,2024-04-01,0.05,0.11
2514,2024-05-01,0.0,0.32
2515,2024-01-01,0.0,0.01
2515,2024-04-01,0.0,0.03
2515,2024-05-01,0.0,0.01
2516,2024-01-01,0.01,0.0
2517,2024-01-01,0.0,0.08
2518,2024-01-01,0.0,0.02
2518,2024-02-01,0.0,0.55
2518,2024-03-01,0.0,0.01
2518,2024-04-01,0.0,0.03
2518,2024-05-01,0.0,0.46
2518,2024-06-01,0.0,0.01
2518,2024-07-01,0.0,0.01
2518,2024-08-01,0.0,0.01
2518,2024-09-01,0.0,0.01
2519,2024-01-01,0.0,0.01
2520,2024-01-01,0.0,0.08
2520,2024-02-01,0.0,0.07
2521,2024-01-01,0.0,0.05
2522,2024-01-01,0.0,0.15
2522,2024-02-01,0.0,0.15
2522,2024-03-01,0.0,0.3
2522,2024-05-01,0.0,0.09
2522,2024-06-01,0.0,0.13
2522,2024-07-01,0.0,0.26
2522,2024-08-01,0.0,0.12
2523,2024-01-01,3.8,0.0
2523,2024-02-01,0.0,7.3
2523,2024-03-01,0.0,0.78
2523,2024-04-01,11.0,0.0
2523,2024-05-01,5.9,6.7
2523,2024-06-01,0.0,0.16
2523,2024-08-01,0.0,0.32
2523,2024-09-01,0.0,0.21
2523,2024-10-01,0.0,0.22
2523,2024-11-01,0.0,0.28
2523,2024-12-01,0.0,0.33
2524,2024-01-01,2.7,4.8
2524,2024-02-01,0.27,0.0
2525,2024-01-01,0.0,0.02
2525,2024-04-01,0.0,0.92
2525,2024-06-01,0.0,0.05
2525,2024-07-01,0.0,0.01
2525,2024-08-01,0.0,0.3
2525,2024-09-01,0.0,0.37
2525,2024-10-01,0.0,0.37
2525,2024-11-01,0.0,0.32
2525,2024-12-01,0.0,0.47
2526,2024-01-01,0.0,0.21
2527,2024-02-01,0.03,0.13
2527,2024-03-01,0.04,1.7
2527,2024-04-01,0.0,1.5
2528,2024-02-01,0.0,0.56
2528,2024-03-01,0.0,0.23
2528,2024-04-01,0.0,0.23
2528,2024-05-01,0.0,0.3
2529,2024-02-01,0.01,0.0
2530,2024-02-01,7.6,0.0
2530,2024-03-01,9.0,0.0
2530,2024-04-01,0.41,0.0
2531,2024-02-01,0.34,0.02
2531,2024-03-01,1.0,0.0
2531,2024-04-01,12.0,0.0
2532,2024-02-01,0.02,0.0
2532,2024-03-01,0.48,0.0
2532,2024-04-01,0.58,0.0
2532,2024-05-01,0.6,0.0
2532,2024-06-01,0.62,0.0
2533,2024-02-01,0.04,0.0
2533,2024-03-01,0.04,0.0
2534,2024-02-01,0.18,0.03
2534,2024-03-01,0.11,0.06
2534,2024-04-01,0.1,0.11
2535,2024-02-01,0.28,0.0
2536,2024-02-01,0.0,0.03
2536,2024-03-01,0.0,0.06
2536,2024-04-01,0.0,0.34
2536,2024-05-01,0.04,0.0
2536,2024-07-01,0.01,0.0
2536,2024-08-01,0.0,0.21
2536,2024-09-01,0.0,0.19
2536,2024-10-01,0.0,0.45
2536,2024-11-01,0.18,0.32
2536,2024-12-01,0.04,0.6
2537,2024-02-01,0.0,0.02
2538,2024-02-01,0.42,0.0
2539,2024-02-01,0.18,0.0
2539,2024-03-01,0.08,0.0
2539,2024-04-01,0.08,0.0
2540,2024-02-01,0.0,0.04
2540,2024-03-01,0.0,0.01
2540,2024-04-01,0.06,0.0
2540,2024-05-01,0.08,0.0
2540,2024-06-01,0.1,0.0
2540,2024-07-01,0.46,0.0
2540,2024-08-01,0.3,0.0
2540,2024-10-01,0.22,0.0
2540,2024-11-01,0.02,0.0
2540,2024-12-01,0.27,0.0
2541,2024-02-01,0.03,0.0
2541,2024-04-01,0.02,0.0
2541,2024-05-01,0.01,0.0
2541,2024-06-01,0.04,0.0
2542,2024-02-01,0.02,0.0
2542,2024-03-01,0.02,0.0
2542,2024-04-01,0.02,0.0
2543,2024-02-01,0.24,0.01
2543,2024-03-01,0.19,0.03
2544,2024-02-01,0.1,0.08
2544,2024-03-01,0.0,0.08
2544,2024-04-01,0.08,0.08
2544,2024-05-01,0.25,0.0
2544,2024-07-01,0.16,0.0
2544,2024-08-01,0.07,0.01
2544,2024-09-01,0.1,0.03
2544,2024-10-01,0.08,0.1
2545,2024-02-01,0.0,0.02
2545,2024-06-01,0.0,0.02
2545,2024-08-01,0.0,0.01
2545,2024-09-01,0.0,0.01
2545,2024-11-01,0.0,0.03
2546,2024-02-01,0.0,0.28
2547,2024-02-01,0.0,0.02
2548,2024-02-01,0.18,0.16
2548,2024-03-01,0.2,0.07
2548,2024-04-01,0.4,0.26
2548,2024-05-01,0.37,0.34
2548,2024-07-01,0.08,0.18
2548,2024-08-01,0.21,0.29
2548,2024-09-01,0.21,0.27
2548,2024-10-01,0.09,0.07
2548,2024-11-01,0.16,0.12
2548,2024-12-01,0.13,0.02
2549,2024-02-01,15.0,0.46
2550,2024-02-01,0.0,0.09
2550,2024-03-01,0.0,0.01
2550,2024-04-01,0.0,0.01
2550,2024-06-01,0.0,0.57
2550,2024-07-01,0.0,0.09
2550,2024-08-01,0.0,0.01
2550,2024-09-01,0.0,0.01
2550,2024-10-01,0.01,0.0
2551,2024-02-01,0.0,0.08
2552,2024-02-01,0.02,0.0
2552,2024-03-01,0.02,0.0
2552,2024-04-01,0.05,0.0
2552,2024-05-01,0.0,0.05
2553,2024-02-01,0.0,1.2
2553,2024-03-01,0.0,1.5
2553,2024-04-01,0.0,0.49
2554,2024-02-01,0.0,0.01
2554,2024-03-01,0.0,0.02
2554,2024-04-01,0.0,0.06
2554,2024-05-01,0.0,0.04
2554,2024-06-01,0.01,0.0
2554,2024-07-01,0.02,0.0
2554,2024-08-01,0.0,0.04
2555,2024-02-01,0.0,0.01
2555,2024-03-01,0.0,0.01
2555,2024-04-01,0.0,0.02
2555,2024-05-01,0.05,0.0
2556,2024-02-01,0.06,0.0
2556,2024-03-01,0.13,0.0
2556,2024-04-01,0.06,0.0
2557,2024-02-01,0.37,0.0
2558,2024-02-01,0.0,0.01
2558,2024-04-01,0.0,0.02
2558,2024-05-01,0.0,0.01
2558,2024-06-01,0.0,0.02
2558,2024-07-01,0.0,0.03
2558,2024-08-01,0.0,0.02
2559,2024-02-01,0.0,2.1
2560,2024-02-01,0.0,0.36
2560,2024-04-01,0.06,0.0
2560,2024-05-01,0.03,0.0
2560,2024-06-01,0.05,0.0
2560,2024-07-01,0.03,0.0
2560,2024-08-01,0.0,0.23
2560,2024-09-01,0.03,0.0
2560,2024-10-01,0.0,0.1
2560,2024-11-01,0.0,0.32
2560,2024-12-01,0.0,0.01
2561,2024-02-01,0.0,0.04
2562,2024-02-01,0.18,0.0
2563,2024-03-01,0.0,2.1
2563,2024-04-01,0.12,2.8
2563,2024-05-01,0.06,1.9
2563,2024-06-01,0.12,1.8
2563,2024-07-01,0.26,0.01
2563,2024-08-01,0.14,0.12
2563,2024-09-01,0.22,0.1
2563,2024-10-01,0.18,0.16
2564,2024-02-01,0.0,0.57
2565,2024-02-01,0.0,0.01
2565,2024-03-01,0.0,0.01
2565,2024-04-01,0.0,0.02
2566,2024-02-01,0.0,0.01
2566,2024-03-01,0.0,0.27
2566,2024-04-01,0.0,1.0
2566,2024-05-01,0.02,0.0
2566,2024-06-01,0.06,0.0
2566,2024-07-01,0.01,0.0
2566,2024-09-01,0.1,0.0
2566,2024-10-01,0.48,0.0
2566,2024-11-01,0.3,0.0
2566,2024-12-01,0.24,0.0
2567,2024-02-01,0.0,0.01
2568,2024-02-01,0.0,0.01
2569,2024-02-01,0.08,0.0
2570,2024-02-01,0.0,0.05
2571,2024-02-01,0.01,0.0
2572,2024-02-01,0.17,0.0
2572,2024-03-01,0.07,0.0
2572,2024-04-01,0.45,0.0
2572,2024-05-01,0.0,2.5
2572,2024-06-01,0.0,0.13
2572,2024-07-01,0.0,0.67
2573,2024-02-01,0.0,0.01
2573,2024-03-01,0.03,0.03
2573,2024-04-01,0.45,0.04
2574,2024-02-01,0.03,0.03
2574,2024-03-01,0.11,0.0
2574,2024-04-01,0.0,0.07
2574,2024-05-01,0.47,0.06
2574,2024-06-01,0.32,0.0
2574,2024-07-01,0.31,0.07
2574,2024-08-01,0.28,0.06
2574,2024-09-01,0.0,0.08
2574,2024-10-01,0.0,0.15
2574,2024-11-01,0.0,0.04
2574,2024-12-01,0.0,0.09
2575,2024-02-01,0.07,0.0
2575,2024-03-01,0.07,0.0
2575,2024-04-01,0.03,0.0
2576,2024-02-01,0.0,0.03
2576,2024-03-01,0.0,0.02
2576,2024-04-01,0.0,0.04
2577,2024-02-01,0.0,0.01
2577,2024-03-01,0.0,0.01
2578,2024-02-01,0.01,0.01
2578,2024-03-01,0.01,0.0
2578,2024-04-01,0.03,0.0
2578,2024-05-01,0.03,0.01
2579,2024-02-01,0.04,0.02
2580,2024-02-01,0.0,0.14
2581,2024-02-01,0.0,0.01
2581,2024-08-01,0.0,0.01
2582,2024-02-01,0.0,0.03
2582,2024-03-01,0.0,0.08
2582,2024-04-01,0.0,0.26
2583,2024-02-01,0.0,0.05
2584,2024-02-01,0.06,0.0
2584,2024-03-01,0.14,0.0
2584,2024-04-01,0.02,0.0
2584,2024-05-01,0.14,0.0
2584,2024-06-01,0.16,0.0
2584,2024-07-01,0.23,0.0
2584,2024-08-01,0.0,0.01
2584,2024-09-01,0.0,0.02
2584,2024-10-01,0.43,0.0
2584,2024-11-01,0.11,0.0
2584,2024-12-01,0.39,0.0
2585,2024-02-01,0.0,0.01
2585,2024-03-01,0.0,0.01
2585,2024-04-01,0.0,0.02
2586,2024-02-01,0.0,0.43
2586,2024-03-01,0.0,0.67
2586,2024-04-01,0.0,0.81
2587,2024-02-01,0.66,6.5
2587,2024-03-01,0.81,7.8
2587,2024-04-01,0.1,3.4
2588,2024-02-01,0.0,0.12
2589,2024-02-01,0.0,0.08
2590,2024-02-01,0.0,0.68
2590,2024-03-01,0.0,0.25
2591,2024-02-01,0.0,0.07
2591,2024-03-01,0.0,0.38
2591,2024-04-01,0.0,0.49
2591,2024-05-01,0.0,0.13
2591,2024-06-01,0.0,0.21
2591,2024-07-01,0.0,0.12
2591,2024-08-01,0.0,0.6
2591,2024-09-01,0.0,0.17
2591,2024-10-01,0.0,0.28
2591,2024-11-01,0.0,0.25
2591,2024-12-01,0.0,0.06
2592,2024-02-01,0.17,0.0
2592,2024-05-01,0.36,0.0
2592,2024-06-01,0.46,0.0
2592,2024-07-01,0.96,0.0
2592,2024-08-01,0.21,0.0
2592,2024-09-01,0.14,0.0
2592,2024-11-01,0.58,0.0
2593,2024-02-01,0.0,0.11
2593,2024-03-01,0.38,0.0
2593,2024-04-01,0.77,0.0
2593,2024-05-01,0.37,0.0
2594,2024-02-01,0.0,3.5
2594,2024-09-01,0.0,4.1
2595,2024-02-01,11.0,0.0
2596,2024-02-01,0.0,4.4
2597,2024-02-01,6.4,0.0
2598,2024-02-01,0.0,0.18
2598,2024-03-01,0.0,0.09
2598,2024-05-01,0.0,0.08
2598,2024-06-01,0.0,0.08
2598,2024-07-01,0.0,0.23
2598,2024-09-01,0.0,0.04
2598,2024-10-01,0.0,0.23
2598,2024-11-01,0.0,0.12
2599,2024-04-01,0.0,0.05
2599,2024-05-01,0.0,0.04
2599,2024-06-01,0.0,0.02
2599,2024-07-01,0.0,0.03
2599,2024-08-01,0.0,0.03
2599,2024-09-01,0.0,0.03
2599,2024-10-01,0.0,0.01
2599,2024-11-01,0.0,0.02
2599,2024-12-01,0.0,0.01
2600,2024-03-01,0.0,0.02
2600,2024-05-01,0.0,0.26
2600,2024-06-01,0.0,0.19
2600,2024-07-01,0.0,0.08
2601,2024-03-01,0.0,0.07
2601,2024-04-01,0.0,0.02
2601,2024-05-01,0.0,0.05
2601,2024-07-01,0.0,0.03
2602,2024-03-01,0.01,1.0
2603,2024-03-01,0.0,0.02
2603,2024-04-01,0.0,0.02
2603,2024-05-01,0.03,0.0
2603,2024-06-01,0.04,0.0
2603,2024-07-01,0.14,0.0
2604,2024-03-01,0.16,0.0
2605,2024-03-01,0.0,0.06
2605,2024-04-01,0.0,0.07
2606,2024-03-01,0.0,0.08
2606,2024-04-01,0.0,0.09
2606,2024-07-01,0.0,0.22
2607,2024-03-01,0.0,0.01
2608,2024-03-01,0.01,0.0
2608,2024-04-01,0.02,0.0
2608,2024-05-01,0.03,0.0
2609,2024-03-01,0.02,0.0
2610,2024-03-01,0.0,0.05
2610,2024-04-01,0.0,0.05
2610,2024-05-01,0.0,0.02
2610,2024-06-01,0.0,0.08
2610,2024-07-01,0.0,0.05
2610,2024-09-01,0.0,0.05
2610,2024-10-01,0.0,0.05
2610,2024-11-01,0.0,0.05
2610,2024-12-01,0.0,0.08
2611,2024-03-01,0.17,0.0
2611,2024-04-01,0.22,0.0
2612,2024-03-01,0.0,0.26
2613,2024-03-01,0.13,0.0
2613,2024-04-01,0.11,0.0
2613,2024-05-01,0.1,0.0
2613,2024-06-01,0.16,0.0
2613,2024-07-01,0.13,0.0
2613,2024-09-01,0.16,0.0
2613,2024-10-01,0.17,0.0
2613,2024-11-01,0.16,0.0
2613,2024-12-01,0.22,0.0
2614,2024-03-01,0.02,0.0
2614,2024-04-01,0.07,0.0
2614,2024-05-01,0.22,0.0
2615,2024-03-01,0.0,0.17
2615,2024-04-01,0.0,0.11
2615,2024-05-01,0.0,0.25
2615,2024-06-01,0.0,0.09
2615,2024-07-01,0.0,0.23
2615,2024-08-01,0.0,0.12
2615,2024-09-01,0.0,0.1
2615,2024-11-01,0.0,0.15
2615,2024-12-01,0.0,0.14
2616,2024-03-01,0.04,0.0
2617,2024-03-01,0.0,0.15
2617,2024-04-01,0.0,0.02
2617,2024-05-01,0.0,0.05
2618,2024-03-01,0.0,1.0
2618,2024-04-01,0.0,0.92
2618,2024-05-01,0.0,0.56
2618,2024-06-01,0.0,0.79
2618,2024-07-01,0.13,1.7
2618,2024-08-01,0.42,2.4
2618,2024-09-01,0.41,0.56
2618,2024-10-01,0.31,0.35
2618,2024-11-01,0.03,0.0
2619,2024-03-01,0.0,0.03
2620,2024-03-01,0.0,0.11
2620,2024-04-01,0.07,0.0
2621,2024-03-01,0.05,0.0
2621,2024-04-01,0.02,0.0
2621,2024-05-01,0.05,0.0
2621,2024-06-01,0.89,0.0
2621,2024-07-01,1.6,0.0
2621,2024-08-01,0.95,0.26
2621,2024-09-01,1.1,0.2
2621,2024-10-01,1.6,0.0
2622,2024-03-01,0.01,0.0
2622,2024-04-01,0.01,0.0
2623,2024-03-01,0.0,0.04
2623,2024-04-01,0.0,0.01
2623,2024-05-01,0.0,0.01
2623,2024-06-01,0.0,0.03
2623,2024-07-01,0.0,0.03
2623,2024-08-01,0.0,0.04
2623,2024-09-01,0.0,0.06
2623,2024-10-01,0.0,0.05
2623,2024-11-01,0.0,0.04
2624,2024-03-01,0.04,0.0
2625,2024-03-01,0.0,0.04
2626,2024-03-01,0.05,0.0
2627,2024-03-01,0.03,0.0
2627,2024-04-01,0.03,0.05
2627,2024-05-01,0.03,0.0
2627,2024-07-01,0.02,0.0
2627,2024-08-01,0.01,0.0
2628,2024-03-01,0.0,0.01
2628,2024-04-01,0.0,0.01
2629,2024-03-01,0.04,0.0
2629,2024-04-01,0.05,0.0
2629,2024-05-01,0.04,0.0
2629,2024-06-01,0.01,0.0
2629,2024-07-01,0.02,0.0
2629,2024-08-01,0.02,0.0
2629,2024-09-01,0.03,0.0
2629,2024-10-01,0.05,0.0
2630,2024-03-01,0.2,0.0
2630,2024-04-01,0.23,0.0
2630,2024-05-01,0.08,0.0
2630,2024-06-01,0.03,0.0
2630,2024-07-01,0.28,0.0
2630,2024-08-01,0.03,0.0
2630,2024-09-01,0.12,0.0
2630,2024-10-01,0.04,0.0
2630,2024-11-01,0.15,0.0
2631,2024-03-01,0.0,0.03
2632,2024-03-01,0.0,0.02
2632,2024-04-01,0.0,0.03
2632,2024-05-01,0.0,0.03
2633,2024-03-01,1.1,0.0
2633,2024-04-01,2.6,0.0
2633,2024-06-01,1.5,0.0
2633,2024-07-01,1.8,0.0
2633,2024-08-01,1.1,0.0
2633,2024-09-01,0.78,0.0
2633,2024-10-01,2.5,0.0
2633,2024-11-01,1.4,0.0
2633,2024-12-01,1.1,0.0
2634,2024-03-01,0.0,0.04
2634,2024-04-01,0.02,0.0
2634,2024-05-01,0.03,0.0
2634,2024-06-01,0.0,0.05
2634,2024-07-01,0.03,0.0
2635,2024-03-01,0.09,0.04
2635,2024-04-01,0.05,0.0
2635,2024-05-01,0.11,0.0
2635,2024-06-01,0.0,0.01
2636,2024-03-01,0.09,0.0
2636,2024-04-01,0.05,0.0
2637,2024-03-01,0.0,0.08
2638,2024-03-01,0.18,0.0
2638,2024-04-01,0.24,0.0
2638,2024-05-01,0.18,0.0
2638,2024-06-01,0.33,0.0
2639,2024-03-01,0.03,0.0
2639,2024-04-01,0.45,0.0
2639,2024-05-01,0.29,0.0
2639,2024-06-01,0.13,0.0
2639,2024-07-01,0.22,0.0
2640,2024-03-01,0.0,1.1
2640,2024-04-01,0.0,0.42
2640,2024-06-01,0.0,0.73
2640,2024-07-01,0.0,0.51
2640,2024-08-01,0.0,0.81
2640,2024-09-01,0.0,0.16
2640,2024-10-01,0.0,0.22
2640,2024-12-01,0.0,0.04
2641,2024-03-01,0.0,0.03
2641,2024-04-01,0.0,0.03
2641,2024-05-01,0.02,0.0
2641,2024-06-01,0.37,0.33
2642,2024-03-01,0.0,0.01
2642,2024-04-01,0.04,0.0
2642,2024-05-01,0.0,0.07
2642,2024-06-01,0.0,0.11
2643,2024-03-01,1.1,0.0
2643,2024-04-01,0.11,0.0
2643,2024-05-01,0.54,0.0
2644,2024-03-01,0.4,0.0
2644,2024-04-01,0.28,0.0
2644,2024-05-01,0.37,0.0
2644,2024-07-01,0.18,3.9
2644,2024-08-01,0.21,2.5
2644,2024-09-01,0.07,4.0
2644,2024-10-01,0.0,4.0
2645,2024-03-01,0.0,0.01
2645,2024-04-01,0.04,0.0
2645,2024-05-01,0.0,0.01
2646,2024-03-01,0.39,0.0
2646,2024-04-01,0.1,0.0
2647,2024-03-01,0.07,0.01
2647,2024-04-01,0.1,0.42
2647,2024-05-01,0.01,0.08
2647,2024-06-01,0.11,0.24
2647,2024-07-01,0.0,0.09
2647,2024-08-01,0.0,0.02
2647,2024-09-01,0.0,0.05
2648,2024-03-01,0.0,0.26
2648,2024-04-01,0.0,0.28
2648,2024-05-01,0.0,0.13
2648,2024-06-01,0.0,0.29
2648,2024-07-01,0.0,0.16
2648,2024-08-01,0.0,0.17
2648,2024-09-01,0.0,0.3
2648,2024-10-01,0.0,0.11
2648,2024-11-01,0.0,0.24
2648,2024-12-01,0.0,0.07
2649,2024-03-01,0.0,0.23
2649,2024-04-01,0.58,0.04
2649,2024-05-01,0.13,0.0
2650,2024-03-01,0.05,0.0
2650,2024-04-01,0.0,0.01
2650,2024-05-01,0.02,0.04
2651,2024-03-01,0.05,0.03
2651,2024-05-01,0.1,0.1
2652,2024-03-01,0.16,0.0
2652,2024-04-01,0.34,0.11
2652,2024-05-01,0.3,0.28
2652,2024-06-01,0.27,0.11
2653,2024-03-01,0.0,2.8
2653,2024-04-01,0.0,0.67
2653,2024-05-01,0.0,0.88
2653,2024-06-01,0.0,0.99
2653,2024-07-01,0.0,1.1
2653,2024-08-01,0.0,0.73
2653,2024-09-01,0.0,0.29
2654,2024-03-01,0.0,0.23
2654,2024-04-01,0.0,0.22
2654,2024-05-01,0.03,0.0
2654,2024-06-01,0.0,0.11
2654,2024-07-01,0.0,0.09
2654,2024-08-01,0.0,0.09
2654,2024-09-01,0.0,0.09
2654,2024-10-01,0.02,0.0
2654,2024-11-01,0.04,0.0
2655,2024-03-01,0.12,0.02
2655,2024-04-01,0.09,0.05
2655,2024-05-01,0.21,0.03
2655,2024-06-01,0.14,0.08
2656,2024-03-01,0.0,0.02
2657,2024-03-01,0.0,0.03
2657,2024-04-01,0.0,0.05
2657,2024-05-01,0.0,0.21
2657,2024-06-01,0.0,0.21
2657,2024-07-01,0.0,0.41
2657,2024-08-01,0.0,0.4
2657,2024-09-01,0.0,0.2
2657,2024-10-01,0.0,0.1
2657,2024-11-01,0.0,0.23
2657,2024-12-01,0.0,0.1
2658,2024-03-01,0.0,0.06
2658,2024-04-01,0.0,0.02
2658,2024-05-01,0.0,0.06
2658,2024-06-01,0.0,0.08
2658,2024-08-01,0.0,0.02
2658,2024-09-01,0.0,0.04
2659,2024-03-01,0.0,0.05
2660,2024-03-01,0.0,0.01
2660,2024-04-01,0.0,0.03
2660,2024-05-01,0.0,0.01
2660,2024-06-01,0.0,0.01
2661,2024-03-01,0.0,0.04
2661,2024-04-01,0.0,0.04
2661,2024-05-01,0.0,0.04
2661,2024-06-01,0.0,0.05
2661,2024-07-01,0.0,0.07
2661,2024-08-01,0.0,0.01
2661,2024-09-01,0.0,0.02
2662,2024-03-01,0.0,0.08
2662,2024-04-01,0.0,0.32
2663,2024-03-01,0.0,0.19
2664,2024-03-01,0.0,0.02
2665,2024-03-01,0.0,0.06
2665,2024-04-01,0.0,0.08
2665,2024-05-01,0.0,0.02
2665,2024-06-01,0.0,0.04
2665,2024-07-01,0.0,0.03
2665,2024-09-01,0.0,0.08
2665,2024-10-01,0.0,0.02
2665,2024-11-01,0.0,0.01
2665,2024-12-01,0.0,0.02
2666,2024-03-01,0.01,0.0
2667,2024-03-01,0.0,0.13
2667,2024-04-01,0.0,0.06
2667,2024-05-01,0.0,0.08
2667,2024-06-01,0.0,0.12
2667,2024-08-01,0.0,0.08
2667,2024-09-01,0.0,0.14
2668,2024-04-01,0.0,0.01
2668,2024-05-01,0.0,0.02
2668,2024-06-01,0.0,0.03
2668,2024-07-01,0.0,0.03
2668,2024-08-01,0.0,0.02
2668,2024-09-01,0.0,0.03
2668,2024-10-01,0.0,0.01
2668,2024-11-01,0.0,0.03
2668,2024-12-01,0.0,0.08
2669,2024-03-01,6.4,0.0
2669,2024-06-01,0.13,0.0
2669,2024-08-01,7.2,0.0
2670,2024-03-01,0.03,0.0
2671,2024-03-01,0.11,0.11
2671,2024-04-01,0.07,0.08
2672,2024-03-01,0.0,0.04
2673,2024-03-01,0.0,0.01
2673,2024-06-01,0.02,0.0
2673,2024-10-01,0.0,0.01
2673,2024-11-01,0.0,0.02
2674,2024-03-01,0.24,0.0
2674,2024-04-01,0.13,0.0
2674,2024-05-01,0.21,0.0
2674,2024-06-01,0.29,0.0
2674,2024-07-01,0.36,0.0
2674,2024-08-01,0.27,0.0
2674,2024-09-01,0.39,0.0
2674,2024-10-01,0.29,0.0
2674,2024-11-01,0.12,0.0
2674,2024-12-01,0.1,0.0
2675,2024-03-01,0.0,0.2
2675,2024-04-01,0.0,0.17
2676,2024-03-01,0.0,0.41
2677,2024-03-01,0.64,0.0
2678,2024-03-01,0.0,0.01
2679,2024-03-01,0.03,0.0
2679,2024-04-01,0.03,0.0
2679,2024-05-01,0.09,0.0
2679,2024-07-01,0.03,0.0
2679,2024-08-01,0.06,0.0
2679,2024-09-01,0.03,0.0
2679,2024-10-01,0.11,0.0
2679,2024-12-01,0.06,0.0
2680,2024-03-01,0.4,0.0
2680,2024-04-01,0.0,0.6
2680,2024-05-01,0.0,0.04
2681,2024-03-01,0.0,0.05
2681,2024-04-01,0.0,0.02
2681,2024-05-01,0.0,0.09
2681,2024-06-01,0.0,0.04
2681,2024-08-01,0.0,0.06
2681,2024-09-01,0.0,0.05
2681,2024-10-01,0.0,0.06
2682,2024-03-01,0.0,0.05
2682,2024-04-01,0.0,0.07
2682,2024-05-01,0.0,0.16
2682,2024-06-01,0.0,0.03
2682,2024-07-01,0.0,0.03
2683,2024-03-01,0.0,0.04
2684,2024-04-01,0.0,0.81
2685,2024-04-01,0.02,0.0
2685,2024-06-01,0.03,0.0
2686,2024-04-01,3.5,0.0
2687,2024-04-01,0.0,0.51
2688,2024-04-01,0.11,0.08
2688,2024-05-01,0.13,0.21
2689,2024-04-01,0.01,0.0
2690,2024-04-01,0.03,0.08
2691,2024-04-01,0.0,0.03
2692,2024-04-01,0.0,0.2
2692,2024-05-01,0.0,0.12
2692,2024-06-01,0.0,0.13
2692,2024-07-01,0.0,0.21
2692,2024-08-01,0.0,0.2
2692,2024-09-01,0.0,0.32
2692,2024-10-01,0.0,0.19
2692,2024-11-01,0.0,0.29
2692,2024-12-01,0.0,0.11
2693,2024-04-01,0.02,0.0
2694,2024-04-01,0.04,0.0
2695,2024-04-01,0.0,0.49
2695,2024-05-01,0.01,0.91
2696,2024-04-01,1.2,0.0
2696,2024-05-01,0.78,0.0
2696,2024-06-01,0.0,0.1
2696,2024-08-01,0.0,0.23
2696,2024-09-01,0.45,0.0
2697,2024-04-01,0.02,0.0
2698,2024-04-01,0.01,0.0
2699,2024-04-01,0.03,0.0
2700,2024-04-01,0.0,0.01
2700,2024-05-01,0.0,0.02
2700,2024-06-01,0.0,0.04
2701,2024-04-01,0.3,0.0
2702,2024-04-01,0.04,0.0
2702,2024-06-01,0.49,0.0
2703,2024-04-01,0.05,0.0
2704,2024-04-01,0.1,0.0
2704,2024-05-01,0.05,0.0
2704,2024-06-01,0.34,0.0
2705,2024-04-01,0.0,0.01
2706,2024-04-01,0.0,0.01
2706,2024-05-01,0.0,0.09
2706,2024-06-01,0.0,0.02
2707,2024-04-01,0.02,0.0
2708,2024-04-01,0.06,0.0
2709,2024-04-01,0.02,0.08
2709,2024-05-01,0.1,0.01
2709,2024-06-01,0.0,0.01
2710,2024-04-01,0.0,0.04
2710,2024-05-01,0.0,0.02
2710,2024-06-01,0.01,0.0
2711,2024-04-01,0.0,0.01
2712,2024-04-01,0.01,0.01
2713,2024-04-01,0.01,0.0
2713,2024-06-01,0.03,0.0
2713,2024-07-01,0.02,0.0
2713,2024-08-01,0.01,0.0
2713,2024-09-01,0.02,0.06
2713,2024-10-01,0.03,0.12
2713,2024-11-01,0.01,0.18
2713,2024-12-01,0.01,0.0
2714,2024-04-01,0.0,0.01
2715,2024-04-01,0.28,0.02
2715,2024-05-01,0.15,0.01
2715,2024-06-01,0.0,0.01
2716,2024-04-01,0.0,0.1
2716,2024-07-01,0.0,0.17
2716,2024-08-01,0.0,0.1
2716,2024-10-01,0.0,0.1
2716,2024-11-01,0.0,0.22
2717,2024-04-01,0.0,0.05
2717,2024-05-01,0.0,0.03
2718,2024-04-01,0.0,0.4
2719,2024-04-01,0.0,0.06
2719,2024-05-01,0.08,0.01
2719,2024-06-01,0.0,0.02
2719,2024-07-01,0.0,0.07
2719,2024-08-01,0.0,0.03
2719,2024-09-01,0.0,0.04
2719,2024-10-01,0.2,0.0
2719,2024-11-01,0.19,0.0
2719,2024-12-01,0.03,0.02
2720,2024-04-01,0.02,0.0
2720,2024-05-01,0.11,0.0
2720,2024-06-01,0.04,0.0
2721,2024-04-01,0.05,0.0
2721,2024-05-01,0.0,0.03
2722,2024-04-01,0.0,0.02
2723,2024-04-01,0.0,0.02
2723,2024-05-01,0.0,0.27
2723,2024-06-01,0.0,0.19
2724,2024-04-01,0.04,0.0
2724,2024-05-01,0.03,0.0
2724,2024-06-01,0.09,0.0
2724,2024-07-01,0.02,0.0
2724,2024-08-01,0.03,0.0
2724,2024-09-01,0.04,0.0
2724,2024-10-01,0.12,0.0
2724,2024-11-01,0.06,0.0
2724,2024-12-01,0.07,0.0
2725,2024-04-01,0.0,0.01
2726,2024-04-01,0.25,0.03
2726,2024-05-01,0.21,0.05
2726,2024-06-01,0.35,0.01
2726,2024-07-01,0.1,0.04
2727,2024-05-01,1.1,0.0
2727,2024-06-01,0.63,0.0
2727,2024-07-01,0.85,0.0
2727,2024-08-01,0.48,0.0
2727,2024-09-01,0.47,0.0
2728,2024-04-01,0.07,0.0
2729,2024-04-01,0.0,0.03
2729,2024-05-01,0.0,0.17
2729,2024-06-01,0.0,0.2
2729,2024-07-01,0.0,0.21
2730,2024-04-01,0.0,0.2
2731,2024-04-01,22.0,0.05
2732,2024-04-01,0.03,0.0
2732,2024-05-01,0.35,0.0
2732,2024-06-01,40.0,0.04
2732,2024-07-01,31.0,1.8
2732,2024-08-01,15.0,0.12
2732,2024-09-01,26.0,0.1
2732,2024-10-01,28.0,0.0
2733,2024-04-01,0.0,0.13
2733,2024-05-01,0.0,0.01
2733,2024-07-01,0.0,0.17
2733,2024-08-01,0.0,0.14
2733,2024-09-01,0.0,0.14
2733,2024-10-01,0.01,0.0
2734,2024-04-01,0.04,0.0
2734,2024-05-01,0.01,0.0
2734,2024-06-01,0.05,0.0
2734,2024-07-01,0.11,0.0
2734,2024-08-01,0.01,0.0
2734,2024-09-01,0.02,0.0
2734,2024-10-01,0.07,0.0
2734,2024-11-01,0.05,0.0
2734,2024-12-01,0.04,0.0
2735,2024-04-01,0.24,0.0
2736,2024-04-01,0.0,0.01
2736,2024-05-01,0.0,0.01
2737,2024-04-01,0.0,0.05
2738,2024-04-01,0.0,0.11
2739,2024-04-01,0.55,0.0
2739,2024-05-01,0.34,0.0
2740,2024-04-01,0.0,0.03
2740,2024-08-01,0.0,0.02
2740,2024-09-01,0.0,0.01
2740,2024-11-01,0.0,0.01
2741,2024-04-01,0.0,0.14
2741,2024-05-01,0.0,0.06
2742,2024-04-01,0.0,0.55
2742,2024-05-01,0.0,0.5
2743,2024-04-01,0.0,0.06
2744,2024-04-01,0.01,0.0
2745,2024-04-01,0.0,0.01
2745,2024-05-01,0.0,0.01
2746,2024-04-01,0.0,0.64
2746,2024-05-01,0.0,0.42
2747,2024-04-01,0.21,0.0
2748,2024-04-01,3.0,0.0
2748,2024-05-01,0.0,0.26
2749,2024-04-01,0.01,0.0
2749,2024-06-01,0.0,1.2
2749,2024-07-01,1.7,0.0
2749,2024-08-01,0.0,0.15
2750,2024-04-01,0.03,0.02
2750,2024-05-01,0.0,0.13
2750,2024-06-01,0.0,0.05
2750,2024-07-01,0.0,0.11
2750,2024-08-01,0.0,0.11
2751,2024-04-01,0.0,0.03
2751,2024-05-01,0.0,0.05
2752,2024-04-01,0.14,0.0
2752,2024-05-01,0.09,0.04
2752,2024-06-01,0.13,0.0
2752,2024-07-01,0.1,0.0
2752,2024-08-01,0.13,0.0
2752,2024-09-01,0.15,0.03
2752,2024-10-01,0.02,0.01
2752,2024-11-01,0.11,0.0
2752,2024-12-01,0.09,0.02
2753,2024-05-01,0.03,0.66
2753,2024-06-01,2.3,0.59
2753,2024-07-01,0.0,0.5
2753,2024-08-01,0.0,0.46
2753,2024-09-01,0.0,0.39
2753,2024-10-01,0.0,0.3
2753,2024-11-01,2.8,0.7
2753,2024-12-01,3.1,0.5
2754,2024-05-01,0.0,0.06
2754,2024-06-01,0.0,0.12
2754,2024-07-01,0.0,0.06
2754,2024-08-01,0.0,0.01
2754,2024-09-01,0.0,0.03
2754,2024-10-01,0.0,0.04
2754,2024-11-01,0.0,0.07
2754,2024-12-01,0.0,0.01
2755,2024-04-01,0.0,0.09
2756,2024-04-01,0.0,0.03
2756,2024-05-01,0.04,0.0
2757,2024-04-01,0.02,0.0
2757,2024-05-01,0.1,0.0
2757,2024-06-01,0.02,0.0
2757,2024-07-01,0.16,0.0
2757,2024-08-01,0.0,0.02
2757,2024-09-01,0.04,0.0
2757,2024-10-01,0.0,0.04
2757,2024-12-01,0.0,0.03
2758,2024-04-01,0.0,0.01
2759,2024-04-01,0.0,0.36
2759,2024-05-01,0.0,0.07
2759,2024-06-01,0.14,0.18
2759,2024-07-01,0.0,0.03
2760,2024-04-01,0.0,0.01
2761,2024-04-01,0.0,0.02
2762,2024-04-01,0.0,0.01
2763,2024-04-01,0.0,0.01
2764,2024-04-01,0.0,0.02
2765,2024-04-01,0.0,0.62
2765,2024-08-01,0.0,0.16
2765,2024-10-01,0.0,0.08
2765,2024-11-01,0.0,0.01
2765,2024-12-01,0.0,0.01
2766,2024-04-01,0.1,0.0
2766,2024-05-01,0.07,0.0
2767,2024-04-01,1.5,1.3
2768,2024-04-01,0.0,0.05
2769,2024-04-01,0.0,0.44
2769,2024-05-01,0.0,0.32
2769,2024-06-01,0.0,0.45
2770,2024-04-01,0.0,0.12
2771,2024-04-01,0.0,0.03
2771,2024-05-01,0.0,0.01
2772,2024-05-01,0.28,0.0
2773,2024-05-01,0.0,0.07
2773,2024-06-01,0.0,0.08
2773,2024-07-01,0.0,0.08
2774,2024-05-01,0.13,0.0
2774,2024-06-01,0.4,0.11
2774,2024-07-01,0.09,0.0
2775,2024-05-01,0.0,0.03
2776,2024-05-01,0.0,0.02
2776,2024-06-01,0.0,0.02
2776,2024-07-01,0.0,0.02
2776,2024-08-01,0.0,0.02
2776,2024-09-01,0.0,0.02
2776,2024-10-01,0.0,0.04
2777,2024-05-01,0.03,1.5
2778,2024-05-01,0.05,0.0
2778,2024-06-01,0.05,0.0
2778,2024-07-01,0.16,0.75
2778,2024-08-01,0.0,0.42
2778,2024-09-01,0.0,0.34
2778,2024-10-01,0.07,0.9
2778,2024-11-01,0.0,0.34
2778,2024-12-01,0.0,0.07
2779,2024-05-01,0.0,0.36
2780,2024-05-01,0.0,0.04
2780,2024-06-01,0.0,0.05
2781,2024-05-01,0.0,0.03
2781,2024-06-01,0.01,0.0
2781,2024-07-01,0.0,0.01
2782,2024-05-01,0.0,0.05
2783,2024-05-01,0.09,0.09
2783,2024-06-01,0.07,0.05
2783,2024-07-01,0.08,0.1
2783,2024-08-01,0.0,0.02
2783,2024-09-01,0.01,0.29
2783,2024-11-01,0.13,0.05
2783,2024-12-01,0.0,0.31
2784,2024-05-01,0.01,0.0
2785,2024-06-01,0.0,0.05
2785,2024-07-01,0.0,0.05
2785,2024-08-01,0.0,0.04
2785,2024-09-01,0.0,0.06
2785,2024-10-01,0.0,0.01
2785,2024-11-01,0.0,0.05
2785,2024-12-01,0.0,0.05
2786,2024-05-01,0.21,0.01
2786,2024-06-01,0.07,0.01
2786,2024-07-01,0.04,0.01
2786,2024-08-01,0.1,0.0
2786,2024-09-01,0.39,0.01
2786,2024-11-01,0.35,0.01
2786,2024-12-01,0.12,0.08
2787,2024-05-01,0.09,0.0
2787,2024-06-01,0.0,0.01
2787,2024-07-01,0.03,0.0
2787,2024-08-01,0.04,0.0
2788,2024-05-01,0.01,0.0
2788,2024-08-01,0.01,0.0
2788,2024-09-01,0.02,0.0
2788,2024-10-01,0.02,0.0
2788,2024-11-01,0.01,0.0
2788,2024-12-01,0.04,0.0
2789,2024-05-01,0.01,0.0
2790,2024-05-01,0.01,0.0
2790,2024-06-01,0.01,0.0
2790,2024-07-01,0.0,0.02
2790,2024-08-01,0.04,0.02
2790,2024-09-01,0.03,0.0
2790,2024-10-01,0.02,0.0
2791,2024-05-01,0.0,0.01
2792,2024-05-01,0.0,0.03
2793,2024-05-01,0.01,0.0
2794,2024-05-01,0.27,0.37
2795,2024-05-01,0.0,0.01
2795,2024-10-01,0.0,0.01
2795,2024-12-01,0.0,0.01
2796,2024-05-01,0.0,0.01
2797,2024-05-01,1.0,0.0
2798,2024-05-01,0.02,0.0
2798,2024-06-01,0.01,0.0
2798,2024-07-01,0.02,0.0
2798,2024-08-01,0.02,0.0
2798,2024-09-01,0.01,0.0
2798,2024-10-01,0.03,0.0
2799,2024-05-01,0.23,0.02
2799,2024-06-01,0.16,0.03
2799,2024-07-01,0.22,0.0
2799,2024-08-01,0.21,0.01
2799,2024-09-01,0.28,0.0
2799,2024-10-01,0.17,0.04
2800,2024-05-01,0.0,0.05
2801,2024-05-01,0.01,0.0
2801,2024-06-01,0.01,0.0
2801,2024-08-01,0.01,0.0
2801,2024-09-01,0.0,0.05
2801,2024-10-01,0.0,0.05
2801,2024-11-01,0.06,0.08
2801,2024-12-01,0.02,0.0
2802,2024-05-01,0.0,0.04
2802,2024-06-01,0.0,0.08
2803,2024-05-01,0.14,0.22
2803,2024-06-01,0.0,0.23
2803,2024-07-01,0.07,0.23
2804,2024-06-01,0.0,0.03
2804,2024-07-01,0.0,0.01
2804,2024-08-01,0.0,0.01
2804,2024-09-01,0.0,0.03
2804,2024-10-01,0.0,0.02
2804,2024-11-01,0.0,0.01
2804,2024-12-01,0.0,0.02
2805,2024-05-01,0.0,0.02
2805,2024-06-01,0.0,0.17
2806,2024-05-01,0.04,0.03
2806,2024-07-01,0.04,0.0
2806,2024-08-01,0.02,0.03
2806,2024-09-01,0.03,0.11
2806,2024-10-01,0.08,0.03
2806,2024-11-01,0.03,0.06
2806,2024-12-01,0.01,0.06
2807,2024-05-01,15.0,0.05
2808,2024-05-01,0.02,0.0
2808,2024-06-01,0.02,0.0
2808,2024-07-01,0.04,0.0
2808,2024-08-01,0.02,0.0
2808,2024-10-01,0.04,0.0
2808,2024-11-01,0.03,0.0
2808,2024-12-01,0.02,0.0
2809,2024-05-01,0.0,0.01
2810,2024-05-01,0.0,0.13
2810,2024-06-01,0.0,0.41
2811,2024-05-01,0.0,0.01
2812,2024-05-01,0.0,1.6
2813,2024-05-01,0.02,0.0
2814,2024-05-01,0.0,0.01
2814,2024-07-01,0.06,0.0
2814,2024-08-01,0.08,0.0
2814,2024-09-01,0.44,0.0
2815,2024-05-01,0.0,0.04
2816,2024-05-01,0.03,0.0
2816,2024-06-01,0.03,0.0
2816,2024-07-01,0.01,0.0
2816,2024-08-01,0.2,0.0
2816,2024-09-01,0.15,0.0
2816,2024-10-01,0.04,0.0
2817,2024-05-01,0.0,0.42
2818,2024-05-01,0.0,0.01
2819,2024-05-01,0.0,0.08
2819,2024-06-01,0.0,0.03
2819,2024-07-01,0.0,0.03
2819,2024-08-01,0.0,0.02
2820,2024-05-01,0.03,0.0
2820,2024-06-01,0.55,0.0
2820,2024-07-01,0.04,0.0
2820,2024-08-01,0.03,0.0
2821,2024-05-01,0.05,0.0
2821,2024-06-01,0.24,0.0
2821,2024-07-01,0.0,0.06
2821,2024-08-01,0.02,0.0
2822,2024-05-01,0.0,0.01
2823,2024-05-01,0.06,0.04
2823,2024-06-01,0.13,0.0
2823,2024-07-01,0.0,0.04
2823,2024-08-01,0.0,0.67
2823,2024-09-01,0.0,0.14
2824,2024-05-01,0.0,0.01
2825,2024-05-01,0.0,0.55
2826,2024-05-01,0.06,0.0
2826,2024-07-01,0.0,0.01
2826,2024-08-01,0.01,0.09
2826,2024-09-01,0.0,0.01
2826,2024-10-01,0.01,0.08
2826,2024-11-01,0.0,0.05
2826,2024-12-01,0.0,0.03
2827,2024-05-01,0.0,0.02
2828,2024-05-01,0.0,0.01
2829,2024-05-01,0.01,0.17
2829,2024-06-01,0.0,0.12
2829,2024-07-01,0.06,0.14
2830,2024-05-01,0.0,0.01
2831,2024-05-01,0.0,0.01
2831,2024-06-01,0.01,0.01
2831,2024-07-01,0.01,0.0
2832,2024-05-01,0.01,0.0
2832,2024-06-01,0.01,0.0
2832,2024-07-01,0.02,0.0
2832,2024-08-01,0.05,0.0
2832,2024-09-01,0.22,0.0
2832,2024-10-01,0.19,0.0
2832,2024-11-01,0.33,0.0
2833,2024-05-01,0.0,0.06
2833,2024-06-01,0.0,0.05
2833,2024-08-01,0.0,0.02
2833,2024-09-01,0.0,0.02
2833,2024-10-01,0.0,0.1
2833,2024-11-01,0.0,0.14
2833,2024-12-01,0.0,0.04
2834,2024-05-01,0.13,0.0
2834,2024-06-01,0.02,0.0
2834,2024-07-01,0.09,0.0
2834,2024-08-01,0.07,0.0
2834,2024-09-01,0.02,0.0
2834,2024-10-01,0.09,0.0
2834,2024-11-01,0.02,0.0
2834,2024-12-01,0.07,0.0
2835,2024-05-01,0.18,0.01
2835,2024-06-01,0.02,0.05
2835,2024-08-01,0.0,0.47
2835,2024-09-01,0.13,0.12
2835,2024-10-01,0.18,1.7
2835,2024-11-01,0.0,0.08
2835,2024-12-01,0.0,0.05
2836,2024-05-01,0.0,0.03
2837,2024-05-01,0.0,0.07
2838,2024-05-01,0.0,0.02
2838,2024-06-01,0.0,0.05
2838,2024-07-01,0.04,0.0
2838,2024-08-01,0.0,0.01
2838,2024-10-01,0.0,0.01
2838,2024-11-01,0.01,0.0
2838,2024-12-01,0.0,0.01
2839,2024-05-01,0.01,0.0
2840,2024-05-01,0.0,0.21
2840,2024-06-01,0.0,0.08
2840,2024-07-01,0.0,0.21
2840,2024-08-01,0.0,0.13
2840,2024-09-01,0.0,0.11
2840,2024-10-01,0.0,0.24
2840,2024-12-01,0.0,0.12
2841,2024-05-01,0.0,0.34
2841,2024-06-01,0.0,0.26
2841,2024-07-01,0.0,0.55
2841,2024-08-01,0.0,0.49
2841,2024-09-01,0.0,0.3
2841,2024-10-01,0.0,0.18
2841,2024-11-01,0.0,0.16
2842,2024-05-01,0.0,0.06
2842,2024-07-01,0.0,0.02
2842,2024-08-01,0.0,0.05
2842,2024-09-01,0.0,0.03
2842,2024-10-01,0.0,0.04
2842,2024-12-01,0.0,0.02
2843,2024-05-01,0.0,0.55
2843,2024-06-01,0.0,0.44
2843,2024-07-01,0.0,0.44
2843,2024-08-01,0.0,0.59
2844,2024-05-01,0.0,0.11
2845,2024-05-01,0.0,0.07
2846,2024-05-01,0.18,0.0
2847,2024-05-01,0.0,0.03
2847,2024-06-01,0.0,0.18
2847,2024-07-01,0.0,0.03
2847,2024-08-01,0.0,0.05
2847,2024-09-01,0.0,0.08
2847,2024-10-01,0.0,0.04
2847,2024-11-01,0.0,0.09
2848,2024-05-01,0.0,0.23
2848,2024-06-01,0.45,0.45
2848,2024-07-01,0.0,0.44
2849,2024-05-01,0.01,0.0
2849,2024-06-01,0.01,0.0
2850,2024-05-01,0.0,0.13
2851,2024-05-01,0.01,0.0
2851,2024-07-01,0.02,0.0
2852,2024-05-01,0.13,0.07
2853,2024-05-01,0.0,0.16
2854,2024-05-01,0.0,0.44
2855,2024-05-01,7.3,0.0
2855,2024-06-01,0.56,0.0
2855,2024-07-01,2.9,0.76
2856,2024-06-01,0.0,0.35
2856,2024-07-01,0.0,0.44
2856,2024-08-01,0.0,0.49
2856,2024-09-01,0.0,0.42
2856,2024-10-01,0.0,0.43
2856,2024-11-01,0.0,0.29
2856,2024-12-01,0.0,0.18
2857,2024-05-01,0.49,0.0
2857,2024-06-01,0.94,0.0
2857,2024-07-01,1.9,0.0
2858,2024-05-01,3.9,0.0
2858,2024-06-01,2.5,0.0
2858,2024-07-01,3.1,0.0
2858,2024-08-01,2.0,0.0
2859,2024-05-01,0.0,0.99
2860,2024-05-01,0.39,0.0
2861,2024-05-01,0.0,0.01
2861,2024-06-01,0.0,0.02
2861,2024-07-01,0.01,0.0
2862,2024-05-01,0.0,3.1
2862,2024-06-01,0.0,1.3
2863,2024-06-01,0.0,0.04
2864,2024-06-01,0.0,0.01
2864,2024-07-01,0.0,0.01
2864,2024-09-01,0.0,0.01
2864,2024-10-01,0.0,0.02
2864,2024-11-01,0.0,0.02
2865,2024-06-01,0.0,0.07
2866,2024-06-01,0.0,1.1
2867,2024-06-01,0.02,0.0
2868,2024-06-01,0.03,0.01
2868,2024-07-01,0.04,0.01
2868,2024-08-01,0.01,0.03
2868,2024-10-01,0.08,0.0
2868,2024-12-01,0.03,0.0
2869,2024-06-01,0.0,0.54
2869,2024-07-01,0.0,0.4
2869,2024-08-01,0.0,0.54
2869,2024-10-01,0.0,2.6
2869,2024-12-01,0.0,0.15
2870,2024-06-01,0.11,0.18
2870,2024-07-01,0.23,0.08
2870,2024-08-01,0.05,0.0
2871,2024-06-01,0.01,0.0
2871,2024-07-01,0.01,0.0
2871,2024-08-01,0.01,0.0
2871,2024-09-01,0.15,0.12
2871,2024-11-01,0.18,0.04
2871,2024-12-01,0.18,0.12
2872,2024-06-01,0.01,0.0
2873,2024-06-01,0.0,0.04
2873,2024-07-01,0.0,0.05
2873,2024-08-01,0.0,0.05
2873,2024-11-01,0.0,0.01
2873,2024-12-01,0.0,0.01
2874,2024-06-01,0.02,0.0
2874,2024-07-01,0.02,0.0
2875,2024-06-01,6.8,0.0
2876,2024-06-01,0.08,0.0
2876,2024-07-01,0.14,0.0
2876,2024-08-01,0.08,0.0
2876,2024-09-01,0.0,0.01
2877,2024-06-01,0.17,0.0
2877,2024-07-01,0.12,0.0
2878,2024-06-01,0.0,0.89
2878,2024-07-01,0.0,1.3
2878,2024-08-01,1.8,0.0
2878,2024-09-01,0.0,0.01
2878,2024-11-01,0.0,0.01
2879,2024-06-01,0.65,0.0
2879,2024-07-01,0.1,0.12
2879,2024-08-01,0.2,0.02
2879,2024-09-01,0.0,0.8
2880,2024-06-01,0.0,0.02
2881,2024-06-01,0.0,0.01
2882,2024-06-01,0.01,0.0
2882,2024-07-01,0.08,0.0
2883,2024-06-01,0.06,0.0
2883,2024-07-01,0.01,0.0
2884,2024-06-01,0.07,0.0
2884,2024-07-01,0.03,0.0
2885,2024-06-01,0.15,0.23
2886,2024-06-01,0.0,0.01
2887,2024-06-01,0.0,0.07
2888,2024-06-01,0.01,0.0
2889,2024-06-01,0.0,0.11
2889,2024-07-01,0.0,0.1
2889,2024-09-01,0.0,0.1
2889,2024-10-01,0.0,0.15
2890,2024-06-01,0.0,0.33
2890,2024-07-01,0.0,0.03
2890,2024-08-01,0.0,0.37
2890,2024-09-01,0.0,0.14
2890,2024-10-01,0.0,0.17
2891,2024-06-01,0.04,0.0
2891,2024-07-01,0.01,0.0
2891,2024-08-01,0.03,0.0
2891,2024-09-01,0.18,0.0
2891,2024-10-01,0.02,0.0
2891,2024-11-01,0.07,0.0
2891,2024-12-01,0.02,0.0
2892,2024-06-01,0.02,0.0
2892,2024-07-01,0.02,0.0
2892,2024-08-01,0.01,0.0
2892,2024-09-01,0.01,0.0
2893,2024-06-01,0.03,0.0
2894,2024-06-01,0.03,0.0
2894,2024-07-01,0.03,0.0
2895,2024-06-01,0.34,0.22
2896,2024-06-01,0.0,0.05
2897,2024-07-01,0.0,0.14
2897,2024-08-01,0.0,0.03
2897,2024-09-01,0.0,0.12
2897,2024-10-01,0.0,0.01
2898,2024-06-01,0.22,0.0
2898,2024-07-01,0.0,0.16
2898,2024-08-01,0.0,0.22
2899,2024-06-01,0.0,0.13
2900,2024-06-01,0.02,0.0
2900,2024-07-01,0.05,0.0
2901,2024-06-01,0.07,0.0
2901,2024-07-01,0.07,0.0
2901,2024-08-01,0.01,0.0
2901,2024-09-01,0.01,0.0
2901,2024-10-01,0.02,0.0
2902,2024-06-01,0.0,0.02
2903,2024-06-01,0.0,0.25
2904,2024-06-01,0.01,0.0
2905,2024-06-01,0.25,0.0
2906,2024-06-01,0.0,0.19
2906,2024-07-01,0.0,0.13
2906,2024-08-01,0.0,0.26
2906,2024-10-01,0.0,0.19
2906,2024-11-01,0.0,0.1
2906,2024-12-01,0.0,0.12
2907,2024-06-01,0.0,0.01
2907,2024-07-01,0.01,0.0
2907,2024-08-01,0.01,0.0
2908,2024-06-01,0.19,0.0
2909,2024-06-01,0.0,0.02
2909,2024-07-01,0.05,0.0
2909,2024-08-01,0.0,0.01
2909,2024-09-01,0.0,0.01
2909,2024-10-01,0.0,0.01
2909,2024-11-01,0.0,0.01
2909,2024-12-01,0.04,0.27
2910,2024-06-01,0.03,0.0
2910,2024-07-01,0.02,0.0
2910,2024-08-01,0.06,0.01
2910,2024-09-01,0.03,0.0
2910,2024-10-01,0.06,0.07
2910,2024-11-01,0.02,0.0
2910,2024-12-01,0.02,0.0
2911,2024-06-01,0.0,0.02
2911,2024-07-01,0.0,0.03
2911,2024-08-01,0.0,0.03
2912,2024-06-01,0.1,0.0
2913,2024-06-01,0.01,0.0
2914,2024-06-01,0.19,0.0
2914,2024-07-01,0.23,0.0
2914,2024-08-01,0.05,0.0
2914,2024-09-01,0.25,0.0
2915,2024-06-01,0.0,0.04
2915,2024-07-01,0.0,0.05
2915,2024-08-01,0.0,0.06
2915,2024-09-01,0.0,0.05
2915,2024-10-01,0.0,0.02
2916,2024-06-01,0.07,0.0
2916,2024-07-01,0.0,0.15
2916,2024-08-01,0.0,0.16
2916,2024-09-01,0.0,0.14
2916,2024-10-01,0.0,0.07
2916,2024-12-01,0.15,0.0
2917,2024-06-01,0.0,0.02
2917,2024-07-01,0.0,0.01
2917,2024-08-01,0.0,0.01
2917,2024-09-01,0.0,0.01
2918,2024-06-01,0.0,0.05
2918,2024-07-01,0.0,0.06
2918,2024-08-01,0.0,0.03
2919,2024-06-01,0.0,0.2
2919,2024-07-01,0.0,0.3
2919,2024-08-01,0.0,0.35
2919,2024-09-01,0.03,0.08
2919,2024-10-01,0.13,0.28
2919,2024-12-01,0.24,0.12
2920,2024-06-01,0.0,0.01
2921,2024-06-01,0.0,0.09
2922,2024-06-01,0.84,3.3
2922,2024-07-01,2.0,2.3
2922,2024-08-01,1.5,5.6
2922,2024-09-01,0.73,1.3
2922,2024-10-01,2.1,5.0
2922,2024-11-01,2.6,0.0
2922,2024-12-01,1.8,0.04
2923,2024-06-01,0.0,0.02
2924,2024-06-01,0.0,0.04
2924,2024-09-01,0.0,0.02
2925,2024-07-01,0.06,0.17
2925,2024-08-01,0.12,0.1
2925,2024-09-01,0.07,0.13
2925,2024-10-01,0.11,0.09
2925,2024-11-01,0.0,0.04
2925,2024-12-01,0.0,0.09
2926,2024-06-01,0.0,0.05
2926,2024-07-01,0.0,0.14
2926,2024-08-01,0.0,0.01
2926,2024-09-01,0.0,0.07
2927,2024-06-01,0.81,0.0
2927,2024-07-01,0.41,0.0
2927,2024-08-01,0.89,0.0
2928,2024-06-01,0.0,0.08
2928,2024-07-01,0.0,0.16
2928,2024-08-01,0.0,0.1
2928,2024-09-01,0.0,0.3
2928,2024-10-01,0.0,0.89
2928,2024-11-01,0.0,0.66
2928,2024-12-01,0.0,0.45
2929,2024-06-01,0.0,0.14
2929,2024-07-01,0.0,0.18
2929,2024-08-01,0.0,0.69
2930,2024-06-01,0.0,2.7
2931,2024-06-01,0.0,0.29
2931,2024-07-01,0.0,0.13
2931,2024-08-01,0.0,0.06
2931,2024-09-01,0.22,0.0
2931,2024-10-01,0.29,0.0
2932,2024-07-01,0.0,0.05
2933,2024-07-01,0.0,0.04
2933,2024-08-01,0.0,0.02
2933,2024-09-01,0.0,0.02
2933,2024-10-01,0.0,0.01
2933,2024-11-01,0.0,0.04
2934,2024-08-01,0.0,0.3
2934,2024-09-01,0.0,0.11
2934,2024-10-01,0.02,0.21
2934,2024-11-01,0.0,0.3
2935,2024-07-01,0.0,0.15
2935,2024-08-01,0.0,0.2
2935,2024-09-01,0.0,0.13
2935,2024-10-01,0.0,0.17
2935,2024-11-01,0.0,0.11
2936,2024-07-01,0.0,0.05
2936,2024-08-01,0.0,0.04
2936,2024-10-01,0.0,0.05
2937,2024-07-01,0.06,0.0
2937,2024-12-01,0.06,0.0
2938,2024-07-01,0.03,0.0
2938,2024-08-01,0.09,0.0
2938,2024-09-01,0.03,0.0
2938,2024-11-01,0.49,0.0
2939,2024-07-01,0.0,0.03
2939,2024-08-01,0.08,0.02
2940,2024-07-01,0.0,0.03
2940,2024-10-01,0.0,0.03
2941,2024-07-01,0.01,0.01
2941,2024-08-01,0.31,0.01
2941,2024-09-01,0.01,0.0
2941,2024-10-01,0.11,0.04
2941,2024-11-01,0.01,0.0
2942,2024-07-01,0.0,0.03
2943,2024-07-01,0.02,0.0
2943,2024-08-01,0.02,0.01
2943,2024-09-01,0.01,0.02
2943,2024-10-01,0.01,0.0
2944,2024-07-01,0.25,0.01
2944,2024-08-01,0.16,0.0
2944,2024-09-01,0.42,0.0
2944,2024-10-01,0.3,0.0
2944,2024-11-01,0.24,0.0
2944,2024-12-01,0.31,0.01
2945,2024-07-01,0.08,0.01
2945,2024-08-01,0.01,0.0
2945,2024-09-01,0.0,0.09
2945,2024-10-01,0.0,0.29
2945,2024-11-01,0.01,0.18
2945,2024-12-01,0.0,0.46
2946,2024-07-01,0.0,0.02
2947,2024-07-01,0.0,0.06
2948,2024-07-01,0.0,0.01
2949,2024-07-01,0.15,0.0
2949,2024-08-01,0.11,0.0
2949,2024-09-01,0.05,0.0
2950,2024-07-01,0.0,0.03
2951,2024-07-01,0.0,0.03
2951,2024-08-01,0.0,0.09
2952,2024-07-01,0.0,0.01
2953,2024-07-01,0.17,0.0
2954,2024-07-01,0.02,0.0
2954,2024-08-01,0.03,0.0
2954,2024-09-01,0.04,0.0
2955,2024-07-01,0.91,0.81
2955,2024-08-01,0.13,0.0
2955,2024-09-01,0.06,0.4
2955,2024-10-01,0.0,0.17
2955,2024-11-01,0.03,0.0
2955,2024-12-01,1.0,0.35
2956,2024-07-01,4.2,0.76
2956,2024-08-01,4.6,0.67
2957,2024-08-01,9.4,0.0
2957,2024-09-01,5.7,0.0
2957,2024-10-01,7.8,0.0
2957,2024-11-01,7.2,0.0
2957,2024-12-01,8.3,0.0
2958,2024-07-01,0.03,0.0
2958,2024-08-01,0.05,0.0
2959,2024-07-01,0.0,0.03
2960,2024-07-01,0.14,0.0
2960,2024-08-01,0.07,0.0
2960,2024-09-01,0.05,0.0
2960,2024-10-01,0.14,0.0
2960,2024-11-01,0.04,0.0
2960,2024-12-01,0.03,0.0
2961,2024-07-01,0.01,0.0
2962,2024-07-01,0.0,0.02
2962,2024-08-01,0.01,0.0
2963,2024-07-01,0.01,0.0
2964,2024-07-01,0.0,0.16
2965,2024-07-01,0.0,0.03
2965,2024-08-01,0.0,0.04
2965,2024-09-01,0.0,0.05
2965,2024-10-01,0.0,0.05
2965,2024-11-01,0.01,0.0
2965,2024-12-01,0.05,0.0
2966,2024-07-01,0.0,0.17
2966,2024-08-01,0.0,0.14
2966,2024-09-01,0.0,0.12
2967,2024-07-01,0.0,0.01
2968,2024-07-01,0.0,0.03
2969,2024-07-01,0.0,0.3
2969,2024-08-01,0.0,0.03
2969,2024-09-01,0.0,0.02
2969,2024-10-01,0.0,0.02
2970,2024-07-01,0.01,0.0
2970,2024-08-01,0.01,0.0
2970,2024-09-01,0.01,0.0
2971,2024-07-01,0.19,0.0
2971,2024-08-01,0.09,0.0
2972,2024-07-01,0.02,0.0
2972,2024-08-01,0.02,0.0
2972,2024-10-01,0.02,0.0
2972,2024-11-01,0.01,0.0
2973,2024-07-01,0.01,0.0
2974,2024-07-01,0.0,0.01
2974,2024-08-01,0.0,0.01
2974,2024-09-01,0.0,0.01
2974,2024-10-01,0.07,0.0
2974,2024-11-01,0.0,0.01
2974,2024-12-01,0.03,0.0
2975,2024-07-01,0.03,0.0
2976,2024-07-01,0.0,0.04
2976,2024-09-01,0.0,0.02
2977,2024-07-01,0.06,0.07
2977,2024-08-01,0.0,0.09
2977,2024-09-01,0.0,0.07
2978,2024-07-01,0.0,0.04
2979,2024-07-01,0.0,0.02
2980,2024-07-01,0.0,0.19
2980,2024-08-01,0.0,0.17
2980,2024-09-01,0.0,0.12
2980,2024-10-01,0.0,0.11
2980,2024-12-01,0.0,0.25
2981,2024-07-01,0.0,0.04
2982,2024-07-01,0.0,3.4
2982,2024-08-01,0.0,1.4
2982,2024-09-01,0.0,1.5
2982,2024-10-01,0.0,1.2
2982,2024-11-01,0.0,1.1
2983,2024-07-01,0.0,0.05
2983,2024-08-01,0.0,0.07
2983,2024-09-01,0.0,0.05
2984,2024-07-01,0.0,0.01
2985,2024-07-01,0.03,0.0
2985,2024-08-01,0.03,0.0
2985,2024-09-01,0.05,0.0
2985,2024-10-01,0.09,0.0
2985,2024-11-01,0.05,0.0
2985,2024-12-01,0.09,0.0
2986,2024-07-01,1.3,0.0
2986,2024-08-01,0.53,0.0
2986,2024-09-01,0.56,0.0
2986,2024-10-01,0.49,0.0
2987,2024-07-01,0.0,0.04
2987,2024-08-01,0.0,0.04
2987,2024-09-01,0.0,0.03
2987,2024-11-01,0.0,0.03
2987,2024-12-01,0.0,0.03
2988,2024-07-01,0.0,0.01
2989,2024-07-01,0.0,0.01
2990,2024-07-01,0.04,0.0
2990,2024-08-01,0.0,0.12
2990,2024-09-01,0.02,0.0
2990,2024-10-01,0.05,0.0
2991,2024-07-01,0.14,0.0
2991,2024-08-01,0.05,0.0
2991,2024-09-01,0.13,0.0
2991,2024-10-01,0.4,0.0
2991,2024-11-01,0.33,0.0
2992,2024-07-01,0.0,0.06
2993,2024-07-01,0.2,0.0
2994,2024-07-01,0.03,0.0
2995,2024-07-01,0.0,0.14
2996,2024-07-01,0.0,0.01
2996,2024-12-01,0.0,0.02
2997,2024-07-01,0.23,0.37
2997,2024-08-01,0.12,0.13
2997,2024-09-01,0.0,0.03
2997,2024-10-01,0.25,0.1
2997,2024-11-01,0.23,0.23
2998,2024-07-01,0.03,0.0
2998,2024-08-01,0.02,0.0
2998,2024-09-01,0.04,0.0
2998,2024-10-01,0.01,0.0
2998,2024-11-01,0.27,0.16
2998,2024-12-01,0.02,0.0
2999,2024-07-01,2.0,0.01
3000,2024-07-01,0.48,0.0
3000,2024-08-01,0.04,0.0
3000,2024-09-01,0.77,0.0
3000,2024-10-01,0.68,0.0
3000,2024-11-01,0.06,3.5
3000,2024-12-01,0.06,3.6
3001,2024-07-01,0.0,0.01
3002,2024-07-01,0.06,0.01
3003,2024-07-01,0.0,1.7
3003,2024-08-01,0.0,0.77
3003,2024-09-01,0.0,0.59
3003,2024-10-01,0.0,0.19
3003,2024-11-01,0.0,0.09
3003,2024-12-01,0.0,0.25
3004,2024-08-01,0.0,0.03
3004,2024-09-01,0.0,0.02
3004,2024-10-01,0.0,0.06
3004,2024-11-01,0.0,0.03
3004,2024-12-01,0.0,0.12
3005,2024-07-01,0.0,0.01
3006,2024-07-01,0.0,0.45
3006,2024-09-01,0.08,0.08
3006,2024-10-01,0.0,0.04
3006,2024-11-01,0.0,0.08
3006,2024-12-01,0.0,0.13
3007,2024-07-01,0.05,0.0
3008,2024-07-01,0.43,0.27
3008,2024-08-01,0.05,0.17
3008,2024-09-01,0.51,0.0
3008,2024-10-01,0.01,0.25
3008,2024-11-01,0.0,0.28
3008,2024-12-01,0.0,0.11
3009,2024-07-01,0.0,7.1
3009,2024-08-01,0.17,0.0
3010,2024-07-01,0.06,0.08
3010,2024-08-01,0.0,0.04
3010,2024-09-01,0.12,0.04
3010,2024-10-01,0.0,0.07
3010,2024-11-01,0.03,0.04
3011,2024-07-01,0.19,0.0
3011,2024-08-01,0.15,0.17
3011,2024-09-01,0.84,0.32
3011,2024-10-01,0.47,0.6
3011,2024-11-01,0.86,0.39
3011,2024-12-01,0.46,0.36
3012,2024-07-01,0.6,0.46
3013,2024-07-01,0.01,0.0
3013,2024-08-01,0.0,0.05
3013,2024-09-01,0.7,1.4
3013,2024-10-01,0.0,0.01
3013,2024-11-01,0.01,0.33
3013,2024-12-01,0.01,0.0
3014,2024-07-01,0.02,0.0
3014,2024-08-01,0.08,0.0
3015,2024-07-01,0.0,0.09
3016,2024-07-01,0.02,0.0
3016,2024-08-01,0.11,0.0
3017,2024-07-01,0.0,0.03
3017,2024-08-01,0.0,0.03
3018,2024-07-01,0.33,0.0
3018,2024-08-01,0.41,0.0
3018,2024-09-01,0.48,0.0
3018,2024-10-01,0.4,0.0
3018,2024-11-01,0.5,0.0
3018,2024-12-01,0.14,0.0
3019,2024-07-01,0.0,0.09
3020,2024-07-01,0.0,0.01
3021,2024-07-01,0.0,0.01
3022,2024-07-01,0.09,0.03
3022,2024-08-01,0.0,0.05
3022,2024-09-01,0.05,0.01
3022,2024-11-01,0.0,0.01
3022,2024-12-01,0.07,0.05
3023,2024-07-01,0.0,0.01
3024,2024-07-01,0.0,0.03
3025,2024-08-01,0.0,0.23
3025,2024-09-01,0.0,0.15
3025,2024-10-01,0.0,0.13
3025,2024-11-01,0.0,0.14
3025,2024-12-01,0.0,0.11
3026,2024-07-01,0.0,0.02
3026,2024-08-01,0.0,0.02
3026,2024-09-01,0.0,0.01
3026,2024-11-01,0.0,0.01
3026,2024-12-01,0.0,0.01
3027,2024-07-01,0.02,0.0
3028,2024-07-01,0.0,0.06
3029,2024-07-01,0.0,0.42
3029,2024-08-01,0.0,0.43
3029,2024-09-01,0.0,0.4
3029,2024-10-01,0.0,0.24
3029,2024-11-01,0.0,0.48
3029,2024-12-01,0.0,0.4
3030,2024-07-01,0.03,0.0
3031,2024-07-01,0.02,0.05
3032,2024-07-01,0.0,0.02
3032,2024-08-01,0.0,0.01
3032,2024-12-01,0.0,0.01
3033,2024-07-01,0.0,0.14
3033,2024-08-01,0.0,0.33
3033,2024-09-01,0.04,0.0
3033,2024-10-01,0.0,0.26
3033,2024-12-01,0.0,0.11
3034,2024-07-01,0.0,0.04
3035,2024-07-01,0.0,0.05
3036,2024-07-01,0.0,0.88
3037,2024-07-01,0.26,0.0
3037,2024-08-01,0.11,0.0
3037,2024-10-01,0.04,0.0
3037,2024-11-01,0.1,0.0
3038,2024-07-01,0.14,0.0
3039,2024-07-01,0.0,0.12
3039,2024-08-01,0.0,0.13
3039,2024-10-01,0.0,0.13
3039,2024-12-01,0.0,0.07
3040,2024-08-01,0.0,0.08
3041,2024-08-01,0.0,0.15
3041,2024-09-01,0.0,0.07
3041,2024-10-01,0.0,0.09
3041,2024-11-01,0.0,0.15
3042,2024-08-01,0.0,2.6
3043,2024-08-01,0.0,0.19
3043,2024-10-01,0.0,0.11
3043,2024-11-01,0.0,0.11
3044,2024-09-01,0.16,0.03
3044,2024-10-01,0.07,0.01
3044,2024-11-01,0.11,0.03
3044,2024-12-01,0.15,0.02
3045,2024-08-01,0.0,0.08
3045,2024-09-01,0.0,0.06
3045,2024-10-01,0.0,0.04
3045,2024-11-01,0.0,0.08
3046,2024-08-01,0.0,0.17
3047,2024-08-01,0.0,0.01
3047,2024-11-01,0.0,0.03
3047,2024-12-01,0.0,0.05
3048,2024-08-01,0.41,0.02
3048,2024-09-01,0.6,0.0
3048,2024-10-01,0.49,0.0
3048,2024-11-01,0.24,0.04
3048,2024-12-01,1.1,0.03
3049,2024-08-01,0.1,0.0
3049,2024-09-01,5.1,0.55
3049,2024-10-01,6.5,0.43
3049,2024-11-01,5.8,0.39
3050,2024-08-01,0.01,0.0
3050,2024-09-01,0.02,0.0
3050,2024-10-01,0.02,0.0
3050,2024-11-01,0.04,0.0
3050,2024-12-01,0.0,0.03
3051,2024-08-01,0.04,0.69
3051,2024-09-01,0.0,0.38
3051,2024-10-01,0.0,0.42
3051,2024-11-01,0.0,0.3
3051,2024-12-01,0.17,0.31
3052,2024-08-01,0.0,0.14
3053,2024-08-01,0.4,0.0
3054,2024-08-01,0.03,0.0
3054,2024-10-01,0.07,0.0
3054,2024-11-01,0.02,0.0
3054,2024-12-01,0.47,0.0
3055,2024-08-01,0.01,0.0
3056,2024-08-01,0.0,0.03
3056,2024-09-01,0.0,0.12
3056,2024-10-01,0.0,0.02
3056,2024-11-01,0.0,0.06
3056,2024-12-01,0.0,0.02
3057,2024-08-01,0.01,0.0
3058,2024-08-01,0.05,0.0
3059,2024-08-01,0.0,0.03
3059,2024-09-01,12.0,0.0
3059,2024-10-01,18.0,0.03
3059,2024-11-01,10.0,0.34
3060,2024-08-01,0.04,0.0
3061,2024-08-01,0.0,0.02
3061,2024-09-01,0.0,0.02
3062,2024-08-01,0.05,0.0
3063,2024-08-01,0.25,0.01
3063,2024-09-01,0.39,0.02
3063,2024-10-01,0.14,0.0
3063,2024-11-01,0.2,0.02
3063,2024-12-01,0.2,0.01
3064,2024-08-01,0.06,0.0
3064,2024-09-01,0.31,0.0
3064,2024-10-01,0.01,0.0
3064,2024-11-01,0.19,0.0
3064,2024-12-01,0.02,0.0
3065,2024-08-01,0.01,0.0
3066,2024-08-01,0.0,0.02
3066,2024-09-01,0.0,0.01
3066,2024-11-01,0.0,0.01
3066,2024-12-01,0.0,0.02
3067,2024-08-01,0.3,0.02
3067,2024-09-01,0.11,0.02
3068,2024-08-01,0.06,0.0
3069,2024-08-01,0.01,0.0
3069,2024-09-01,0.19,0.0
3069,2024-10-01,0.0,0.06
3070,2024-08-01,0.2,0.0
3070,2024-09-01,0.01,0.0
3070,2024-10-01,0.0,0.18
3071,2024-08-01,0.0,0.07
3071,2024-09-01,0.0,0.02
3071,2024-10-01,0.0,0.01
3071,2024-11-01,0.0,0.01
3071,2024-12-01,0.01,0.01
3072,2024-08-01,0.07,0.02
3072,2024-09-01,0.0,0.05
3072,2024-10-01,0.01,0.0
3072,2024-11-01,0.0,0.01
3073,2024-08-01,0.03,0.0
3074,2024-08-01,0.09,0.0
3075,2024-08-01,0.16,0.24
3075,2024-09-01,0.01,0.15
3075,2024-10-01,0.05,0.15
3075,2024-11-01,0.1,0.16
3075,2024-12-01,0.15,0.24
3076,2024-08-01,0.0,0.01
3076,2024-09-01,0.0,0.07
3076,2024-10-01,0.2,0.0
3076,2024-11-01,0.2,0.0
3077,2024-08-01,0.0,0.47
3078,2024-08-01,0.0,0.01
3079,2024-08-01,0.0,0.01
3080,2024-08-01,0.0,0.06
3081,2024-08-01,0.55,0.0
3082,2024-08-01,0.0,0.01
3083,2024-08-01,0.14,0.0
3084,2024-08-01,0.0,0.3
3085,2024-08-01,0.0,1.4
3086,2024-08-01,0.0,0.04
3086,2024-09-01,0.0,0.04
3086,2024-10-01,0.0,0.21
3086,2024-11-01,0.0,0.02
3087,2024-08-01,0.07,0.35
3088,2024-08-01,0.0,0.04
3088,2024-09-01,0.0,0.02
3089,2024-08-01,0.04,0.0
3089,2024-09-01,0.04,0.0
3089,2024-10-01,0.0,0.05
3089,2024-11-01,0.0,0.02
3090,2024-08-01,0.0,0.02
3091,2024-08-01,0.0,0.01
3092,2024-08-01,0.0,0.1
3093,2024-08-01,0.15,0.0
3093,2024-09-01,0.18,0.0
3093,2024-10-01,0.06,0.0
3093,2024-11-01,0.11,0.0
3093,2024-12-01,0.0,0.13
3094,2024-08-01,0.0,0.01
3095,2024-08-01,0.0,0.02
3095,2024-09-01,0.0,0.16
3095,2024-10-01,0.0,0.12
3095,2024-11-01,0.0,0.04
3096,2024-08-01,0.0,0.01
3096,2024-09-01,0.0,0.06
3097,2024-08-01,0.0,0.09
3097,2024-09-01,0.3,0.0
3097,2024-10-01,0.21,0.0
3098,2024-08-01,0.01,0.0
3099,2024-08-01,0.15,0.0
3099,2024-09-01,0.12,0.0
3099,2024-10-01,0.0,0.03
3099,2024-12-01,0.0,0.03
3100,2024-08-01,0.01,0.0
3101,2024-08-01,0.0,0.04
3101,2024-09-01,0.0,0.01
3101,2024-11-01,0.0,0.02
3102,2024-08-01,0.0,0.05
3103,2024-08-01,0.02,0.02
3103,2024-09-01,0.21,0.0
3103,2024-10-01,0.17,0.0
3103,2024-11-01,0.1,0.02
3104,2024-08-01,0.17,0.0
3104,2024-09-01,0.04,0.0
3104,2024-10-01,0.18,0.0
3105,2024-08-01,0.0,2.7
3106,2024-08-01,0.0,0.04
3106,2024-09-01,0.0,0.12
3106,2024-10-01,0.0,0.26
3107,2024-08-01,0.0,0.76
3108,2024-08-01,0.0,0.01
3109,2024-08-01,0.0,3.6
3110,2024-09-01,0.0,0.18
3110,2024-10-01,0.0,0.08
3110,2024-11-01,0.0,0.03
3111,2024-09-01,0.0,2.7
3111,2024-10-01,0.01,2.9
3111,2024-11-01,0.0,2.5
3111,2024-12-01,0.0,0.16
3112,2024-09-01,0.0,0.08
3112,2024-10-01,0.0,0.08
3113,2024-09-01,0.09,0.0
3113,2024-10-01,0.09,0.0
3113,2024-11-01,0.13,0.0
3113,2024-12-01,0.15,0.0
3114,2024-09-01,0.0,0.05
3114,2024-10-01,0.0,0.01
3114,2024-11-01,0.0,0.02
3115,2024-09-01,0.02,0.0
3115,2024-10-01,0.03,0.0
3115,2024-11-01,0.01,0.0
3115,2024-12-01,0.02,0.0
3116,2024-09-01,0.1,0.0
3116,2024-10-01,0.05,0.0
3116,2024-11-01,0.06,0.0
3116,2024-12-01,0.22,0.0
3117,2024-09-01,0.01,0.0
3118,2024-09-01,0.0,0.01
3118,2024-10-01,0.0,0.03
3118,2024-11-01,0.0,0.07
3118,2024-12-01,0.0,0.03
3119,2024-09-01,0.0,0.04
3120,2024-09-01,0.04,0.0
3120,2024-10-01,0.37,0.0
3120,2024-11-01,0.0,0.01
3120,2024-12-01,0.0,0.02
3121,2024-09-01,1.3,0.06
3122,2024-09-01,0.57,0.0
3122,2024-10-01,0.88,0.0
3122,2024-11-01,0.99,0.08
3122,2024-12-01,1.0,0.03
3123,2024-09-01,0.0,0.01
3124,2024-09-01,0.03,0.0
3124,2024-10-01,3.3,0.0
3124,2024-11-01,5.1,0.6
3124,2024-12-01,13.0,0.22
3125,2024-09-01,0.04,0.0
3126,2024-09-01,0.5,0.0
3126,2024-10-01,0.0,0.01
3126,2024-11-01,0.49,0.0
3126,2024-12-01,0.43,0.0
3127,2024-09-01,0.0,0.03
3127,2024-10-01,0.36,0.0
3128,2024-09-01,0.0,0.03
3129,2024-09-01,0.0,0.95
3130,2024-09-01,0.0,0.19
3131,2024-09-01,0.04,0.0
3132,2024-09-01,0.0,0.1
3133,2024-09-01,0.0,0.23
3133,2024-10-01,0.0,0.23
3134,2024-09-01,0.05,0.0
3134,2024-10-01,0.15,0.01
3134,2024-11-01,0.0,0.33
3134,2024-12-01,0.14,0.01
3135,2024-09-01,0.0,0.03
3136,2024-09-01,0.0,0.04
3137,2024-09-01,0.0,0.04
3137,2024-10-01,0.0,0.03
3137,2024-11-01,0.0,0.02
3137,2024-12-01,0.0,0.02
3138,2024-09-01,0.0,0.03
3139,2024-09-01,0.0,0.01
3139,2024-10-01,0.0,0.01
3139,2024-11-01,0.0,0.05
3139,2024-12-01,0.03,0.02
3140,2024-09-01,0.22,0.0
3141,2024-09-01,0.04,0.0
3141,2024-10-01,0.03,0.0
3142,2024-09-01,0.0,0.26
3142,2024-10-01,0.0,0.03
3143,2024-09-01,0.0,0.05
3144,2024-09-01,0.03,0.0
3145,2024-09-01,0.0,0.13
3145,2024-10-01,0.0,0.06
3145,2024-11-01,0.0,0.15
3145,2024-12-01,0.0,0.15
3146,2024-09-01,0.03,0.0
3147,2024-09-01,0.02,0.0
3148,2024-09-01,0.05,0.0
3148,2024-10-01,0.0,0.01
3148,2024-11-01,0.0,0.06
3148,2024-12-01,0.03,0.0
3149,2024-09-01,0.05,0.04
3149,2024-10-01,0.42,0.0
3149,2024-11-01,0.26,0.0
3149,2024-12-01,0.06,0.0
3150,2024-09-01,0.03,0.0
3151,2024-09-01,0.0,0.02
3152,2024-09-01,0.25,0.0
3152,2024-10-01,0.24,0.0
3152,2024-11-01,0.04,0.0
3152,2024-12-01,0.17,0.0
3153,2024-09-01,0.0,0.04
3154,2024-09-01,0.03,0.0
3155,2024-09-01,0.01,0.0
3155,2024-10-01,0.0,0.07
3155,2024-11-01,0.0,0.06
3156,2024-09-01,0.0,0.01
3157,2024-09-01,0.05,0.0
3157,2024-11-01,0.79,1.4
3158,2024-09-01,0.38,2.4
3158,2024-10-01,0.24,0.82
3159,2024-09-01,0.04,0.01
3159,2024-10-01,0.07,0.09
3159,2024-11-01,0.03,0.0
3160,2024-09-01,0.0,0.01
3160,2024-10-01,0.0,0.01
3160,2024-11-01,0.0,0.01
3161,2024-09-01,0.0,0.01
3161,2024-10-01,0.0,0.11
3162,2024-09-01,0.1,0.0
3163,2024-09-01,0.0,0.15
3164,2024-09-01,0.01,0.0
3165,2024-09-01,0.01,0.0
3165,2024-10-01,0.01,0.0
3165,2024-12-01,0.06,0.0
3166,2024-09-01,0.27,0.0
3166,2024-10-01,0.02,0.0
3166,2024-12-01,0.07,0.0
3167,2024-09-01,0.02,0.0
3168,2024-09-01,0.0,0.02
3169,2024-09-01,0.01,0.59
3169,2024-10-01,0.0,0.23
3169,2024-11-01,0.0,0.15
3170,2024-09-01,0.0,0.03
3170,2024-11-01,0.0,0.04
3171,2024-09-01,0.0,0.01
3172,2024-09-01,0.02,0.0
3172,2024-10-01,0.04,0.01
3172,2024-11-01,0.03,0.0
3172,2024-12-01,0.07,0.0
3173,2024-09-01,0.04,0.0
3173,2024-10-01,0.08,0.02
3173,2024-11-01,0.0,0.01
3173,2024-12-01,0.03,0.0
3174,2024-09-01,0.03,0.6
3175,2024-09-01,0.0,0.11
3176,2024-09-01,0.0,0.02
3177,2024-09-01,0.01,0.0
3178,2024-09-01,0.57,0.0
3178,2024-10-01,2.6,6.1
3178,2024-11-01,2.4,0.0
3178,2024-12-01,1.3,0.0
3179,2024-09-01,0.0,0.02
3180,2024-09-01,0.0,0.2
3180,2024-10-01,0.0,0.37
3180,2024-11-01,0.0,0.06
3181,2024-09-01,0.0,0.04
3181,2024-10-01,0.0,0.07
3182,2024-10-01,0.0,0.2
3183,2024-10-01,0.0,0.01
3184,2024-10-01,0.02,0.17
3184,2024-11-01,0.0,0.07
3184,2024-12-01,0.02,0.0
3185,2024-10-01,0.0,0.02
3186,2024-10-01,0.02,0.03
3187,2024-10-01,0.85,0.0
3187,2024-11-01,0.08,0.44
3187,2024-12-01,0.0,0.17
3188,2024-10-01,0.0,0.01
3189,2024-10-01,0.0,0.01
3189,2024-12-01,0.0,0.03
3190,2024-10-01,0.0,0.15
3190,2024-11-01,0.0,0.13
3191,2024-10-01,0.0,0.01
3191,2024-11-01,0.0,0.02
3191,2024-12-01,0.0,0.15
3192,2024-10-01,0.0,0.03
3193,2024-10-01,0.01,0.0
3194,2024-10-01,0.06,0.0
3194,2024-11-01,0.02,0.0
3194,2024-12-01,0.07,0.0
3195,2024-10-01,0.15,0.0
3196,2024-10-01,0.04,0.0
3196,2024-11-01,0.05,0.0
3196,2024-12-01,0.01,0.0
3197,2024-10-01,0.0,0.01
3197,2024-11-01,0.0,0.03
3197,2024-12-01,0.0,0.03
3198,2024-10-01,0.0,0.25
3199,2024-10-01,0.0,0.05
3199,2024-11-01,0.12,0.1
3199,2024-12-01,0.26,0.0
3200,2024-10-01,0.01,0.0
3200,2024-11-01,0.0,0.01
3201,2024-10-01,0.0,0.07
3201,2024-11-01,0.0,0.01
3201,2024-12-01,0.0,0.12
3202,2024-10-01,0.0,0.06
3203,2024-10-01,0.0,0.03
3204,2024-10-01,0.38,0.0
3205,2024-10-01,0.02,0.0
3205,2024-11-01,0.01,0.0
3205,2024-12-01,0.06,0.0
3206,2024-10-01,0.0,0.01
3207,2024-10-01,0.24,0.01
3208,2024-10-01,0.02,0.0
3208,2024-11-01,0.08,0.0
3209,2024-10-01,0.02,0.0
3209,2024-11-01,0.17,0.0
3209,2024-12-01,0.13,0.13
3210,2024-10-01,0.07,0.0
3211,2024-10-01,0.11,0.0
3212,2024-10-01,0.05,0.0
3212,2024-11-01,0.05,0.0
3212,2024-12-01,0.04,0.0
3213,2024-10-01,0.24,0.19
3213,2024-11-01,0.36,0.14
3213,2024-12-01,0.23,0.08
3214,2024-10-01,0.01,0.02
3214,2024-11-01,0.0,0.02
3214,2024-12-01,0.0,0.03
3215,2024-10-01,0.03,0.0
3215,2024-11-01,0.02,0.07
3215,2024-12-01,0.0,0.16
3216,2024-10-01,0.03,0.0
3217,2024-10-01,0.0,0.12
3218,2024-10-01,0.0,0.12
3218,2024-11-01,0.0,0.06
3218,2024-12-01,0.0,0.08
3219,2024-10-01,0.0,0.24
3220,2024-10-01,0.0,0.19
3220,2024-11-01,0.25,0.0
3220,2024-12-01,1.8,0.0
3221,2024-10-01,0.24,0.0
3221,2024-11-01,0.15,0.0
3222,2024-10-01,0.03,0.0
3223,2024-10-01,0.03,0.0
3224,2024-10-01,0.06,0.0
3224,2024-11-01,0.02,0.0
3224,2024-12-01,0.02,0.0
3225,2024-10-01,0.01,0.02
3226,2024-10-01,0.0,0.02
3227,2024-10-01,0.0,0.01
3228,2024-10-01,0.0,0.11
3229,2024-10-01,0.0,0.1
3230,2024-10-01,0.03,0.0
3230,2024-11-01,1.5,1.0
3230,2024-12-01,0.49,0.01
3231,2024-10-01,0.61,0.0
3231,2024-11-01,0.0,0.22
3231,2024-12-01,0.05,0.02
3232,2024-10-01,0.0,0.09
3232,2024-11-01,0.0,0.08
3232,2024-12-01,0.0,0.16
3233,2024-10-01,0.0,0.05
3233,2024-11-01,0.0,0.09
3233,2024-12-01,0.0,0.09
3234,2024-10-01,0.02,0.01
3234,2024-11-01,0.0,0.03
3234,2024-12-01,0.09,0.0
3235,2024-10-01,0.01,0.0
3235,2024-11-01,0.15,0.01
3235,2024-12-01,0.28,0.0
3236,2024-10-01,0.05,0.0
3237,2024-10-01,0.01,0.0
3238,2024-10-01,0.0,0.02
3239,2024-10-01,0.0,0.03
3240,2024-10-01,0.0,0.05
3240,2024-11-01,0.0,0.05
3240,2024-12-01,0.0,0.07
3241,2024-10-01,0.0,0.01
3242,2024-10-01,0.0,0.06
3242,2024-11-01,0.0,0.08
3242,2024-12-01,0.02,0.09
3243,2024-10-01,0.0,0.09
3244,2024-10-01,0.0,0.02
3244,2024-11-01,0.0,0.01
3244,2024-12-01,0.0,0.01
3245,2024-10-01,0.01,0.0
3246,2024-10-01,0.0,0.51
3247,2024-10-01,0.0,0.11
3247,2024-11-01,0.0,0.13
3248,2024-10-01,0.39,0.0
3248,2024-11-01,0.41,0.0
3249,2024-10-01,7.6,0.0
3249,2024-11-01,10.0,5.6
3250,2024-10-01,0.0,0.15
3250,2024-11-01,0.0,0.26
3250,2024-12-01,0.0,0.04
3251,2024-10-01,0.16,0.22
3251,2024-11-01,0.07,0.56
3251,2024-12-01,0.13,0.36
3252,2024-10-01,0.03,0.0
3252,2024-11-01,0.01,0.0
3253,2024-10-01,0.0,1.1
3254,2024-10-01,0.0,0.07
3254,2024-11-01,0.0,0.11
3254,2024-12-01,0.0,0.05
3255,2024-10-01,0.0,0.02
3256,2024-11-01,0.02,0.0
3257,2024-11-01,0.0,0.63
3257,2024-12-01,0.01,0.02
3258,2024-11-01,0.0,0.07
3259,2024-11-01,0.0,0.09
3259,2024-12-01,0.14,0.0
3260,2024-11-01,0.01,0.0
3261,2024-11-01,0.1,0.0
3261,2024-12-01,0.1,0.0
3262,2024-11-01,0.02,0.0
3263,2024-11-01,0.0,0.68
3263,2024-12-01,0.0,0.74
3264,2024-11-01,1.1,0.0
3264,2024-12-01,0.6,0.0
3265,2024-11-01,0.01,0.0
3265,2024-12-01,0.0,0.04
3266,2024-11-01,0.11,0.28
3266,2024-12-01,0.12,0.94
3267,2024-11-01,0.0,0.02
3268,2024-11-01,0.24,0.2
3268,2024-12-01,0.33,0.29
3269,2024-11-01,0.0,0.14
3269,2024-12-01,0.7,0.0
3270,2024-11-01,0.01,0.0
3271,2024-11-01,1.1,0.44
3272,2024-11-01,0.24,0.0
3273,2024-11-01,0.2,0.0
3273,2024-12-01,0.19,0.03
3274,2024-11-01,0.0,0.1
3274,2024-12-01,0.0,0.1
3275,2024-11-01,0.0,0.02
3276,2024-11-01,0.0,0.21
3277,2024-11-01,0.02,0.0
3278,2024-11-01,0.0,0.05
3278,2024-12-01,16.0,0.93
3279,2024-11-01,0.0,0.05
3279,2024-12-01,0.01,0.09
3280,2024-11-01,0.01,0.0
3280,2024-12-01,1.1,0.0
3281,2024-11-01,0.0,0.01
3282,2024-11-01,0.08,0.0
3282,2024-12-01,0.07,0.0
3283,2024-11-01,0.0,0.01
3283,2024-12-01,0.44,0.0
3284,2024-11-01,0.04,0.0
3284,2024-12-01,0.19,0.0
3285,2024-11-01,0.0,0.01
3286,2024-11-01,0.05,0.0
3287,2024-11-01,0.03,0.0
3288,2024-11-01,0.0,0.04
3288,2024-12-01,0.0,0.03
3289,2024-11-01,0.66,0.01
3289,2024-12-01,0.48,0.01
3290,2024-11-01,0.81,0.0
3290,2024-12-01,0.54,0.0
3291,2024-11-01,0.0,0.05
3292,2024-11-01,0.0,0.03
3293,2024-11-01,0.01,0.0
3293,2024-12-01,0.04,0.0
3294,2024-11-01,0.0,0.01
3295,2024-11-01,0.0,0.08
3296,2024-11-01,0.0,0.03
3297,2024-11-01,0.0,0.36
3297,2024-12-01,0.15,0.0
3298,2024-11-01,0.09,0.0
3299,2024-11-01,0.0,0.66
3300,2024-11-01,0.0,0.03
3300,2024-12-01,0.0,0.05
3301,2024-11-01,0.01,0.0
3301,2024-12-01,0.03,0.0
3302,2024-11-01,0.04,0.0
3303,2024-11-01,0.09,0.0
3303,2024-12-01,0.05,0.0
3304,2024-11-01,0.0,0.24
3304,2024-12-01,0.65,1.1
3305,2024-11-01,0.0,0.13
3306,2024-11-01,0.0,0.01
3307,2024-11-01,0.05,0.0
3307,2024-12-01,0.01,0.0
3308,2024-11-01,0.0,0.02
3308,2024-12-01,0.0,0.02
3309,2024-11-01,0.01,0.0
3310,2024-11-01,0.05,0.0
3311,2024-11-01,0.0,0.28
3312,2024-11-01,0.01,0.68
3312,2024-12-01,0.22,0.65
3313,2024-11-01,0.01,0.14
3313,2024-12-01,0.01,0.04
3314,2024-11-01,0.0,0.1
3314,2024-12-01,0.0,0.01
3315,2024-11-01,0.0,0.1
3315,2024-12-01,0.0,0.12
3316,2024-11-01,0.02,0.0
3317,2024-11-01,0.0,0.02
3317,2024-12-01,0.04,0.0
3318,2024-11-01,0.0,0.03
3319,2024-11-01,0.0,0.1
3319,2024-12-01,0.0,0.01
3320,2024-11-01,0.0,0.15
3320,2024-12-01,0.02,0.25
3321,2024-11-01,0.0,0.35
3321,2024-12-01,0.0,0.28
3322,2024-11-01,0.0,0.15
3322,2024-12-01,0.0,0.27
3323,2024-11-01,0.0,0.04
3323,2024-12-01,0.0,0.1
3324,2024-11-01,0.0,0.24
3324,2024-12-01,0.01,0.0
3325,2024-11-01,0.0,0.01
3326,2024-11-01,0.03,0.0
3327,2024-11-01,0.0,0.03
3327,2024-12-01,0.0,0.02
3328,2024-11-01,0.0,0.01
3329,2024-11-01,0.0,0.1
3329,2024-12-01,0.0,0.02
3330,2024-11-01,0.02,0.0
3331,2024-11-01,0.0,0.02
3331,2024-12-01,0.0,0.11
3332,2024-11-01,0.0,0.05
3332,2024-12-01,0.0,0.1
3333,2024-11-01,0.0,0.8
3333,2024-12-01,1.5,2.9
3334,2024-11-01,0.0,0.05
3334,2024-12-01,0.0,0.04
3335,2024-11-01,0.0,0.37
3335,2024-12-01,0.0,0.71
3336,2024-11-01,0.0,2.4
3336,2024-12-01,0.0,2.6
3337,2024-11-01,0.0,0.01
3338,2024-11-01,0.0,0.04
3339,2024-11-01,0.0,0.17
3340,2024-12-01,0.01,0.0
3341,2024-12-01,0.0,0.31
3342,2024-12-01,0.0,0.02
3343,2024-12-01,0.0,0.03
3344,2024-12-01,0.0,0.03
3345,2024-12-01,0.0,0.99
3346,2024-12-01,0.0,0.09
3347,2024-12-01,0.02,0.0
3348,2024-12-01,0.0,0.02
3349,2024-12-01,0.0,0.08
3350,2024-12-01,0.05,0.0
3351,2024-12-01,0.0,0.02
3352,2024-12-01,0.04,0.0
3353,2024-12-01,0.24,0.0
3354,2024-12-01,1.2,0.0
3355,2024-12-01,5.1,0.31
3356,2024-12-01,0.02,0.0
3357,2024-12-01,0.02,0.0
3358,2024-12-01,0.01,0.0
3359,2024-12-01,0.77,0.23
3360,2024-12-01,0.08,0.0
3361,2024-12-01,0.02,0.15
3362,2024-12-01,0.06,0.0
3363,2024-12-01,0.0,0.12
3364,2024-12-01,0.0,0.12
3365,2024-12-01,0.0,0.02
3366,2024-12-01,0.43,0.0
3367,2024-12-01,0.09,0.0
3368,2024-12-01,0.01,0.0
3369,2024-12-01,0.0,0.15
3370,2024-12-01,0.0,0.2
3371,2024-12-01,0.04,0.0
3372,2024-12-01,0.03,0.0
3373,2024-12-01,0.02,0.0
3374,2024-12-01,0.0,0.02
3375,2024-12-01,0.0,0.02
3376,2024-12-01,0.26,0.0
3377,2024-12-01,0.0,0.06
3378,2024-12-01,0.32,0.0
3379,2024-12-01,0.0,0.03
3380,2024-12-01,0.01,0.06
3381,2024-12-01,0.34,0.0
3382,2024-12-01,0.23,0.09
3383,2024-12-01,0.07,0.0
3384,2024-12-01,0.05,0.0
3385,2024-12-01,0.0,0.19
3386,2024-12-01,0.03,0.0
3387,2024-12-01,0.0,0.02
3388,2024-12-01,0.0,0.07
3389,2024-12-01,0.0,0.02
3390,2024-12-01,0.02,0.0
3391,2024-12-01,0.2,0.0
3392,2024-12-01,0.0,0.05
3393,2024-12-01,0.0,0.04
3394,2024-12-01,0.05,0.0
3395,2024-12-01,0.0,0.53
3396,2024-12-01,0.01,0.0
3397,2024-12-01,0.0,0.04
3398,2024-12-01,0.01,0.0
3399,2024-12-01,1.4,0.02
3400,2024-12-01,0.01,0.0
3401,2024-12-01,0.11,0.0
3402,2024-12-01,0.04,0.0
3403,2024-12-01,0.09,0.0
3404,2024-12-01,0.03,0.0
3405,2024-12-01,0.0,0.03
3406,2024-12-01,0.0,0.03
3407,2024-12-01,0.0,0.09
3408,2024-12-01,0.0,0.33
3409,2024-12-01,0.0,2.8
3410,2024-12-01,0.0,0.08
3411,2024-12-01,0.0,0.08
